[INFO] Scanning for projects...
[INFO] ------------------------------------------------------------------------
[INFO] Reactor Build Order:
[INFO] 
[INFO] SimulatorMosire                                                    [pom]
[INFO] UtilSimos                                                          [jar]
[INFO] MapSimos                                                           [jar]
[INFO] SocialSimos                                                        [jar]
[INFO] UnitSimos                                                          [jar]
[INFO] CoreSimos                                                          [jar]
[INFO] SDSimos                                                            [jar]
[INFO] SimosApp                                                           [jar]
[INFO] 
[INFO] -----------------------< io.mosire:simos-parent >-----------------------
[INFO] Building SimulatorMosire 0.1.0-SNAPSHOT                            [1/8]
[INFO]   from pom.xml
[INFO] --------------------------------[ pom ]---------------------------------
[INFO] 
[INFO] --- clean:3.2.0:clean (default-clean) @ simos-parent ---
[INFO] 
[INFO] --- enforcer:3.6.3:enforce (enforce-java-and-maven) @ simos-parent ---
[INFO] Rule 0: org.apache.maven.enforcer.rules.version.RequireJavaVersion passed
[INFO] Rule 1: org.apache.maven.enforcer.rules.version.RequireMavenVersion passed
[INFO] 
[INFO] --- checkstyle:3.6.0:check (checkstyle-check) @ simos-parent ---
[INFO] Starting audit...
Audit done.
[INFO] You have 0 Checkstyle violations.
[INFO] 
[INFO] --- spotless:3.10.2:check (spotless-check) @ simos-parent ---
[INFO] Index file does not exist. Fallback to an empty index
[INFO] 
[INFO] >>> spotbugs:4.10.4.1:check (spotbugs-check) > :spotbugs @ simos-parent >>>
[INFO] 
[INFO] --- spotbugs:4.10.4.1:spotbugs (spotbugs) @ simos-parent ---
[WARNING] No files found to generate report on. Check if compile phase has been run.
[INFO] Skipping com.github.spotbugs:spotbugs-maven-plugin:4.10.4.1:spotbugs report goal
[INFO] 
[INFO] <<< spotbugs:4.10.4.1:check (spotbugs-check) < :spotbugs @ simos-parent <<<
[INFO] 
[INFO] 
[INFO] --- spotbugs:4.10.4.1:check (spotbugs-check) @ simos-parent ---
[INFO] 
[INFO] ------------------------< io.mosire:simos-util >------------------------
[INFO] Building UtilSimos 0.1.0-SNAPSHOT                                  [2/8]
[INFO]   from simos-util/pom.xml
[INFO] --------------------------------[ jar ]---------------------------------
[INFO] 
[INFO] --- clean:3.2.0:clean (default-clean) @ simos-util ---
[INFO] 
[INFO] --- enforcer:3.6.3:enforce (enforce-java-and-maven) @ simos-util ---
[INFO] 
[INFO] --- enforcer:3.6.3:enforce (enforce-module-boundaries) @ simos-util ---
[INFO] Rule 0: org.apache.maven.enforcer.rules.dependency.BannedDependencies passed
[INFO] 
[INFO] --- checkstyle:3.6.0:check (checkstyle-check) @ simos-util ---
[INFO] Starting audit...
Audit done.
[INFO] You have 0 Checkstyle violations.
[INFO] 
[INFO] --- resources:3.4.0:resources (default-resources) @ simos-util ---
[INFO] skip non existing resourceDirectory /tmp/opencode/wsf-t10-base/simos-util/src/main/resources
[INFO] 
[INFO] --- compiler:3.16.0:compile (default-compile) @ simos-util ---
[INFO] Recompiling the module because of changed source code.
[INFO] Compiling 47 source files with javac [debug release 21] to target/classes
[INFO] 
[INFO] --- resources:3.4.0:testResources (default-testResources) @ simos-util ---
[INFO] skip non existing resourceDirectory /tmp/opencode/wsf-t10-base/simos-util/src/test/resources
[INFO] 
[INFO] --- compiler:3.16.0:testCompile (default-testCompile) @ simos-util ---
[INFO] Recompiling the module because of changed dependency.
[INFO] Compiling 21 source files with javac [debug release 21] to target/test-classes
[INFO] 
[INFO] --- surefire:3.6.0:test (default-test) @ simos-util ---
[INFO] Using auto detected provider org.apache.maven.surefire.junitplatform.JUnitPlatformProvider
[INFO] 
[INFO] -------------------------------------------------------
[INFO]  T E S T S
[INFO] -------------------------------------------------------
[INFO] Running io.mosire.simos.util.state.StateRefTest
[INFO] Tests run: 9, Failures: 0, Errors: 0, Skipped: 0, Time elapsed: 0.056 s -- in io.mosire.simos.util.state.StateRefTest
[INFO] Running io.mosire.simos.util.state.SimulationStateTest
[INFO] Tests run: 8, Failures: 0, Errors: 0, Skipped: 0, Time elapsed: 0.014 s -- in io.mosire.simos.util.state.SimulationStateTest
[INFO] Running io.mosire.simos.util.state.SnapshotProtocolTest
[INFO] Tests run: 2, Failures: 0, Errors: 0, Skipped: 0, Time elapsed: 0.005 s -- in io.mosire.simos.util.state.SnapshotProtocolTest
[INFO] Running io.mosire.simos.util.json.FieldDeltaJsonTest
[INFO] Tests run: 5, Failures: 0, Errors: 0, Skipped: 0, Time elapsed: 0.132 s -- in io.mosire.simos.util.json.FieldDeltaJsonTest
[INFO] Running io.mosire.simos.util.json.SimosObjectMapperTest
[INFO] Tests run: 6, Failures: 0, Errors: 0, Skipped: 0, Time elapsed: 0.025 s -- in io.mosire.simos.util.json.SimosObjectMapperTest
[INFO] Running io.mosire.simos.util.info.InMemoryInfoSystemTest
[INFO] Tests run: 14, Failures: 0, Errors: 0, Skipped: 0, Time elapsed: 0.012 s -- in io.mosire.simos.util.info.InMemoryInfoSystemTest
[INFO] Running io.mosire.simos.util.facet.FacetRegistryTest
[INFO] Tests run: 10, Failures: 0, Errors: 0, Skipped: 0, Time elapsed: 0.008 s -- in io.mosire.simos.util.facet.FacetRegistryTest
[INFO] Running io.mosire.simos.util.resolve.ResolverRegistryTest
[INFO] Tests run: 8, Failures: 0, Errors: 0, Skipped: 0, Time elapsed: 0.006 s -- in io.mosire.simos.util.resolve.ResolverRegistryTest
[INFO] Running io.mosire.simos.util.identity.ResolvedSubjectTest
[INFO] Tests run: 5, Failures: 0, Errors: 0, Skipped: 0, Time elapsed: 0.006 s -- in io.mosire.simos.util.identity.ResolvedSubjectTest
[INFO] Running io.mosire.simos.util.identity.QueryResultTest
[INFO] Tests run: 2, Failures: 0, Errors: 0, Skipped: 0, Time elapsed: 0.001 s -- in io.mosire.simos.util.identity.QueryResultTest
[INFO] Running io.mosire.simos.util.identity.SubjectIdTest
[INFO] Tests run: 4, Failures: 0, Errors: 0, Skipped: 0, Time elapsed: 0.002 s -- in io.mosire.simos.util.identity.SubjectIdTest
[INFO] Running io.mosire.simos.util.time.TemporalSeriesTest
[INFO] Tests run: 16, Failures: 0, Errors: 0, Skipped: 0, Time elapsed: 0.010 s -- in io.mosire.simos.util.time.TemporalSeriesTest
[INFO] Running io.mosire.simos.util.time.TimeRangeTest
[INFO] Tests run: 4, Failures: 0, Errors: 0, Skipped: 0, Time elapsed: 0.002 s -- in io.mosire.simos.util.time.TimeRangeTest
[INFO] Running io.mosire.simos.util.time.SimosTimestampTest
[INFO] Tests run: 5, Failures: 0, Errors: 0, Skipped: 0, Time elapsed: 0.002 s -- in io.mosire.simos.util.time.SimosTimestampTest
[INFO] Running io.mosire.simos.util.address.AddressQuoteTest
[INFO] Tests run: 9, Failures: 0, Errors: 0, Skipped: 0, Time elapsed: 0.005 s -- in io.mosire.simos.util.address.AddressQuoteTest
[INFO] Running io.mosire.simos.util.address.AddressParseTest
[INFO] Tests run: 38, Failures: 0, Errors: 0, Skipped: 0, Time elapsed: 0.040 s -- in io.mosire.simos.util.address.AddressParseTest
[INFO] Running io.mosire.simos.util.address.AddressTolerantParseTest
[INFO] Tests run: 15, Failures: 0, Errors: 0, Skipped: 0, Time elapsed: 0.010 s -- in io.mosire.simos.util.address.AddressTolerantParseTest
[INFO] Running io.mosire.simos.util.spi.SpiShapesTest
[INFO] Tests run: 4, Failures: 0, Errors: 0, Skipped: 0, Time elapsed: 0.002 s -- in io.mosire.simos.util.spi.SpiShapesTest
[INFO] Running io.mosire.simos.util.verify.RoundTripAssertionsDriftTest
[INFO] Tests run: 1, Failures: 0, Errors: 0, Skipped: 0, Time elapsed: 0.007 s -- in io.mosire.simos.util.verify.RoundTripAssertionsDriftTest
[INFO] Running io.mosire.simos.util.verify.RoundTripAssertionsTest
[INFO] Tests run: 5, Failures: 0, Errors: 0, Skipped: 0, Time elapsed: 0.053 s -- in io.mosire.simos.util.verify.RoundTripAssertionsTest
[INFO] 
[INFO] Results:
[INFO] 
[INFO] Tests run: 170, Failures: 0, Errors: 0, Skipped: 0
[INFO] 
[INFO] 
[INFO] --- jar:3.5.0:jar (default-jar) @ simos-util ---
[INFO] Building jar: /tmp/opencode/wsf-t10-base/simos-util/target/simos-util-0.1.0-SNAPSHOT.jar
[INFO] 
[INFO] --- spotless:3.10.2:check (spotless-check) @ simos-util ---
[INFO] Index file does not exist. Fallback to an empty index
[INFO] Spotless.Java is keeping 68 files clean - 0 needs changes to be clean, 68 were already clean, 0 were skipped because caching determined they were already clean
[INFO] 
[INFO] >>> spotbugs:4.10.4.1:check (spotbugs-check) > :spotbugs @ simos-util >>>
[INFO] 
[INFO] --- spotbugs:4.10.4.1:spotbugs (spotbugs) @ simos-util ---
[INFO] Done SpotBugs Analysis....
[INFO] Skipping com.github.spotbugs:spotbugs-maven-plugin:4.10.4.1:spotbugs report goal
[INFO] 
[INFO] <<< spotbugs:4.10.4.1:check (spotbugs-check) < :spotbugs @ simos-util <<<
[INFO] 
[INFO] 
[INFO] --- spotbugs:4.10.4.1:check (spotbugs-check) @ simos-util ---
[INFO] BugInstance size is 0
[INFO] Error size is 0
[INFO] No errors/warnings found
[INFO] 
[INFO] ------------------------< io.mosire:simos-map >-------------------------
[INFO] Building MapSimos 0.1.0-SNAPSHOT                                   [3/8]
[INFO]   from simos-map/pom.xml
[INFO] --------------------------------[ jar ]---------------------------------
[INFO] 
[INFO] --- clean:3.2.0:clean (default-clean) @ simos-map ---
[INFO] 
[INFO] --- enforcer:3.6.3:enforce (enforce-java-and-maven) @ simos-map ---
[INFO] 
[INFO] --- enforcer:3.6.3:enforce (enforce-module-boundaries) @ simos-map ---
[INFO] Rule 0: org.apache.maven.enforcer.rules.dependency.BannedDependencies passed
[INFO] 
[INFO] --- checkstyle:3.6.0:check (checkstyle-check) @ simos-map ---
[INFO] Starting audit...
Audit done.
[INFO] You have 0 Checkstyle violations.
[INFO] 
[INFO] --- resources:3.4.0:resources (default-resources) @ simos-map ---
[INFO] skip non existing resourceDirectory /tmp/opencode/wsf-t10-base/simos-map/src/main/resources
[INFO] 
[INFO] --- compiler:3.16.0:compile (default-compile) @ simos-map ---
[INFO] Recompiling the module because of changed dependency.
[INFO] Compiling 52 source files with javac [debug release 21] to target/classes
[INFO] /tmp/opencode/wsf-t10-base/simos-map/src/main/java/io/mosire/simos/map/codec/MapCodec.java: Some input files use or override a deprecated API.
[INFO] /tmp/opencode/wsf-t10-base/simos-map/src/main/java/io/mosire/simos/map/codec/MapCodec.java: Recompile with -Xlint:deprecation for details.
[INFO] 
[INFO] --- resources:3.4.0:testResources (default-testResources) @ simos-map ---
[INFO] skip non existing resourceDirectory /tmp/opencode/wsf-t10-base/simos-map/src/test/resources
[INFO] 
[INFO] --- compiler:3.16.0:testCompile (default-testCompile) @ simos-map ---
[INFO] Recompiling the module because of changed dependency.
[INFO] Compiling 38 source files with javac [debug release 21] to target/test-classes
[INFO] 
[INFO] --- surefire:3.6.0:test (default-test) @ simos-map ---
[INFO] Using auto detected provider org.apache.maven.surefire.junitplatform.JUnitPlatformProvider
[INFO] 
[INFO] -------------------------------------------------------
[INFO]  T E S T S
[INFO] -------------------------------------------------------
[INFO] Running io.mosire.simos.map.GameMapTest
[INFO] Tests run: 18, Failures: 0, Errors: 0, Skipped: 0, Time elapsed: 0.098 s -- in io.mosire.simos.map.GameMapTest
[INFO] Running io.mosire.simos.map.generate.RiverBuilderTest
[INFO] Tests run: 11, Failures: 0, Errors: 0, Skipped: 0, Time elapsed: 0.033 s -- in io.mosire.simos.map.generate.RiverBuilderTest
[INFO] Running io.mosire.simos.map.generate.RegionRandomizerTest
[INFO] Tests run: 13, Failures: 0, Errors: 0, Skipped: 0, Time elapsed: 0.052 s -- in io.mosire.simos.map.generate.RegionRandomizerTest
[INFO] Running io.mosire.simos.map.generate.MapGeneratorTest
[INFO] Tests run: 13, Failures: 0, Errors: 0, Skipped: 0, Time elapsed: 1.637 s -- in io.mosire.simos.map.generate.MapGeneratorTest
[INFO] Running io.mosire.simos.map.generate.TerrainClassifierTest
[INFO] Tests run: 9, Failures: 0, Errors: 0, Skipped: 0, Time elapsed: 0.010 s -- in io.mosire.simos.map.generate.TerrainClassifierTest
[INFO] Running io.mosire.simos.map.generate.GenerationSpecTest
[INFO] Tests run: 18, Failures: 0, Errors: 0, Skipped: 0, Time elapsed: 0.012 s -- in io.mosire.simos.map.generate.GenerationSpecTest
[INFO] Running io.mosire.simos.map.CityTest
[INFO] Tests run: 6, Failures: 0, Errors: 0, Skipped: 0, Time elapsed: 0.003 s -- in io.mosire.simos.map.CityTest
[INFO] Running io.mosire.simos.map.terrain.ImpassableSentinelTest
[INFO] Tests run: 2, Failures: 0, Errors: 0, Skipped: 0, Time elapsed: 0.002 s -- in io.mosire.simos.map.terrain.ImpassableSentinelTest
[INFO] Running io.mosire.simos.map.terrain.TerrainCatalogTest
[INFO] Tests run: 13, Failures: 0, Errors: 0, Skipped: 0, Time elapsed: 0.006 s -- in io.mosire.simos.map.terrain.TerrainCatalogTest
[INFO] Running io.mosire.simos.map.RegressionGuardsTest
[INFO] Tests run: 9, Failures: 0, Errors: 0, Skipped: 0, Time elapsed: 0.177 s -- in io.mosire.simos.map.RegressionGuardsTest
[INFO] Running io.mosire.simos.map.ops.RegionOperationsTest
[INFO] Tests run: 16, Failures: 0, Errors: 0, Skipped: 0, Time elapsed: 0.008 s -- in io.mosire.simos.map.ops.RegionOperationsTest
[INFO] Running io.mosire.simos.map.ops.EdgeOperationsTest
[INFO] Tests run: 18, Failures: 0, Errors: 0, Skipped: 0, Time elapsed: 0.009 s -- in io.mosire.simos.map.ops.EdgeOperationsTest
[INFO] Running io.mosire.simos.map.ops.RandomizeOperationsTest
[T6-RANDOMIZE] seed7={desert=164, mountains=5, plains=162}
[T6-RANDOMIZE] seed8={desert=171, mountains=5, plains=155}
[INFO] Tests run: 12, Failures: 0, Errors: 0, Skipped: 0, Time elapsed: 0.049 s -- in io.mosire.simos.map.ops.RandomizeOperationsTest
[INFO] Running io.mosire.simos.map.ops.TerrainOperationsTest
[INFO] Tests run: 11, Failures: 0, Errors: 0, Skipped: 0, Time elapsed: 0.010 s -- in io.mosire.simos.map.ops.TerrainOperationsTest
[INFO] Running io.mosire.simos.map.region.RegionIndexTest
[INFO] Tests run: 4, Failures: 0, Errors: 0, Skipped: 0, Time elapsed: 0.116 s -- in io.mosire.simos.map.region.RegionIndexTest
[INFO] Running io.mosire.simos.map.region.RegionTest
[INFO] Tests run: 16, Failures: 0, Errors: 0, Skipped: 0, Time elapsed: 0.008 s -- in io.mosire.simos.map.region.RegionTest
[INFO] Running io.mosire.simos.map.region.RegionIndexGuardTest
[INFO] Tests run: 1, Failures: 0, Errors: 0, Skipped: 0, Time elapsed: 0.114 s -- in io.mosire.simos.map.region.RegionIndexGuardTest
[INFO] Running io.mosire.simos.map.region.RegionBoundaryTest
[INFO] Tests run: 10, Failures: 0, Errors: 0, Skipped: 0, Time elapsed: 0.006 s -- in io.mosire.simos.map.region.RegionBoundaryTest
[INFO] Running io.mosire.simos.map.HexCellTest
[INFO] Tests run: 4, Failures: 0, Errors: 0, Skipped: 0, Time elapsed: 0.002 s -- in io.mosire.simos.map.HexCellTest
[INFO] Running io.mosire.simos.map.resolve.MapResolverTest
[INFO] Tests run: 15, Failures: 0, Errors: 0, Skipped: 0, Time elapsed: 0.010 s -- in io.mosire.simos.map.resolve.MapResolverTest
[INFO] Running io.mosire.simos.map.block.TerrainBlocksTest
[INFO] Tests run: 10, Failures: 0, Errors: 0, Skipped: 0, Time elapsed: 0.004 s -- in io.mosire.simos.map.block.TerrainBlocksTest
[INFO] Running io.mosire.simos.map.pathway.PathwayTest
[INFO] Tests run: 17, Failures: 0, Errors: 0, Skipped: 0, Time elapsed: 0.008 s -- in io.mosire.simos.map.pathway.PathwayTest
[INFO] Running io.mosire.simos.map.pathway.EdgeRefTest
[INFO] Tests run: 8, Failures: 0, Errors: 0, Skipped: 0, Time elapsed: 0.005 s -- in io.mosire.simos.map.pathway.EdgeRefTest
[INFO] Running io.mosire.simos.map.pathway.EdgeTagsTest
[INFO] Tests run: 4, Failures: 0, Errors: 0, Skipped: 0, Time elapsed: 0.001 s -- in io.mosire.simos.map.pathway.EdgeTagsTest
[INFO] Running io.mosire.simos.map.pathway.PathwayGroupTest
[INFO] Tests run: 5, Failures: 0, Errors: 0, Skipped: 0, Time elapsed: 0.002 s -- in io.mosire.simos.map.pathway.PathwayGroupTest
[INFO] Running io.mosire.simos.map.codec.MapCodecTest
[INFO] Tests run: 7, Failures: 0, Errors: 0, Skipped: 0, Time elapsed: 0.054 s -- in io.mosire.simos.map.codec.MapCodecTest
[INFO] Running io.mosire.simos.map.codec.MapCodecLegacyTest
[INFO] Tests run: 3, Failures: 0, Errors: 0, Skipped: 0, Time elapsed: 0.007 s -- in io.mosire.simos.map.codec.MapCodecLegacyTest
[INFO] Running io.mosire.simos.map.guard.RepresentationLeakGuardTest
[INFO] Tests run: 2, Failures: 0, Errors: 0, Skipped: 0, Time elapsed: 0.030 s -- in io.mosire.simos.map.guard.RepresentationLeakGuardTest
[INFO] Running io.mosire.simos.map.change.RoundTripComponentsTest
[INFO] Tests run: 6, Failures: 0, Errors: 0, Skipped: 0, Time elapsed: 0.002 s -- in io.mosire.simos.map.change.RoundTripComponentsTest
[INFO] Running io.mosire.simos.map.change.MapChangeSetTest
[INFO] Tests run: 21, Failures: 0, Errors: 0, Skipped: 0, Time elapsed: 0.011 s -- in io.mosire.simos.map.change.MapChangeSetTest
[INFO] Running io.mosire.simos.map.spi.SetTerrainHandlerTest
[INFO] Tests run: 7, Failures: 0, Errors: 0, Skipped: 0, Time elapsed: 0.005 s -- in io.mosire.simos.map.spi.SetTerrainHandlerTest
[INFO] Running io.mosire.simos.map.spi.SetEdgeHandlerTest
[INFO] Tests run: 9, Failures: 0, Errors: 0, Skipped: 0, Time elapsed: 0.003 s -- in io.mosire.simos.map.spi.SetEdgeHandlerTest
[INFO] Running io.mosire.simos.map.spi.RandomizeRegionHandlerTest
[INFO] Tests run: 7, Failures: 0, Errors: 0, Skipped: 0, Time elapsed: 0.008 s -- in io.mosire.simos.map.spi.RandomizeRegionHandlerTest
[INFO] Running io.mosire.simos.map.spi.RegionHandlersTest
[INFO] Tests run: 15, Failures: 0, Errors: 0, Skipped: 0, Time elapsed: 0.007 s -- in io.mosire.simos.map.spi.RegionHandlersTest
[INFO] Running io.mosire.simos.map.hex.HexVertexTest
[INFO] Tests run: 2, Failures: 0, Errors: 0, Skipped: 0, Time elapsed: 0 s -- in io.mosire.simos.map.hex.HexVertexTest
[INFO] Running io.mosire.simos.map.hex.HexCoordTest
[INFO] Tests run: 13, Failures: 0, Errors: 0, Skipped: 0, Time elapsed: 0.011 s -- in io.mosire.simos.map.hex.HexCoordTest
[INFO] Running io.mosire.simos.map.hex.HexDirectionTest
[INFO] Tests run: 8, Failures: 0, Errors: 0, Skipped: 0, Time elapsed: 0.001 s -- in io.mosire.simos.map.hex.HexDirectionTest
[INFO] Running io.mosire.simos.map.hex.HexGridTest
[INFO] Tests run: 5, Failures: 0, Errors: 0, Skipped: 0, Time elapsed: 0.002 s -- in io.mosire.simos.map.hex.HexGridTest
[INFO] 
[INFO] Results:
[INFO] 
[INFO] Tests run: 368, Failures: 0, Errors: 0, Skipped: 0
[INFO] 
[INFO] 
[INFO] --- jar:3.5.0:jar (default-jar) @ simos-map ---
[INFO] Building jar: /tmp/opencode/wsf-t10-base/simos-map/target/simos-map-0.1.0-SNAPSHOT.jar
[INFO] 
[INFO] --- spotless:3.10.2:check (spotless-check) @ simos-map ---
[INFO] Index file does not exist. Fallback to an empty index
[INFO] Spotless.Java is keeping 90 files clean - 0 needs changes to be clean, 90 were already clean, 0 were skipped because caching determined they were already clean
[INFO] 
[INFO] >>> spotbugs:4.10.4.1:check (spotbugs-check) > :spotbugs @ simos-map >>>
[INFO] 
[INFO] --- spotbugs:4.10.4.1:spotbugs (spotbugs) @ simos-map ---
[INFO] Done SpotBugs Analysis....
[INFO] Skipping com.github.spotbugs:spotbugs-maven-plugin:4.10.4.1:spotbugs report goal
[INFO] 
[INFO] <<< spotbugs:4.10.4.1:check (spotbugs-check) < :spotbugs @ simos-map <<<
[INFO] 
[INFO] 
[INFO] --- spotbugs:4.10.4.1:check (spotbugs-check) @ simos-map ---
[INFO] BugInstance size is 0
[INFO] Error size is 0
[INFO] No errors/warnings found
[INFO] 
[INFO] -----------------------< io.mosire:simos-social >-----------------------
[INFO] Building SocialSimos 0.1.0-SNAPSHOT                                [4/8]
[INFO]   from simos-social/pom.xml
[INFO] --------------------------------[ jar ]---------------------------------
[INFO] 
[INFO] --- clean:3.2.0:clean (default-clean) @ simos-social ---
[INFO] 
[INFO] --- enforcer:3.6.3:enforce (enforce-java-and-maven) @ simos-social ---
[INFO] 
[INFO] --- enforcer:3.6.3:enforce (enforce-module-boundaries) @ simos-social ---
[INFO] Rule 0: org.apache.maven.enforcer.rules.dependency.BannedDependencies passed
[INFO] 
[INFO] --- checkstyle:3.6.0:check (checkstyle-check) @ simos-social ---
[INFO] Starting audit...
Audit done.
[INFO] You have 0 Checkstyle violations.
[INFO] 
[INFO] --- resources:3.4.0:resources (default-resources) @ simos-social ---
[INFO] skip non existing resourceDirectory /tmp/opencode/wsf-t10-base/simos-social/src/main/resources
[INFO] 
[INFO] --- compiler:3.16.0:compile (default-compile) @ simos-social ---
[INFO] Recompiling the module because of changed dependency.
[INFO] Compiling 8 source files with javac [debug release 21] to target/classes
[INFO] 
[INFO] --- resources:3.4.0:testResources (default-testResources) @ simos-social ---
[INFO] skip non existing resourceDirectory /tmp/opencode/wsf-t10-base/simos-social/src/test/resources
[INFO] 
[INFO] --- compiler:3.16.0:testCompile (default-testCompile) @ simos-social ---
[INFO] Recompiling the module because of changed dependency.
[INFO] Compiling 6 source files with javac [debug release 21] to target/test-classes
[INFO] 
[INFO] --- surefire:3.6.0:test (default-test) @ simos-social ---
[INFO] Using auto detected provider org.apache.maven.surefire.junitplatform.JUnitPlatformProvider
[INFO] 
[INFO] -------------------------------------------------------
[INFO]  T E S T S
[INFO] -------------------------------------------------------
[INFO] Running io.mosire.simos.social.facet.PopulationFacetTest
[INFO] Tests run: 8, Failures: 0, Errors: 0, Skipped: 0, Time elapsed: 0.054 s -- in io.mosire.simos.social.facet.PopulationFacetTest
[INFO] Running io.mosire.simos.social.resolve.SocialResolverTest
[INFO] Tests run: 9, Failures: 0, Errors: 0, Skipped: 0, Time elapsed: 0.008 s -- in io.mosire.simos.social.resolve.SocialResolverTest
[INFO] Running io.mosire.simos.social.codec.SocialCodecTest
[INFO] Tests run: 7, Failures: 0, Errors: 0, Skipped: 0, Time elapsed: 0.142 s -- in io.mosire.simos.social.codec.SocialCodecTest
[INFO] Running io.mosire.simos.social.population.PopulationSeriesTest
[INFO] Tests run: 10, Failures: 0, Errors: 0, Skipped: 0, Time elapsed: 0.008 s -- in io.mosire.simos.social.population.PopulationSeriesTest
[INFO] Running io.mosire.simos.social.change.SocialRoundTripTest
[INFO] Tests run: 4, Failures: 0, Errors: 0, Skipped: 0, Time elapsed: 0.004 s -- in io.mosire.simos.social.change.SocialRoundTripTest
[INFO] Running io.mosire.simos.social.change.SocialChangeSetTest
[INFO] Tests run: 7, Failures: 0, Errors: 0, Skipped: 0, Time elapsed: 0.006 s -- in io.mosire.simos.social.change.SocialChangeSetTest
[INFO] 
[INFO] Results:
[INFO] 
[INFO] Tests run: 45, Failures: 0, Errors: 0, Skipped: 0
[INFO] 
[INFO] 
[INFO] --- jar:3.5.0:jar (default-jar) @ simos-social ---
[INFO] Building jar: /tmp/opencode/wsf-t10-base/simos-social/target/simos-social-0.1.0-SNAPSHOT.jar
[INFO] 
[INFO] --- spotless:3.10.2:check (spotless-check) @ simos-social ---
[INFO] Index file does not exist. Fallback to an empty index
[INFO] Spotless.Java is keeping 14 files clean - 0 needs changes to be clean, 14 were already clean, 0 were skipped because caching determined they were already clean
[INFO] 
[INFO] >>> spotbugs:4.10.4.1:check (spotbugs-check) > :spotbugs @ simos-social >>>
[INFO] 
[INFO] --- spotbugs:4.10.4.1:spotbugs (spotbugs) @ simos-social ---
[INFO] Done SpotBugs Analysis....
[INFO] Skipping com.github.spotbugs:spotbugs-maven-plugin:4.10.4.1:spotbugs report goal
[INFO] 
[INFO] <<< spotbugs:4.10.4.1:check (spotbugs-check) < :spotbugs @ simos-social <<<
[INFO] 
[INFO] 
[INFO] --- spotbugs:4.10.4.1:check (spotbugs-check) @ simos-social ---
[INFO] BugInstance size is 0
[INFO] Error size is 0
[INFO] No errors/warnings found
[INFO] 
[INFO] ------------------------< io.mosire:simos-unit >------------------------
[INFO] Building UnitSimos 0.1.0-SNAPSHOT                                  [5/8]
[INFO]   from simos-unit/pom.xml
[INFO] --------------------------------[ jar ]---------------------------------
[INFO] 
[INFO] --- clean:3.2.0:clean (default-clean) @ simos-unit ---
[INFO] 
[INFO] --- enforcer:3.6.3:enforce (enforce-java-and-maven) @ simos-unit ---
[INFO] 
[INFO] --- enforcer:3.6.3:enforce (enforce-module-boundaries) @ simos-unit ---
[INFO] Rule 0: org.apache.maven.enforcer.rules.dependency.BannedDependencies passed
[INFO] 
[INFO] --- checkstyle:3.6.0:check (checkstyle-check) @ simos-unit ---
[INFO] Starting audit...
Audit done.
[INFO] You have 0 Checkstyle violations.
[INFO] 
[INFO] --- resources:3.4.0:resources (default-resources) @ simos-unit ---
[INFO] skip non existing resourceDirectory /tmp/opencode/wsf-t10-base/simos-unit/src/main/resources
[INFO] 
[INFO] --- compiler:3.16.0:compile (default-compile) @ simos-unit ---
[INFO] Recompiling the module because of changed dependency.
[INFO] Compiling 46 source files with javac [debug release 21] to target/classes
[INFO] /tmp/opencode/wsf-t10-base/simos-unit/src/main/java/io/mosire/simos/unit/spi/UnitPayloads.java: /tmp/opencode/wsf-t10-base/simos-unit/src/main/java/io/mosire/simos/unit/spi/UnitPayloads.java uses or overrides a deprecated API.
[INFO] /tmp/opencode/wsf-t10-base/simos-unit/src/main/java/io/mosire/simos/unit/spi/UnitPayloads.java: Recompile with -Xlint:deprecation for details.
[INFO] 
[INFO] --- resources:3.4.0:testResources (default-testResources) @ simos-unit ---
[INFO] skip non existing resourceDirectory /tmp/opencode/wsf-t10-base/simos-unit/src/test/resources
[INFO] 
[INFO] --- compiler:3.16.0:testCompile (default-testCompile) @ simos-unit ---
[INFO] Recompiling the module because of changed dependency.
[INFO] Compiling 22 source files with javac [debug release 21] to target/test-classes
[INFO] 
[INFO] --- surefire:3.6.0:test (default-test) @ simos-unit ---
[INFO] Using auto detected provider org.apache.maven.surefire.junitplatform.JUnitPlatformProvider
[INFO] 
[INFO] -------------------------------------------------------
[INFO]  T E S T S
[INFO] -------------------------------------------------------
[INFO] Running io.mosire.simos.unit.ops.UnitOperationsTest
[INFO] Tests run: 55, Failures: 0, Errors: 0, Skipped: 0, Time elapsed: 0.120 s -- in io.mosire.simos.unit.ops.UnitOperationsTest
[INFO] Running io.mosire.simos.unit.facet.UnitsHereFacetTest
[INFO] Tests run: 9, Failures: 0, Errors: 0, Skipped: 0, Time elapsed: 0.007 s -- in io.mosire.simos.unit.facet.UnitsHereFacetTest
[INFO] Running io.mosire.simos.unit.resolve.UnitResolverTest
[INFO] Tests run: 9, Failures: 0, Errors: 0, Skipped: 0, Time elapsed: 0.007 s -- in io.mosire.simos.unit.resolve.UnitResolverTest
[INFO] Running io.mosire.simos.unit.UnitTest
[INFO] Tests run: 7, Failures: 0, Errors: 0, Skipped: 0, Time elapsed: 0.004 s -- in io.mosire.simos.unit.UnitTest
[INFO] Running io.mosire.simos.unit.codec.UnitCodecTest
[INFO] Tests run: 10, Failures: 0, Errors: 0, Skipped: 0, Time elapsed: 0.153 s -- in io.mosire.simos.unit.codec.UnitCodecTest
[INFO] Running io.mosire.simos.unit.RelativeOffsetTest
[INFO] Tests run: 4, Failures: 0, Errors: 0, Skipped: 0, Time elapsed: 0.004 s -- in io.mosire.simos.unit.RelativeOffsetTest
[INFO] Running io.mosire.simos.unit.move.UnitMovesTest
[INFO] Tests run: 11, Failures: 0, Errors: 0, Skipped: 0, Time elapsed: 0.008 s -- in io.mosire.simos.unit.move.UnitMovesTest
[INFO] Running io.mosire.simos.unit.move.TerrainMovementCostTest
[INFO] Tests run: 7, Failures: 0, Errors: 0, Skipped: 0, Time elapsed: 0.004 s -- in io.mosire.simos.unit.move.TerrainMovementCostTest
[INFO] Running io.mosire.simos.unit.move.PathFinderTest
[INFO] Tests run: 6, Failures: 0, Errors: 0, Skipped: 0, Time elapsed: 0.005 s -- in io.mosire.simos.unit.move.PathFinderTest
[INFO] Running io.mosire.simos.unit.CommandChainTest
[INFO] Tests run: 4, Failures: 0, Errors: 0, Skipped: 0, Time elapsed: 0.002 s -- in io.mosire.simos.unit.CommandChainTest
[INFO] Running io.mosire.simos.unit.UnitStatusTest
[INFO] Tests run: 3, Failures: 0, Errors: 0, Skipped: 0, Time elapsed: 0.004 s -- in io.mosire.simos.unit.UnitStatusTest
[INFO] Running io.mosire.simos.unit.change.UnitChangeSetTest
[INFO] Tests run: 7, Failures: 0, Errors: 0, Skipped: 0, Time elapsed: 0.003 s -- in io.mosire.simos.unit.change.UnitChangeSetTest
[INFO] Running io.mosire.simos.unit.change.UnitRoundTripTest
[INFO] Tests run: 4, Failures: 0, Errors: 0, Skipped: 0, Time elapsed: 0.002 s -- in io.mosire.simos.unit.change.UnitRoundTripTest
[INFO] Running io.mosire.simos.unit.spi.UnitTimeParticipantTest
[INFO] Tests run: 16, Failures: 0, Errors: 0, Skipped: 0, Time elapsed: 0.013 s -- in io.mosire.simos.unit.spi.UnitTimeParticipantTest
[INFO] Running io.mosire.simos.unit.spi.RenameUnitHandlerTest
[INFO] Tests run: 9, Failures: 0, Errors: 0, Skipped: 0, Time elapsed: 0.008 s -- in io.mosire.simos.unit.spi.RenameUnitHandlerTest
[INFO] Running io.mosire.simos.unit.spi.UnitRejoinDanglingTest
[INFO] Tests run: 1, Failures: 0, Errors: 0, Skipped: 0, Time elapsed: 0.001 s -- in io.mosire.simos.unit.spi.UnitRejoinDanglingTest
[INFO] Running io.mosire.simos.unit.spi.UnitCommandHandlersTest
[INFO] Tests run: 77, Failures: 0, Errors: 0, Skipped: 0, Time elapsed: 0.061 s -- in io.mosire.simos.unit.spi.UnitCommandHandlersTest
[INFO] Running io.mosire.simos.unit.spi.SetStatusHandlerTest
[INFO] Tests run: 6, Failures: 0, Errors: 0, Skipped: 0, Time elapsed: 0.003 s -- in io.mosire.simos.unit.spi.SetStatusHandlerTest
[INFO] Running io.mosire.simos.unit.UnitStateTest
[INFO] Tests run: 12, Failures: 0, Errors: 0, Skipped: 0, Time elapsed: 0.005 s -- in io.mosire.simos.unit.UnitStateTest
[INFO] Running io.mosire.simos.unit.UnitIdTest
[INFO] Tests run: 2, Failures: 0, Errors: 0, Skipped: 0, Time elapsed: 0.001 s -- in io.mosire.simos.unit.UnitIdTest
[INFO] 
[INFO] Results:
[INFO] 
[INFO] Tests run: 259, Failures: 0, Errors: 0, Skipped: 0
[INFO] 
[INFO] 
[INFO] --- jar:3.5.0:jar (default-jar) @ simos-unit ---
[INFO] Building jar: /tmp/opencode/wsf-t10-base/simos-unit/target/simos-unit-0.1.0-SNAPSHOT.jar
[INFO] 
[INFO] --- spotless:3.10.2:check (spotless-check) @ simos-unit ---
[INFO] Index file does not exist. Fallback to an empty index
[INFO] Spotless.Java is keeping 68 files clean - 0 needs changes to be clean, 68 were already clean, 0 were skipped because caching determined they were already clean
[INFO] 
[INFO] >>> spotbugs:4.10.4.1:check (spotbugs-check) > :spotbugs @ simos-unit >>>
[INFO] 
[INFO] --- spotbugs:4.10.4.1:spotbugs (spotbugs) @ simos-unit ---
[INFO] Done SpotBugs Analysis....
[INFO] Skipping com.github.spotbugs:spotbugs-maven-plugin:4.10.4.1:spotbugs report goal
[INFO] 
[INFO] <<< spotbugs:4.10.4.1:check (spotbugs-check) < :spotbugs @ simos-unit <<<
[INFO] 
[INFO] 
[INFO] --- spotbugs:4.10.4.1:check (spotbugs-check) @ simos-unit ---
[INFO] BugInstance size is 0
[INFO] Error size is 0
[INFO] No errors/warnings found
[INFO] 
[INFO] ------------------------< io.mosire:simos-core >------------------------
[INFO] Building CoreSimos 0.1.0-SNAPSHOT                                  [6/8]
[INFO]   from simos-core/pom.xml
[INFO] --------------------------------[ jar ]---------------------------------
[INFO] 
[INFO] --- clean:3.2.0:clean (default-clean) @ simos-core ---
[INFO] 
[INFO] --- enforcer:3.6.3:enforce (enforce-java-and-maven) @ simos-core ---
[INFO] 
[INFO] --- enforcer:3.6.3:enforce (enforce-core-boundaries) @ simos-core ---
[INFO] Rule 0: org.apache.maven.enforcer.rules.dependency.BannedDependencies passed
[INFO] 
[INFO] --- checkstyle:3.6.0:check (checkstyle-check) @ simos-core ---
[INFO] Starting audit...
Audit done.
[INFO] You have 0 Checkstyle violations.
[INFO] 
[INFO] --- resources:3.4.0:resources (default-resources) @ simos-core ---
[INFO] skip non existing resourceDirectory /tmp/opencode/wsf-t10-base/simos-core/src/main/resources
[INFO] 
[INFO] --- compiler:3.16.0:compile (default-compile) @ simos-core ---
[INFO] Recompiling the module because of changed dependency.
[INFO] Compiling 25 source files with javac [debug release 21] to target/classes
[INFO] Annotation processing is enabled because one or more processors were found
  on the class path. A future release of javac may disable annotation processing
  unless at least one processor is specified by name (-processor), or a search
  path is specified (--processor-path, --processor-module-path), or annotation
  processing is enabled explicitly (-proc:only, -proc:full).
  Use -Xlint:-options to suppress this message.
  Use -proc:none to disable annotation processing.
[INFO] org.pf4j.processor.ExtensionAnnotationProcessor init
[INFO] Options {}
[INFO] Processing @org.pf4j.Extension
[INFO] /tmp/opencode/wsf-t10-base/simos-core/src/main/java/io/mosire/simos/core/store/Envelope.java: /tmp/opencode/wsf-t10-base/simos-core/src/main/java/io/mosire/simos/core/store/Envelope.java uses or overrides a deprecated API.
[INFO] /tmp/opencode/wsf-t10-base/simos-core/src/main/java/io/mosire/simos/core/store/Envelope.java: Recompile with -Xlint:deprecation for details.
[INFO] 
[INFO] --- resources:3.4.0:testResources (default-testResources) @ simos-core ---
[INFO] skip non existing resourceDirectory /tmp/opencode/wsf-t10-base/simos-core/src/test/resources
[INFO] 
[INFO] --- compiler:3.16.0:testCompile (default-testCompile) @ simos-core ---
[INFO] Recompiling the module because of changed dependency.
[INFO] Compiling 29 source files with javac [debug release 21] to target/test-classes
[INFO] Annotation processing is enabled because one or more processors were found
  on the class path. A future release of javac may disable annotation processing
  unless at least one processor is specified by name (-processor), or a search
  path is specified (--processor-path, --processor-module-path), or annotation
  processing is enabled explicitly (-proc:only, -proc:full).
  Use -Xlint:-options to suppress this message.
  Use -proc:none to disable annotation processing.
[INFO] org.pf4j.processor.ExtensionAnnotationProcessor init
[INFO] Options {}
[INFO] Processing @org.pf4j.Extension
[INFO] 
[INFO] --- surefire:3.6.0:test (default-test) @ simos-core ---
[INFO] Using auto detected provider org.apache.maven.surefire.junitplatform.JUnitPlatformProvider
[INFO] 
[INFO] -------------------------------------------------------
[INFO]  T E S T S
[INFO] -------------------------------------------------------
[INFO] Running io.mosire.simos.core.state.WorldChangeSetTest
[INFO] Tests run: 5, Failures: 0, Errors: 0, Skipped: 0, Time elapsed: 0.048 s -- in io.mosire.simos.core.state.WorldChangeSetTest
[INFO] Running io.mosire.simos.core.observe.EventTypesTest
[INFO] Tests run: 6, Failures: 0, Errors: 0, Skipped: 0, Time elapsed: 0.006 s -- in io.mosire.simos.core.observe.EventTypesTest
[INFO] Running io.mosire.simos.core.observe.DigestTest
[INFO] Tests run: 6, Failures: 0, Errors: 0, Skipped: 0, Time elapsed: 0.018 s -- in io.mosire.simos.core.observe.DigestTest
[INFO] Running io.mosire.simos.core.timeline.TimelineTest
[INFO] Tests run: 16, Failures: 0, Errors: 0, Skipped: 0, Time elapsed: 0.923 s -- in io.mosire.simos.core.timeline.TimelineTest
[INFO] Running io.mosire.simos.core.advance.TimeProposalResolverTest
[INFO] Tests run: 8, Failures: 0, Errors: 0, Skipped: 0, Time elapsed: 0.006 s -- in io.mosire.simos.core.advance.TimeProposalResolverTest
[INFO] Running io.mosire.simos.core.advance.TimeAdvanceTest
[INFO] Tests run: 16, Failures: 0, Errors: 0, Skipped: 0, Time elapsed: 0.581 s -- in io.mosire.simos.core.advance.TimeAdvanceTest
[INFO] Running io.mosire.simos.core.RealmEffectEndToEndTest
[INFO] Tests run: 2, Failures: 0, Errors: 0, Skipped: 0, Time elapsed: 0.164 s -- in io.mosire.simos.core.RealmEffectEndToEndTest
[INFO] Running io.mosire.simos.core.BranchingEndToEndTest
[INFO] Tests run: 1, Failures: 0, Errors: 0, Skipped: 0, Time elapsed: 0.101 s -- in io.mosire.simos.core.BranchingEndToEndTest
[INFO] Running io.mosire.simos.core.ArchitectureGuardsTest
[INFO] Tests run: 1, Failures: 0, Errors: 0, Skipped: 0, Time elapsed: 0.013 s -- in io.mosire.simos.core.ArchitectureGuardsTest
[INFO] Running io.mosire.simos.core.MapSetTerrainEndToEndTest
[INFO] Tests run: 3, Failures: 0, Errors: 0, Skipped: 0, Time elapsed: 0.198 s -- in io.mosire.simos.core.MapSetTerrainEndToEndTest
[INFO] Running io.mosire.simos.core.MapRandomizeEndToEndTest
[T6-RANDOMIZE-E2E] seed7={desert=59, mountains=5, plains=63}
[T6-RANDOMIZE-E2E] seed8={desert=62, mountains=5, plains=60}
[INFO] Tests run: 4, Failures: 0, Errors: 0, Skipped: 0, Time elapsed: 0.284 s -- in io.mosire.simos.core.MapRandomizeEndToEndTest
[INFO] Running io.mosire.simos.core.StateValueEqualityTest
[INFO] Tests run: 2, Failures: 0, Errors: 0, Skipped: 0, Time elapsed: 0.008 s -- in io.mosire.simos.core.StateValueEqualityTest
[INFO] Running io.mosire.simos.core.command.OptimisticConcurrencyTest
[INFO] Tests run: 1, Failures: 0, Errors: 0, Skipped: 0, Time elapsed: 0.345 s -- in io.mosire.simos.core.command.OptimisticConcurrencyTest
[INFO] Running io.mosire.simos.core.command.CorrelationChainTest
[INFO] Tests run: 6, Failures: 0, Errors: 0, Skipped: 0, Time elapsed: 0.208 s -- in io.mosire.simos.core.command.CorrelationChainTest
[INFO] Running io.mosire.simos.core.command.CommandBusDispatchTest
[INFO] Tests run: 13, Failures: 0, Errors: 0, Skipped: 0, Time elapsed: 0.448 s -- in io.mosire.simos.core.command.CommandBusDispatchTest
[INFO] Running io.mosire.simos.core.command.CommandBusGuardTest
[INFO] Tests run: 5, Failures: 0, Errors: 0, Skipped: 0, Time elapsed: 0.183 s -- in io.mosire.simos.core.command.CommandBusGuardTest
[INFO] Running io.mosire.simos.core.command.CommandBusLoggingTest
2026-09-21T11:16:52.626852485Z main DEBUG 命令接收: type=unit.RenameUnit commandId=cmd-canary correlationId=corr-canary branch=main expectedRevision=1
2026-09-21T11:16:52.631662701Z main INFO 命令提交: type=unit.RenameUnit commandId=cmd-canary correlationId=corr-canary 新坐标=main@2
2026-09-21T11:16:52.664127713Z main DEBUG 命令接收: type=unit.RenameUnit commandId=cmd-c correlationId=corr-c branch=main expectedRevision=9
2026-09-21T11:16:52.666939608Z main INFO 命令冲突: type=unit.RenameUnit commandId=cmd-c correlationId=corr-c 真实head=main@1
2026-09-21T11:16:52.696921875Z main DEBUG 命令接收: type=unit.RenameUnit commandId=cmd-x correlationId=corr-x branch=main expectedRevision=1
2026-09-21T11:16:52.699825948Z main INFO 命令提交: type=unit.RenameUnit commandId=cmd-x correlationId=corr-x 新坐标=main@2
2026-09-21T11:16:52.728708578Z main DEBUG 命令接收: type=unit.RenameUnit commandId=cmd-ok correlationId=corr-ok branch=main expectedRevision=1
2026-09-21T11:16:52.731303138Z main INFO 命令提交: type=unit.RenameUnit commandId=cmd-ok correlationId=corr-ok 新坐标=main@2
2026-09-21T11:16:52.731594222Z main DEBUG 命令接收: type=unit.RenameUnit commandId=cmd-no correlationId=corr-no branch=main expectedRevision=2
2026-09-21T11:16:52.734103278Z main INFO 命令被拒: type=unit.RenameUnit commandId=cmd-no correlationId=corr-no 原因=领域侧不答应
2026-09-21T11:16:52.773729319Z main DEBUG 命令接收: type=unit.RenameUnit commandId=cmd-a correlationId=corr-a branch=main expectedRevision=1
2026-09-21T11:16:52.777103299Z main INFO 命令提交: type=unit.RenameUnit commandId=cmd-a correlationId=corr-a 新坐标=main@2
2026-09-21T11:16:52.777361062Z main DEBUG 命令接收: type=unit.NotRegistered commandId=cmd-b correlationId=corr-b branch=main expectedRevision=2
2026-09-21T11:16:52.780799321Z main INFO 命令被拒: type=unit.NotRegistered commandId=cmd-b correlationId=corr-b 原因=未注册的命令类型: unit.NotRegistered
2026-09-21T11:16:52.781068931Z main DEBUG 命令接收: type=unit.RenameUnit commandId=cmd-c correlationId=corr-c branch=main expectedRevision=9
2026-09-21T11:16:52.783958121Z main INFO 命令冲突: type=unit.RenameUnit commandId=cmd-c correlationId=corr-c 真实head=main@2
2026-09-21T11:16:52.817104192Z main DEBUG 命令接收: type=unit.RenameUnit commandId=cmd-a correlationId=corr-a branch=main expectedRevision=1
2026-09-21T11:16:52.820005427Z main INFO 命令提交: type=unit.RenameUnit commandId=cmd-a correlationId=corr-a 新坐标=main@2
2026-09-21T11:16:52.820197390Z main DEBUG 命令接收: type=unit.NotRegistered commandId=cmd-b correlationId=corr-b branch=main expectedRevision=2
2026-09-21T11:16:52.822860796Z main INFO 命令被拒: type=unit.NotRegistered commandId=cmd-b correlationId=corr-b 原因=未注册的命令类型: unit.NotRegistered
2026-09-21T11:16:52.823043383Z main DEBUG 命令接收: type=unit.RenameUnit commandId=cmd-c correlationId=corr-c branch=main expectedRevision=9
2026-09-21T11:16:52.825715640Z main INFO 命令冲突: type=unit.RenameUnit commandId=cmd-c correlationId=corr-c 真实head=main@2
[INFO] Tests run: 6, Failures: 0, Errors: 0, Skipped: 0, Time elapsed: 0.236 s -- in io.mosire.simos.core.command.CommandBusLoggingTest
[INFO] Running io.mosire.simos.core.command.CommandRegistryTest
[INFO] Tests run: 6, Failures: 0, Errors: 0, Skipped: 0, Time elapsed: 0.003 s -- in io.mosire.simos.core.command.CommandRegistryTest
[INFO] Running io.mosire.simos.core.AgentLibAvailabilityTest
[INFO] Tests run: 18, Failures: 0, Errors: 0, Skipped: 0, Time elapsed: 0.032 s -- in io.mosire.simos.core.AgentLibAvailabilityTest
[INFO] Running io.mosire.simos.core.MapSetEdgeEndToEndTest
[INFO] Tests run: 5, Failures: 0, Errors: 0, Skipped: 0, Time elapsed: 0.253 s -- in io.mosire.simos.core.MapSetEdgeEndToEndTest
[INFO] Running io.mosire.simos.core.MapRegionEndToEndTest
[INFO] Tests run: 3, Failures: 0, Errors: 0, Skipped: 0, Time elapsed: 0.150 s -- in io.mosire.simos.core.MapRegionEndToEndTest
[INFO] Running io.mosire.simos.core.UnitCasualtyRevisionTest
[INFO] Tests run: 3, Failures: 0, Errors: 0, Skipped: 0, Time elapsed: 0.137 s -- in io.mosire.simos.core.UnitCasualtyRevisionTest
[INFO] Running io.mosire.simos.core.MapTerrainBlockEndToEndTest
[INFO] Tests run: 1, Failures: 0, Errors: 0, Skipped: 0, Time elapsed: 0.052 s -- in io.mosire.simos.core.MapTerrainBlockEndToEndTest
[INFO] Running io.mosire.simos.core.store.EnvelopeTest
[INFO] Tests run: 7, Failures: 0, Errors: 0, Skipped: 0, Time elapsed: 0.005 s -- in io.mosire.simos.core.store.EnvelopeTest
[INFO] Running io.mosire.simos.core.store.SqliteStoreTest
[INFO] Tests run: 8, Failures: 0, Errors: 0, Skipped: 0, Time elapsed: 0.471 s -- in io.mosire.simos.core.store.SqliteStoreTest
[INFO] Running io.mosire.simos.core.store.CheckpointStoreTest
2026-09-21T11:16:53.936157180Z main WARN checkpoint 缺失（C18：回退到更早的 checkpoint，最坏从创世重放，不失败）: /tmp/junit-1925932227147083778/checkpoints/main/1.json
[INFO] Tests run: 5, Failures: 0, Errors: 0, Skipped: 0, Time elapsed: 0.056 s -- in io.mosire.simos.core.store.CheckpointStoreTest
[INFO] Running io.mosire.simos.core.store.ReplayTest
[INFO] Tests run: 11, Failures: 0, Errors: 0, Skipped: 0, Time elapsed: 0.691 s -- in io.mosire.simos.core.store.ReplayTest
[INFO] Running io.mosire.simos.core.CoreSimosTest
[INFO] Tests run: 10, Failures: 0, Errors: 0, Skipped: 0, Time elapsed: 0.426 s -- in io.mosire.simos.core.CoreSimosTest
[INFO] 
[INFO] Results:
[INFO] 
[INFO] Tests run: 178, Failures: 0, Errors: 0, Skipped: 0
[INFO] 
[INFO] 
[INFO] --- jar:3.5.0:jar (default-jar) @ simos-core ---
[INFO] Building jar: /tmp/opencode/wsf-t10-base/simos-core/target/simos-core-0.1.0-SNAPSHOT.jar
[INFO] 
[INFO] --- spotless:3.10.2:check (spotless-check) @ simos-core ---
[INFO] Index file does not exist. Fallback to an empty index
[INFO] Spotless.Java is keeping 54 files clean - 0 needs changes to be clean, 54 were already clean, 0 were skipped because caching determined they were already clean
[INFO] 
[INFO] >>> spotbugs:4.10.4.1:check (spotbugs-check) > :spotbugs @ simos-core >>>
[INFO] 
[INFO] --- spotbugs:4.10.4.1:spotbugs (spotbugs) @ simos-core ---
[INFO] Done SpotBugs Analysis....
[INFO] Skipping com.github.spotbugs:spotbugs-maven-plugin:4.10.4.1:spotbugs report goal
[INFO] 
[INFO] <<< spotbugs:4.10.4.1:check (spotbugs-check) < :spotbugs @ simos-core <<<
[INFO] 
[INFO] 
[INFO] --- spotbugs:4.10.4.1:check (spotbugs-check) @ simos-core ---
[INFO] BugInstance size is 0
[INFO] Error size is 0
[INFO] No errors/warnings found
[INFO] 
[INFO] -------------------------< io.mosire:simos-sd >-------------------------
[INFO] Building SDSimos 0.1.0-SNAPSHOT                                    [7/8]
[INFO]   from simos-sd/pom.xml
[INFO] --------------------------------[ jar ]---------------------------------
[INFO] 
[INFO] --- clean:3.2.0:clean (default-clean) @ simos-sd ---
[INFO] 
[INFO] --- enforcer:3.6.3:enforce (enforce-java-and-maven) @ simos-sd ---
[INFO] 
[INFO] --- enforcer:3.6.3:enforce (enforce-module-boundaries) @ simos-sd ---
[INFO] Rule 0: org.apache.maven.enforcer.rules.dependency.BannedDependencies passed
[INFO] 
[INFO] --- checkstyle:3.6.0:check (checkstyle-check) @ simos-sd ---
[INFO] Starting audit...
Audit done.
[INFO] You have 0 Checkstyle violations.
[INFO] 
[INFO] --- resources:3.4.0:resources (default-resources) @ simos-sd ---
[INFO] skip non existing resourceDirectory /tmp/opencode/wsf-t10-base/simos-sd/src/main/resources
[INFO] 
[INFO] --- compiler:3.16.0:compile (default-compile) @ simos-sd ---
[INFO] Recompiling the module because of changed dependency.
[INFO] Compiling 81 source files with javac [debug release 21] to target/classes
[INFO] Annotation processing is enabled because one or more processors were found
  on the class path. A future release of javac may disable annotation processing
  unless at least one processor is specified by name (-processor), or a search
  path is specified (--processor-path, --processor-module-path), or annotation
  processing is enabled explicitly (-proc:only, -proc:full).
  Use -Xlint:-options to suppress this message.
  Use -proc:none to disable annotation processing.
[INFO] org.pf4j.processor.ExtensionAnnotationProcessor init
[INFO] Options {}
[INFO] Processing @org.pf4j.Extension
[INFO] /tmp/opencode/wsf-t10-base/simos-sd/src/main/java/io/mosire/simos/sd/spi/SdPayloads.java: /tmp/opencode/wsf-t10-base/simos-sd/src/main/java/io/mosire/simos/sd/spi/SdPayloads.java uses or overrides a deprecated API.
[INFO] /tmp/opencode/wsf-t10-base/simos-sd/src/main/java/io/mosire/simos/sd/spi/SdPayloads.java: Recompile with -Xlint:deprecation for details.
[INFO] 
[INFO] --- resources:3.4.0:testResources (default-testResources) @ simos-sd ---
[INFO] skip non existing resourceDirectory /tmp/opencode/wsf-t10-base/simos-sd/src/test/resources
[INFO] 
[INFO] --- compiler:3.16.0:testCompile (default-testCompile) @ simos-sd ---
[INFO] Recompiling the module because of changed dependency.
[INFO] Compiling 20 source files with javac [debug release 21] to target/test-classes
[INFO] Annotation processing is enabled because one or more processors were found
  on the class path. A future release of javac may disable annotation processing
  unless at least one processor is specified by name (-processor), or a search
  path is specified (--processor-path, --processor-module-path), or annotation
  processing is enabled explicitly (-proc:only, -proc:full).
  Use -Xlint:-options to suppress this message.
  Use -proc:none to disable annotation processing.
[INFO] org.pf4j.processor.ExtensionAnnotationProcessor init
[INFO] Options {}
[INFO] Processing @org.pf4j.Extension
[INFO] 
[INFO] --- surefire:3.6.0:test (default-test) @ simos-sd ---
[INFO] Using auto detected provider org.apache.maven.surefire.junitplatform.JUnitPlatformProvider
[INFO] 
[INFO] -------------------------------------------------------
[INFO]  T E S T S
[INFO] -------------------------------------------------------
[INFO] Running io.mosire.simos.sd.state.SdStateInvariantTest
[INFO] Tests run: 6, Failures: 0, Errors: 0, Skipped: 0, Time elapsed: 0.056 s -- in io.mosire.simos.sd.state.SdStateInvariantTest
[INFO] Running io.mosire.simos.sd.channel.ChannelAdmissionTest
[INFO] Tests run: 3, Failures: 0, Errors: 0, Skipped: 0, Time elapsed: 0.078 s -- in io.mosire.simos.sd.channel.ChannelAdmissionTest
[INFO] Running io.mosire.simos.sd.resolve.SdResolverTest
[INFO] Tests run: 8, Failures: 0, Errors: 0, Skipped: 0, Time elapsed: 0.022 s -- in io.mosire.simos.sd.resolve.SdResolverTest
[INFO] Running io.mosire.simos.sd.time.SdTimeParticipantTest
[INFO] Tests run: 10, Failures: 0, Errors: 0, Skipped: 0, Time elapsed: 0.020 s -- in io.mosire.simos.sd.time.SdTimeParticipantTest
[INFO] Running io.mosire.simos.sd.codec.SdCodecTest
[INFO] Tests run: 5, Failures: 0, Errors: 0, Skipped: 0, Time elapsed: 0.120 s -- in io.mosire.simos.sd.codec.SdCodecTest
[INFO] Running io.mosire.simos.sd.guard.RegionDeleteGuardTest
[INFO] Tests run: 7, Failures: 0, Errors: 0, Skipped: 0, Time elapsed: 0.009 s -- in io.mosire.simos.sd.guard.RegionDeleteGuardTest
[INFO] Running io.mosire.simos.sd.adjudication.AdjudicationTest
[INFO] Tests run: 10, Failures: 0, Errors: 0, Skipped: 0, Time elapsed: 0.011 s -- in io.mosire.simos.sd.adjudication.AdjudicationTest
[INFO] Running io.mosire.simos.sd.model.SdIdTest
[INFO] Tests run: 2, Failures: 0, Errors: 0, Skipped: 0, Time elapsed: 0.003 s -- in io.mosire.simos.sd.model.SdIdTest
[INFO] Running io.mosire.simos.sd.model.SdModelTest
[INFO] Tests run: 11, Failures: 0, Errors: 0, Skipped: 0, Time elapsed: 0.012 s -- in io.mosire.simos.sd.model.SdModelTest
[INFO] Running io.mosire.simos.sd.change.SdRoundTripTest
[INFO] Tests run: 5, Failures: 0, Errors: 0, Skipped: 0, Time elapsed: 0.005 s -- in io.mosire.simos.sd.change.SdRoundTripTest
[INFO] Running io.mosire.simos.sd.spi.PutInfoHandlerTest
[INFO] Tests run: 5, Failures: 0, Errors: 0, Skipped: 0, Time elapsed: 0.007 s -- in io.mosire.simos.sd.spi.PutInfoHandlerTest
[INFO] Running io.mosire.simos.sd.spi.IssueDirectiveHandlerTest
[INFO] Tests run: 10, Failures: 0, Errors: 0, Skipped: 0, Time elapsed: 0.010 s -- in io.mosire.simos.sd.spi.IssueDirectiveHandlerTest
[INFO] Running io.mosire.simos.sd.spi.CreateDecisionMakerHandlerTest
[INFO] Tests run: 5, Failures: 0, Errors: 0, Skipped: 0, Time elapsed: 0.005 s -- in io.mosire.simos.sd.spi.CreateDecisionMakerHandlerTest
[INFO] Running io.mosire.simos.sd.spi.SubmitVerdictHandlerTest
[INFO] Tests run: 6, Failures: 0, Errors: 0, Skipped: 0, Time elapsed: 0.004 s -- in io.mosire.simos.sd.spi.SubmitVerdictHandlerTest
[INFO] Running io.mosire.simos.sd.spi.CreateArmyHandlerTest
[INFO] Tests run: 4, Failures: 0, Errors: 0, Skipped: 0, Time elapsed: 0.003 s -- in io.mosire.simos.sd.spi.CreateArmyHandlerTest
[INFO] Running io.mosire.simos.sd.spi.SetViewScopeHandlerTest
[INFO] Tests run: 4, Failures: 0, Errors: 0, Skipped: 0, Time elapsed: 0.004 s -- in io.mosire.simos.sd.spi.SetViewScopeHandlerTest
[INFO] Running io.mosire.simos.sd.spi.CreateNationHandlerTest
[INFO] Tests run: 4, Failures: 0, Errors: 0, Skipped: 0, Time elapsed: 0.003 s -- in io.mosire.simos.sd.spi.CreateNationHandlerTest
[INFO] Running io.mosire.simos.sd.spi.SdCombatHandlersTest
[INFO] Tests run: 19, Failures: 0, Errors: 0, Skipped: 0, Time elapsed: 0.022 s -- in io.mosire.simos.sd.spi.SdCombatHandlersTest
[INFO] 
[INFO] Results:
[INFO] 
[INFO] Tests run: 124, Failures: 0, Errors: 0, Skipped: 0
[INFO] 
[INFO] 
[INFO] --- jar:3.5.0:jar (default-jar) @ simos-sd ---
[INFO] Building jar: /tmp/opencode/wsf-t10-base/simos-sd/target/simos-sd-0.1.0-SNAPSHOT.jar
[INFO] 
[INFO] --- spotless:3.10.2:check (spotless-check) @ simos-sd ---
[INFO] Index file does not exist. Fallback to an empty index
[INFO] Spotless.Java is keeping 101 files clean - 0 needs changes to be clean, 101 were already clean, 0 were skipped because caching determined they were already clean
[INFO] 
[INFO] >>> spotbugs:4.10.4.1:check (spotbugs-check) > :spotbugs @ simos-sd >>>
[INFO] 
[INFO] --- spotbugs:4.10.4.1:spotbugs (spotbugs) @ simos-sd ---
[INFO] Done SpotBugs Analysis....
[INFO] Skipping com.github.spotbugs:spotbugs-maven-plugin:4.10.4.1:spotbugs report goal
[INFO] 
[INFO] <<< spotbugs:4.10.4.1:check (spotbugs-check) < :spotbugs @ simos-sd <<<
[INFO] 
[INFO] 
[INFO] --- spotbugs:4.10.4.1:check (spotbugs-check) @ simos-sd ---
[INFO] BugInstance size is 0
[INFO] Error size is 0
[INFO] No errors/warnings found
[INFO] 
[INFO] ------------------------< io.mosire:simos-app >-------------------------
[INFO] Building SimosApp 0.1.0-SNAPSHOT                                   [8/8]
[INFO]   from simos-app/pom.xml
[INFO] --------------------------------[ jar ]---------------------------------
[INFO] 
[INFO] --- clean:3.2.0:clean (default-clean) @ simos-app ---
[INFO] 
[INFO] --- enforcer:3.6.3:enforce (enforce-java-and-maven) @ simos-app ---
[INFO] 
[INFO] --- checkstyle:3.6.0:check (checkstyle-check) @ simos-app ---
[INFO] Starting audit...
Audit done.
[INFO] You have 0 Checkstyle violations.
[INFO] 
[INFO] --- resources:3.4.0:resources (default-resources) @ simos-app ---
[INFO] Copying 18 resources from src/main/resources to target/classes
[INFO] 
[INFO] --- compiler:3.16.0:compile (default-compile) @ simos-app ---
[INFO] Recompiling the module because of changed dependency.
[INFO] Compiling 43 source files with javac [debug release 21] to target/classes
[INFO] Annotation processing is enabled because one or more processors were found
  on the class path. A future release of javac may disable annotation processing
  unless at least one processor is specified by name (-processor), or a search
  path is specified (--processor-path, --processor-module-path), or annotation
  processing is enabled explicitly (-proc:only, -proc:full).
  Use -Xlint:-options to suppress this message.
  Use -proc:none to disable annotation processing.
[INFO] org.pf4j.processor.ExtensionAnnotationProcessor init
[INFO] Options {}
[INFO] Processing @org.pf4j.Extension
[INFO] 
[INFO] --- resources:3.4.0:testResources (default-testResources) @ simos-app ---
[INFO] skip non existing resourceDirectory /tmp/opencode/wsf-t10-base/simos-app/src/test/resources
[INFO] 
[INFO] --- compiler:3.16.0:testCompile (default-testCompile) @ simos-app ---
[INFO] Recompiling the module because of changed dependency.
[INFO] Compiling 33 source files with javac [debug release 21] to target/test-classes
[INFO] Annotation processing is enabled because one or more processors were found
  on the class path. A future release of javac may disable annotation processing
  unless at least one processor is specified by name (-processor), or a search
  path is specified (--processor-path, --processor-module-path), or annotation
  processing is enabled explicitly (-proc:only, -proc:full).
  Use -Xlint:-options to suppress this message.
  Use -proc:none to disable annotation processing.
[INFO] org.pf4j.processor.ExtensionAnnotationProcessor init
[INFO] Options {}
[INFO] Processing @org.pf4j.Extension
[INFO] /tmp/opencode/wsf-t10-base/simos-app/src/test/java/io/mosire/simos/app/McpCoverageTest.java: Some input files use or override a deprecated API.
[INFO] /tmp/opencode/wsf-t10-base/simos-app/src/test/java/io/mosire/simos/app/McpCoverageTest.java: Recompile with -Xlint:deprecation for details.
[INFO] 
[INFO] --- surefire:3.6.0:test (default-test) @ simos-app ---
[INFO] Using auto detected provider org.apache.maven.surefire.junitplatform.JUnitPlatformProvider
[INFO] 
[INFO] -------------------------------------------------------
[INFO]  T E S T S
[INFO] -------------------------------------------------------
[INFO] Running io.mosire.simos.app.ShellSmokeTest
19:17:03.005 INFO  io.mosire.agentlib.mcp.AgentToMcpServer - MCP streamable server 已启动: name=simos-shell version=0.1.0-SNAPSHOT 外发工具 15 个 [sd.IssueDirective, sd.SetViewScope, sd.SubmitVerdict, simos.advance, simos.command.catalog, simos.command.submit, simos.fork, simos.map.hex, simos.map.overview, simos.social.population, simos.state.facets, simos.state.resolve, simos.timeline.branches, simos.unit.get, simos.unit.list]；Registry 共 15 个，未外发 0 个 []
19:17:03.013 INFO  io.mosire.agentlib.mcp.AgentToMcpServer - MCP streamable server 已启动: name=simos-shell-decision version=0.1.0-SNAPSHOT 外发工具 11 个 [sd.IssueDirective, sd.SubmitVerdict, simos.command.catalog, simos.map.hex, simos.map.overview, simos.social.population, simos.state.facets, simos.state.resolve, simos.timeline.branches, simos.unit.get, simos.unit.list]；Registry 共 11 个，未外发 0 个 []
19:17:03.081 INFO  io.mosire.simos.app.gui.GuiServer - GUI 服务器已启动: http://127.0.0.1:45953/（静态 /webui，同源，无 CORS 头）
19:17:03.082 INFO  io.mosire.simos.app.Shell - Shell 装配完成: store=/tmp/junit-15459570562956796477 checkpointInterval=100 codec=4 handler=41 participant=2 resolver=4 facet=2 tool=15 decisionTool=11 mapId=Map1 bindAddress=127.0.0.1 mcpPort=44779 decisionAgentMcpPort=45731 guiPort=45953 approvalPort=45535
19:17:03.115 INFO  io.mosire.agentlib.approval.ApprovalHttpEndpoint - 审批 HTTP 面已停止（端口 45535）
19:17:03.116 INFO  io.mosire.agentlib.approval.HttpApprovalChannel - HTTP 审批通道已关闭
19:17:03.185 INFO  io.mosire.agentlib.mcp.AgentToMcpServer - MCP streamable server 已启动: name=simos-shell version=0.1.0-SNAPSHOT 外发工具 15 个 [sd.IssueDirective, sd.SetViewScope, sd.SubmitVerdict, simos.advance, simos.command.catalog, simos.command.submit, simos.fork, simos.map.hex, simos.map.overview, simos.social.population, simos.state.facets, simos.state.resolve, simos.timeline.branches, simos.unit.get, simos.unit.list]；Registry 共 15 个，未外发 0 个 []
19:17:03.195 INFO  io.mosire.agentlib.mcp.AgentToMcpServer - MCP streamable server 已启动: name=simos-shell-decision version=0.1.0-SNAPSHOT 外发工具 11 个 [sd.IssueDirective, sd.SubmitVerdict, simos.command.catalog, simos.map.hex, simos.map.overview, simos.social.population, simos.state.facets, simos.state.resolve, simos.timeline.branches, simos.unit.get, simos.unit.list]；Registry 共 11 个，未外发 0 个 []
19:17:03.203 INFO  io.mosire.simos.app.gui.GuiServer - GUI 服务器已启动: http://127.0.0.1:46073/（静态 /webui，同源，无 CORS 头）
19:17:03.203 INFO  io.mosire.simos.app.Shell - Shell 装配完成: store=/tmp/junit-16250191813684900743 checkpointInterval=100 codec=4 handler=41 participant=2 resolver=4 facet=2 tool=15 decisionTool=11 mapId=Map1 bindAddress=127.0.0.1 mcpPort=44899 decisionAgentMcpPort=45925 guiPort=46073 approvalPort=46267
19:17:03.205 INFO  io.mosire.agentlib.approval.ApprovalHttpEndpoint - 审批 HTTP 面已停止（端口 46267）
19:17:03.205 INFO  io.mosire.agentlib.approval.HttpApprovalChannel - HTTP 审批通道已关闭
19:17:03.254 INFO  io.mosire.agentlib.mcp.AgentToMcpServer - MCP streamable server 已启动: name=simos-shell version=0.1.0-SNAPSHOT 外发工具 15 个 [sd.IssueDirective, sd.SetViewScope, sd.SubmitVerdict, simos.advance, simos.command.catalog, simos.command.submit, simos.fork, simos.map.hex, simos.map.overview, simos.social.population, simos.state.facets, simos.state.resolve, simos.timeline.branches, simos.unit.get, simos.unit.list]；Registry 共 15 个，未外发 0 个 []
19:17:03.263 INFO  io.mosire.agentlib.mcp.AgentToMcpServer - MCP streamable server 已启动: name=simos-shell-decision version=0.1.0-SNAPSHOT 外发工具 11 个 [sd.IssueDirective, sd.SubmitVerdict, simos.command.catalog, simos.map.hex, simos.map.overview, simos.social.population, simos.state.facets, simos.state.resolve, simos.timeline.branches, simos.unit.get, simos.unit.list]；Registry 共 11 个，未外发 0 个 []
19:17:03.273 INFO  io.mosire.simos.app.gui.GuiServer - GUI 服务器已启动: http://127.0.0.1:44849/（静态 /webui，同源，无 CORS 头）
19:17:03.273 INFO  io.mosire.simos.app.Shell - Shell 装配完成: store=/tmp/junit-3707464484549153882 checkpointInterval=100 codec=4 handler=41 participant=2 resolver=4 facet=2 tool=15 decisionTool=11 mapId=Map1 bindAddress=127.0.0.1 mcpPort=46521 decisionAgentMcpPort=44745 guiPort=44849 approvalPort=45371
19:17:03.351 INFO  io.mosire.simos.core.command.CommandBus - 命令提交: type=unit.RenameUnit commandId=cmd-rename correlationId=corr-rename 新坐标=main@2
19:17:03.364 INFO  io.mosire.agentlib.approval.ApprovalHttpEndpoint - 审批 HTTP 面已停止（端口 45371）
19:17:03.365 INFO  io.mosire.agentlib.approval.HttpApprovalChannel - HTTP 审批通道已关闭
19:17:03.414 INFO  io.mosire.agentlib.mcp.AgentToMcpServer - MCP streamable server 已启动: name=simos-shell version=0.1.0-SNAPSHOT 外发工具 15 个 [sd.IssueDirective, sd.SetViewScope, sd.SubmitVerdict, simos.advance, simos.command.catalog, simos.command.submit, simos.fork, simos.map.hex, simos.map.overview, simos.social.population, simos.state.facets, simos.state.resolve, simos.timeline.branches, simos.unit.get, simos.unit.list]；Registry 共 15 个，未外发 0 个 []
19:17:03.424 INFO  io.mosire.agentlib.mcp.AgentToMcpServer - MCP streamable server 已启动: name=simos-shell-decision version=0.1.0-SNAPSHOT 外发工具 11 个 [sd.IssueDirective, sd.SubmitVerdict, simos.command.catalog, simos.map.hex, simos.map.overview, simos.social.population, simos.state.facets, simos.state.resolve, simos.timeline.branches, simos.unit.get, simos.unit.list]；Registry 共 11 个，未外发 0 个 []
19:17:03.433 INFO  io.mosire.simos.app.gui.GuiServer - GUI 服务器已启动: http://127.0.0.1:45099/（静态 /webui，同源，无 CORS 头）
19:17:03.434 INFO  io.mosire.simos.app.Shell - Shell 装配完成: store=/tmp/junit-77127133036007786 checkpointInterval=100 codec=4 handler=41 participant=2 resolver=4 facet=2 tool=15 decisionTool=11 mapId=Map1 bindAddress=127.0.0.1 mcpPort=45697 decisionAgentMcpPort=46153 guiPort=45099 approvalPort=44983
19:17:03.456 INFO  io.mosire.simos.core.advance.TimeAdvance - 命令提交: type=core.AdvanceTime commandId=cmd-advance correlationId=corr-advance 新坐标=main@2
19:17:03.462 INFO  io.mosire.agentlib.approval.ApprovalHttpEndpoint - 审批 HTTP 面已停止（端口 44983）
19:17:03.462 INFO  io.mosire.agentlib.approval.HttpApprovalChannel - HTTP 审批通道已关闭
[INFO] Tests run: 4, Failures: 0, Errors: 0, Skipped: 0, Time elapsed: 1.020 s -- in io.mosire.simos.app.ShellSmokeTest
[INFO] Running io.mosire.simos.app.SdSetViewScopeEndToEndTest
19:17:03.514 INFO  io.mosire.simos.core.command.CommandBus - 命令提交: type=sd.SetViewScope commandId=cmd-1 correlationId=cmd-1 新坐标=main@2
19:17:03.573 INFO  io.mosire.simos.core.command.CommandBus - 命令被拒: type=sd.SetViewScope commandId=cmd-1 correlationId=cmd-1 原因=决策人不存在: ghost
[INFO] Tests run: 2, Failures: 0, Errors: 0, Skipped: 0, Time elapsed: 0.111 s -- in io.mosire.simos.app.SdSetViewScopeEndToEndTest
[INFO] Running io.mosire.simos.app.McpPortTopologyTest
19:17:03.612 INFO  io.mosire.agentlib.mcp.AgentToMcpServer - MCP streamable server 已启动: name=simos-shell version=0.1.0-SNAPSHOT 外发工具 15 个 [sd.IssueDirective, sd.SetViewScope, sd.SubmitVerdict, simos.advance, simos.command.catalog, simos.command.submit, simos.fork, simos.map.hex, simos.map.overview, simos.social.population, simos.state.facets, simos.state.resolve, simos.timeline.branches, simos.unit.get, simos.unit.list]；Registry 共 15 个，未外发 0 个 []
19:17:03.623 INFO  io.mosire.agentlib.mcp.AgentToMcpServer - MCP streamable server 已启动: name=simos-shell-decision version=0.1.0-SNAPSHOT 外发工具 11 个 [sd.IssueDirective, sd.SubmitVerdict, simos.command.catalog, simos.map.hex, simos.map.overview, simos.social.population, simos.state.facets, simos.state.resolve, simos.timeline.branches, simos.unit.get, simos.unit.list]；Registry 共 11 个，未外发 0 个 []
19:17:03.632 INFO  io.mosire.simos.app.gui.GuiServer - GUI 服务器已启动: http://127.0.0.1:44971/（静态 /webui，同源，无 CORS 头）
19:17:03.632 INFO  io.mosire.simos.app.Shell - Shell 装配完成: store=/tmp/junit-12755244796851797486 checkpointInterval=100 codec=4 handler=41 participant=2 resolver=4 facet=2 tool=15 decisionTool=11 mapId=Map1 bindAddress=127.0.0.1 mcpPort=46263 decisionAgentMcpPort=44915 guiPort=44971 approvalPort=45251
19:17:03.694 INFO  io.modelcontextprotocol.server.McpAsyncServer - Client initialize request - Protocol: 2025-11-25, Capabilities: ClientCapabilities[experimental=null, roots=null, sampling=null, elicitation=null], Info: Implementation[name=Java SDK MCP Client, title=null, version=0.15.0, description=null, icons=null, websiteUrl=null]
19:17:03.721 INFO  io.modelcontextprotocol.client.LifecycleInitializer - Server response with Protocol: 2025-11-25, Capabilities: ServerCapabilities[completions=null, experimental=null, logging=LoggingCapabilities[], prompts=null, resources=null, tools=ToolCapabilities[listChanged=true]], Info: Implementation[name=simos-shell, title=null, version=0.1.0-SNAPSHOT, description=null, icons=null, websiteUrl=null] and Instructions null
19:17:03.748 INFO  io.mosire.agentlib.approval.ApprovalHttpEndpoint - 审批 HTTP 面已停止（端口 45251）
19:17:03.748 INFO  io.mosire.agentlib.approval.HttpApprovalChannel - HTTP 审批通道已关闭
19:17:03.807 INFO  io.mosire.agentlib.mcp.AgentToMcpServer - MCP streamable server 已启动: name=simos-shell version=0.1.0-SNAPSHOT 外发工具 15 个 [sd.IssueDirective, sd.SetViewScope, sd.SubmitVerdict, simos.advance, simos.command.catalog, simos.command.submit, simos.fork, simos.map.hex, simos.map.overview, simos.social.population, simos.state.facets, simos.state.resolve, simos.timeline.branches, simos.unit.get, simos.unit.list]；Registry 共 15 个，未外发 0 个 []
19:17:03.816 INFO  io.mosire.agentlib.mcp.AgentToMcpServer - MCP streamable server 已启动: name=simos-shell-decision version=0.1.0-SNAPSHOT 外发工具 11 个 [sd.IssueDirective, sd.SubmitVerdict, simos.command.catalog, simos.map.hex, simos.map.overview, simos.social.population, simos.state.facets, simos.state.resolve, simos.timeline.branches, simos.unit.get, simos.unit.list]；Registry 共 11 个，未外发 0 个 []
19:17:03.826 INFO  io.mosire.simos.app.gui.GuiServer - GUI 服务器已启动: http://127.0.0.1:45179/（静态 /webui，同源，无 CORS 头）
19:17:03.826 INFO  io.mosire.simos.app.Shell - Shell 装配完成: store=/tmp/junit-18005615214333128966 checkpointInterval=100 codec=4 handler=41 participant=2 resolver=4 facet=2 tool=15 decisionTool=11 mapId=Map1 bindAddress=127.0.0.1 mcpPort=45535 decisionAgentMcpPort=46347 guiPort=45179 approvalPort=45439
19:17:03.838 INFO  io.modelcontextprotocol.server.McpAsyncServer - Client initialize request - Protocol: 2025-11-25, Capabilities: ClientCapabilities[experimental=null, roots=null, sampling=null, elicitation=null], Info: Implementation[name=Java SDK MCP Client, title=null, version=0.15.0, description=null, icons=null, websiteUrl=null]
19:17:03.839 INFO  io.modelcontextprotocol.client.LifecycleInitializer - Server response with Protocol: 2025-11-25, Capabilities: ServerCapabilities[completions=null, experimental=null, logging=LoggingCapabilities[], prompts=null, resources=null, tools=ToolCapabilities[listChanged=true]], Info: Implementation[name=simos-shell-decision, title=null, version=0.1.0-SNAPSHOT, description=null, icons=null, websiteUrl=null] and Instructions null
19:17:03.893 INFO  io.modelcontextprotocol.spec.McpClientSession - Server returned a JSON-RPC error when calling method tools/call: JSONRPCError[code=-32602, message=Unknown tool: invalid_tool_name, data=Tool not found: simos.command.submit]
19:17:03.900 INFO  io.mosire.agentlib.approval.ApprovalHttpEndpoint - 审批 HTTP 面已停止（端口 45439）
19:17:03.900 INFO  io.mosire.agentlib.approval.HttpApprovalChannel - HTTP 审批通道已关闭
19:17:03.949 INFO  io.mosire.agentlib.mcp.AgentToMcpServer - MCP streamable server 已启动: name=simos-shell version=0.1.0-SNAPSHOT 外发工具 15 个 [sd.IssueDirective, sd.SetViewScope, sd.SubmitVerdict, simos.advance, simos.command.catalog, simos.command.submit, simos.fork, simos.map.hex, simos.map.overview, simos.social.population, simos.state.facets, simos.state.resolve, simos.timeline.branches, simos.unit.get, simos.unit.list]；Registry 共 15 个，未外发 0 个 []
19:17:03.960 INFO  io.mosire.agentlib.mcp.AgentToMcpServer - MCP streamable server 已启动: name=simos-shell-decision version=0.1.0-SNAPSHOT 外发工具 11 个 [sd.IssueDirective, sd.SubmitVerdict, simos.command.catalog, simos.map.hex, simos.map.overview, simos.social.population, simos.state.facets, simos.state.resolve, simos.timeline.branches, simos.unit.get, simos.unit.list]；Registry 共 11 个，未外发 0 个 []
19:17:03.969 INFO  io.mosire.simos.app.gui.GuiServer - GUI 服务器已启动: http://127.0.0.1:46107/（静态 /webui，同源，无 CORS 头）
19:17:03.970 INFO  io.mosire.simos.app.Shell - Shell 装配完成: store=/tmp/junit-3971822942051619959 checkpointInterval=100 codec=4 handler=41 participant=2 resolver=4 facet=2 tool=15 decisionTool=11 mapId=Map1 bindAddress=127.0.0.1 mcpPort=45233 decisionAgentMcpPort=45817 guiPort=46107 approvalPort=46607
19:17:03.973 INFO  io.modelcontextprotocol.server.McpAsyncServer - Client initialize request - Protocol: 2025-11-25, Capabilities: ClientCapabilities[experimental=null, roots=null, sampling=null, elicitation=null], Info: Implementation[name=Java SDK MCP Client, title=null, version=0.15.0, description=null, icons=null, websiteUrl=null]
19:17:03.975 INFO  io.modelcontextprotocol.client.LifecycleInitializer - Server response with Protocol: 2025-11-25, Capabilities: ServerCapabilities[completions=null, experimental=null, logging=LoggingCapabilities[], prompts=null, resources=null, tools=ToolCapabilities[listChanged=true]], Info: Implementation[name=simos-shell-decision, title=null, version=0.1.0-SNAPSHOT, description=null, icons=null, websiteUrl=null] and Instructions null
19:17:03.986 INFO  io.mosire.agentlib.approval.ApprovalHttpEndpoint - 审批 HTTP 面已停止（端口 46607）
19:17:03.986 INFO  io.mosire.agentlib.approval.HttpApprovalChannel - HTTP 审批通道已关闭
19:17:04.029 INFO  io.mosire.agentlib.mcp.AgentToMcpServer - MCP streamable server 已启动: name=simos-shell version=0.1.0-SNAPSHOT 外发工具 15 个 [sd.IssueDirective, sd.SetViewScope, sd.SubmitVerdict, simos.advance, simos.command.catalog, simos.command.submit, simos.fork, simos.map.hex, simos.map.overview, simos.social.population, simos.state.facets, simos.state.resolve, simos.timeline.branches, simos.unit.get, simos.unit.list]；Registry 共 15 个，未外发 0 个 []
19:17:04.039 INFO  io.mosire.agentlib.mcp.AgentToMcpServer - MCP streamable server 已启动: name=simos-shell-decision version=0.1.0-SNAPSHOT 外发工具 11 个 [sd.IssueDirective, sd.SubmitVerdict, simos.command.catalog, simos.map.hex, simos.map.overview, simos.social.population, simos.state.facets, simos.state.resolve, simos.timeline.branches, simos.unit.get, simos.unit.list]；Registry 共 11 个，未外发 0 个 []
19:17:04.048 INFO  io.mosire.simos.app.gui.GuiServer - GUI 服务器已启动: http://127.0.0.1:46531/（静态 /webui，同源，无 CORS 头）
19:17:04.049 INFO  io.mosire.simos.app.Shell - Shell 装配完成: store=/tmp/junit-13182271094338410154 checkpointInterval=100 codec=4 handler=41 participant=2 resolver=4 facet=2 tool=15 decisionTool=11 mapId=Map1 bindAddress=127.0.0.1 mcpPort=45737 decisionAgentMcpPort=45979 guiPort=46531 approvalPort=46565
19:17:04.053 INFO  io.modelcontextprotocol.server.McpAsyncServer - Client initialize request - Protocol: 2025-11-25, Capabilities: ClientCapabilities[experimental=null, roots=null, sampling=null, elicitation=null], Info: Implementation[name=Java SDK MCP Client, title=null, version=0.15.0, description=null, icons=null, websiteUrl=null]
19:17:04.054 INFO  io.modelcontextprotocol.client.LifecycleInitializer - Server response with Protocol: 2025-11-25, Capabilities: ServerCapabilities[completions=null, experimental=null, logging=LoggingCapabilities[], prompts=null, resources=null, tools=ToolCapabilities[listChanged=true]], Info: Implementation[name=simos-shell, title=null, version=0.1.0-SNAPSHOT, description=null, icons=null, websiteUrl=null] and Instructions null
19:17:04.058 INFO  io.modelcontextprotocol.server.McpAsyncServer - Client initialize request - Protocol: 2025-11-25, Capabilities: ClientCapabilities[experimental=null, roots=null, sampling=null, elicitation=null], Info: Implementation[name=Java SDK MCP Client, title=null, version=0.15.0, description=null, icons=null, websiteUrl=null]
19:17:04.059 INFO  io.modelcontextprotocol.client.LifecycleInitializer - Server response with Protocol: 2025-11-25, Capabilities: ServerCapabilities[completions=null, experimental=null, logging=LoggingCapabilities[], prompts=null, resources=null, tools=ToolCapabilities[listChanged=true]], Info: Implementation[name=simos-shell-decision, title=null, version=0.1.0-SNAPSHOT, description=null, icons=null, websiteUrl=null] and Instructions null
19:17:04.071 INFO  io.mosire.agentlib.approval.ApprovalHttpEndpoint - 审批 HTTP 面已停止（端口 46565）
19:17:04.072 INFO  io.mosire.agentlib.approval.HttpApprovalChannel - HTTP 审批通道已关闭
[INFO] Tests run: 4, Failures: 0, Errors: 0, Skipped: 0, Time elapsed: 0.512 s -- in io.mosire.simos.app.McpPortTopologyTest
[INFO] Running io.mosire.simos.app.ShellApprovalTest
19:17:04.137 INFO  io.mosire.agentlib.mcp.AgentToMcpServer - MCP streamable server 已启动: name=simos-shell version=0.1.0-SNAPSHOT 外发工具 15 个 [sd.IssueDirective, sd.SetViewScope, sd.SubmitVerdict, simos.advance, simos.command.catalog, simos.command.submit, simos.fork, simos.map.hex, simos.map.overview, simos.social.population, simos.state.facets, simos.state.resolve, simos.timeline.branches, simos.unit.get, simos.unit.list]；Registry 共 15 个，未外发 0 个 []
19:17:04.147 INFO  io.mosire.agentlib.mcp.AgentToMcpServer - MCP streamable server 已启动: name=simos-shell-decision version=0.1.0-SNAPSHOT 外发工具 11 个 [sd.IssueDirective, sd.SubmitVerdict, simos.command.catalog, simos.map.hex, simos.map.overview, simos.social.population, simos.state.facets, simos.state.resolve, simos.timeline.branches, simos.unit.get, simos.unit.list]；Registry 共 11 个，未外发 0 个 []
19:17:04.157 INFO  io.mosire.simos.app.gui.GuiServer - GUI 服务器已启动: http://127.0.0.1:46089/（静态 /webui，同源，无 CORS 头）
19:17:04.157 INFO  io.mosire.simos.app.Shell - Shell 装配完成: store=/tmp/junit-4846987183831109747 checkpointInterval=100 codec=4 handler=41 participant=2 resolver=4 facet=2 tool=15 decisionTool=11 mapId=Map1 bindAddress=127.0.0.1 mcpPort=45937 decisionAgentMcpPort=45957 guiPort=46089 approvalPort=44815
19:17:04.198 INFO  io.mosire.simos.core.command.CommandBus - 命令提交: type=unit.RenameUnit commandId=9d2b00ca-e060-4bfb-a90a-485ea729f0e0 correlationId=9d2b00ca-e060-4bfb-a90a-485ea729f0e0 新坐标=main@2
19:17:04.207 INFO  io.mosire.agentlib.approval.ApprovalHttpEndpoint - 审批 HTTP 面已停止（端口 44815）
19:17:04.208 INFO  io.mosire.agentlib.approval.HttpApprovalChannel - HTTP 审批通道已关闭
19:17:04.255 INFO  io.mosire.agentlib.mcp.AgentToMcpServer - MCP streamable server 已启动: name=simos-shell version=0.1.0-SNAPSHOT 外发工具 15 个 [sd.IssueDirective, sd.SetViewScope, sd.SubmitVerdict, simos.advance, simos.command.catalog, simos.command.submit, simos.fork, simos.map.hex, simos.map.overview, simos.social.population, simos.state.facets, simos.state.resolve, simos.timeline.branches, simos.unit.get, simos.unit.list]；Registry 共 15 个，未外发 0 个 []
19:17:04.265 INFO  io.mosire.agentlib.mcp.AgentToMcpServer - MCP streamable server 已启动: name=simos-shell-decision version=0.1.0-SNAPSHOT 外发工具 11 个 [sd.IssueDirective, sd.SubmitVerdict, simos.command.catalog, simos.map.hex, simos.map.overview, simos.social.population, simos.state.facets, simos.state.resolve, simos.timeline.branches, simos.unit.get, simos.unit.list]；Registry 共 11 个，未外发 0 个 []
19:17:04.275 INFO  io.mosire.simos.app.gui.GuiServer - GUI 服务器已启动: http://127.0.0.1:46071/（静态 /webui，同源，无 CORS 头）
19:17:04.275 INFO  io.mosire.simos.app.Shell - Shell 装配完成: store=/tmp/junit-7862754875065747554 checkpointInterval=100 codec=4 handler=41 participant=2 resolver=4 facet=2 tool=15 decisionTool=11 mapId=Map1 bindAddress=127.0.0.1 mcpPort=45395 decisionAgentMcpPort=44867 guiPort=46071 approvalPort=45043
19:17:04.295 INFO  io.mosire.simos.app.gui.GuiServer - access GET /api/approvals -> 200 4ms remote=127.0.0.1
19:17:04.301 INFO  io.mosire.agentlib.approval.ApprovalHttpEndpoint - 审批面收到人的答复 id=ap-18aac545-a431-4236-b017-8d55d65d2bf3 decision=approve scope=once
19:17:04.309 INFO  io.mosire.simos.core.command.CommandBus - 命令提交: type=unit.RenameUnit commandId=f6c1e868-f774-4ba8-93ba-00479cbe1e04 correlationId=f6c1e868-f774-4ba8-93ba-00479cbe1e04 新坐标=main@2
19:17:04.347 INFO  io.mosire.simos.app.gui.GuiServer - access POST /api/approvals/ap-18aac545-a431-4236-b017-8d55d65d2bf3 -> 200 47ms remote=127.0.0.1
19:17:04.399 INFO  io.mosire.simos.app.gui.GuiServer - access POST /api/approvals/ap-18aac545-a431-4236-b017-8d55d65d2bf3 -> 409 45ms remote=127.0.0.1
19:17:04.451 INFO  io.mosire.simos.app.gui.GuiServer - access GET /api/approvals -> 200 46ms remote=127.0.0.1
19:17:04.503 INFO  io.mosire.simos.app.gui.GuiServer - access POST /api/approvals/ap-nope -> 404 46ms remote=127.0.0.1
19:17:04.511 INFO  io.mosire.simos.app.gui.GuiServer - access GET /api/approvals/ap-nope -> 405 2ms remote=127.0.0.1
19:17:04.516 INFO  io.mosire.agentlib.approval.ApprovalHttpEndpoint - 审批 HTTP 面已停止（端口 45043）
19:17:04.517 INFO  io.mosire.agentlib.approval.HttpApprovalChannel - HTTP 审批通道已关闭
19:17:04.578 INFO  io.mosire.agentlib.mcp.AgentToMcpServer - MCP streamable server 已启动: name=simos-shell version=0.1.0-SNAPSHOT 外发工具 15 个 [sd.IssueDirective, sd.SetViewScope, sd.SubmitVerdict, simos.advance, simos.command.catalog, simos.command.submit, simos.fork, simos.map.hex, simos.map.overview, simos.social.population, simos.state.facets, simos.state.resolve, simos.timeline.branches, simos.unit.get, simos.unit.list]；Registry 共 15 个，未外发 0 个 []
19:17:04.587 INFO  io.mosire.agentlib.mcp.AgentToMcpServer - MCP streamable server 已启动: name=simos-shell-decision version=0.1.0-SNAPSHOT 外发工具 11 个 [sd.IssueDirective, sd.SubmitVerdict, simos.command.catalog, simos.map.hex, simos.map.overview, simos.social.population, simos.state.facets, simos.state.resolve, simos.timeline.branches, simos.unit.get, simos.unit.list]；Registry 共 11 个，未外发 0 个 []
19:17:04.597 INFO  io.mosire.simos.app.gui.GuiServer - GUI 服务器已启动: http://127.0.0.1:45857/（静态 /webui，同源，无 CORS 头）
19:17:04.597 INFO  io.mosire.simos.app.Shell - Shell 装配完成: store=/tmp/junit-11594556786050735017 checkpointInterval=100 codec=4 handler=41 participant=2 resolver=4 facet=2 tool=15 decisionTool=11 mapId=Map1 bindAddress=127.0.0.1 mcpPort=46355 decisionAgentMcpPort=45451 guiPort=45857 approvalPort=44829
19:17:04.607 INFO  io.mosire.simos.app.gui.GuiServer - GUI 服务器已启动: http://127.0.0.1:45437/（静态 /webui，同源，无 CORS 头）
19:17:04.612 INFO  io.mosire.simos.app.gui.GuiServer - access GET /api/approvals -> 502 2ms remote=127.0.0.1
19:17:04.613 INFO  io.mosire.agentlib.approval.ApprovalHttpEndpoint - 审批 HTTP 面已停止（端口 44829）
19:17:04.614 INFO  io.mosire.agentlib.approval.HttpApprovalChannel - HTTP 审批通道已关闭
[INFO] Tests run: 3, Failures: 0, Errors: 0, Skipped: 0, Time elapsed: 0.523 s -- in io.mosire.simos.app.ShellApprovalTest
[INFO] Running io.mosire.simos.app.tools.SimosToolsTest
19:17:04.653 INFO  io.mosire.agentlib.mcp.AgentToMcpServer - MCP streamable server 已启动: name=simos-shell version=0.1.0-SNAPSHOT 外发工具 15 个 [sd.IssueDirective, sd.SetViewScope, sd.SubmitVerdict, simos.advance, simos.command.catalog, simos.command.submit, simos.fork, simos.map.hex, simos.map.overview, simos.social.population, simos.state.facets, simos.state.resolve, simos.timeline.branches, simos.unit.get, simos.unit.list]；Registry 共 15 个，未外发 0 个 []
19:17:04.663 INFO  io.mosire.agentlib.mcp.AgentToMcpServer - MCP streamable server 已启动: name=simos-shell-decision version=0.1.0-SNAPSHOT 外发工具 11 个 [sd.IssueDirective, sd.SubmitVerdict, simos.command.catalog, simos.map.hex, simos.map.overview, simos.social.population, simos.state.facets, simos.state.resolve, simos.timeline.branches, simos.unit.get, simos.unit.list]；Registry 共 11 个，未外发 0 个 []
19:17:04.674 INFO  io.mosire.simos.app.gui.GuiServer - GUI 服务器已启动: http://127.0.0.1:44741/（静态 /webui，同源，无 CORS 头）
19:17:04.674 INFO  io.mosire.simos.app.Shell - Shell 装配完成: store=/tmp/junit-12728883206112017405 checkpointInterval=100 codec=4 handler=41 participant=2 resolver=4 facet=2 tool=15 decisionTool=11 mapId=Map1 bindAddress=127.0.0.1 mcpPort=45397 decisionAgentMcpPort=44893 guiPort=44741 approvalPort=45937
19:17:04.681 INFO  io.mosire.simos.core.command.CommandBus - 命令被拒: type=core.Nope commandId=79cdbb6b-016d-4bdf-bc47-b4140deb7beb correlationId=79cdbb6b-016d-4bdf-bc47-b4140deb7beb 原因=未注册的命令类型: core.Nope
19:17:04.683 INFO  io.mosire.agentlib.approval.ApprovalHttpEndpoint - 审批 HTTP 面已停止（端口 45937）
19:17:04.683 INFO  io.mosire.agentlib.approval.HttpApprovalChannel - HTTP 审批通道已关闭
19:17:04.734 INFO  io.mosire.agentlib.mcp.AgentToMcpServer - MCP streamable server 已启动: name=simos-shell version=0.1.0-SNAPSHOT 外发工具 15 个 [sd.IssueDirective, sd.SetViewScope, sd.SubmitVerdict, simos.advance, simos.command.catalog, simos.command.submit, simos.fork, simos.map.hex, simos.map.overview, simos.social.population, simos.state.facets, simos.state.resolve, simos.timeline.branches, simos.unit.get, simos.unit.list]；Registry 共 15 个，未外发 0 个 []
19:17:04.744 INFO  io.mosire.agentlib.mcp.AgentToMcpServer - MCP streamable server 已启动: name=simos-shell-decision version=0.1.0-SNAPSHOT 外发工具 11 个 [sd.IssueDirective, sd.SubmitVerdict, simos.command.catalog, simos.map.hex, simos.map.overview, simos.social.population, simos.state.facets, simos.state.resolve, simos.timeline.branches, simos.unit.get, simos.unit.list]；Registry 共 11 个，未外发 0 个 []
19:17:04.754 INFO  io.mosire.simos.app.gui.GuiServer - GUI 服务器已启动: http://127.0.0.1:45389/（静态 /webui，同源，无 CORS 头）
19:17:04.754 INFO  io.mosire.simos.app.Shell - Shell 装配完成: store=/tmp/junit-7248433261479164171 checkpointInterval=100 codec=4 handler=41 participant=2 resolver=4 facet=2 tool=15 decisionTool=11 mapId=Map1 bindAddress=127.0.0.1 mcpPort=45963 decisionAgentMcpPort=45721 guiPort=45389 approvalPort=45009
19:17:04.761 INFO  io.mosire.simos.core.command.CommandBus - 命令冲突: type=unit.RenameUnit commandId=06d22e63-a9ea-4c44-9969-c43d4304b5fc correlationId=06d22e63-a9ea-4c44-9969-c43d4304b5fc 真实head=main@1
19:17:04.763 INFO  io.mosire.agentlib.approval.ApprovalHttpEndpoint - 审批 HTTP 面已停止（端口 45009）
19:17:04.764 INFO  io.mosire.agentlib.approval.HttpApprovalChannel - HTTP 审批通道已关闭
19:17:04.819 INFO  io.mosire.agentlib.mcp.AgentToMcpServer - MCP streamable server 已启动: name=simos-shell version=0.1.0-SNAPSHOT 外发工具 15 个 [sd.IssueDirective, sd.SetViewScope, sd.SubmitVerdict, simos.advance, simos.command.catalog, simos.command.submit, simos.fork, simos.map.hex, simos.map.overview, simos.social.population, simos.state.facets, simos.state.resolve, simos.timeline.branches, simos.unit.get, simos.unit.list]；Registry 共 15 个，未外发 0 个 []
19:17:04.829 INFO  io.mosire.agentlib.mcp.AgentToMcpServer - MCP streamable server 已启动: name=simos-shell-decision version=0.1.0-SNAPSHOT 外发工具 11 个 [sd.IssueDirective, sd.SubmitVerdict, simos.command.catalog, simos.map.hex, simos.map.overview, simos.social.population, simos.state.facets, simos.state.resolve, simos.timeline.branches, simos.unit.get, simos.unit.list]；Registry 共 11 个，未外发 0 个 []
19:17:04.839 INFO  io.mosire.simos.app.gui.GuiServer - GUI 服务器已启动: http://127.0.0.1:46373/（静态 /webui，同源，无 CORS 头）
19:17:04.839 INFO  io.mosire.simos.app.Shell - Shell 装配完成: store=/tmp/junit-17357299568082758624 checkpointInterval=100 codec=4 handler=41 participant=2 resolver=4 facet=2 tool=15 decisionTool=11 mapId=Map1 bindAddress=127.0.0.1 mcpPort=46387 decisionAgentMcpPort=45053 guiPort=46373 approvalPort=46055
19:17:04.845 INFO  io.mosire.agentlib.approval.ApprovalHttpEndpoint - 审批 HTTP 面已停止（端口 46055）
19:17:04.845 INFO  io.mosire.agentlib.approval.HttpApprovalChannel - HTTP 审批通道已关闭
19:17:04.890 INFO  io.mosire.agentlib.mcp.AgentToMcpServer - MCP streamable server 已启动: name=simos-shell version=0.1.0-SNAPSHOT 外发工具 15 个 [sd.IssueDirective, sd.SetViewScope, sd.SubmitVerdict, simos.advance, simos.command.catalog, simos.command.submit, simos.fork, simos.map.hex, simos.map.overview, simos.social.population, simos.state.facets, simos.state.resolve, simos.timeline.branches, simos.unit.get, simos.unit.list]；Registry 共 15 个，未外发 0 个 []
19:17:04.901 INFO  io.mosire.agentlib.mcp.AgentToMcpServer - MCP streamable server 已启动: name=simos-shell-decision version=0.1.0-SNAPSHOT 外发工具 11 个 [sd.IssueDirective, sd.SubmitVerdict, simos.command.catalog, simos.map.hex, simos.map.overview, simos.social.population, simos.state.facets, simos.state.resolve, simos.timeline.branches, simos.unit.get, simos.unit.list]；Registry 共 11 个，未外发 0 个 []
19:17:04.912 INFO  io.mosire.simos.app.gui.GuiServer - GUI 服务器已启动: http://127.0.0.1:45251/（静态 /webui，同源，无 CORS 头）
19:17:04.912 INFO  io.mosire.simos.app.Shell - Shell 装配完成: store=/tmp/junit-18380923973107695959 checkpointInterval=100 codec=4 handler=41 participant=2 resolver=4 facet=2 tool=15 decisionTool=11 mapId=Map1 bindAddress=127.0.0.1 mcpPort=45939 decisionAgentMcpPort=44829 guiPort=45251 approvalPort=45259
19:17:04.914 INFO  io.mosire.agentlib.approval.ApprovalHttpEndpoint - 审批 HTTP 面已停止（端口 45259）
19:17:04.914 INFO  io.mosire.agentlib.approval.HttpApprovalChannel - HTTP 审批通道已关闭
19:17:04.963 INFO  io.mosire.agentlib.mcp.AgentToMcpServer - MCP streamable server 已启动: name=simos-shell version=0.1.0-SNAPSHOT 外发工具 15 个 [sd.IssueDirective, sd.SetViewScope, sd.SubmitVerdict, simos.advance, simos.command.catalog, simos.command.submit, simos.fork, simos.map.hex, simos.map.overview, simos.social.population, simos.state.facets, simos.state.resolve, simos.timeline.branches, simos.unit.get, simos.unit.list]；Registry 共 15 个，未外发 0 个 []
19:17:04.973 INFO  io.mosire.agentlib.mcp.AgentToMcpServer - MCP streamable server 已启动: name=simos-shell-decision version=0.1.0-SNAPSHOT 外发工具 11 个 [sd.IssueDirective, sd.SubmitVerdict, simos.command.catalog, simos.map.hex, simos.map.overview, simos.social.population, simos.state.facets, simos.state.resolve, simos.timeline.branches, simos.unit.get, simos.unit.list]；Registry 共 11 个，未外发 0 个 []
19:17:04.983 INFO  io.mosire.simos.app.gui.GuiServer - GUI 服务器已启动: http://127.0.0.1:46293/（静态 /webui，同源，无 CORS 头）
19:17:04.983 INFO  io.mosire.simos.app.Shell - Shell 装配完成: store=/tmp/junit-16825392820236297410 checkpointInterval=100 codec=4 handler=41 participant=2 resolver=4 facet=2 tool=15 decisionTool=11 mapId=Map1 bindAddress=127.0.0.1 mcpPort=46109 decisionAgentMcpPort=46345 guiPort=46293 approvalPort=45923
19:17:04.985 INFO  io.mosire.agentlib.approval.ApprovalHttpEndpoint - 审批 HTTP 面已停止（端口 45923）
19:17:04.985 INFO  io.mosire.agentlib.approval.HttpApprovalChannel - HTTP 审批通道已关闭
19:17:05.033 INFO  io.mosire.agentlib.mcp.AgentToMcpServer - MCP streamable server 已启动: name=simos-shell version=0.1.0-SNAPSHOT 外发工具 15 个 [sd.IssueDirective, sd.SetViewScope, sd.SubmitVerdict, simos.advance, simos.command.catalog, simos.command.submit, simos.fork, simos.map.hex, simos.map.overview, simos.social.population, simos.state.facets, simos.state.resolve, simos.timeline.branches, simos.unit.get, simos.unit.list]；Registry 共 15 个，未外发 0 个 []
19:17:05.043 INFO  io.mosire.agentlib.mcp.AgentToMcpServer - MCP streamable server 已启动: name=simos-shell-decision version=0.1.0-SNAPSHOT 外发工具 11 个 [sd.IssueDirective, sd.SubmitVerdict, simos.command.catalog, simos.map.hex, simos.map.overview, simos.social.population, simos.state.facets, simos.state.resolve, simos.timeline.branches, simos.unit.get, simos.unit.list]；Registry 共 11 个，未外发 0 个 []
19:17:05.054 INFO  io.mosire.simos.app.gui.GuiServer - GUI 服务器已启动: http://127.0.0.1:45921/（静态 /webui，同源，无 CORS 头）
19:17:05.054 INFO  io.mosire.simos.app.Shell - Shell 装配完成: store=/tmp/junit-10493926778773509881 checkpointInterval=100 codec=4 handler=41 participant=2 resolver=4 facet=2 tool=15 decisionTool=11 mapId=Map1 bindAddress=127.0.0.1 mcpPort=45075 decisionAgentMcpPort=45349 guiPort=45921 approvalPort=45903
19:17:05.055 INFO  io.mosire.agentlib.approval.ApprovalHttpEndpoint - 审批 HTTP 面已停止（端口 45903）
19:17:05.055 INFO  io.mosire.agentlib.approval.HttpApprovalChannel - HTTP 审批通道已关闭
19:17:05.102 INFO  io.mosire.agentlib.mcp.AgentToMcpServer - MCP streamable server 已启动: name=simos-shell version=0.1.0-SNAPSHOT 外发工具 15 个 [sd.IssueDirective, sd.SetViewScope, sd.SubmitVerdict, simos.advance, simos.command.catalog, simos.command.submit, simos.fork, simos.map.hex, simos.map.overview, simos.social.population, simos.state.facets, simos.state.resolve, simos.timeline.branches, simos.unit.get, simos.unit.list]；Registry 共 15 个，未外发 0 个 []
19:17:05.112 INFO  io.mosire.agentlib.mcp.AgentToMcpServer - MCP streamable server 已启动: name=simos-shell-decision version=0.1.0-SNAPSHOT 外发工具 11 个 [sd.IssueDirective, sd.SubmitVerdict, simos.command.catalog, simos.map.hex, simos.map.overview, simos.social.population, simos.state.facets, simos.state.resolve, simos.timeline.branches, simos.unit.get, simos.unit.list]；Registry 共 11 个，未外发 0 个 []
19:17:05.123 INFO  io.mosire.simos.app.gui.GuiServer - GUI 服务器已启动: http://127.0.0.1:46179/（静态 /webui，同源，无 CORS 头）
19:17:05.123 INFO  io.mosire.simos.app.Shell - Shell 装配完成: store=/tmp/junit-5205531328264970862 checkpointInterval=100 codec=4 handler=41 participant=2 resolver=4 facet=2 tool=15 decisionTool=11 mapId=Map1 bindAddress=127.0.0.1 mcpPort=44999 decisionAgentMcpPort=44857 guiPort=46179 approvalPort=45505
19:17:05.133 INFO  io.mosire.simos.core.command.CommandBus - 命令提交: type=unit.PlanRoute commandId=62500be0-b654-487f-bf3c-fd42beb2fab9 correlationId=62500be0-b654-487f-bf3c-fd42beb2fab9 新坐标=main@2
19:17:05.136 INFO  io.mosire.agentlib.approval.ApprovalHttpEndpoint - 审批 HTTP 面已停止（端口 45505）
19:17:05.136 INFO  io.mosire.agentlib.approval.HttpApprovalChannel - HTTP 审批通道已关闭
19:17:05.172 INFO  io.mosire.agentlib.mcp.AgentToMcpServer - MCP streamable server 已启动: name=simos-shell version=0.1.0-SNAPSHOT 外发工具 15 个 [sd.IssueDirective, sd.SetViewScope, sd.SubmitVerdict, simos.advance, simos.command.catalog, simos.command.submit, simos.fork, simos.map.hex, simos.map.overview, simos.social.population, simos.state.facets, simos.state.resolve, simos.timeline.branches, simos.unit.get, simos.unit.list]；Registry 共 15 个，未外发 0 个 []
19:17:05.182 INFO  io.mosire.agentlib.mcp.AgentToMcpServer - MCP streamable server 已启动: name=simos-shell-decision version=0.1.0-SNAPSHOT 外发工具 11 个 [sd.IssueDirective, sd.SubmitVerdict, simos.command.catalog, simos.map.hex, simos.map.overview, simos.social.population, simos.state.facets, simos.state.resolve, simos.timeline.branches, simos.unit.get, simos.unit.list]；Registry 共 11 个，未外发 0 个 []
19:17:05.192 INFO  io.mosire.simos.app.gui.GuiServer - GUI 服务器已启动: http://127.0.0.1:45003/（静态 /webui，同源，无 CORS 头）
19:17:05.192 INFO  io.mosire.simos.app.Shell - Shell 装配完成: store=/tmp/junit-4858665279756278763 checkpointInterval=100 codec=4 handler=41 participant=2 resolver=4 facet=2 tool=15 decisionTool=11 mapId=Map1 bindAddress=127.0.0.1 mcpPort=44629 decisionAgentMcpPort=45415 guiPort=45003 approvalPort=46265
19:17:05.198 INFO  io.mosire.agentlib.approval.ApprovalHttpEndpoint - 审批 HTTP 面已停止（端口 46265）
19:17:05.198 INFO  io.mosire.agentlib.approval.HttpApprovalChannel - HTTP 审批通道已关闭
19:17:05.248 INFO  io.mosire.agentlib.mcp.AgentToMcpServer - MCP streamable server 已启动: name=simos-shell version=0.1.0-SNAPSHOT 外发工具 15 个 [sd.IssueDirective, sd.SetViewScope, sd.SubmitVerdict, simos.advance, simos.command.catalog, simos.command.submit, simos.fork, simos.map.hex, simos.map.overview, simos.social.population, simos.state.facets, simos.state.resolve, simos.timeline.branches, simos.unit.get, simos.unit.list]；Registry 共 15 个，未外发 0 个 []
19:17:05.258 INFO  io.mosire.agentlib.mcp.AgentToMcpServer - MCP streamable server 已启动: name=simos-shell-decision version=0.1.0-SNAPSHOT 外发工具 11 个 [sd.IssueDirective, sd.SubmitVerdict, simos.command.catalog, simos.map.hex, simos.map.overview, simos.social.population, simos.state.facets, simos.state.resolve, simos.timeline.branches, simos.unit.get, simos.unit.list]；Registry 共 11 个，未外发 0 个 []
19:17:05.267 INFO  io.mosire.simos.app.gui.GuiServer - GUI 服务器已启动: http://127.0.0.1:46501/（静态 /webui，同源，无 CORS 头）
19:17:05.268 INFO  io.mosire.simos.app.Shell - Shell 装配完成: store=/tmp/junit-3805622782039003823 checkpointInterval=100 codec=4 handler=41 participant=2 resolver=4 facet=2 tool=15 decisionTool=11 mapId=Map1 bindAddress=127.0.0.1 mcpPort=46183 decisionAgentMcpPort=45621 guiPort=46501 approvalPort=45899
19:17:05.269 INFO  io.mosire.agentlib.approval.ApprovalHttpEndpoint - 审批 HTTP 面已停止（端口 45899）
19:17:05.269 INFO  io.mosire.agentlib.approval.HttpApprovalChannel - HTTP 审批通道已关闭
19:17:05.321 INFO  io.mosire.agentlib.mcp.AgentToMcpServer - MCP streamable server 已启动: name=simos-shell version=0.1.0-SNAPSHOT 外发工具 15 个 [sd.IssueDirective, sd.SetViewScope, sd.SubmitVerdict, simos.advance, simos.command.catalog, simos.command.submit, simos.fork, simos.map.hex, simos.map.overview, simos.social.population, simos.state.facets, simos.state.resolve, simos.timeline.branches, simos.unit.get, simos.unit.list]；Registry 共 15 个，未外发 0 个 []
19:17:05.331 INFO  io.mosire.agentlib.mcp.AgentToMcpServer - MCP streamable server 已启动: name=simos-shell-decision version=0.1.0-SNAPSHOT 外发工具 11 个 [sd.IssueDirective, sd.SubmitVerdict, simos.command.catalog, simos.map.hex, simos.map.overview, simos.social.population, simos.state.facets, simos.state.resolve, simos.timeline.branches, simos.unit.get, simos.unit.list]；Registry 共 11 个，未外发 0 个 []
19:17:05.341 INFO  io.mosire.simos.app.gui.GuiServer - GUI 服务器已启动: http://127.0.0.1:45577/（静态 /webui，同源，无 CORS 头）
19:17:05.341 INFO  io.mosire.simos.app.Shell - Shell 装配完成: store=/tmp/junit-6444382977681942890 checkpointInterval=100 codec=4 handler=41 participant=2 resolver=4 facet=2 tool=15 decisionTool=11 mapId=Map1 bindAddress=127.0.0.1 mcpPort=45857 decisionAgentMcpPort=46271 guiPort=45577 approvalPort=45267
19:17:05.350 INFO  io.mosire.simos.core.advance.TimeAdvance - 命令提交: type=core.AdvanceTime commandId=2689e516-be89-4aa7-b601-8a5924f2348d correlationId=2689e516-be89-4aa7-b601-8a5924f2348d 新坐标=main@2
19:17:05.355 INFO  io.mosire.agentlib.approval.ApprovalHttpEndpoint - 审批 HTTP 面已停止（端口 45267）
19:17:05.355 INFO  io.mosire.agentlib.approval.HttpApprovalChannel - HTTP 审批通道已关闭
19:17:05.399 INFO  io.mosire.agentlib.mcp.AgentToMcpServer - MCP streamable server 已启动: name=simos-shell version=0.1.0-SNAPSHOT 外发工具 15 个 [sd.IssueDirective, sd.SetViewScope, sd.SubmitVerdict, simos.advance, simos.command.catalog, simos.command.submit, simos.fork, simos.map.hex, simos.map.overview, simos.social.population, simos.state.facets, simos.state.resolve, simos.timeline.branches, simos.unit.get, simos.unit.list]；Registry 共 15 个，未外发 0 个 []
19:17:05.408 INFO  io.mosire.agentlib.mcp.AgentToMcpServer - MCP streamable server 已启动: name=simos-shell-decision version=0.1.0-SNAPSHOT 外发工具 11 个 [sd.IssueDirective, sd.SubmitVerdict, simos.command.catalog, simos.map.hex, simos.map.overview, simos.social.population, simos.state.facets, simos.state.resolve, simos.timeline.branches, simos.unit.get, simos.unit.list]；Registry 共 11 个，未外发 0 个 []
19:17:05.418 INFO  io.mosire.simos.app.gui.GuiServer - GUI 服务器已启动: http://127.0.0.1:46299/（静态 /webui，同源，无 CORS 头）
19:17:05.418 INFO  io.mosire.simos.app.Shell - Shell 装配完成: store=/tmp/junit-8046191088624000274 checkpointInterval=100 codec=4 handler=41 participant=2 resolver=4 facet=2 tool=15 decisionTool=11 mapId=Map1 bindAddress=127.0.0.1 mcpPort=45933 decisionAgentMcpPort=46233 guiPort=46299 approvalPort=45865
19:17:05.420 INFO  io.mosire.agentlib.approval.ApprovalHttpEndpoint - 审批 HTTP 面已停止（端口 45865）
19:17:05.420 INFO  io.mosire.agentlib.approval.HttpApprovalChannel - HTTP 审批通道已关闭
19:17:05.462 INFO  io.mosire.agentlib.mcp.AgentToMcpServer - MCP streamable server 已启动: name=simos-shell version=0.1.0-SNAPSHOT 外发工具 15 个 [sd.IssueDirective, sd.SetViewScope, sd.SubmitVerdict, simos.advance, simos.command.catalog, simos.command.submit, simos.fork, simos.map.hex, simos.map.overview, simos.social.population, simos.state.facets, simos.state.resolve, simos.timeline.branches, simos.unit.get, simos.unit.list]；Registry 共 15 个，未外发 0 个 []
19:17:05.472 INFO  io.mosire.agentlib.mcp.AgentToMcpServer - MCP streamable server 已启动: name=simos-shell-decision version=0.1.0-SNAPSHOT 外发工具 11 个 [sd.IssueDirective, sd.SubmitVerdict, simos.command.catalog, simos.map.hex, simos.map.overview, simos.social.population, simos.state.facets, simos.state.resolve, simos.timeline.branches, simos.unit.get, simos.unit.list]；Registry 共 11 个，未外发 0 个 []
19:17:05.482 INFO  io.mosire.simos.app.gui.GuiServer - GUI 服务器已启动: http://127.0.0.1:45243/（静态 /webui，同源，无 CORS 头）
19:17:05.483 INFO  io.mosire.simos.app.Shell - Shell 装配完成: store=/tmp/junit-7100233679166057490 checkpointInterval=100 codec=4 handler=41 participant=2 resolver=4 facet=2 tool=15 decisionTool=11 mapId=Map1 bindAddress=127.0.0.1 mcpPort=45227 decisionAgentMcpPort=45277 guiPort=45243 approvalPort=45877
19:17:05.491 INFO  io.mosire.simos.core.command.CommandBus - 命令提交: type=unit.RenameUnit commandId=51b3fb20-47cb-4b0f-a596-1feac7200523 correlationId=51b3fb20-47cb-4b0f-a596-1feac7200523 新坐标=main@2
19:17:05.499 INFO  io.mosire.agentlib.approval.ApprovalHttpEndpoint - 审批 HTTP 面已停止（端口 45877）
19:17:05.500 INFO  io.mosire.agentlib.approval.HttpApprovalChannel - HTTP 审批通道已关闭
19:17:05.554 INFO  io.mosire.agentlib.mcp.AgentToMcpServer - MCP streamable server 已启动: name=simos-shell version=0.1.0-SNAPSHOT 外发工具 15 个 [sd.IssueDirective, sd.SetViewScope, sd.SubmitVerdict, simos.advance, simos.command.catalog, simos.command.submit, simos.fork, simos.map.hex, simos.map.overview, simos.social.population, simos.state.facets, simos.state.resolve, simos.timeline.branches, simos.unit.get, simos.unit.list]；Registry 共 15 个，未外发 0 个 []
19:17:05.564 INFO  io.mosire.agentlib.mcp.AgentToMcpServer - MCP streamable server 已启动: name=simos-shell-decision version=0.1.0-SNAPSHOT 外发工具 11 个 [sd.IssueDirective, sd.SubmitVerdict, simos.command.catalog, simos.map.hex, simos.map.overview, simos.social.population, simos.state.facets, simos.state.resolve, simos.timeline.branches, simos.unit.get, simos.unit.list]；Registry 共 11 个，未外发 0 个 []
19:17:05.574 INFO  io.mosire.simos.app.gui.GuiServer - GUI 服务器已启动: http://127.0.0.1:46373/（静态 /webui，同源，无 CORS 头）
19:17:05.574 INFO  io.mosire.simos.app.Shell - Shell 装配完成: store=/tmp/junit-5013123532580037669 checkpointInterval=100 codec=4 handler=41 participant=2 resolver=4 facet=2 tool=15 decisionTool=11 mapId=Map1 bindAddress=127.0.0.1 mcpPort=46331 decisionAgentMcpPort=44635 guiPort=46373 approvalPort=46055
19:17:05.577 INFO  io.mosire.agentlib.approval.ApprovalHttpEndpoint - 审批 HTTP 面已停止（端口 46055）
19:17:05.577 INFO  io.mosire.agentlib.approval.HttpApprovalChannel - HTTP 审批通道已关闭
19:17:05.623 INFO  io.mosire.agentlib.mcp.AgentToMcpServer - MCP streamable server 已启动: name=simos-shell version=0.1.0-SNAPSHOT 外发工具 15 个 [sd.IssueDirective, sd.SetViewScope, sd.SubmitVerdict, simos.advance, simos.command.catalog, simos.command.submit, simos.fork, simos.map.hex, simos.map.overview, simos.social.population, simos.state.facets, simos.state.resolve, simos.timeline.branches, simos.unit.get, simos.unit.list]；Registry 共 15 个，未外发 0 个 []
19:17:05.634 INFO  io.mosire.agentlib.mcp.AgentToMcpServer - MCP streamable server 已启动: name=simos-shell-decision version=0.1.0-SNAPSHOT 外发工具 11 个 [sd.IssueDirective, sd.SubmitVerdict, simos.command.catalog, simos.map.hex, simos.map.overview, simos.social.population, simos.state.facets, simos.state.resolve, simos.timeline.branches, simos.unit.get, simos.unit.list]；Registry 共 11 个，未外发 0 个 []
19:17:05.644 INFO  io.mosire.simos.app.gui.GuiServer - GUI 服务器已启动: http://127.0.0.1:46399/（静态 /webui，同源，无 CORS 头）
19:17:05.644 INFO  io.mosire.simos.app.Shell - Shell 装配完成: store=/tmp/junit-12848090335290220490 checkpointInterval=100 codec=4 handler=41 participant=2 resolver=4 facet=2 tool=15 decisionTool=11 mapId=Map1 bindAddress=127.0.0.1 mcpPort=45241 decisionAgentMcpPort=44957 guiPort=46399 approvalPort=45075
19:17:05.645 INFO  io.mosire.agentlib.approval.ApprovalHttpEndpoint - 审批 HTTP 面已停止（端口 45075）
19:17:05.645 INFO  io.mosire.agentlib.approval.HttpApprovalChannel - HTTP 审批通道已关闭
19:17:05.684 INFO  io.mosire.agentlib.mcp.AgentToMcpServer - MCP streamable server 已启动: name=simos-shell version=0.1.0-SNAPSHOT 外发工具 15 个 [sd.IssueDirective, sd.SetViewScope, sd.SubmitVerdict, simos.advance, simos.command.catalog, simos.command.submit, simos.fork, simos.map.hex, simos.map.overview, simos.social.population, simos.state.facets, simos.state.resolve, simos.timeline.branches, simos.unit.get, simos.unit.list]；Registry 共 15 个，未外发 0 个 []
19:17:05.695 INFO  io.mosire.agentlib.mcp.AgentToMcpServer - MCP streamable server 已启动: name=simos-shell-decision version=0.1.0-SNAPSHOT 外发工具 11 个 [sd.IssueDirective, sd.SubmitVerdict, simos.command.catalog, simos.map.hex, simos.map.overview, simos.social.population, simos.state.facets, simos.state.resolve, simos.timeline.branches, simos.unit.get, simos.unit.list]；Registry 共 11 个，未外发 0 个 []
19:17:05.705 INFO  io.mosire.simos.app.gui.GuiServer - GUI 服务器已启动: http://127.0.0.1:45847/（静态 /webui，同源，无 CORS 头）
19:17:05.705 INFO  io.mosire.simos.app.Shell - Shell 装配完成: store=/tmp/junit-6583758985149336292 checkpointInterval=100 codec=4 handler=41 participant=2 resolver=4 facet=2 tool=15 decisionTool=11 mapId=Map1 bindAddress=127.0.0.1 mcpPort=44755 decisionAgentMcpPort=45853 guiPort=45847 approvalPort=46461
19:17:05.710 INFO  io.mosire.agentlib.approval.ApprovalHttpEndpoint - 审批 HTTP 面已停止（端口 46461）
19:17:05.710 INFO  io.mosire.agentlib.approval.HttpApprovalChannel - HTTP 审批通道已关闭
[INFO] Tests run: 15, Failures: 0, Errors: 0, Skipped: 0, Time elapsed: 1.096 s -- in io.mosire.simos.app.tools.SimosToolsTest
[INFO] Running io.mosire.simos.app.UnitExtensionEndToEndTest
19:17:05.767 INFO  io.mosire.agentlib.mcp.AgentToMcpServer - MCP streamable server 已启动: name=simos-shell version=0.1.0-SNAPSHOT 外发工具 15 个 [sd.IssueDirective, sd.SetViewScope, sd.SubmitVerdict, simos.advance, simos.command.catalog, simos.command.submit, simos.fork, simos.map.hex, simos.map.overview, simos.social.population, simos.state.facets, simos.state.resolve, simos.timeline.branches, simos.unit.get, simos.unit.list]；Registry 共 15 个，未外发 0 个 []
19:17:05.778 INFO  io.mosire.agentlib.mcp.AgentToMcpServer - MCP streamable server 已启动: name=simos-shell-decision version=0.1.0-SNAPSHOT 外发工具 11 个 [sd.IssueDirective, sd.SubmitVerdict, simos.command.catalog, simos.map.hex, simos.map.overview, simos.social.population, simos.state.facets, simos.state.resolve, simos.timeline.branches, simos.unit.get, simos.unit.list]；Registry 共 11 个，未外发 0 个 []
19:17:05.788 INFO  io.mosire.simos.app.gui.GuiServer - GUI 服务器已启动: http://127.0.0.1:46331/（静态 /webui，同源，无 CORS 头）
19:17:05.788 INFO  io.mosire.simos.app.Shell - Shell 装配完成: store=/tmp/junit-16591188953122335821 checkpointInterval=100 codec=4 handler=41 participant=2 resolver=4 facet=2 tool=15 decisionTool=11 mapId=Map1 bindAddress=127.0.0.1 mcpPort=44621 decisionAgentMcpPort=45483 guiPort=46331 approvalPort=45583
19:17:05.798 INFO  io.mosire.simos.core.command.CommandBus - 命令提交: type=unit.ApplyCasualties commandId=cmd-unit.ApplyCasualties-1 correlationId=corr-unit.ApplyCasualties-1 新坐标=main@2
19:17:05.804 INFO  io.mosire.agentlib.approval.ApprovalHttpEndpoint - 审批 HTTP 面已停止（端口 45583）
19:17:05.804 INFO  io.mosire.agentlib.approval.HttpApprovalChannel - HTTP 审批通道已关闭
19:17:05.858 INFO  io.mosire.agentlib.mcp.AgentToMcpServer - MCP streamable server 已启动: name=simos-shell version=0.1.0-SNAPSHOT 外发工具 15 个 [sd.IssueDirective, sd.SetViewScope, sd.SubmitVerdict, simos.advance, simos.command.catalog, simos.command.submit, simos.fork, simos.map.hex, simos.map.overview, simos.social.population, simos.state.facets, simos.state.resolve, simos.timeline.branches, simos.unit.get, simos.unit.list]；Registry 共 15 个，未外发 0 个 []
19:17:05.868 INFO  io.mosire.agentlib.mcp.AgentToMcpServer - MCP streamable server 已启动: name=simos-shell-decision version=0.1.0-SNAPSHOT 外发工具 11 个 [sd.IssueDirective, sd.SubmitVerdict, simos.command.catalog, simos.map.hex, simos.map.overview, simos.social.population, simos.state.facets, simos.state.resolve, simos.timeline.branches, simos.unit.get, simos.unit.list]；Registry 共 11 个，未外发 0 个 []
19:17:05.878 INFO  io.mosire.simos.app.gui.GuiServer - GUI 服务器已启动: http://127.0.0.1:45955/（静态 /webui，同源，无 CORS 头）
19:17:05.878 INFO  io.mosire.simos.app.Shell - Shell 装配完成: store=/tmp/junit-12513417425393906656 checkpointInterval=100 codec=4 handler=41 participant=2 resolver=4 facet=2 tool=15 decisionTool=11 mapId=Map1 bindAddress=127.0.0.1 mcpPort=46627 decisionAgentMcpPort=45775 guiPort=45955 approvalPort=46579
19:17:05.888 INFO  io.mosire.simos.core.command.CommandBus - 命令提交: type=unit.ReparentSubtree commandId=cmd-unit.ReparentSubtree-1 correlationId=corr-unit.ReparentSubtree-1 新坐标=main@2
19:17:05.890 INFO  io.mosire.agentlib.approval.ApprovalHttpEndpoint - 审批 HTTP 面已停止（端口 46579）
19:17:05.890 INFO  io.mosire.agentlib.approval.HttpApprovalChannel - HTTP 审批通道已关闭
19:17:05.939 INFO  io.mosire.agentlib.mcp.AgentToMcpServer - MCP streamable server 已启动: name=simos-shell version=0.1.0-SNAPSHOT 外发工具 15 个 [sd.IssueDirective, sd.SetViewScope, sd.SubmitVerdict, simos.advance, simos.command.catalog, simos.command.submit, simos.fork, simos.map.hex, simos.map.overview, simos.social.population, simos.state.facets, simos.state.resolve, simos.timeline.branches, simos.unit.get, simos.unit.list]；Registry 共 15 个，未外发 0 个 []
19:17:05.948 INFO  io.mosire.agentlib.mcp.AgentToMcpServer - MCP streamable server 已启动: name=simos-shell-decision version=0.1.0-SNAPSHOT 外发工具 11 个 [sd.IssueDirective, sd.SubmitVerdict, simos.command.catalog, simos.map.hex, simos.map.overview, simos.social.population, simos.state.facets, simos.state.resolve, simos.timeline.branches, simos.unit.get, simos.unit.list]；Registry 共 11 个，未外发 0 个 []
19:17:05.959 INFO  io.mosire.simos.app.gui.GuiServer - GUI 服务器已启动: http://127.0.0.1:45241/（静态 /webui，同源，无 CORS 头）
19:17:05.959 INFO  io.mosire.simos.app.Shell - Shell 装配完成: store=/tmp/junit-2270131558335042498 checkpointInterval=100 codec=4 handler=41 participant=2 resolver=4 facet=2 tool=15 decisionTool=11 mapId=Map1 bindAddress=127.0.0.1 mcpPort=45415 decisionAgentMcpPort=45709 guiPort=45241 approvalPort=45799
19:17:05.968 INFO  io.mosire.simos.core.command.CommandBus - 命令提交: type=unit.CreateCommandChain commandId=cmd-unit.CreateCommandChain-1 correlationId=corr-unit.CreateCommandChain-1 新坐标=main@2
19:17:05.973 INFO  io.mosire.simos.core.command.CommandBus - 命令提交: type=unit.CreateCommandChain commandId=cmd-unit.CreateCommandChain-2 correlationId=corr-unit.CreateCommandChain-2 新坐标=main@3
19:17:05.983 INFO  io.mosire.agentlib.approval.ApprovalHttpEndpoint - 审批 HTTP 面已停止（端口 45799）
19:17:05.983 INFO  io.mosire.agentlib.approval.HttpApprovalChannel - HTTP 审批通道已关闭
19:17:06.044 INFO  io.mosire.agentlib.mcp.AgentToMcpServer - MCP streamable server 已启动: name=simos-shell version=0.1.0-SNAPSHOT 外发工具 15 个 [sd.IssueDirective, sd.SetViewScope, sd.SubmitVerdict, simos.advance, simos.command.catalog, simos.command.submit, simos.fork, simos.map.hex, simos.map.overview, simos.social.population, simos.state.facets, simos.state.resolve, simos.timeline.branches, simos.unit.get, simos.unit.list]；Registry 共 15 个，未外发 0 个 []
19:17:06.054 INFO  io.mosire.agentlib.mcp.AgentToMcpServer - MCP streamable server 已启动: name=simos-shell-decision version=0.1.0-SNAPSHOT 外发工具 11 个 [sd.IssueDirective, sd.SubmitVerdict, simos.command.catalog, simos.map.hex, simos.map.overview, simos.social.population, simos.state.facets, simos.state.resolve, simos.timeline.branches, simos.unit.get, simos.unit.list]；Registry 共 11 个，未外发 0 个 []
19:17:06.064 INFO  io.mosire.simos.app.gui.GuiServer - GUI 服务器已启动: http://127.0.0.1:44915/（静态 /webui，同源，无 CORS 头）
19:17:06.064 INFO  io.mosire.simos.app.Shell - Shell 装配完成: store=/tmp/junit-7591990863425676967 checkpointInterval=100 codec=4 handler=41 participant=2 resolver=4 facet=2 tool=15 decisionTool=11 mapId=Map1 bindAddress=127.0.0.1 mcpPort=45877 decisionAgentMcpPort=46317 guiPort=44915 approvalPort=45907
19:17:06.080 INFO  io.mosire.simos.core.command.CommandBus - 命令提交: type=unit.SetRejoinTarget commandId=cmd-unit.SetRejoinTarget-1 correlationId=corr-unit.SetRejoinTarget-1 新坐标=main@2
19:17:06.087 INFO  io.mosire.simos.core.command.CommandBus - 命令提交: type=unit.PlaceAt commandId=cmd-unit.PlaceAt-2 correlationId=corr-unit.PlaceAt-2 新坐标=main@3
19:17:06.095 INFO  io.mosire.simos.core.advance.TimeAdvance - 命令提交: type=core.AdvanceTime commandId=cmd-advance correlationId=corr-advance 新坐标=main@4
19:17:06.098 INFO  io.mosire.agentlib.approval.ApprovalHttpEndpoint - 审批 HTTP 面已停止（端口 45907）
19:17:06.098 INFO  io.mosire.agentlib.approval.HttpApprovalChannel - HTTP 审批通道已关闭
19:17:06.150 INFO  io.mosire.agentlib.mcp.AgentToMcpServer - MCP streamable server 已启动: name=simos-shell version=0.1.0-SNAPSHOT 外发工具 15 个 [sd.IssueDirective, sd.SetViewScope, sd.SubmitVerdict, simos.advance, simos.command.catalog, simos.command.submit, simos.fork, simos.map.hex, simos.map.overview, simos.social.population, simos.state.facets, simos.state.resolve, simos.timeline.branches, simos.unit.get, simos.unit.list]；Registry 共 15 个，未外发 0 个 []
19:17:06.160 INFO  io.mosire.agentlib.mcp.AgentToMcpServer - MCP streamable server 已启动: name=simos-shell-decision version=0.1.0-SNAPSHOT 外发工具 11 个 [sd.IssueDirective, sd.SubmitVerdict, simos.command.catalog, simos.map.hex, simos.map.overview, simos.social.population, simos.state.facets, simos.state.resolve, simos.timeline.branches, simos.unit.get, simos.unit.list]；Registry 共 11 个，未外发 0 个 []
19:17:06.169 INFO  io.mosire.simos.app.gui.GuiServer - GUI 服务器已启动: http://127.0.0.1:46579/（静态 /webui，同源，无 CORS 头）
19:17:06.169 INFO  io.mosire.simos.app.Shell - Shell 装配完成: store=/tmp/junit-15440446252433842555 checkpointInterval=100 codec=4 handler=41 participant=2 resolver=4 facet=2 tool=15 decisionTool=11 mapId=Map1 bindAddress=127.0.0.1 mcpPort=45237 decisionAgentMcpPort=44685 guiPort=46579 approvalPort=46325
19:17:06.180 INFO  io.mosire.simos.core.command.CommandBus - 命令被拒: type=unit.MergeFormation commandId=cmd-unit.MergeFormation-1 correlationId=corr-unit.MergeFormation-1 原因=单位 u-2 在 SimosTimestamp[tick=7, calendarLabel=Optional.empty] 位于 1_2，与 u-1 的 1_1 不同格：只有同格才能合体
19:17:06.184 INFO  io.mosire.simos.core.command.CommandBus - 命令提交: type=unit.MergeFormation commandId=cmd-unit.MergeFormation-1 correlationId=corr-unit.MergeFormation-1 新坐标=main@2
19:17:06.186 INFO  io.mosire.agentlib.approval.ApprovalHttpEndpoint - 审批 HTTP 面已停止（端口 46325）
19:17:06.186 INFO  io.mosire.agentlib.approval.HttpApprovalChannel - HTTP 审批通道已关闭
19:17:06.227 INFO  io.mosire.agentlib.mcp.AgentToMcpServer - MCP streamable server 已启动: name=simos-shell version=0.1.0-SNAPSHOT 外发工具 15 个 [sd.IssueDirective, sd.SetViewScope, sd.SubmitVerdict, simos.advance, simos.command.catalog, simos.command.submit, simos.fork, simos.map.hex, simos.map.overview, simos.social.population, simos.state.facets, simos.state.resolve, simos.timeline.branches, simos.unit.get, simos.unit.list]；Registry 共 15 个，未外发 0 个 []
19:17:06.237 INFO  io.mosire.agentlib.mcp.AgentToMcpServer - MCP streamable server 已启动: name=simos-shell-decision version=0.1.0-SNAPSHOT 外发工具 11 个 [sd.IssueDirective, sd.SubmitVerdict, simos.command.catalog, simos.map.hex, simos.map.overview, simos.social.population, simos.state.facets, simos.state.resolve, simos.timeline.branches, simos.unit.get, simos.unit.list]；Registry 共 11 个，未外发 0 个 []
19:17:06.247 INFO  io.mosire.simos.app.gui.GuiServer - GUI 服务器已启动: http://127.0.0.1:45319/（静态 /webui，同源，无 CORS 头）
19:17:06.248 INFO  io.mosire.simos.app.Shell - Shell 装配完成: store=/tmp/junit-17674709797616295326 checkpointInterval=100 codec=4 handler=41 participant=2 resolver=4 facet=2 tool=15 decisionTool=11 mapId=Map1 bindAddress=127.0.0.1 mcpPort=45657 decisionAgentMcpPort=46301 guiPort=45319 approvalPort=44805
19:17:06.256 INFO  io.mosire.simos.core.command.CommandBus - 命令提交: type=unit.PlanSparseRoute commandId=cmd-unit.PlanSparseRoute-1 correlationId=corr-unit.PlanSparseRoute-1 新坐标=main@2
19:17:06.258 INFO  io.mosire.agentlib.approval.ApprovalHttpEndpoint - 审批 HTTP 面已停止（端口 44805）
19:17:06.258 INFO  io.mosire.agentlib.approval.HttpApprovalChannel - HTTP 审批通道已关闭
[INFO] Tests run: 6, Failures: 0, Errors: 0, Skipped: 0, Time elapsed: 0.550 s -- in io.mosire.simos.app.UnitExtensionEndToEndTest
[INFO] Running io.mosire.simos.app.query.RedactingQueryServiceTest
[INFO] Tests run: 9, Failures: 0, Errors: 0, Skipped: 0, Time elapsed: 0.291 s -- in io.mosire.simos.app.query.RedactingQueryServiceTest
[INFO] Running io.mosire.simos.app.query.QueryServiceTest
19:17:06.606 INFO  io.mosire.agentlib.mcp.AgentToMcpServer - MCP streamable server 已启动: name=simos-shell version=0.1.0-SNAPSHOT 外发工具 15 个 [sd.IssueDirective, sd.SetViewScope, sd.SubmitVerdict, simos.advance, simos.command.catalog, simos.command.submit, simos.fork, simos.map.hex, simos.map.overview, simos.social.population, simos.state.facets, simos.state.resolve, simos.timeline.branches, simos.unit.get, simos.unit.list]；Registry 共 15 个，未外发 0 个 []
19:17:06.616 INFO  io.mosire.agentlib.mcp.AgentToMcpServer - MCP streamable server 已启动: name=simos-shell-decision version=0.1.0-SNAPSHOT 外发工具 11 个 [sd.IssueDirective, sd.SubmitVerdict, simos.command.catalog, simos.map.hex, simos.map.overview, simos.social.population, simos.state.facets, simos.state.resolve, simos.timeline.branches, simos.unit.get, simos.unit.list]；Registry 共 11 个，未外发 0 个 []
19:17:06.626 INFO  io.mosire.simos.app.gui.GuiServer - GUI 服务器已启动: http://127.0.0.1:45531/（静态 /webui，同源，无 CORS 头）
19:17:06.626 INFO  io.mosire.simos.app.Shell - Shell 装配完成: store=/tmp/junit-10928088685267757168 checkpointInterval=100 codec=4 handler=41 participant=2 resolver=4 facet=2 tool=15 decisionTool=11 mapId=Map1 bindAddress=127.0.0.1 mcpPort=44795 decisionAgentMcpPort=44681 guiPort=45531 approvalPort=45879
19:17:06.630 INFO  io.mosire.agentlib.approval.ApprovalHttpEndpoint - 审批 HTTP 面已停止（端口 45879）
19:17:06.630 INFO  io.mosire.agentlib.approval.HttpApprovalChannel - HTTP 审批通道已关闭
19:17:06.681 INFO  io.mosire.agentlib.mcp.AgentToMcpServer - MCP streamable server 已启动: name=simos-shell version=0.1.0-SNAPSHOT 外发工具 15 个 [sd.IssueDirective, sd.SetViewScope, sd.SubmitVerdict, simos.advance, simos.command.catalog, simos.command.submit, simos.fork, simos.map.hex, simos.map.overview, simos.social.population, simos.state.facets, simos.state.resolve, simos.timeline.branches, simos.unit.get, simos.unit.list]；Registry 共 15 个，未外发 0 个 []
19:17:06.691 INFO  io.mosire.agentlib.mcp.AgentToMcpServer - MCP streamable server 已启动: name=simos-shell-decision version=0.1.0-SNAPSHOT 外发工具 11 个 [sd.IssueDirective, sd.SubmitVerdict, simos.command.catalog, simos.map.hex, simos.map.overview, simos.social.population, simos.state.facets, simos.state.resolve, simos.timeline.branches, simos.unit.get, simos.unit.list]；Registry 共 11 个，未外发 0 个 []
19:17:06.701 INFO  io.mosire.simos.app.gui.GuiServer - GUI 服务器已启动: http://127.0.0.1:45677/（静态 /webui，同源，无 CORS 头）
19:17:06.701 INFO  io.mosire.simos.app.Shell - Shell 装配完成: store=/tmp/junit-12501362720514207005 checkpointInterval=100 codec=4 handler=41 participant=2 resolver=4 facet=2 tool=15 decisionTool=11 mapId=Map1 bindAddress=127.0.0.1 mcpPort=44871 decisionAgentMcpPort=45647 guiPort=45677 approvalPort=46603
19:17:06.714 INFO  io.mosire.simos.core.command.CommandBus - 命令提交: type=unit.RenameUnit commandId=142fe1cc-3b21-4d1a-b8dc-bce5251a56b7 correlationId=142fe1cc-3b21-4d1a-b8dc-bce5251a56b7 新坐标=main@2
19:17:06.717 INFO  io.mosire.simos.core.command.CommandBus - 命令提交: type=unit.RenameUnit commandId=b6adc512-90c7-40f2-ab30-44b65600a010 correlationId=b6adc512-90c7-40f2-ab30-44b65600a010 新坐标=side@2
19:17:06.720 INFO  io.mosire.agentlib.approval.ApprovalHttpEndpoint - 审批 HTTP 面已停止（端口 46603）
19:17:06.721 INFO  io.mosire.agentlib.approval.HttpApprovalChannel - HTTP 审批通道已关闭
19:17:06.759 INFO  io.mosire.agentlib.mcp.AgentToMcpServer - MCP streamable server 已启动: name=simos-shell version=0.1.0-SNAPSHOT 外发工具 15 个 [sd.IssueDirective, sd.SetViewScope, sd.SubmitVerdict, simos.advance, simos.command.catalog, simos.command.submit, simos.fork, simos.map.hex, simos.map.overview, simos.social.population, simos.state.facets, simos.state.resolve, simos.timeline.branches, simos.unit.get, simos.unit.list]；Registry 共 15 个，未外发 0 个 []
19:17:06.770 INFO  io.mosire.agentlib.mcp.AgentToMcpServer - MCP streamable server 已启动: name=simos-shell-decision version=0.1.0-SNAPSHOT 外发工具 11 个 [sd.IssueDirective, sd.SubmitVerdict, simos.command.catalog, simos.map.hex, simos.map.overview, simos.social.population, simos.state.facets, simos.state.resolve, simos.timeline.branches, simos.unit.get, simos.unit.list]；Registry 共 11 个，未外发 0 个 []
19:17:06.780 INFO  io.mosire.simos.app.gui.GuiServer - GUI 服务器已启动: http://127.0.0.1:46033/（静态 /webui，同源，无 CORS 头）
19:17:06.780 INFO  io.mosire.simos.app.Shell - Shell 装配完成: store=/tmp/junit-15608156404867734938 checkpointInterval=100 codec=4 handler=41 participant=2 resolver=4 facet=2 tool=15 decisionTool=11 mapId=Map1 bindAddress=127.0.0.1 mcpPort=45581 decisionAgentMcpPort=44651 guiPort=46033 approvalPort=45709
19:17:06.791 INFO  io.mosire.simos.core.command.CommandBus - 命令提交: type=unit.RenameUnit commandId=3f47bac9-e918-41a3-adac-46348c0f7624 correlationId=3f47bac9-e918-41a3-adac-46348c0f7624 新坐标=main@2
19:17:06.794 INFO  io.mosire.agentlib.approval.ApprovalHttpEndpoint - 审批 HTTP 面已停止（端口 45709）
19:17:06.794 INFO  io.mosire.agentlib.approval.HttpApprovalChannel - HTTP 审批通道已关闭
19:17:06.853 INFO  io.mosire.agentlib.mcp.AgentToMcpServer - MCP streamable server 已启动: name=simos-shell version=0.1.0-SNAPSHOT 外发工具 15 个 [sd.IssueDirective, sd.SetViewScope, sd.SubmitVerdict, simos.advance, simos.command.catalog, simos.command.submit, simos.fork, simos.map.hex, simos.map.overview, simos.social.population, simos.state.facets, simos.state.resolve, simos.timeline.branches, simos.unit.get, simos.unit.list]；Registry 共 15 个，未外发 0 个 []
19:17:06.863 INFO  io.mosire.agentlib.mcp.AgentToMcpServer - MCP streamable server 已启动: name=simos-shell-decision version=0.1.0-SNAPSHOT 外发工具 11 个 [sd.IssueDirective, sd.SubmitVerdict, simos.command.catalog, simos.map.hex, simos.map.overview, simos.social.population, simos.state.facets, simos.state.resolve, simos.timeline.branches, simos.unit.get, simos.unit.list]；Registry 共 11 个，未外发 0 个 []
19:17:06.873 INFO  io.mosire.simos.app.gui.GuiServer - GUI 服务器已启动: http://127.0.0.1:46303/（静态 /webui，同源，无 CORS 头）
19:17:06.873 INFO  io.mosire.simos.app.Shell - Shell 装配完成: store=/tmp/junit-11588148577770270362 checkpointInterval=100 codec=4 handler=41 participant=2 resolver=4 facet=2 tool=15 decisionTool=11 mapId=Map1 bindAddress=127.0.0.1 mcpPort=45509 decisionAgentMcpPort=44657 guiPort=46303 approvalPort=44751
19:17:06.875 INFO  io.mosire.agentlib.approval.ApprovalHttpEndpoint - 审批 HTTP 面已停止（端口 44751）
19:17:06.875 INFO  io.mosire.agentlib.approval.HttpApprovalChannel - HTTP 审批通道已关闭
19:17:06.924 INFO  io.mosire.agentlib.mcp.AgentToMcpServer - MCP streamable server 已启动: name=simos-shell version=0.1.0-SNAPSHOT 外发工具 15 个 [sd.IssueDirective, sd.SetViewScope, sd.SubmitVerdict, simos.advance, simos.command.catalog, simos.command.submit, simos.fork, simos.map.hex, simos.map.overview, simos.social.population, simos.state.facets, simos.state.resolve, simos.timeline.branches, simos.unit.get, simos.unit.list]；Registry 共 15 个，未外发 0 个 []
19:17:06.931 INFO  io.mosire.agentlib.mcp.AgentToMcpServer - MCP streamable server 已启动: name=simos-shell-decision version=0.1.0-SNAPSHOT 外发工具 11 个 [sd.IssueDirective, sd.SubmitVerdict, simos.command.catalog, simos.map.hex, simos.map.overview, simos.social.population, simos.state.facets, simos.state.resolve, simos.timeline.branches, simos.unit.get, simos.unit.list]；Registry 共 11 个，未外发 0 个 []
19:17:06.942 INFO  io.mosire.simos.app.gui.GuiServer - GUI 服务器已启动: http://127.0.0.1:44947/（静态 /webui，同源，无 CORS 头）
19:17:06.942 INFO  io.mosire.simos.app.Shell - Shell 装配完成: store=/tmp/junit-12655028080449595031 checkpointInterval=100 codec=4 handler=41 participant=2 resolver=4 facet=2 tool=15 decisionTool=11 mapId=Map1 bindAddress=127.0.0.1 mcpPort=46565 decisionAgentMcpPort=45923 guiPort=44947 approvalPort=45911
19:17:06.943 INFO  io.mosire.agentlib.approval.ApprovalHttpEndpoint - 审批 HTTP 面已停止（端口 45911）
19:17:06.943 INFO  io.mosire.agentlib.approval.HttpApprovalChannel - HTTP 审批通道已关闭
19:17:06.984 INFO  io.mosire.agentlib.mcp.AgentToMcpServer - MCP streamable server 已启动: name=simos-shell version=0.1.0-SNAPSHOT 外发工具 15 个 [sd.IssueDirective, sd.SetViewScope, sd.SubmitVerdict, simos.advance, simos.command.catalog, simos.command.submit, simos.fork, simos.map.hex, simos.map.overview, simos.social.population, simos.state.facets, simos.state.resolve, simos.timeline.branches, simos.unit.get, simos.unit.list]；Registry 共 15 个，未外发 0 个 []
19:17:06.994 INFO  io.mosire.agentlib.mcp.AgentToMcpServer - MCP streamable server 已启动: name=simos-shell-decision version=0.1.0-SNAPSHOT 外发工具 11 个 [sd.IssueDirective, sd.SubmitVerdict, simos.command.catalog, simos.map.hex, simos.map.overview, simos.social.population, simos.state.facets, simos.state.resolve, simos.timeline.branches, simos.unit.get, simos.unit.list]；Registry 共 11 个，未外发 0 个 []
19:17:07.004 INFO  io.mosire.simos.app.gui.GuiServer - GUI 服务器已启动: http://127.0.0.1:46121/（静态 /webui，同源，无 CORS 头）
19:17:07.004 INFO  io.mosire.simos.app.Shell - Shell 装配完成: store=/tmp/junit-11695212545636211382 checkpointInterval=100 codec=4 handler=41 participant=2 resolver=4 facet=2 tool=15 decisionTool=11 mapId=Map1 bindAddress=127.0.0.1 mcpPort=45055 decisionAgentMcpPort=46489 guiPort=46121 approvalPort=45143
19:17:07.005 INFO  io.mosire.agentlib.approval.ApprovalHttpEndpoint - 审批 HTTP 面已停止（端口 45143）
19:17:07.005 INFO  io.mosire.agentlib.approval.HttpApprovalChannel - HTTP 审批通道已关闭
19:17:07.049 INFO  io.mosire.agentlib.mcp.AgentToMcpServer - MCP streamable server 已启动: name=simos-shell version=0.1.0-SNAPSHOT 外发工具 15 个 [sd.IssueDirective, sd.SetViewScope, sd.SubmitVerdict, simos.advance, simos.command.catalog, simos.command.submit, simos.fork, simos.map.hex, simos.map.overview, simos.social.population, simos.state.facets, simos.state.resolve, simos.timeline.branches, simos.unit.get, simos.unit.list]；Registry 共 15 个，未外发 0 个 []
19:17:07.059 INFO  io.mosire.agentlib.mcp.AgentToMcpServer - MCP streamable server 已启动: name=simos-shell-decision version=0.1.0-SNAPSHOT 外发工具 11 个 [sd.IssueDirective, sd.SubmitVerdict, simos.command.catalog, simos.map.hex, simos.map.overview, simos.social.population, simos.state.facets, simos.state.resolve, simos.timeline.branches, simos.unit.get, simos.unit.list]；Registry 共 11 个，未外发 0 个 []
19:17:07.070 INFO  io.mosire.simos.app.gui.GuiServer - GUI 服务器已启动: http://127.0.0.1:45807/（静态 /webui，同源，无 CORS 头）
19:17:07.070 INFO  io.mosire.simos.app.Shell - Shell 装配完成: store=/tmp/junit-8108811024916637004 checkpointInterval=100 codec=4 handler=41 participant=2 resolver=4 facet=2 tool=15 decisionTool=11 mapId=Map1 bindAddress=127.0.0.1 mcpPort=46591 decisionAgentMcpPort=46315 guiPort=45807 approvalPort=46483
19:17:07.072 INFO  io.mosire.agentlib.approval.ApprovalHttpEndpoint - 审批 HTTP 面已停止（端口 46483）
19:17:07.072 INFO  io.mosire.agentlib.approval.HttpApprovalChannel - HTTP 审批通道已关闭
19:17:07.126 INFO  io.mosire.agentlib.mcp.AgentToMcpServer - MCP streamable server 已启动: name=simos-shell version=0.1.0-SNAPSHOT 外发工具 15 个 [sd.IssueDirective, sd.SetViewScope, sd.SubmitVerdict, simos.advance, simos.command.catalog, simos.command.submit, simos.fork, simos.map.hex, simos.map.overview, simos.social.population, simos.state.facets, simos.state.resolve, simos.timeline.branches, simos.unit.get, simos.unit.list]；Registry 共 15 个，未外发 0 个 []
19:17:07.136 INFO  io.mosire.agentlib.mcp.AgentToMcpServer - MCP streamable server 已启动: name=simos-shell-decision version=0.1.0-SNAPSHOT 外发工具 11 个 [sd.IssueDirective, sd.SubmitVerdict, simos.command.catalog, simos.map.hex, simos.map.overview, simos.social.population, simos.state.facets, simos.state.resolve, simos.timeline.branches, simos.unit.get, simos.unit.list]；Registry 共 11 个，未外发 0 个 []
19:17:07.146 INFO  io.mosire.simos.app.gui.GuiServer - GUI 服务器已启动: http://127.0.0.1:46145/（静态 /webui，同源，无 CORS 头）
19:17:07.146 INFO  io.mosire.simos.app.Shell - Shell 装配完成: store=/tmp/junit-18046416902014773450 checkpointInterval=100 codec=4 handler=41 participant=2 resolver=4 facet=2 tool=15 decisionTool=11 mapId=Map1 bindAddress=127.0.0.1 mcpPort=45147 decisionAgentMcpPort=45775 guiPort=46145 approvalPort=46639
19:17:07.148 INFO  io.mosire.agentlib.approval.ApprovalHttpEndpoint - 审批 HTTP 面已停止（端口 46639）
19:17:07.148 INFO  io.mosire.agentlib.approval.HttpApprovalChannel - HTTP 审批通道已关闭
19:17:07.194 INFO  io.mosire.agentlib.mcp.AgentToMcpServer - MCP streamable server 已启动: name=simos-shell version=0.1.0-SNAPSHOT 外发工具 15 个 [sd.IssueDirective, sd.SetViewScope, sd.SubmitVerdict, simos.advance, simos.command.catalog, simos.command.submit, simos.fork, simos.map.hex, simos.map.overview, simos.social.population, simos.state.facets, simos.state.resolve, simos.timeline.branches, simos.unit.get, simos.unit.list]；Registry 共 15 个，未外发 0 个 []
19:17:07.204 INFO  io.mosire.agentlib.mcp.AgentToMcpServer - MCP streamable server 已启动: name=simos-shell-decision version=0.1.0-SNAPSHOT 外发工具 11 个 [sd.IssueDirective, sd.SubmitVerdict, simos.command.catalog, simos.map.hex, simos.map.overview, simos.social.population, simos.state.facets, simos.state.resolve, simos.timeline.branches, simos.unit.get, simos.unit.list]；Registry 共 11 个，未外发 0 个 []
19:17:07.214 INFO  io.mosire.simos.app.gui.GuiServer - GUI 服务器已启动: http://127.0.0.1:45633/（静态 /webui，同源，无 CORS 头）
19:17:07.214 INFO  io.mosire.simos.app.Shell - Shell 装配完成: store=/tmp/junit-17764809070707211023 checkpointInterval=100 codec=4 handler=41 participant=2 resolver=4 facet=2 tool=15 decisionTool=11 mapId=Map1 bindAddress=127.0.0.1 mcpPort=46199 decisionAgentMcpPort=46023 guiPort=45633 approvalPort=46527
19:17:07.216 INFO  io.mosire.agentlib.approval.ApprovalHttpEndpoint - 审批 HTTP 面已停止（端口 46527）
19:17:07.216 INFO  io.mosire.agentlib.approval.HttpApprovalChannel - HTTP 审批通道已关闭
19:17:07.260 INFO  io.mosire.agentlib.mcp.AgentToMcpServer - MCP streamable server 已启动: name=simos-shell version=0.1.0-SNAPSHOT 外发工具 15 个 [sd.IssueDirective, sd.SetViewScope, sd.SubmitVerdict, simos.advance, simos.command.catalog, simos.command.submit, simos.fork, simos.map.hex, simos.map.overview, simos.social.population, simos.state.facets, simos.state.resolve, simos.timeline.branches, simos.unit.get, simos.unit.list]；Registry 共 15 个，未外发 0 个 []
19:17:07.271 INFO  io.mosire.agentlib.mcp.AgentToMcpServer - MCP streamable server 已启动: name=simos-shell-decision version=0.1.0-SNAPSHOT 外发工具 11 个 [sd.IssueDirective, sd.SubmitVerdict, simos.command.catalog, simos.map.hex, simos.map.overview, simos.social.population, simos.state.facets, simos.state.resolve, simos.timeline.branches, simos.unit.get, simos.unit.list]；Registry 共 11 个，未外发 0 个 []
19:17:07.281 INFO  io.mosire.simos.app.gui.GuiServer - GUI 服务器已启动: http://127.0.0.1:45675/（静态 /webui，同源，无 CORS 头）
19:17:07.281 INFO  io.mosire.simos.app.Shell - Shell 装配完成: store=/tmp/junit-208455587294964640 checkpointInterval=100 codec=4 handler=41 participant=2 resolver=4 facet=2 tool=15 decisionTool=11 mapId=Map1 bindAddress=127.0.0.1 mcpPort=44897 decisionAgentMcpPort=45987 guiPort=45675 approvalPort=44699
19:17:07.283 INFO  io.mosire.agentlib.approval.ApprovalHttpEndpoint - 审批 HTTP 面已停止（端口 44699）
19:17:07.283 INFO  io.mosire.agentlib.approval.HttpApprovalChannel - HTTP 审批通道已关闭
19:17:07.332 INFO  io.mosire.agentlib.mcp.AgentToMcpServer - MCP streamable server 已启动: name=simos-shell version=0.1.0-SNAPSHOT 外发工具 15 个 [sd.IssueDirective, sd.SetViewScope, sd.SubmitVerdict, simos.advance, simos.command.catalog, simos.command.submit, simos.fork, simos.map.hex, simos.map.overview, simos.social.population, simos.state.facets, simos.state.resolve, simos.timeline.branches, simos.unit.get, simos.unit.list]；Registry 共 15 个，未外发 0 个 []
19:17:07.341 INFO  io.mosire.agentlib.mcp.AgentToMcpServer - MCP streamable server 已启动: name=simos-shell-decision version=0.1.0-SNAPSHOT 外发工具 11 个 [sd.IssueDirective, sd.SubmitVerdict, simos.command.catalog, simos.map.hex, simos.map.overview, simos.social.population, simos.state.facets, simos.state.resolve, simos.timeline.branches, simos.unit.get, simos.unit.list]；Registry 共 11 个，未外发 0 个 []
19:17:07.351 INFO  io.mosire.simos.app.gui.GuiServer - GUI 服务器已启动: http://127.0.0.1:45365/（静态 /webui，同源，无 CORS 头）
19:17:07.351 INFO  io.mosire.simos.app.Shell - Shell 装配完成: store=/tmp/junit-16964884763555703683 checkpointInterval=100 codec=4 handler=41 participant=2 resolver=4 facet=2 tool=15 decisionTool=11 mapId=Map1 bindAddress=127.0.0.1 mcpPort=46239 decisionAgentMcpPort=45443 guiPort=45365 approvalPort=44739
19:17:07.354 INFO  io.mosire.agentlib.approval.ApprovalHttpEndpoint - 审批 HTTP 面已停止（端口 44739）
19:17:07.354 INFO  io.mosire.agentlib.approval.HttpApprovalChannel - HTTP 审批通道已关闭
19:17:07.401 INFO  io.mosire.agentlib.mcp.AgentToMcpServer - MCP streamable server 已启动: name=simos-shell version=0.1.0-SNAPSHOT 外发工具 15 个 [sd.IssueDirective, sd.SetViewScope, sd.SubmitVerdict, simos.advance, simos.command.catalog, simos.command.submit, simos.fork, simos.map.hex, simos.map.overview, simos.social.population, simos.state.facets, simos.state.resolve, simos.timeline.branches, simos.unit.get, simos.unit.list]；Registry 共 15 个，未外发 0 个 []
19:17:07.411 INFO  io.mosire.agentlib.mcp.AgentToMcpServer - MCP streamable server 已启动: name=simos-shell-decision version=0.1.0-SNAPSHOT 外发工具 11 个 [sd.IssueDirective, sd.SubmitVerdict, simos.command.catalog, simos.map.hex, simos.map.overview, simos.social.population, simos.state.facets, simos.state.resolve, simos.timeline.branches, simos.unit.get, simos.unit.list]；Registry 共 11 个，未外发 0 个 []
19:17:07.421 INFO  io.mosire.simos.app.gui.GuiServer - GUI 服务器已启动: http://127.0.0.1:45943/（静态 /webui，同源，无 CORS 头）
19:17:07.421 INFO  io.mosire.simos.app.Shell - Shell 装配完成: store=/tmp/junit-15140686130104745413 checkpointInterval=100 codec=4 handler=41 participant=2 resolver=4 facet=2 tool=15 decisionTool=11 mapId=Map1 bindAddress=127.0.0.1 mcpPort=44703 decisionAgentMcpPort=45343 guiPort=45943 approvalPort=45099
19:17:07.423 INFO  io.mosire.agentlib.approval.ApprovalHttpEndpoint - 审批 HTTP 面已停止（端口 45099）
19:17:07.423 INFO  io.mosire.agentlib.approval.HttpApprovalChannel - HTTP 审批通道已关闭
19:17:07.473 INFO  io.mosire.agentlib.mcp.AgentToMcpServer - MCP streamable server 已启动: name=simos-shell version=0.1.0-SNAPSHOT 外发工具 15 个 [sd.IssueDirective, sd.SetViewScope, sd.SubmitVerdict, simos.advance, simos.command.catalog, simos.command.submit, simos.fork, simos.map.hex, simos.map.overview, simos.social.population, simos.state.facets, simos.state.resolve, simos.timeline.branches, simos.unit.get, simos.unit.list]；Registry 共 15 个，未外发 0 个 []
19:17:07.483 INFO  io.mosire.agentlib.mcp.AgentToMcpServer - MCP streamable server 已启动: name=simos-shell-decision version=0.1.0-SNAPSHOT 外发工具 11 个 [sd.IssueDirective, sd.SubmitVerdict, simos.command.catalog, simos.map.hex, simos.map.overview, simos.social.population, simos.state.facets, simos.state.resolve, simos.timeline.branches, simos.unit.get, simos.unit.list]；Registry 共 11 个，未外发 0 个 []
19:17:07.493 INFO  io.mosire.simos.app.gui.GuiServer - GUI 服务器已启动: http://127.0.0.1:45563/（静态 /webui，同源，无 CORS 头）
19:17:07.494 INFO  io.mosire.simos.app.Shell - Shell 装配完成: store=/tmp/junit-13782382387981899231 checkpointInterval=100 codec=4 handler=41 participant=2 resolver=4 facet=2 tool=15 decisionTool=11 mapId=Map1 bindAddress=127.0.0.1 mcpPort=46569 decisionAgentMcpPort=45725 guiPort=45563 approvalPort=45755
19:17:07.495 INFO  io.mosire.agentlib.approval.ApprovalHttpEndpoint - 审批 HTTP 面已停止（端口 45755）
19:17:07.495 INFO  io.mosire.agentlib.approval.HttpApprovalChannel - HTTP 审批通道已关闭
19:17:07.538 INFO  io.mosire.agentlib.mcp.AgentToMcpServer - MCP streamable server 已启动: name=simos-shell version=0.1.0-SNAPSHOT 外发工具 15 个 [sd.IssueDirective, sd.SetViewScope, sd.SubmitVerdict, simos.advance, simos.command.catalog, simos.command.submit, simos.fork, simos.map.hex, simos.map.overview, simos.social.population, simos.state.facets, simos.state.resolve, simos.timeline.branches, simos.unit.get, simos.unit.list]；Registry 共 15 个，未外发 0 个 []
19:17:07.547 INFO  io.mosire.agentlib.mcp.AgentToMcpServer - MCP streamable server 已启动: name=simos-shell-decision version=0.1.0-SNAPSHOT 外发工具 11 个 [sd.IssueDirective, sd.SubmitVerdict, simos.command.catalog, simos.map.hex, simos.map.overview, simos.social.population, simos.state.facets, simos.state.resolve, simos.timeline.branches, simos.unit.get, simos.unit.list]；Registry 共 11 个，未外发 0 个 []
19:17:07.557 INFO  io.mosire.simos.app.gui.GuiServer - GUI 服务器已启动: http://127.0.0.1:45027/（静态 /webui，同源，无 CORS 头）
19:17:07.558 INFO  io.mosire.simos.app.Shell - Shell 装配完成: store=/tmp/junit-13817603415421482315 checkpointInterval=100 codec=4 handler=41 participant=2 resolver=4 facet=2 tool=15 decisionTool=11 mapId=Map1 bindAddress=127.0.0.1 mcpPort=45873 decisionAgentMcpPort=44851 guiPort=45027 approvalPort=44693
19:17:07.559 INFO  io.mosire.agentlib.approval.ApprovalHttpEndpoint - 审批 HTTP 面已停止（端口 44693）
19:17:07.559 INFO  io.mosire.agentlib.approval.HttpApprovalChannel - HTTP 审批通道已关闭
[INFO] Tests run: 14, Failures: 0, Errors: 0, Skipped: 0, Time elapsed: 1.006 s -- in io.mosire.simos.app.query.QueryServiceTest
[INFO] Running io.mosire.simos.app.SdPutInfoEndToEndTest
19:17:07.594 INFO  io.mosire.simos.core.command.CommandBus - 命令提交: type=sd.PutInfo commandId=cmd-1 correlationId=cmd-1 新坐标=main@2
19:17:07.630 INFO  io.mosire.simos.core.command.CommandBus - 命令被拒: type=sd.PutInfo commandId=cmd-1 correlationId=cmd-1 原因=地址至少两段（命名空间 + 根主体）：`oops`
19:17:07.679 INFO  io.mosire.simos.core.command.CommandBus - 命令提交: type=sd.PutInfo commandId=cmd-1 correlationId=cmd-1 新坐标=main@2
19:17:07.682 INFO  io.mosire.simos.core.command.CommandBus - 命令提交: type=sd.PutInfo commandId=cmd-2 correlationId=cmd-2 新坐标=main@3
[INFO] Tests run: 3, Failures: 0, Errors: 0, Skipped: 0, Time elapsed: 0.130 s -- in io.mosire.simos.app.SdPutInfoEndToEndTest
[INFO] Running io.mosire.simos.app.ShellLifecycleTest
19:17:07.732 INFO  io.mosire.agentlib.mcp.AgentToMcpServer - MCP streamable server 已启动: name=simos-shell version=0.1.0-SNAPSHOT 外发工具 15 个 [sd.IssueDirective, sd.SetViewScope, sd.SubmitVerdict, simos.advance, simos.command.catalog, simos.command.submit, simos.fork, simos.map.hex, simos.map.overview, simos.social.population, simos.state.facets, simos.state.resolve, simos.timeline.branches, simos.unit.get, simos.unit.list]；Registry 共 15 个，未外发 0 个 []
19:17:07.742 INFO  io.mosire.agentlib.mcp.AgentToMcpServer - MCP streamable server 已启动: name=simos-shell-decision version=0.1.0-SNAPSHOT 外发工具 11 个 [sd.IssueDirective, sd.SubmitVerdict, simos.command.catalog, simos.map.hex, simos.map.overview, simos.social.population, simos.state.facets, simos.state.resolve, simos.timeline.branches, simos.unit.get, simos.unit.list]；Registry 共 11 个，未外发 0 个 []
19:17:07.753 INFO  io.mosire.simos.app.gui.GuiServer - GUI 服务器已启动: http://127.0.0.1:45315/（静态 /webui，同源，无 CORS 头）
19:17:07.753 INFO  io.mosire.simos.app.Shell - Shell 装配完成: store=/tmp/junit-52733868437860866 checkpointInterval=100 codec=4 handler=41 participant=2 resolver=4 facet=2 tool=15 decisionTool=11 mapId=Map1 bindAddress=127.0.0.1 mcpPort=46583 decisionAgentMcpPort=46349 guiPort=45315 approvalPort=46429
19:17:07.754 INFO  io.mosire.agentlib.approval.ApprovalHttpEndpoint - 审批 HTTP 面已停止（端口 46429）
19:17:07.754 INFO  io.mosire.agentlib.approval.HttpApprovalChannel - HTTP 审批通道已关闭
[INFO] Tests run: 1, Failures: 0, Errors: 0, Skipped: 0, Time elapsed: 0.106 s -- in io.mosire.simos.app.ShellLifecycleTest
[INFO] Running io.mosire.simos.app.gui.WebuiAssetsTest
[INFO] Tests run: 8, Failures: 0, Errors: 0, Skipped: 0, Time elapsed: 0.011 s -- in io.mosire.simos.app.gui.WebuiAssetsTest
[INFO] Running io.mosire.simos.app.gui.MapHexEdgesApiTest
19:17:07.853 INFO  io.mosire.agentlib.mcp.AgentToMcpServer - MCP streamable server 已启动: name=simos-shell version=0.1.0-SNAPSHOT 外发工具 15 个 [sd.IssueDirective, sd.SetViewScope, sd.SubmitVerdict, simos.advance, simos.command.catalog, simos.command.submit, simos.fork, simos.map.hex, simos.map.overview, simos.social.population, simos.state.facets, simos.state.resolve, simos.timeline.branches, simos.unit.get, simos.unit.list]；Registry 共 15 个，未外发 0 个 []
19:17:07.863 INFO  io.mosire.agentlib.mcp.AgentToMcpServer - MCP streamable server 已启动: name=simos-shell-decision version=0.1.0-SNAPSHOT 外发工具 11 个 [sd.IssueDirective, sd.SubmitVerdict, simos.command.catalog, simos.map.hex, simos.map.overview, simos.social.population, simos.state.facets, simos.state.resolve, simos.timeline.branches, simos.unit.get, simos.unit.list]；Registry 共 11 个，未外发 0 个 []
19:17:07.874 INFO  io.mosire.simos.app.gui.GuiServer - GUI 服务器已启动: http://127.0.0.1:44663/（静态 /webui，同源，无 CORS 头）
19:17:07.874 INFO  io.mosire.simos.app.Shell - Shell 装配完成: store=/tmp/junit-7712560280804962553 checkpointInterval=100 codec=4 handler=41 participant=2 resolver=4 facet=2 tool=15 decisionTool=11 mapId=Map1 bindAddress=127.0.0.1 mcpPort=45247 decisionAgentMcpPort=44943 guiPort=44663 approvalPort=44865
19:17:07.880 INFO  io.mosire.simos.app.gui.GuiServer - access GET /api/map/hex -> 200 3ms remote=127.0.0.1
19:17:07.883 INFO  io.mosire.agentlib.approval.ApprovalHttpEndpoint - 审批 HTTP 面已停止（端口 44865）
19:17:07.883 INFO  io.mosire.agentlib.approval.HttpApprovalChannel - HTTP 审批通道已关闭
19:17:07.931 INFO  io.mosire.agentlib.mcp.AgentToMcpServer - MCP streamable server 已启动: name=simos-shell version=0.1.0-SNAPSHOT 外发工具 15 个 [sd.IssueDirective, sd.SetViewScope, sd.SubmitVerdict, simos.advance, simos.command.catalog, simos.command.submit, simos.fork, simos.map.hex, simos.map.overview, simos.social.population, simos.state.facets, simos.state.resolve, simos.timeline.branches, simos.unit.get, simos.unit.list]；Registry 共 15 个，未外发 0 个 []
19:17:07.941 INFO  io.mosire.agentlib.mcp.AgentToMcpServer - MCP streamable server 已启动: name=simos-shell-decision version=0.1.0-SNAPSHOT 外发工具 11 个 [sd.IssueDirective, sd.SubmitVerdict, simos.command.catalog, simos.map.hex, simos.map.overview, simos.social.population, simos.state.facets, simos.state.resolve, simos.timeline.branches, simos.unit.get, simos.unit.list]；Registry 共 11 个，未外发 0 个 []
19:17:07.951 INFO  io.mosire.simos.app.gui.GuiServer - GUI 服务器已启动: http://127.0.0.1:46023/（静态 /webui，同源，无 CORS 头）
19:17:07.951 INFO  io.mosire.simos.app.Shell - Shell 装配完成: store=/tmp/junit-1530883184660703673 checkpointInterval=100 codec=4 handler=41 participant=2 resolver=4 facet=2 tool=15 decisionTool=11 mapId=Map1 bindAddress=127.0.0.1 mcpPort=45977 decisionAgentMcpPort=46165 guiPort=46023 approvalPort=46667
19:17:07.954 INFO  io.mosire.simos.app.gui.GuiServer - access GET /api/map/hex -> 200 1ms remote=127.0.0.1
19:17:07.958 INFO  io.mosire.agentlib.approval.ApprovalHttpEndpoint - 审批 HTTP 面已停止（端口 46667）
19:17:07.958 INFO  io.mosire.agentlib.approval.HttpApprovalChannel - HTTP 审批通道已关闭
19:17:07.999 INFO  io.mosire.agentlib.mcp.AgentToMcpServer - MCP streamable server 已启动: name=simos-shell version=0.1.0-SNAPSHOT 外发工具 15 个 [sd.IssueDirective, sd.SetViewScope, sd.SubmitVerdict, simos.advance, simos.command.catalog, simos.command.submit, simos.fork, simos.map.hex, simos.map.overview, simos.social.population, simos.state.facets, simos.state.resolve, simos.timeline.branches, simos.unit.get, simos.unit.list]；Registry 共 15 个，未外发 0 个 []
19:17:08.009 INFO  io.mosire.agentlib.mcp.AgentToMcpServer - MCP streamable server 已启动: name=simos-shell-decision version=0.1.0-SNAPSHOT 外发工具 11 个 [sd.IssueDirective, sd.SubmitVerdict, simos.command.catalog, simos.map.hex, simos.map.overview, simos.social.population, simos.state.facets, simos.state.resolve, simos.timeline.branches, simos.unit.get, simos.unit.list]；Registry 共 11 个，未外发 0 个 []
19:17:08.020 INFO  io.mosire.simos.app.gui.GuiServer - GUI 服务器已启动: http://127.0.0.1:45895/（静态 /webui，同源，无 CORS 头）
19:17:08.020 INFO  io.mosire.simos.app.Shell - Shell 装配完成: store=/tmp/junit-2925147265627284621 checkpointInterval=100 codec=4 handler=41 participant=2 resolver=4 facet=2 tool=15 decisionTool=11 mapId=Map1 bindAddress=127.0.0.1 mcpPort=46175 decisionAgentMcpPort=45655 guiPort=45895 approvalPort=45927
19:17:08.024 INFO  io.mosire.simos.app.gui.GuiServer - access GET /api/map/hex -> 200 1ms remote=127.0.0.1
19:17:08.028 INFO  io.mosire.agentlib.approval.ApprovalHttpEndpoint - 审批 HTTP 面已停止（端口 45927）
19:17:08.028 INFO  io.mosire.agentlib.approval.HttpApprovalChannel - HTTP 审批通道已关闭
19:17:08.071 INFO  io.mosire.agentlib.mcp.AgentToMcpServer - MCP streamable server 已启动: name=simos-shell version=0.1.0-SNAPSHOT 外发工具 15 个 [sd.IssueDirective, sd.SetViewScope, sd.SubmitVerdict, simos.advance, simos.command.catalog, simos.command.submit, simos.fork, simos.map.hex, simos.map.overview, simos.social.population, simos.state.facets, simos.state.resolve, simos.timeline.branches, simos.unit.get, simos.unit.list]；Registry 共 15 个，未外发 0 个 []
19:17:08.081 INFO  io.mosire.agentlib.mcp.AgentToMcpServer - MCP streamable server 已启动: name=simos-shell-decision version=0.1.0-SNAPSHOT 外发工具 11 个 [sd.IssueDirective, sd.SubmitVerdict, simos.command.catalog, simos.map.hex, simos.map.overview, simos.social.population, simos.state.facets, simos.state.resolve, simos.timeline.branches, simos.unit.get, simos.unit.list]；Registry 共 11 个，未外发 0 个 []
19:17:08.091 INFO  io.mosire.simos.app.gui.GuiServer - GUI 服务器已启动: http://127.0.0.1:45859/（静态 /webui，同源，无 CORS 头）
19:17:08.091 INFO  io.mosire.simos.app.Shell - Shell 装配完成: store=/tmp/junit-3140450073484495840 checkpointInterval=100 codec=4 handler=41 participant=2 resolver=4 facet=2 tool=15 decisionTool=11 mapId=Map1 bindAddress=127.0.0.1 mcpPort=46667 decisionAgentMcpPort=46537 guiPort=45859 approvalPort=45231
19:17:08.095 INFO  io.mosire.simos.app.gui.GuiServer - access GET /api/map/hex -> 200 1ms remote=127.0.0.1
19:17:08.098 INFO  io.mosire.simos.app.gui.GuiServer - access GET /api/map/hex -> 200 0ms remote=127.0.0.1
19:17:08.145 INFO  io.mosire.agentlib.approval.ApprovalHttpEndpoint - 审批 HTTP 面已停止（端口 45231）
19:17:08.145 INFO  io.mosire.agentlib.approval.HttpApprovalChannel - HTTP 审批通道已关闭
[INFO] Tests run: 4, Failures: 0, Errors: 0, Skipped: 0, Time elapsed: 0.337 s -- in io.mosire.simos.app.gui.MapHexEdgesApiTest
[INFO] Running io.mosire.simos.app.gui.SdDecisionMakerApiTest
19:17:08.191 INFO  io.mosire.agentlib.mcp.AgentToMcpServer - MCP streamable server 已启动: name=simos-shell version=0.1.0-SNAPSHOT 外发工具 15 个 [sd.IssueDirective, sd.SetViewScope, sd.SubmitVerdict, simos.advance, simos.command.catalog, simos.command.submit, simos.fork, simos.map.hex, simos.map.overview, simos.social.population, simos.state.facets, simos.state.resolve, simos.timeline.branches, simos.unit.get, simos.unit.list]；Registry 共 15 个，未外发 0 个 []
19:17:08.201 INFO  io.mosire.agentlib.mcp.AgentToMcpServer - MCP streamable server 已启动: name=simos-shell-decision version=0.1.0-SNAPSHOT 外发工具 11 个 [sd.IssueDirective, sd.SubmitVerdict, simos.command.catalog, simos.map.hex, simos.map.overview, simos.social.population, simos.state.facets, simos.state.resolve, simos.timeline.branches, simos.unit.get, simos.unit.list]；Registry 共 11 个，未外发 0 个 []
19:17:08.211 INFO  io.mosire.simos.app.gui.GuiServer - GUI 服务器已启动: http://127.0.0.1:45531/（静态 /webui，同源，无 CORS 头）
19:17:08.212 INFO  io.mosire.simos.app.Shell - Shell 装配完成: store=/tmp/junit-8357518769692550502 checkpointInterval=100 codec=4 handler=41 participant=2 resolver=4 facet=2 tool=15 decisionTool=11 mapId=Map1 bindAddress=127.0.0.1 mcpPort=45769 decisionAgentMcpPort=44901 guiPort=45531 approvalPort=45347
19:17:08.218 INFO  io.mosire.simos.app.gui.GuiServer - access GET /api/sd/decision-makers -> 200 1ms remote=127.0.0.1
19:17:08.221 INFO  io.mosire.agentlib.approval.ApprovalHttpEndpoint - 审批 HTTP 面已停止（端口 45347）
19:17:08.222 INFO  io.mosire.agentlib.approval.HttpApprovalChannel - HTTP 审批通道已关闭
19:17:08.270 INFO  io.mosire.agentlib.mcp.AgentToMcpServer - MCP streamable server 已启动: name=simos-shell version=0.1.0-SNAPSHOT 外发工具 15 个 [sd.IssueDirective, sd.SetViewScope, sd.SubmitVerdict, simos.advance, simos.command.catalog, simos.command.submit, simos.fork, simos.map.hex, simos.map.overview, simos.social.population, simos.state.facets, simos.state.resolve, simos.timeline.branches, simos.unit.get, simos.unit.list]；Registry 共 15 个，未外发 0 个 []
19:17:08.280 INFO  io.mosire.agentlib.mcp.AgentToMcpServer - MCP streamable server 已启动: name=simos-shell-decision version=0.1.0-SNAPSHOT 外发工具 11 个 [sd.IssueDirective, sd.SubmitVerdict, simos.command.catalog, simos.map.hex, simos.map.overview, simos.social.population, simos.state.facets, simos.state.resolve, simos.timeline.branches, simos.unit.get, simos.unit.list]；Registry 共 11 个，未外发 0 个 []
19:17:08.290 INFO  io.mosire.simos.app.gui.GuiServer - GUI 服务器已启动: http://127.0.0.1:46311/（静态 /webui，同源，无 CORS 头）
19:17:08.290 INFO  io.mosire.simos.app.Shell - Shell 装配完成: store=/tmp/junit-4327076096590791071 checkpointInterval=100 codec=4 handler=41 participant=2 resolver=4 facet=2 tool=15 decisionTool=11 mapId=Map1 bindAddress=127.0.0.1 mcpPort=46399 decisionAgentMcpPort=46257 guiPort=46311 approvalPort=46433
19:17:08.304 INFO  io.mosire.simos.core.command.CommandBus - 命令提交: type=sd.CreateNation commandId=783f49fa-2a52-424d-8810-5d0091619eab correlationId=783f49fa-2a52-424d-8810-5d0091619eab 新坐标=main@2
19:17:08.305 INFO  io.mosire.simos.app.gui.GuiServer - access POST /api/command -> 200 12ms remote=127.0.0.1
19:17:08.313 INFO  io.mosire.simos.core.command.CommandBus - 命令提交: type=sd.CreateArmy commandId=6a76d2f2-cc18-4cbd-b0b4-e775cf40434c correlationId=6a76d2f2-cc18-4cbd-b0b4-e775cf40434c 新坐标=main@3
19:17:08.313 INFO  io.mosire.simos.app.gui.GuiServer - access POST /api/command -> 200 7ms remote=127.0.0.1
19:17:08.369 INFO  io.mosire.simos.core.command.CommandBus - 命令提交: type=sd.CreateDecisionMaker commandId=97055093-3695-44a0-8ac8-6f0a8aab7a06 correlationId=97055093-3695-44a0-8ac8-6f0a8aab7a06 新坐标=main@4
19:17:08.369 INFO  io.mosire.simos.app.gui.GuiServer - access POST /api/command -> 200 9ms remote=127.0.0.1
19:17:08.427 INFO  io.mosire.simos.core.command.CommandBus - 命令提交: type=sd.CreateDecisionMaker commandId=60836a1b-387b-4034-8800-c3c95d4f819a correlationId=60836a1b-387b-4034-8800-c3c95d4f819a 新坐标=main@5
19:17:08.428 INFO  io.mosire.simos.app.gui.GuiServer - access POST /api/command -> 200 10ms remote=127.0.0.1
19:17:08.480 INFO  io.mosire.simos.core.command.CommandBus - 命令提交: type=sd.SetViewScope commandId=a06ffd2c-6925-412e-8246-610e9228b565 correlationId=a06ffd2c-6925-412e-8246-610e9228b565 新坐标=main@6
19:17:08.481 INFO  io.mosire.simos.app.gui.GuiServer - access POST /api/command -> 200 8ms remote=127.0.0.1
19:17:08.530 INFO  io.mosire.simos.app.gui.GuiServer - access GET /api/sd/decision-makers -> 200 2ms remote=127.0.0.1
19:17:08.575 INFO  io.mosire.agentlib.approval.ApprovalHttpEndpoint - 审批 HTTP 面已停止（端口 46433）
19:17:08.575 INFO  io.mosire.agentlib.approval.HttpApprovalChannel - HTTP 审批通道已关闭
19:17:08.624 INFO  io.mosire.agentlib.mcp.AgentToMcpServer - MCP streamable server 已启动: name=simos-shell version=0.1.0-SNAPSHOT 外发工具 15 个 [sd.IssueDirective, sd.SetViewScope, sd.SubmitVerdict, simos.advance, simos.command.catalog, simos.command.submit, simos.fork, simos.map.hex, simos.map.overview, simos.social.population, simos.state.facets, simos.state.resolve, simos.timeline.branches, simos.unit.get, simos.unit.list]；Registry 共 15 个，未外发 0 个 []
19:17:08.634 INFO  io.mosire.agentlib.mcp.AgentToMcpServer - MCP streamable server 已启动: name=simos-shell-decision version=0.1.0-SNAPSHOT 外发工具 11 个 [sd.IssueDirective, sd.SubmitVerdict, simos.command.catalog, simos.map.hex, simos.map.overview, simos.social.population, simos.state.facets, simos.state.resolve, simos.timeline.branches, simos.unit.get, simos.unit.list]；Registry 共 11 个，未外发 0 个 []
19:17:08.645 INFO  io.mosire.simos.app.gui.GuiServer - GUI 服务器已启动: http://127.0.0.1:44863/（静态 /webui，同源，无 CORS 头）
19:17:08.645 INFO  io.mosire.simos.app.Shell - Shell 装配完成: store=/tmp/junit-11594589307717509119 checkpointInterval=100 codec=4 handler=41 participant=2 resolver=4 facet=2 tool=15 decisionTool=11 mapId=Map1 bindAddress=127.0.0.1 mcpPort=45051 decisionAgentMcpPort=45103 guiPort=44863 approvalPort=46375
19:17:08.657 INFO  io.mosire.simos.core.command.CommandBus - 命令提交: type=sd.CreateNation commandId=e7354eeb-e1e8-41a3-ab4f-c96684e62894 correlationId=e7354eeb-e1e8-41a3-ab4f-c96684e62894 新坐标=main@2
19:17:08.658 INFO  io.mosire.simos.app.gui.GuiServer - access POST /api/command -> 200 9ms remote=127.0.0.1
19:17:08.664 INFO  io.mosire.simos.core.command.CommandBus - 命令提交: type=sd.CreateArmy commandId=3ce07620-59e5-477d-a87d-e6c329889c32 correlationId=3ce07620-59e5-477d-a87d-e6c329889c32 新坐标=main@3
19:17:08.664 INFO  io.mosire.simos.app.gui.GuiServer - access POST /api/command -> 200 4ms remote=127.0.0.1
19:17:08.719 INFO  io.mosire.simos.core.command.CommandBus - 命令提交: type=sd.CreateDecisionMaker commandId=5f70e193-5b5d-4dc9-9caf-2c1ba6c64909 correlationId=5f70e193-5b5d-4dc9-9caf-2c1ba6c64909 新坐标=main@4
19:17:08.719 INFO  io.mosire.simos.app.gui.GuiServer - access POST /api/command -> 200 11ms remote=127.0.0.1
19:17:08.774 INFO  io.mosire.simos.core.command.CommandBus - 命令提交: type=sd.CreateDecisionMaker commandId=98932e6d-57de-450f-b803-30f66ae48ec4 correlationId=98932e6d-57de-450f-b803-30f66ae48ec4 新坐标=main@5
19:17:08.774 INFO  io.mosire.simos.app.gui.GuiServer - access POST /api/command -> 200 9ms remote=127.0.0.1
19:17:08.825 INFO  io.mosire.simos.core.command.CommandBus - 命令提交: type=sd.CreateDecisionMaker commandId=ac670012-85f1-4d2e-85b7-3284a5fc84ed correlationId=ac670012-85f1-4d2e-85b7-3284a5fc84ed 新坐标=main@6
19:17:08.826 INFO  io.mosire.simos.app.gui.GuiServer - access POST /api/command -> 200 5ms remote=127.0.0.1
19:17:08.879 INFO  io.mosire.simos.core.command.CommandBus - 命令提交: type=sd.CreateDecisionMaker commandId=a37cb8dc-7337-4386-ade2-a90c9b7f3d38 correlationId=a37cb8dc-7337-4386-ade2-a90c9b7f3d38 新坐标=main@7
19:17:08.879 INFO  io.mosire.simos.app.gui.GuiServer - access POST /api/command -> 200 7ms remote=127.0.0.1
19:17:08.940 INFO  io.mosire.simos.core.command.CommandBus - 命令提交: type=sd.IssueDirective commandId=3433991c-0261-4d0c-ae4b-ceea4a558280 correlationId=3433991c-0261-4d0c-ae4b-ceea4a558280 新坐标=main@8
19:17:08.940 INFO  io.mosire.simos.app.gui.GuiServer - access POST /api/command -> 200 12ms remote=127.0.0.1
19:17:08.995 INFO  io.mosire.simos.core.command.CommandBus - 命令提交: type=sd.IssueDirective commandId=c9fd4d26-f05f-40ab-a3e8-93cf80bd77a7 correlationId=c9fd4d26-f05f-40ab-a3e8-93cf80bd77a7 新坐标=main@9
19:17:08.996 INFO  io.mosire.simos.app.gui.GuiServer - access POST /api/command -> 200 11ms remote=127.0.0.1
19:17:09.049 INFO  io.mosire.simos.core.command.CommandBus - 命令提交: type=sd.IssueDirective commandId=06b62980-14b5-4fb9-8335-8c6124d25fc0 correlationId=06b62980-14b5-4fb9-8335-8c6124d25fc0 新坐标=main@10
19:17:09.049 INFO  io.mosire.simos.app.gui.GuiServer - access POST /api/command -> 200 8ms remote=127.0.0.1
19:17:09.104 INFO  io.mosire.simos.core.command.CommandBus - 命令提交: type=sd.IssueDirective commandId=6fbda115-d5be-4ce5-9263-82ecb775c70f correlationId=6fbda115-d5be-4ce5-9263-82ecb775c70f 新坐标=main@11
19:17:09.105 INFO  io.mosire.simos.app.gui.GuiServer - access POST /api/command -> 200 9ms remote=127.0.0.1
19:17:09.160 INFO  io.mosire.simos.app.gui.GuiServer - access GET /api/sd/decision-makers/dm-first -> 200 3ms remote=127.0.0.1
19:17:09.209 INFO  io.mosire.agentlib.approval.ApprovalHttpEndpoint - 审批 HTTP 面已停止（端口 46375）
19:17:09.209 INFO  io.mosire.agentlib.approval.HttpApprovalChannel - HTTP 审批通道已关闭
19:17:09.261 INFO  io.mosire.agentlib.mcp.AgentToMcpServer - MCP streamable server 已启动: name=simos-shell version=0.1.0-SNAPSHOT 外发工具 15 个 [sd.IssueDirective, sd.SetViewScope, sd.SubmitVerdict, simos.advance, simos.command.catalog, simos.command.submit, simos.fork, simos.map.hex, simos.map.overview, simos.social.population, simos.state.facets, simos.state.resolve, simos.timeline.branches, simos.unit.get, simos.unit.list]；Registry 共 15 个，未外发 0 个 []
19:17:09.271 INFO  io.mosire.agentlib.mcp.AgentToMcpServer - MCP streamable server 已启动: name=simos-shell-decision version=0.1.0-SNAPSHOT 外发工具 11 个 [sd.IssueDirective, sd.SubmitVerdict, simos.command.catalog, simos.map.hex, simos.map.overview, simos.social.population, simos.state.facets, simos.state.resolve, simos.timeline.branches, simos.unit.get, simos.unit.list]；Registry 共 11 个，未外发 0 个 []
19:17:09.281 INFO  io.mosire.simos.app.gui.GuiServer - GUI 服务器已启动: http://127.0.0.1:44621/（静态 /webui，同源，无 CORS 头）
19:17:09.281 INFO  io.mosire.simos.app.Shell - Shell 装配完成: store=/tmp/junit-11369471439599235027 checkpointInterval=100 codec=4 handler=41 participant=2 resolver=4 facet=2 tool=15 decisionTool=11 mapId=Map1 bindAddress=127.0.0.1 mcpPort=46229 decisionAgentMcpPort=44667 guiPort=44621 approvalPort=45043
19:17:09.292 INFO  io.mosire.simos.core.command.CommandBus - 命令提交: type=sd.CreateNation commandId=83815e74-54fe-40c3-93c1-001b73eb6d0f correlationId=83815e74-54fe-40c3-93c1-001b73eb6d0f 新坐标=main@2
19:17:09.292 INFO  io.mosire.simos.app.gui.GuiServer - access POST /api/command -> 200 7ms remote=127.0.0.1
19:17:09.297 INFO  io.mosire.simos.core.command.CommandBus - 命令提交: type=sd.CreateArmy commandId=e2639b52-1c9d-499c-9046-f9bee32d0e09 correlationId=e2639b52-1c9d-499c-9046-f9bee32d0e09 新坐标=main@3
19:17:09.297 INFO  io.mosire.simos.app.gui.GuiServer - access POST /api/command -> 200 3ms remote=127.0.0.1
19:17:09.349 INFO  io.mosire.simos.core.command.CommandBus - 命令提交: type=sd.CreateDecisionMaker commandId=57bc2cae-b1d7-49c8-a645-8eea861bc450 correlationId=57bc2cae-b1d7-49c8-a645-8eea861bc450 新坐标=main@4
19:17:09.350 INFO  io.mosire.simos.app.gui.GuiServer - access POST /api/command -> 200 5ms remote=127.0.0.1
19:17:09.403 INFO  io.mosire.simos.core.command.CommandBus - 命令提交: type=sd.CreateDecisionMaker commandId=b8cd2fef-3686-47b4-a899-f3a44d3c78cc correlationId=b8cd2fef-3686-47b4-a899-f3a44d3c78cc 新坐标=main@5
19:17:09.403 INFO  io.mosire.simos.app.gui.GuiServer - access POST /api/command -> 200 6ms remote=127.0.0.1
19:17:09.455 INFO  io.mosire.simos.core.command.CommandBus - 命令提交: type=sd.CreateDecisionMaker commandId=95db4a90-5e7f-418f-aacd-a80ece1ea715 correlationId=95db4a90-5e7f-418f-aacd-a80ece1ea715 新坐标=main@6
19:17:09.455 INFO  io.mosire.simos.app.gui.GuiServer - access POST /api/command -> 200 6ms remote=127.0.0.1
19:17:09.511 INFO  io.mosire.simos.core.command.CommandBus - 命令提交: type=sd.CreateDecisionMaker commandId=10112c0d-47a2-408c-94f0-e85a08fb068e correlationId=10112c0d-47a2-408c-94f0-e85a08fb068e 新坐标=main@7
19:17:09.512 INFO  io.mosire.simos.app.gui.GuiServer - access POST /api/command -> 200 9ms remote=127.0.0.1
19:17:09.565 INFO  io.mosire.simos.core.command.CommandBus - 命令提交: type=sd.IssueDirective commandId=28b3b5fc-89ce-4db0-9ca6-0764528cf299 correlationId=28b3b5fc-89ce-4db0-9ca6-0764528cf299 新坐标=main@8
19:17:09.565 INFO  io.mosire.simos.app.gui.GuiServer - access POST /api/command -> 200 8ms remote=127.0.0.1
19:17:09.620 INFO  io.mosire.simos.core.command.CommandBus - 命令提交: type=sd.IssueDirective commandId=217e97e0-fafd-4f9c-a354-735562dc6d97 correlationId=217e97e0-fafd-4f9c-a354-735562dc6d97 新坐标=main@9
19:17:09.620 INFO  io.mosire.simos.app.gui.GuiServer - access POST /api/command -> 200 7ms remote=127.0.0.1
19:17:09.671 INFO  io.mosire.simos.core.command.CommandBus - 命令提交: type=sd.IssueDirective commandId=be9dac7b-7f22-499c-8dc7-14f0b5fa0d83 correlationId=be9dac7b-7f22-499c-8dc7-14f0b5fa0d83 新坐标=main@10
19:17:09.672 INFO  io.mosire.simos.app.gui.GuiServer - access POST /api/command -> 200 7ms remote=127.0.0.1
19:17:09.723 INFO  io.mosire.simos.core.command.CommandBus - 命令提交: type=sd.IssueDirective commandId=f9151a16-ad21-4e32-b111-2cd035e1c481 correlationId=f9151a16-ad21-4e32-b111-2cd035e1c481 新坐标=main@11
19:17:09.723 INFO  io.mosire.simos.app.gui.GuiServer - access POST /api/command -> 200 6ms remote=127.0.0.1
19:17:09.780 INFO  io.mosire.simos.core.advance.TimeAdvance - 命令提交: type=core.AdvanceTime commandId=ed45bd0a-d44f-45c6-a6b4-92060e60a3e6 correlationId=ed45bd0a-d44f-45c6-a6b4-92060e60a3e6 新坐标=main@12
19:17:09.781 INFO  io.mosire.simos.app.gui.GuiServer - access POST /api/advance -> 200 8ms remote=127.0.0.1
19:17:09.832 INFO  io.mosire.simos.app.gui.GuiServer - access GET /api/sd/decision-makers/dm-wait -> 200 0ms remote=127.0.0.1
19:17:09.878 INFO  io.mosire.simos.app.gui.GuiServer - access GET /api/sd/decision-makers/dm-first -> 200 0ms remote=127.0.0.1
19:17:09.925 INFO  io.mosire.agentlib.approval.ApprovalHttpEndpoint - 审批 HTTP 面已停止（端口 45043）
19:17:09.925 INFO  io.mosire.agentlib.approval.HttpApprovalChannel - HTTP 审批通道已关闭
19:17:09.971 INFO  io.mosire.agentlib.mcp.AgentToMcpServer - MCP streamable server 已启动: name=simos-shell version=0.1.0-SNAPSHOT 外发工具 15 个 [sd.IssueDirective, sd.SetViewScope, sd.SubmitVerdict, simos.advance, simos.command.catalog, simos.command.submit, simos.fork, simos.map.hex, simos.map.overview, simos.social.population, simos.state.facets, simos.state.resolve, simos.timeline.branches, simos.unit.get, simos.unit.list]；Registry 共 15 个，未外发 0 个 []
19:17:09.982 INFO  io.mosire.agentlib.mcp.AgentToMcpServer - MCP streamable server 已启动: name=simos-shell-decision version=0.1.0-SNAPSHOT 外发工具 11 个 [sd.IssueDirective, sd.SubmitVerdict, simos.command.catalog, simos.map.hex, simos.map.overview, simos.social.population, simos.state.facets, simos.state.resolve, simos.timeline.branches, simos.unit.get, simos.unit.list]；Registry 共 11 个，未外发 0 个 []
19:17:09.992 INFO  io.mosire.simos.app.gui.GuiServer - GUI 服务器已启动: http://127.0.0.1:45003/（静态 /webui，同源，无 CORS 头）
19:17:09.992 INFO  io.mosire.simos.app.Shell - Shell 装配完成: store=/tmp/junit-4966455630438522133 checkpointInterval=100 codec=4 handler=41 participant=2 resolver=4 facet=2 tool=15 decisionTool=11 mapId=Map1 bindAddress=127.0.0.1 mcpPort=45917 decisionAgentMcpPort=46233 guiPort=45003 approvalPort=46141
19:17:10.002 INFO  io.mosire.simos.core.command.CommandBus - 命令提交: type=sd.CreateNation commandId=9976f848-cd7c-4615-a63f-f81dafd008d5 correlationId=9976f848-cd7c-4615-a63f-f81dafd008d5 新坐标=main@2
19:17:10.002 INFO  io.mosire.simos.app.gui.GuiServer - access POST /api/command -> 200 7ms remote=127.0.0.1
19:17:10.007 INFO  io.mosire.simos.core.command.CommandBus - 命令提交: type=sd.CreateArmy commandId=24d27469-47b8-4aa2-9308-643bc941648c correlationId=24d27469-47b8-4aa2-9308-643bc941648c 新坐标=main@3
19:17:10.007 INFO  io.mosire.simos.app.gui.GuiServer - access POST /api/command -> 200 3ms remote=127.0.0.1
19:17:10.057 INFO  io.mosire.simos.core.command.CommandBus - 命令提交: type=sd.CreateDecisionMaker commandId=6c15735c-303f-4f60-a4df-924302a0f180 correlationId=6c15735c-303f-4f60-a4df-924302a0f180 新坐标=main@4
19:17:10.058 INFO  io.mosire.simos.app.gui.GuiServer - access POST /api/command -> 200 6ms remote=127.0.0.1
19:17:10.108 INFO  io.mosire.simos.core.command.CommandBus - 命令提交: type=sd.CreateDecisionMaker commandId=62f14f6c-5064-4b63-af01-7cda19e4baa7 correlationId=62f14f6c-5064-4b63-af01-7cda19e4baa7 新坐标=main@5
19:17:10.109 INFO  io.mosire.simos.app.gui.GuiServer - access POST /api/command -> 200 5ms remote=127.0.0.1
19:17:10.161 INFO  io.mosire.simos.core.command.CommandBus - 命令提交: type=sd.SetViewScope commandId=52abdd78-af53-4693-8494-5c95974b1439 correlationId=52abdd78-af53-4693-8494-5c95974b1439 新坐标=main@6
19:17:10.161 INFO  io.mosire.simos.app.gui.GuiServer - access POST /api/command -> 200 6ms remote=127.0.0.1
19:17:10.208 INFO  io.mosire.simos.app.gui.GuiServer - access GET /api/sd/decision-makers -> 400 0ms remote=127.0.0.1
19:17:10.252 INFO  io.mosire.agentlib.approval.ApprovalHttpEndpoint - 审批 HTTP 面已停止（端口 46141）
19:17:10.252 INFO  io.mosire.agentlib.approval.HttpApprovalChannel - HTTP 审批通道已关闭
19:17:10.303 INFO  io.mosire.agentlib.mcp.AgentToMcpServer - MCP streamable server 已启动: name=simos-shell version=0.1.0-SNAPSHOT 外发工具 15 个 [sd.IssueDirective, sd.SetViewScope, sd.SubmitVerdict, simos.advance, simos.command.catalog, simos.command.submit, simos.fork, simos.map.hex, simos.map.overview, simos.social.population, simos.state.facets, simos.state.resolve, simos.timeline.branches, simos.unit.get, simos.unit.list]；Registry 共 15 个，未外发 0 个 []
19:17:10.313 INFO  io.mosire.agentlib.mcp.AgentToMcpServer - MCP streamable server 已启动: name=simos-shell-decision version=0.1.0-SNAPSHOT 外发工具 11 个 [sd.IssueDirective, sd.SubmitVerdict, simos.command.catalog, simos.map.hex, simos.map.overview, simos.social.population, simos.state.facets, simos.state.resolve, simos.timeline.branches, simos.unit.get, simos.unit.list]；Registry 共 11 个，未外发 0 个 []
19:17:10.323 INFO  io.mosire.simos.app.gui.GuiServer - GUI 服务器已启动: http://127.0.0.1:44853/（静态 /webui，同源，无 CORS 头）
19:17:10.323 INFO  io.mosire.simos.app.Shell - Shell 装配完成: store=/tmp/junit-2858719485140227450 checkpointInterval=100 codec=4 handler=41 participant=2 resolver=4 facet=2 tool=15 decisionTool=11 mapId=Map1 bindAddress=127.0.0.1 mcpPort=46655 decisionAgentMcpPort=45969 guiPort=44853 approvalPort=46605
19:17:10.334 INFO  io.mosire.simos.core.command.CommandBus - 命令提交: type=sd.CreateNation commandId=81e0d81b-dcb6-4495-9b82-d4832b188544 correlationId=81e0d81b-dcb6-4495-9b82-d4832b188544 新坐标=main@2
19:17:10.335 INFO  io.mosire.simos.app.gui.GuiServer - access POST /api/command -> 200 6ms remote=127.0.0.1
19:17:10.342 INFO  io.mosire.simos.core.command.CommandBus - 命令提交: type=sd.CreateArmy commandId=eb0c0f38-a253-4c30-8ea8-4e0100821b32 correlationId=eb0c0f38-a253-4c30-8ea8-4e0100821b32 新坐标=main@3
19:17:10.342 INFO  io.mosire.simos.app.gui.GuiServer - access POST /api/command -> 200 5ms remote=127.0.0.1
19:17:10.396 INFO  io.mosire.simos.core.command.CommandBus - 命令提交: type=sd.CreateDecisionMaker commandId=4ab8dc79-34fb-4974-a4e8-5d095f87e990 correlationId=4ab8dc79-34fb-4974-a4e8-5d095f87e990 新坐标=main@4
19:17:10.396 INFO  io.mosire.simos.app.gui.GuiServer - access POST /api/command -> 200 6ms remote=127.0.0.1
19:17:10.445 INFO  io.mosire.simos.core.command.CommandBus - 命令提交: type=sd.CreateDecisionMaker commandId=b108eb62-e844-4f7d-aef8-fec9cea41e17 correlationId=b108eb62-e844-4f7d-aef8-fec9cea41e17 新坐标=main@5
19:17:10.446 INFO  io.mosire.simos.app.gui.GuiServer - access POST /api/command -> 200 5ms remote=127.0.0.1
19:17:10.504 INFO  io.mosire.simos.core.command.CommandBus - 命令提交: type=sd.SetViewScope commandId=68c5537c-9c02-4ccc-984e-886ccdd63d80 correlationId=68c5537c-9c02-4ccc-984e-886ccdd63d80 新坐标=main@6
19:17:10.504 INFO  io.mosire.simos.app.gui.GuiServer - access POST /api/command -> 200 9ms remote=127.0.0.1
19:17:10.558 INFO  io.mosire.simos.app.gui.GuiServer - access GET /api/sd/decision-makers -> 400 0ms remote=127.0.0.1
19:17:10.604 INFO  io.mosire.agentlib.approval.ApprovalHttpEndpoint - 审批 HTTP 面已停止（端口 46605）
19:17:10.604 INFO  io.mosire.agentlib.approval.HttpApprovalChannel - HTTP 审批通道已关闭
19:17:10.652 INFO  io.mosire.agentlib.mcp.AgentToMcpServer - MCP streamable server 已启动: name=simos-shell version=0.1.0-SNAPSHOT 外发工具 15 个 [sd.IssueDirective, sd.SetViewScope, sd.SubmitVerdict, simos.advance, simos.command.catalog, simos.command.submit, simos.fork, simos.map.hex, simos.map.overview, simos.social.population, simos.state.facets, simos.state.resolve, simos.timeline.branches, simos.unit.get, simos.unit.list]；Registry 共 15 个，未外发 0 个 []
19:17:10.662 INFO  io.mosire.agentlib.mcp.AgentToMcpServer - MCP streamable server 已启动: name=simos-shell-decision version=0.1.0-SNAPSHOT 外发工具 11 个 [sd.IssueDirective, sd.SubmitVerdict, simos.command.catalog, simos.map.hex, simos.map.overview, simos.social.population, simos.state.facets, simos.state.resolve, simos.timeline.branches, simos.unit.get, simos.unit.list]；Registry 共 11 个，未外发 0 个 []
19:17:10.673 INFO  io.mosire.simos.app.gui.GuiServer - GUI 服务器已启动: http://127.0.0.1:46009/（静态 /webui，同源，无 CORS 头）
19:17:10.673 INFO  io.mosire.simos.app.Shell - Shell 装配完成: store=/tmp/junit-3649055348999183301 checkpointInterval=100 codec=4 handler=41 participant=2 resolver=4 facet=2 tool=15 decisionTool=11 mapId=Map1 bindAddress=127.0.0.1 mcpPort=46379 decisionAgentMcpPort=44935 guiPort=46009 approvalPort=45409
19:17:10.684 INFO  io.mosire.simos.core.command.CommandBus - 命令提交: type=sd.CreateNation commandId=1f11c49d-a30e-46d1-9866-5c9bd98f660f correlationId=1f11c49d-a30e-46d1-9866-5c9bd98f660f 新坐标=main@2
19:17:10.684 INFO  io.mosire.simos.app.gui.GuiServer - access POST /api/command -> 200 7ms remote=127.0.0.1
19:17:10.690 INFO  io.mosire.simos.core.command.CommandBus - 命令提交: type=sd.CreateArmy commandId=113f52b2-c020-4e79-9835-90ebc6296ec1 correlationId=113f52b2-c020-4e79-9835-90ebc6296ec1 新坐标=main@3
19:17:10.690 INFO  io.mosire.simos.app.gui.GuiServer - access POST /api/command -> 200 3ms remote=127.0.0.1
19:17:10.743 INFO  io.mosire.simos.core.command.CommandBus - 命令提交: type=sd.CreateDecisionMaker commandId=47e645c9-43c1-4e0d-8386-8711f2fa50bf correlationId=47e645c9-43c1-4e0d-8386-8711f2fa50bf 新坐标=main@4
19:17:10.744 INFO  io.mosire.simos.app.gui.GuiServer - access POST /api/command -> 200 7ms remote=127.0.0.1
19:17:10.794 INFO  io.mosire.simos.core.command.CommandBus - 命令提交: type=sd.CreateDecisionMaker commandId=ed03658c-62a0-4e78-a5c3-be0d54768d7a correlationId=ed03658c-62a0-4e78-a5c3-be0d54768d7a 新坐标=main@5
19:17:10.795 INFO  io.mosire.simos.app.gui.GuiServer - access POST /api/command -> 200 6ms remote=127.0.0.1
19:17:10.850 INFO  io.mosire.simos.core.command.CommandBus - 命令提交: type=sd.CreateDecisionMaker commandId=d111788e-e24b-41cc-b5f5-7442f5c4821b correlationId=d111788e-e24b-41cc-b5f5-7442f5c4821b 新坐标=main@6
19:17:10.850 INFO  io.mosire.simos.app.gui.GuiServer - access POST /api/command -> 200 9ms remote=127.0.0.1
19:17:10.910 INFO  io.mosire.simos.core.command.CommandBus - 命令提交: type=sd.CreateDecisionMaker commandId=67de9342-48c4-4636-95f8-72fbac18e9dc correlationId=67de9342-48c4-4636-95f8-72fbac18e9dc 新坐标=main@7
19:17:10.910 INFO  io.mosire.simos.app.gui.GuiServer - access POST /api/command -> 200 12ms remote=127.0.0.1
19:17:10.965 INFO  io.mosire.simos.core.command.CommandBus - 命令提交: type=sd.IssueDirective commandId=6219b7f3-86a2-45e7-a94a-2a46a5c506fc correlationId=6219b7f3-86a2-45e7-a94a-2a46a5c506fc 新坐标=main@8
19:17:10.965 INFO  io.mosire.simos.app.gui.GuiServer - access POST /api/command -> 200 8ms remote=127.0.0.1
19:17:11.019 INFO  io.mosire.simos.core.command.CommandBus - 命令提交: type=sd.IssueDirective commandId=07c1bda0-a939-4039-a1bc-79dff9cdb8f4 correlationId=07c1bda0-a939-4039-a1bc-79dff9cdb8f4 新坐标=main@9
19:17:11.019 INFO  io.mosire.simos.app.gui.GuiServer - access POST /api/command -> 200 7ms remote=127.0.0.1
19:17:11.072 INFO  io.mosire.simos.core.command.CommandBus - 命令提交: type=sd.IssueDirective commandId=df101149-00a0-4312-9907-c4873520972d correlationId=df101149-00a0-4312-9907-c4873520972d 新坐标=main@10
19:17:11.073 INFO  io.mosire.simos.app.gui.GuiServer - access POST /api/command -> 200 8ms remote=127.0.0.1
19:17:11.126 INFO  io.mosire.simos.core.command.CommandBus - 命令提交: type=sd.IssueDirective commandId=a6057107-cdf8-4dd4-b159-6e32baf8c1d3 correlationId=a6057107-cdf8-4dd4-b159-6e32baf8c1d3 新坐标=main@11
19:17:11.126 INFO  io.mosire.simos.app.gui.GuiServer - access POST /api/command -> 200 6ms remote=127.0.0.1
19:17:11.173 INFO  io.mosire.simos.app.gui.GuiServer - access GET /api/sd/decision-makers -> 200 1ms remote=127.0.0.1
19:17:11.221 INFO  io.mosire.simos.app.gui.GuiServer - access GET /api/sd/decision-makers/dm-due -> 200 0ms remote=127.0.0.1
19:17:11.268 INFO  io.mosire.simos.app.gui.GuiServer - access GET /api/sd/decision-makers/dm-first -> 200 0ms remote=127.0.0.1
19:17:11.315 INFO  io.mosire.simos.app.gui.GuiServer - access GET /api/sd/decision-makers/dm-max -> 200 0ms remote=127.0.0.1
19:17:11.360 INFO  io.mosire.simos.app.gui.GuiServer - access GET /api/sd/decision-makers/dm-wait -> 200 0ms remote=127.0.0.1
19:17:11.409 INFO  io.mosire.agentlib.approval.ApprovalHttpEndpoint - 审批 HTTP 面已停止（端口 45409）
19:17:11.410 INFO  io.mosire.agentlib.approval.HttpApprovalChannel - HTTP 审批通道已关闭
19:17:11.470 INFO  io.mosire.agentlib.mcp.AgentToMcpServer - MCP streamable server 已启动: name=simos-shell version=0.1.0-SNAPSHOT 外发工具 15 个 [sd.IssueDirective, sd.SetViewScope, sd.SubmitVerdict, simos.advance, simos.command.catalog, simos.command.submit, simos.fork, simos.map.hex, simos.map.overview, simos.social.population, simos.state.facets, simos.state.resolve, simos.timeline.branches, simos.unit.get, simos.unit.list]；Registry 共 15 个，未外发 0 个 []
19:17:11.479 INFO  io.mosire.agentlib.mcp.AgentToMcpServer - MCP streamable server 已启动: name=simos-shell-decision version=0.1.0-SNAPSHOT 外发工具 11 个 [sd.IssueDirective, sd.SubmitVerdict, simos.command.catalog, simos.map.hex, simos.map.overview, simos.social.population, simos.state.facets, simos.state.resolve, simos.timeline.branches, simos.unit.get, simos.unit.list]；Registry 共 11 个，未外发 0 个 []
19:17:11.489 INFO  io.mosire.simos.app.gui.GuiServer - GUI 服务器已启动: http://127.0.0.1:45751/（静态 /webui，同源，无 CORS 头）
19:17:11.489 INFO  io.mosire.simos.app.Shell - Shell 装配完成: store=/tmp/junit-16619534246503736849 checkpointInterval=100 codec=4 handler=41 participant=2 resolver=4 facet=2 tool=15 decisionTool=11 mapId=Map1 bindAddress=127.0.0.1 mcpPort=46355 decisionAgentMcpPort=45137 guiPort=45751 approvalPort=44961
19:17:11.500 INFO  io.mosire.simos.core.command.CommandBus - 命令提交: type=sd.CreateNation commandId=44c44c4d-a6aa-4cd4-820c-e2c922762eea correlationId=44c44c4d-a6aa-4cd4-820c-e2c922762eea 新坐标=main@2
19:17:11.501 INFO  io.mosire.simos.app.gui.GuiServer - access POST /api/command -> 200 7ms remote=127.0.0.1
19:17:11.507 INFO  io.mosire.simos.core.command.CommandBus - 命令提交: type=sd.CreateArmy commandId=98aa61e5-88a0-4072-8be6-0958e7d91ff6 correlationId=98aa61e5-88a0-4072-8be6-0958e7d91ff6 新坐标=main@3
19:17:11.507 INFO  io.mosire.simos.app.gui.GuiServer - access POST /api/command -> 200 3ms remote=127.0.0.1
19:17:11.557 INFO  io.mosire.simos.core.command.CommandBus - 命令提交: type=sd.CreateDecisionMaker commandId=2a9467d4-1edd-41b1-8ee2-94f4449654a5 correlationId=2a9467d4-1edd-41b1-8ee2-94f4449654a5 新坐标=main@4
19:17:11.558 INFO  io.mosire.simos.app.gui.GuiServer - access POST /api/command -> 200 5ms remote=127.0.0.1
19:17:11.609 INFO  io.mosire.simos.core.command.CommandBus - 命令提交: type=sd.CreateDecisionMaker commandId=cf1fb905-7a1c-4508-ad85-f73633ae2d17 correlationId=cf1fb905-7a1c-4508-ad85-f73633ae2d17 新坐标=main@5
19:17:11.609 INFO  io.mosire.simos.app.gui.GuiServer - access POST /api/command -> 200 5ms remote=127.0.0.1
19:17:11.665 INFO  io.mosire.simos.core.command.CommandBus - 命令提交: type=sd.SetViewScope commandId=a91cd070-564f-4da0-890e-05e3c2aa74cd correlationId=a91cd070-564f-4da0-890e-05e3c2aa74cd 新坐标=main@6
19:17:11.665 INFO  io.mosire.simos.app.gui.GuiServer - access POST /api/command -> 200 7ms remote=127.0.0.1
19:17:11.712 INFO  io.mosire.simos.app.gui.GuiServer - access POST /api/sd/decision-makers -> 405 0ms remote=127.0.0.1
19:17:11.757 INFO  io.mosire.agentlib.approval.ApprovalHttpEndpoint - 审批 HTTP 面已停止（端口 44961）
19:17:11.757 INFO  io.mosire.agentlib.approval.HttpApprovalChannel - HTTP 审批通道已关闭
19:17:11.804 INFO  io.mosire.agentlib.mcp.AgentToMcpServer - MCP streamable server 已启动: name=simos-shell version=0.1.0-SNAPSHOT 外发工具 15 个 [sd.IssueDirective, sd.SetViewScope, sd.SubmitVerdict, simos.advance, simos.command.catalog, simos.command.submit, simos.fork, simos.map.hex, simos.map.overview, simos.social.population, simos.state.facets, simos.state.resolve, simos.timeline.branches, simos.unit.get, simos.unit.list]；Registry 共 15 个，未外发 0 个 []
19:17:11.814 INFO  io.mosire.agentlib.mcp.AgentToMcpServer - MCP streamable server 已启动: name=simos-shell-decision version=0.1.0-SNAPSHOT 外发工具 11 个 [sd.IssueDirective, sd.SubmitVerdict, simos.command.catalog, simos.map.hex, simos.map.overview, simos.social.population, simos.state.facets, simos.state.resolve, simos.timeline.branches, simos.unit.get, simos.unit.list]；Registry 共 11 个，未外发 0 个 []
19:17:11.824 INFO  io.mosire.simos.app.gui.GuiServer - GUI 服务器已启动: http://127.0.0.1:45561/（静态 /webui，同源，无 CORS 头）
19:17:11.824 INFO  io.mosire.simos.app.Shell - Shell 装配完成: store=/tmp/junit-10587087568809857896 checkpointInterval=100 codec=4 handler=41 participant=2 resolver=4 facet=2 tool=15 decisionTool=11 mapId=Map1 bindAddress=127.0.0.1 mcpPort=46637 decisionAgentMcpPort=45601 guiPort=45561 approvalPort=46367
19:17:11.836 INFO  io.mosire.simos.core.command.CommandBus - 命令提交: type=sd.CreateNation commandId=f8f811f6-8ea7-4973-87b9-a1a02a0eed6d correlationId=f8f811f6-8ea7-4973-87b9-a1a02a0eed6d 新坐标=main@2
19:17:11.836 INFO  io.mosire.simos.app.gui.GuiServer - access POST /api/command -> 200 9ms remote=127.0.0.1
19:17:11.843 INFO  io.mosire.simos.core.command.CommandBus - 命令提交: type=sd.CreateArmy commandId=43445fc7-c89f-4386-9149-a06a0900db8e correlationId=43445fc7-c89f-4386-9149-a06a0900db8e 新坐标=main@3
19:17:11.843 INFO  io.mosire.simos.app.gui.GuiServer - access POST /api/command -> 200 4ms remote=127.0.0.1
19:17:11.896 INFO  io.mosire.simos.core.command.CommandBus - 命令提交: type=sd.CreateDecisionMaker commandId=92b17b83-f28e-4d8f-a427-1a20879c4f05 correlationId=92b17b83-f28e-4d8f-a427-1a20879c4f05 新坐标=main@4
19:17:11.897 INFO  io.mosire.simos.app.gui.GuiServer - access POST /api/command -> 200 7ms remote=127.0.0.1
19:17:11.952 INFO  io.mosire.simos.core.command.CommandBus - 命令提交: type=sd.CreateDecisionMaker commandId=1f2f446d-a9ac-45d8-b98e-e51ce8f5cf96 correlationId=1f2f446d-a9ac-45d8-b98e-e51ce8f5cf96 新坐标=main@5
19:17:11.952 INFO  io.mosire.simos.app.gui.GuiServer - access POST /api/command -> 200 7ms remote=127.0.0.1
19:17:12.007 INFO  io.mosire.simos.core.command.CommandBus - 命令提交: type=sd.SetViewScope commandId=04977d39-c6a1-4f9f-a198-3b449790a0ab correlationId=04977d39-c6a1-4f9f-a198-3b449790a0ab 新坐标=main@6
19:17:12.007 INFO  io.mosire.simos.app.gui.GuiServer - access POST /api/command -> 200 7ms remote=127.0.0.1
19:17:12.054 INFO  io.mosire.simos.app.gui.GuiServer - access GET /api/sd/decision-makers/dm-nation -> 200 1ms remote=127.0.0.1
19:17:12.100 INFO  io.mosire.agentlib.approval.ApprovalHttpEndpoint - 审批 HTTP 面已停止（端口 46367）
19:17:12.100 INFO  io.mosire.agentlib.approval.HttpApprovalChannel - HTTP 审批通道已关闭
19:17:12.149 INFO  io.mosire.agentlib.mcp.AgentToMcpServer - MCP streamable server 已启动: name=simos-shell version=0.1.0-SNAPSHOT 外发工具 15 个 [sd.IssueDirective, sd.SetViewScope, sd.SubmitVerdict, simos.advance, simos.command.catalog, simos.command.submit, simos.fork, simos.map.hex, simos.map.overview, simos.social.population, simos.state.facets, simos.state.resolve, simos.timeline.branches, simos.unit.get, simos.unit.list]；Registry 共 15 个，未外发 0 个 []
19:17:12.159 INFO  io.mosire.agentlib.mcp.AgentToMcpServer - MCP streamable server 已启动: name=simos-shell-decision version=0.1.0-SNAPSHOT 外发工具 11 个 [sd.IssueDirective, sd.SubmitVerdict, simos.command.catalog, simos.map.hex, simos.map.overview, simos.social.population, simos.state.facets, simos.state.resolve, simos.timeline.branches, simos.unit.get, simos.unit.list]；Registry 共 11 个，未外发 0 个 []
19:17:12.170 INFO  io.mosire.simos.app.gui.GuiServer - GUI 服务器已启动: http://127.0.0.1:44659/（静态 /webui，同源，无 CORS 头）
19:17:12.170 INFO  io.mosire.simos.app.Shell - Shell 装配完成: store=/tmp/junit-10955610096947465330 checkpointInterval=100 codec=4 handler=41 participant=2 resolver=4 facet=2 tool=15 decisionTool=11 mapId=Map1 bindAddress=127.0.0.1 mcpPort=46197 decisionAgentMcpPort=45055 guiPort=44659 approvalPort=45629
19:17:12.180 INFO  io.mosire.simos.core.command.CommandBus - 命令提交: type=sd.CreateNation commandId=12023763-451a-463e-b51c-4ce25b2c278f correlationId=12023763-451a-463e-b51c-4ce25b2c278f 新坐标=main@2
19:17:12.180 INFO  io.mosire.simos.app.gui.GuiServer - access POST /api/command -> 200 7ms remote=127.0.0.1
19:17:12.185 INFO  io.mosire.simos.core.command.CommandBus - 命令提交: type=sd.CreateArmy commandId=f0d8c22d-5f01-456a-8249-b8192117dbca correlationId=f0d8c22d-5f01-456a-8249-b8192117dbca 新坐标=main@3
19:17:12.186 INFO  io.mosire.simos.app.gui.GuiServer - access POST /api/command -> 200 3ms remote=127.0.0.1
19:17:12.238 INFO  io.mosire.simos.core.command.CommandBus - 命令提交: type=sd.CreateDecisionMaker commandId=cff55607-bd5a-4b84-91b1-1acd57d708cf correlationId=cff55607-bd5a-4b84-91b1-1acd57d708cf 新坐标=main@4
19:17:12.239 INFO  io.mosire.simos.app.gui.GuiServer - access POST /api/command -> 200 6ms remote=127.0.0.1
19:17:12.291 INFO  io.mosire.simos.core.command.CommandBus - 命令提交: type=sd.CreateDecisionMaker commandId=49778114-7ac3-4051-b376-b1bbf70ef7bc correlationId=49778114-7ac3-4051-b376-b1bbf70ef7bc 新坐标=main@5
19:17:12.292 INFO  io.mosire.simos.app.gui.GuiServer - access POST /api/command -> 200 8ms remote=127.0.0.1
19:17:12.342 INFO  io.mosire.simos.core.command.CommandBus - 命令提交: type=sd.SetViewScope commandId=21d7db98-be86-48d6-9898-432404728383 correlationId=21d7db98-be86-48d6-9898-432404728383 新坐标=main@6
19:17:12.342 INFO  io.mosire.simos.app.gui.GuiServer - access POST /api/command -> 200 6ms remote=127.0.0.1
19:17:12.390 INFO  io.mosire.simos.app.gui.GuiServer - access GET /api/sd/decision-makers/dm-nope -> 404 2ms remote=127.0.0.1
19:17:12.435 INFO  io.mosire.agentlib.approval.ApprovalHttpEndpoint - 审批 HTTP 面已停止（端口 45629）
19:17:12.435 INFO  io.mosire.agentlib.approval.HttpApprovalChannel - HTTP 审批通道已关闭
19:17:12.474 INFO  io.mosire.agentlib.mcp.AgentToMcpServer - MCP streamable server 已启动: name=simos-shell version=0.1.0-SNAPSHOT 外发工具 15 个 [sd.IssueDirective, sd.SetViewScope, sd.SubmitVerdict, simos.advance, simos.command.catalog, simos.command.submit, simos.fork, simos.map.hex, simos.map.overview, simos.social.population, simos.state.facets, simos.state.resolve, simos.timeline.branches, simos.unit.get, simos.unit.list]；Registry 共 15 个，未外发 0 个 []
19:17:12.485 INFO  io.mosire.agentlib.mcp.AgentToMcpServer - MCP streamable server 已启动: name=simos-shell-decision version=0.1.0-SNAPSHOT 外发工具 11 个 [sd.IssueDirective, sd.SubmitVerdict, simos.command.catalog, simos.map.hex, simos.map.overview, simos.social.population, simos.state.facets, simos.state.resolve, simos.timeline.branches, simos.unit.get, simos.unit.list]；Registry 共 11 个，未外发 0 个 []
19:17:12.495 INFO  io.mosire.simos.app.gui.GuiServer - GUI 服务器已启动: http://127.0.0.1:44869/（静态 /webui，同源，无 CORS 头）
19:17:12.495 INFO  io.mosire.simos.app.Shell - Shell 装配完成: store=/tmp/junit-15210338602063773380 checkpointInterval=100 codec=4 handler=41 participant=2 resolver=4 facet=2 tool=15 decisionTool=11 mapId=Map1 bindAddress=127.0.0.1 mcpPort=46377 decisionAgentMcpPort=46545 guiPort=44869 approvalPort=46423
19:17:12.511 INFO  io.mosire.simos.core.command.CommandBus - 命令提交: type=sd.CreateNation commandId=3bc3a6b6-ed48-4b30-bfd5-fa057a6607dd correlationId=3bc3a6b6-ed48-4b30-bfd5-fa057a6607dd 新坐标=main@2
19:17:12.512 INFO  io.mosire.simos.app.gui.GuiServer - access POST /api/command -> 200 11ms remote=127.0.0.1
19:17:12.522 INFO  io.mosire.simos.core.command.CommandBus - 命令提交: type=sd.CreateArmy commandId=49954c49-f2d4-4afc-a943-ae10d9bee637 correlationId=49954c49-f2d4-4afc-a943-ae10d9bee637 新坐标=main@3
19:17:12.523 INFO  io.mosire.simos.app.gui.GuiServer - access POST /api/command -> 200 6ms remote=127.0.0.1
19:17:12.577 INFO  io.mosire.simos.core.command.CommandBus - 命令提交: type=sd.CreateDecisionMaker commandId=9d2b9aaa-c816-4d0a-933e-737fc640962b correlationId=9d2b9aaa-c816-4d0a-933e-737fc640962b 新坐标=main@4
19:17:12.578 INFO  io.mosire.simos.app.gui.GuiServer - access POST /api/command -> 200 6ms remote=127.0.0.1
19:17:12.632 INFO  io.mosire.simos.core.command.CommandBus - 命令提交: type=sd.CreateDecisionMaker commandId=70e368aa-d058-470e-8f82-42c763c31d60 correlationId=70e368aa-d058-470e-8f82-42c763c31d60 新坐标=main@5
19:17:12.633 INFO  io.mosire.simos.app.gui.GuiServer - access POST /api/command -> 200 9ms remote=127.0.0.1
19:17:12.689 INFO  io.mosire.simos.core.command.CommandBus - 命令提交: type=sd.SetViewScope commandId=edeeb374-e922-4ba9-846c-f4da9e4cf98c correlationId=edeeb374-e922-4ba9-846c-f4da9e4cf98c 新坐标=main@6
19:17:12.690 INFO  io.mosire.simos.app.gui.GuiServer - access POST /api/command -> 200 10ms remote=127.0.0.1
19:17:12.736 INFO  io.mosire.simos.app.gui.GuiServer - access GET /api/sd/decision-makers -> 200 1ms remote=127.0.0.1
19:17:12.782 INFO  io.mosire.agentlib.approval.ApprovalHttpEndpoint - 审批 HTTP 面已停止（端口 46423）
19:17:12.782 INFO  io.mosire.agentlib.approval.HttpApprovalChannel - HTTP 审批通道已关闭
19:17:12.836 INFO  io.mosire.agentlib.mcp.AgentToMcpServer - MCP streamable server 已启动: name=simos-shell version=0.1.0-SNAPSHOT 外发工具 15 个 [sd.IssueDirective, sd.SetViewScope, sd.SubmitVerdict, simos.advance, simos.command.catalog, simos.command.submit, simos.fork, simos.map.hex, simos.map.overview, simos.social.population, simos.state.facets, simos.state.resolve, simos.timeline.branches, simos.unit.get, simos.unit.list]；Registry 共 15 个，未外发 0 个 []
19:17:12.845 INFO  io.mosire.agentlib.mcp.AgentToMcpServer - MCP streamable server 已启动: name=simos-shell-decision version=0.1.0-SNAPSHOT 外发工具 11 个 [sd.IssueDirective, sd.SubmitVerdict, simos.command.catalog, simos.map.hex, simos.map.overview, simos.social.population, simos.state.facets, simos.state.resolve, simos.timeline.branches, simos.unit.get, simos.unit.list]；Registry 共 11 个，未外发 0 个 []
19:17:12.856 INFO  io.mosire.simos.app.gui.GuiServer - GUI 服务器已启动: http://127.0.0.1:45269/（静态 /webui，同源，无 CORS 头）
19:17:12.856 INFO  io.mosire.simos.app.Shell - Shell 装配完成: store=/tmp/junit-8719829282984533910 checkpointInterval=100 codec=4 handler=41 participant=2 resolver=4 facet=2 tool=15 decisionTool=11 mapId=Map1 bindAddress=127.0.0.1 mcpPort=45111 decisionAgentMcpPort=45777 guiPort=45269 approvalPort=44793
19:17:12.866 INFO  io.mosire.simos.core.command.CommandBus - 命令提交: type=sd.CreateNation commandId=128f5a9e-dc78-4e6e-98d5-9a0e8fbfcb52 correlationId=128f5a9e-dc78-4e6e-98d5-9a0e8fbfcb52 新坐标=main@2
19:17:12.866 INFO  io.mosire.simos.app.gui.GuiServer - access POST /api/command -> 200 7ms remote=127.0.0.1
19:17:12.872 INFO  io.mosire.simos.core.command.CommandBus - 命令提交: type=sd.CreateArmy commandId=fda54f5e-425f-4837-baf7-d9f17ba4e4b0 correlationId=fda54f5e-425f-4837-baf7-d9f17ba4e4b0 新坐标=main@3
19:17:12.872 INFO  io.mosire.simos.app.gui.GuiServer - access POST /api/command -> 200 3ms remote=127.0.0.1
19:17:12.923 INFO  io.mosire.simos.core.command.CommandBus - 命令提交: type=sd.CreateDecisionMaker commandId=16656cce-86f6-4aab-b20b-2dbb53768705 correlationId=16656cce-86f6-4aab-b20b-2dbb53768705 新坐标=main@4
19:17:12.923 INFO  io.mosire.simos.app.gui.GuiServer - access POST /api/command -> 200 7ms remote=127.0.0.1
19:17:12.977 INFO  io.mosire.simos.core.command.CommandBus - 命令提交: type=sd.CreateDecisionMaker commandId=bbf2643c-c2cd-4f14-8b11-22c1552b6d59 correlationId=bbf2643c-c2cd-4f14-8b11-22c1552b6d59 新坐标=main@5
19:17:12.977 INFO  io.mosire.simos.app.gui.GuiServer - access POST /api/command -> 200 7ms remote=127.0.0.1
19:17:13.032 INFO  io.mosire.simos.core.command.CommandBus - 命令提交: type=sd.SetViewScope commandId=a4b27288-624f-4a5c-9365-a8f55d86bef2 correlationId=a4b27288-624f-4a5c-9365-a8f55d86bef2 新坐标=main@6
19:17:13.033 INFO  io.mosire.simos.app.gui.GuiServer - access POST /api/command -> 200 6ms remote=127.0.0.1
19:17:13.077 INFO  io.mosire.simos.app.gui.GuiServer - access GET /api/sd/decision-makers -> 400 0ms remote=127.0.0.1
19:17:13.121 INFO  io.mosire.agentlib.approval.ApprovalHttpEndpoint - 审批 HTTP 面已停止（端口 44793）
19:17:13.121 INFO  io.mosire.agentlib.approval.HttpApprovalChannel - HTTP 审批通道已关闭
19:17:13.168 INFO  io.mosire.agentlib.mcp.AgentToMcpServer - MCP streamable server 已启动: name=simos-shell version=0.1.0-SNAPSHOT 外发工具 15 个 [sd.IssueDirective, sd.SetViewScope, sd.SubmitVerdict, simos.advance, simos.command.catalog, simos.command.submit, simos.fork, simos.map.hex, simos.map.overview, simos.social.population, simos.state.facets, simos.state.resolve, simos.timeline.branches, simos.unit.get, simos.unit.list]；Registry 共 15 个，未外发 0 个 []
19:17:13.178 INFO  io.mosire.agentlib.mcp.AgentToMcpServer - MCP streamable server 已启动: name=simos-shell-decision version=0.1.0-SNAPSHOT 外发工具 11 个 [sd.IssueDirective, sd.SubmitVerdict, simos.command.catalog, simos.map.hex, simos.map.overview, simos.social.population, simos.state.facets, simos.state.resolve, simos.timeline.branches, simos.unit.get, simos.unit.list]；Registry 共 11 个，未外发 0 个 []
19:17:13.188 INFO  io.mosire.simos.app.gui.GuiServer - GUI 服务器已启动: http://127.0.0.1:44753/（静态 /webui，同源，无 CORS 头）
19:17:13.188 INFO  io.mosire.simos.app.Shell - Shell 装配完成: store=/tmp/junit-8147947438644676391 checkpointInterval=100 codec=4 handler=41 participant=2 resolver=4 facet=2 tool=15 decisionTool=11 mapId=Map1 bindAddress=127.0.0.1 mcpPort=45411 decisionAgentMcpPort=45157 guiPort=44753 approvalPort=45117
19:17:13.197 INFO  io.mosire.simos.core.command.CommandBus - 命令提交: type=sd.CreateNation commandId=d17e2d2b-5e6e-4395-adb4-a47bd4e8fb27 correlationId=d17e2d2b-5e6e-4395-adb4-a47bd4e8fb27 新坐标=main@2
19:17:13.198 INFO  io.mosire.simos.app.gui.GuiServer - access POST /api/command -> 200 7ms remote=127.0.0.1
19:17:13.202 INFO  io.mosire.simos.core.command.CommandBus - 命令提交: type=sd.CreateArmy commandId=222b445a-5967-45b3-b819-cdcaba3d27b1 correlationId=222b445a-5967-45b3-b819-cdcaba3d27b1 新坐标=main@3
19:17:13.202 INFO  io.mosire.simos.app.gui.GuiServer - access POST /api/command -> 200 3ms remote=127.0.0.1
19:17:13.254 INFO  io.mosire.simos.core.command.CommandBus - 命令提交: type=sd.CreateDecisionMaker commandId=275501d6-3751-4f13-9c1b-950400a168f2 correlationId=275501d6-3751-4f13-9c1b-950400a168f2 新坐标=main@4
19:17:13.255 INFO  io.mosire.simos.app.gui.GuiServer - access POST /api/command -> 200 7ms remote=127.0.0.1
19:17:13.310 INFO  io.mosire.simos.core.command.CommandBus - 命令提交: type=sd.CreateDecisionMaker commandId=7c30bb40-a21a-421f-9a95-c4fd5b72a1a0 correlationId=7c30bb40-a21a-421f-9a95-c4fd5b72a1a0 新坐标=main@5
19:17:13.311 INFO  io.mosire.simos.app.gui.GuiServer - access POST /api/command -> 200 11ms remote=127.0.0.1
19:17:13.363 INFO  io.mosire.simos.core.command.CommandBus - 命令提交: type=sd.CreateDecisionMaker commandId=8d00358f-1d58-4b38-b6a4-5e4379de890f correlationId=8d00358f-1d58-4b38-b6a4-5e4379de890f 新坐标=main@6
19:17:13.364 INFO  io.mosire.simos.app.gui.GuiServer - access POST /api/command -> 200 7ms remote=127.0.0.1
19:17:13.415 INFO  io.mosire.simos.core.command.CommandBus - 命令提交: type=sd.CreateDecisionMaker commandId=e6fbcd05-e4c6-485b-a2d7-b8ece8e1f458 correlationId=e6fbcd05-e4c6-485b-a2d7-b8ece8e1f458 新坐标=main@7
19:17:13.415 INFO  io.mosire.simos.app.gui.GuiServer - access POST /api/command -> 200 6ms remote=127.0.0.1
19:17:13.469 INFO  io.mosire.simos.core.command.CommandBus - 命令提交: type=sd.IssueDirective commandId=4e70fd71-a28b-4aa2-be23-989edbb68ba7 correlationId=4e70fd71-a28b-4aa2-be23-989edbb68ba7 新坐标=main@8
19:17:13.469 INFO  io.mosire.simos.app.gui.GuiServer - access POST /api/command -> 200 7ms remote=127.0.0.1
19:17:13.521 INFO  io.mosire.simos.core.command.CommandBus - 命令提交: type=sd.IssueDirective commandId=0ca12f7c-81b9-4746-822c-f808a184a014 correlationId=0ca12f7c-81b9-4746-822c-f808a184a014 新坐标=main@9
19:17:13.521 INFO  io.mosire.simos.app.gui.GuiServer - access POST /api/command -> 200 5ms remote=127.0.0.1
19:17:13.574 INFO  io.mosire.simos.core.command.CommandBus - 命令提交: type=sd.IssueDirective commandId=4c4b9b64-9b77-4234-a408-d07e7f58c3e0 correlationId=4c4b9b64-9b77-4234-a408-d07e7f58c3e0 新坐标=main@10
19:17:13.574 INFO  io.mosire.simos.app.gui.GuiServer - access POST /api/command -> 200 7ms remote=127.0.0.1
19:17:13.629 INFO  io.mosire.simos.core.command.CommandBus - 命令提交: type=sd.IssueDirective commandId=3a21d776-bef7-487f-969e-1adfdc1c331e correlationId=3a21d776-bef7-487f-969e-1adfdc1c331e 新坐标=main@11
19:17:13.629 INFO  io.mosire.simos.app.gui.GuiServer - access POST /api/command -> 200 8ms remote=127.0.0.1
19:17:13.685 INFO  io.mosire.simos.core.advance.TimeAdvance - 命令提交: type=core.AdvanceTime commandId=b5dbbbfd-ce15-4f67-b80c-798fa2bee536 correlationId=b5dbbbfd-ce15-4f67-b80c-798fa2bee536 新坐标=main@12
19:17:13.686 INFO  io.mosire.simos.app.gui.GuiServer - access POST /api/advance -> 200 7ms remote=127.0.0.1
19:17:13.734 INFO  io.mosire.simos.app.gui.GuiServer - access GET /api/sd/decision-makers -> 200 1ms remote=127.0.0.1
19:17:13.780 INFO  io.mosire.agentlib.approval.ApprovalHttpEndpoint - 审批 HTTP 面已停止（端口 45117）
19:17:13.780 INFO  io.mosire.agentlib.approval.HttpApprovalChannel - HTTP 审批通道已关闭
19:17:13.828 INFO  io.mosire.agentlib.mcp.AgentToMcpServer - MCP streamable server 已启动: name=simos-shell version=0.1.0-SNAPSHOT 外发工具 15 个 [sd.IssueDirective, sd.SetViewScope, sd.SubmitVerdict, simos.advance, simos.command.catalog, simos.command.submit, simos.fork, simos.map.hex, simos.map.overview, simos.social.population, simos.state.facets, simos.state.resolve, simos.timeline.branches, simos.unit.get, simos.unit.list]；Registry 共 15 个，未外发 0 个 []
19:17:13.839 INFO  io.mosire.agentlib.mcp.AgentToMcpServer - MCP streamable server 已启动: name=simos-shell-decision version=0.1.0-SNAPSHOT 外发工具 11 个 [sd.IssueDirective, sd.SubmitVerdict, simos.command.catalog, simos.map.hex, simos.map.overview, simos.social.population, simos.state.facets, simos.state.resolve, simos.timeline.branches, simos.unit.get, simos.unit.list]；Registry 共 11 个，未外发 0 个 []
19:17:13.849 INFO  io.mosire.simos.app.gui.GuiServer - GUI 服务器已启动: http://127.0.0.1:45273/（静态 /webui，同源，无 CORS 头）
19:17:13.849 INFO  io.mosire.simos.app.Shell - Shell 装配完成: store=/tmp/junit-17470362098197208507 checkpointInterval=100 codec=4 handler=41 participant=2 resolver=4 facet=2 tool=15 decisionTool=11 mapId=Map1 bindAddress=127.0.0.1 mcpPort=46631 decisionAgentMcpPort=46371 guiPort=45273 approvalPort=46585
19:17:13.859 INFO  io.mosire.simos.core.command.CommandBus - 命令提交: type=sd.CreateNation commandId=cc663895-4bf9-4569-b2e0-b63479df3724 correlationId=cc663895-4bf9-4569-b2e0-b63479df3724 新坐标=main@2
19:17:13.859 INFO  io.mosire.simos.app.gui.GuiServer - access POST /api/command -> 200 7ms remote=127.0.0.1
19:17:13.867 INFO  io.mosire.simos.core.command.CommandBus - 命令提交: type=sd.CreateArmy commandId=d56ea348-fef0-40c7-991d-ac431a39f64d correlationId=d56ea348-fef0-40c7-991d-ac431a39f64d 新坐标=main@3
19:17:13.867 INFO  io.mosire.simos.app.gui.GuiServer - access POST /api/command -> 200 4ms remote=127.0.0.1
19:17:13.918 INFO  io.mosire.simos.core.command.CommandBus - 命令提交: type=sd.CreateDecisionMaker commandId=be4307da-1aa2-4065-8e86-b218901cc129 correlationId=be4307da-1aa2-4065-8e86-b218901cc129 新坐标=main@4
19:17:13.918 INFO  io.mosire.simos.app.gui.GuiServer - access POST /api/command -> 200 6ms remote=127.0.0.1
19:17:13.977 INFO  io.mosire.simos.core.command.CommandBus - 命令提交: type=sd.CreateDecisionMaker commandId=7dacce85-1dc2-46fc-9947-d18340af645d correlationId=7dacce85-1dc2-46fc-9947-d18340af645d 新坐标=main@5
19:17:13.977 INFO  io.mosire.simos.app.gui.GuiServer - access POST /api/command -> 200 10ms remote=127.0.0.1
19:17:14.034 INFO  io.mosire.simos.core.command.CommandBus - 命令提交: type=sd.SetViewScope commandId=0b53be30-9ca7-4949-bd35-c08a6b01f0ce correlationId=0b53be30-9ca7-4949-bd35-c08a6b01f0ce 新坐标=main@6
19:17:14.035 INFO  io.mosire.simos.app.gui.GuiServer - access POST /api/command -> 200 8ms remote=127.0.0.1
19:17:14.083 INFO  io.mosire.simos.app.gui.GuiServer - access GET /api/sd/decision-makers -> 200 2ms remote=127.0.0.1
19:17:14.129 INFO  io.mosire.agentlib.approval.ApprovalHttpEndpoint - 审批 HTTP 面已停止（端口 46585）
19:17:14.130 INFO  io.mosire.agentlib.approval.HttpApprovalChannel - HTTP 审批通道已关闭
19:17:14.183 INFO  io.mosire.agentlib.mcp.AgentToMcpServer - MCP streamable server 已启动: name=simos-shell version=0.1.0-SNAPSHOT 外发工具 15 个 [sd.IssueDirective, sd.SetViewScope, sd.SubmitVerdict, simos.advance, simos.command.catalog, simos.command.submit, simos.fork, simos.map.hex, simos.map.overview, simos.social.population, simos.state.facets, simos.state.resolve, simos.timeline.branches, simos.unit.get, simos.unit.list]；Registry 共 15 个，未外发 0 个 []
19:17:14.193 INFO  io.mosire.agentlib.mcp.AgentToMcpServer - MCP streamable server 已启动: name=simos-shell-decision version=0.1.0-SNAPSHOT 外发工具 11 个 [sd.IssueDirective, sd.SubmitVerdict, simos.command.catalog, simos.map.hex, simos.map.overview, simos.social.population, simos.state.facets, simos.state.resolve, simos.timeline.branches, simos.unit.get, simos.unit.list]；Registry 共 11 个，未外发 0 个 []
19:17:14.199 INFO  io.mosire.simos.app.gui.GuiServer - GUI 服务器已启动: http://127.0.0.1:46285/（静态 /webui，同源，无 CORS 头）
19:17:14.200 INFO  io.mosire.simos.app.Shell - Shell 装配完成: store=/tmp/junit-14374870046259301518 checkpointInterval=100 codec=4 handler=41 participant=2 resolver=4 facet=2 tool=15 decisionTool=11 mapId=Map1 bindAddress=127.0.0.1 mcpPort=45591 decisionAgentMcpPort=45813 guiPort=46285 approvalPort=46615
19:17:14.210 INFO  io.mosire.simos.core.command.CommandBus - 命令提交: type=sd.CreateNation commandId=e889d07f-fcbf-45b4-a7be-601351160960 correlationId=e889d07f-fcbf-45b4-a7be-601351160960 新坐标=main@2
19:17:14.210 INFO  io.mosire.simos.app.gui.GuiServer - access POST /api/command -> 200 7ms remote=127.0.0.1
19:17:14.216 INFO  io.mosire.simos.core.command.CommandBus - 命令提交: type=sd.CreateArmy commandId=efb40f77-f002-4ed5-b98a-e2f2b075c12c correlationId=efb40f77-f002-4ed5-b98a-e2f2b075c12c 新坐标=main@3
19:17:14.216 INFO  io.mosire.simos.app.gui.GuiServer - access POST /api/command -> 200 3ms remote=127.0.0.1
19:17:14.268 INFO  io.mosire.simos.core.command.CommandBus - 命令提交: type=sd.CreateDecisionMaker commandId=a8626569-3653-47f7-b0f5-4952150236f9 correlationId=a8626569-3653-47f7-b0f5-4952150236f9 新坐标=main@4
19:17:14.269 INFO  io.mosire.simos.app.gui.GuiServer - access POST /api/command -> 200 6ms remote=127.0.0.1
19:17:14.321 INFO  io.mosire.simos.core.command.CommandBus - 命令提交: type=sd.CreateDecisionMaker commandId=71f1307c-e47b-42f0-b60a-8f8930206229 correlationId=71f1307c-e47b-42f0-b60a-8f8930206229 新坐标=main@5
19:17:14.321 INFO  io.mosire.simos.app.gui.GuiServer - access POST /api/command -> 200 4ms remote=127.0.0.1
19:17:14.377 INFO  io.mosire.simos.core.command.CommandBus - 命令提交: type=sd.CreateDecisionMaker commandId=ea7b0e62-738f-4c75-8d4c-4246c4ccde40 correlationId=ea7b0e62-738f-4c75-8d4c-4246c4ccde40 新坐标=main@6
19:17:14.377 INFO  io.mosire.simos.app.gui.GuiServer - access POST /api/command -> 200 7ms remote=127.0.0.1
19:17:14.431 INFO  io.mosire.simos.core.command.CommandBus - 命令提交: type=sd.CreateDecisionMaker commandId=27ad5267-7593-4e62-b587-49f00bef2847 correlationId=27ad5267-7593-4e62-b587-49f00bef2847 新坐标=main@7
19:17:14.432 INFO  io.mosire.simos.app.gui.GuiServer - access POST /api/command -> 200 5ms remote=127.0.0.1
19:17:14.484 INFO  io.mosire.simos.core.command.CommandBus - 命令提交: type=sd.IssueDirective commandId=0c76a430-5dc8-4da2-adbd-934fc4401f3a correlationId=0c76a430-5dc8-4da2-adbd-934fc4401f3a 新坐标=main@8
19:17:14.484 INFO  io.mosire.simos.app.gui.GuiServer - access POST /api/command -> 200 6ms remote=127.0.0.1
19:17:14.537 INFO  io.mosire.simos.core.command.CommandBus - 命令提交: type=sd.IssueDirective commandId=ee07b8db-d14b-4741-9b99-85f8f068eba9 correlationId=ee07b8db-d14b-4741-9b99-85f8f068eba9 新坐标=main@9
19:17:14.537 INFO  io.mosire.simos.app.gui.GuiServer - access POST /api/command -> 200 8ms remote=127.0.0.1
19:17:14.590 INFO  io.mosire.simos.core.command.CommandBus - 命令提交: type=sd.IssueDirective commandId=c45235c2-9b36-4dfe-b183-797ef6f3a183 correlationId=c45235c2-9b36-4dfe-b183-797ef6f3a183 新坐标=main@10
19:17:14.591 INFO  io.mosire.simos.app.gui.GuiServer - access POST /api/command -> 200 6ms remote=127.0.0.1
19:17:14.645 INFO  io.mosire.simos.core.command.CommandBus - 命令提交: type=sd.IssueDirective commandId=8e7e250c-8c96-45b8-b903-5c92e978ede6 correlationId=8e7e250c-8c96-45b8-b903-5c92e978ede6 新坐标=main@11
19:17:14.646 INFO  io.mosire.simos.app.gui.GuiServer - access POST /api/command -> 200 8ms remote=127.0.0.1
19:17:14.694 INFO  io.mosire.simos.app.gui.GuiServer - access GET /api/sd/decision-makers/dm-due -> 200 1ms remote=127.0.0.1
19:17:14.745 INFO  io.mosire.simos.core.advance.TimeAdvance - 命令提交: type=core.AdvanceTime commandId=64bf9db0-8d24-4059-b3aa-23e24105b79f correlationId=64bf9db0-8d24-4059-b3aa-23e24105b79f 新坐标=main@12
19:17:14.745 INFO  io.mosire.simos.app.gui.GuiServer - access POST /api/advance -> 200 5ms remote=127.0.0.1
19:17:14.793 INFO  io.mosire.simos.app.gui.GuiServer - access GET /api/sd/decision-makers/dm-due -> 200 1ms remote=127.0.0.1
19:17:14.840 INFO  io.mosire.agentlib.approval.ApprovalHttpEndpoint - 审批 HTTP 面已停止（端口 46615）
19:17:14.840 INFO  io.mosire.agentlib.approval.HttpApprovalChannel - HTTP 审批通道已关闭
19:17:14.894 INFO  io.mosire.agentlib.mcp.AgentToMcpServer - MCP streamable server 已启动: name=simos-shell version=0.1.0-SNAPSHOT 外发工具 15 个 [sd.IssueDirective, sd.SetViewScope, sd.SubmitVerdict, simos.advance, simos.command.catalog, simos.command.submit, simos.fork, simos.map.hex, simos.map.overview, simos.social.population, simos.state.facets, simos.state.resolve, simos.timeline.branches, simos.unit.get, simos.unit.list]；Registry 共 15 个，未外发 0 个 []
19:17:14.905 INFO  io.mosire.agentlib.mcp.AgentToMcpServer - MCP streamable server 已启动: name=simos-shell-decision version=0.1.0-SNAPSHOT 外发工具 11 个 [sd.IssueDirective, sd.SubmitVerdict, simos.command.catalog, simos.map.hex, simos.map.overview, simos.social.population, simos.state.facets, simos.state.resolve, simos.timeline.branches, simos.unit.get, simos.unit.list]；Registry 共 11 个，未外发 0 个 []
19:17:14.916 INFO  io.mosire.simos.app.gui.GuiServer - GUI 服务器已启动: http://127.0.0.1:44947/（静态 /webui，同源，无 CORS 头）
19:17:14.916 INFO  io.mosire.simos.app.Shell - Shell 装配完成: store=/tmp/junit-1509479746634955199 checkpointInterval=100 codec=4 handler=41 participant=2 resolver=4 facet=2 tool=15 decisionTool=11 mapId=Map1 bindAddress=127.0.0.1 mcpPort=45613 decisionAgentMcpPort=46287 guiPort=44947 approvalPort=46429
19:17:14.927 INFO  io.mosire.simos.core.command.CommandBus - 命令提交: type=sd.CreateNation commandId=0004900f-c0f9-46be-bef4-5bbe7117610e correlationId=0004900f-c0f9-46be-bef4-5bbe7117610e 新坐标=main@2
19:17:14.927 INFO  io.mosire.simos.app.gui.GuiServer - access POST /api/command -> 200 8ms remote=127.0.0.1
19:17:14.932 INFO  io.mosire.simos.core.command.CommandBus - 命令提交: type=sd.CreateArmy commandId=4ab26d51-3da8-4aa0-8dcf-00964f905302 correlationId=4ab26d51-3da8-4aa0-8dcf-00964f905302 新坐标=main@3
19:17:14.933 INFO  io.mosire.simos.app.gui.GuiServer - access POST /api/command -> 200 4ms remote=127.0.0.1
19:17:14.986 INFO  io.mosire.simos.core.command.CommandBus - 命令提交: type=sd.CreateDecisionMaker commandId=f640363f-5bcb-448b-b734-08ab74f2c3c7 correlationId=f640363f-5bcb-448b-b734-08ab74f2c3c7 新坐标=main@4
19:17:14.986 INFO  io.mosire.simos.app.gui.GuiServer - access POST /api/command -> 200 7ms remote=127.0.0.1
19:17:15.036 INFO  io.mosire.simos.core.command.CommandBus - 命令提交: type=sd.CreateDecisionMaker commandId=74eddf63-e9a5-485c-a40f-065c62a8d72d correlationId=74eddf63-e9a5-485c-a40f-065c62a8d72d 新坐标=main@5
19:17:15.037 INFO  io.mosire.simos.app.gui.GuiServer - access POST /api/command -> 200 5ms remote=127.0.0.1
19:17:15.091 INFO  io.mosire.simos.core.command.CommandBus - 命令提交: type=sd.CreateDecisionMaker commandId=57864c83-7cab-463b-ad09-909254c51035 correlationId=57864c83-7cab-463b-ad09-909254c51035 新坐标=main@6
19:17:15.091 INFO  io.mosire.simos.app.gui.GuiServer - access POST /api/command -> 200 7ms remote=127.0.0.1
19:17:15.141 INFO  io.mosire.simos.core.command.CommandBus - 命令提交: type=sd.CreateDecisionMaker commandId=9c7aff6e-78c6-4ce5-9f33-40c674243417 correlationId=9c7aff6e-78c6-4ce5-9f33-40c674243417 新坐标=main@7
19:17:15.141 INFO  io.mosire.simos.app.gui.GuiServer - access POST /api/command -> 200 5ms remote=127.0.0.1
19:17:15.192 INFO  io.mosire.simos.core.command.CommandBus - 命令提交: type=sd.IssueDirective commandId=04d8aa97-db7f-4e7e-8474-528c58dffc46 correlationId=04d8aa97-db7f-4e7e-8474-528c58dffc46 新坐标=main@8
19:17:15.192 INFO  io.mosire.simos.app.gui.GuiServer - access POST /api/command -> 200 5ms remote=127.0.0.1
19:17:15.241 INFO  io.mosire.simos.core.command.CommandBus - 命令提交: type=sd.IssueDirective commandId=17338a43-ce6b-45b6-9084-f33a8a9863c4 correlationId=17338a43-ce6b-45b6-9084-f33a8a9863c4 新坐标=main@9
19:17:15.242 INFO  io.mosire.simos.app.gui.GuiServer - access POST /api/command -> 200 6ms remote=127.0.0.1
19:17:15.294 INFO  io.mosire.simos.core.command.CommandBus - 命令提交: type=sd.IssueDirective commandId=19af31aa-7f33-4b63-b0b9-ff0b16288174 correlationId=19af31aa-7f33-4b63-b0b9-ff0b16288174 新坐标=main@10
19:17:15.295 INFO  io.mosire.simos.app.gui.GuiServer - access POST /api/command -> 200 7ms remote=127.0.0.1
19:17:15.345 INFO  io.mosire.simos.core.command.CommandBus - 命令提交: type=sd.IssueDirective commandId=409b59f7-edbb-4113-9aba-a2391c04c8fd correlationId=409b59f7-edbb-4113-9aba-a2391c04c8fd 新坐标=main@11
19:17:15.345 INFO  io.mosire.simos.app.gui.GuiServer - access POST /api/command -> 200 5ms remote=127.0.0.1
19:17:15.391 INFO  io.mosire.simos.app.gui.GuiServer - access GET /api/sd/decision-makers/dm-max -> 200 1ms remote=127.0.0.1
19:17:15.435 INFO  io.mosire.agentlib.approval.ApprovalHttpEndpoint - 审批 HTTP 面已停止（端口 46429）
19:17:15.435 INFO  io.mosire.agentlib.approval.HttpApprovalChannel - HTTP 审批通道已关闭
19:17:15.488 INFO  io.mosire.agentlib.mcp.AgentToMcpServer - MCP streamable server 已启动: name=simos-shell version=0.1.0-SNAPSHOT 外发工具 15 个 [sd.IssueDirective, sd.SetViewScope, sd.SubmitVerdict, simos.advance, simos.command.catalog, simos.command.submit, simos.fork, simos.map.hex, simos.map.overview, simos.social.population, simos.state.facets, simos.state.resolve, simos.timeline.branches, simos.unit.get, simos.unit.list]；Registry 共 15 个，未外发 0 个 []
19:17:15.498 INFO  io.mosire.agentlib.mcp.AgentToMcpServer - MCP streamable server 已启动: name=simos-shell-decision version=0.1.0-SNAPSHOT 外发工具 11 个 [sd.IssueDirective, sd.SubmitVerdict, simos.command.catalog, simos.map.hex, simos.map.overview, simos.social.population, simos.state.facets, simos.state.resolve, simos.timeline.branches, simos.unit.get, simos.unit.list]；Registry 共 11 个，未外发 0 个 []
19:17:15.508 INFO  io.mosire.simos.app.gui.GuiServer - GUI 服务器已启动: http://127.0.0.1:45625/（静态 /webui，同源，无 CORS 头）
19:17:15.508 INFO  io.mosire.simos.app.Shell - Shell 装配完成: store=/tmp/junit-6090425336477574975 checkpointInterval=100 codec=4 handler=41 participant=2 resolver=4 facet=2 tool=15 decisionTool=11 mapId=Map1 bindAddress=127.0.0.1 mcpPort=45877 decisionAgentMcpPort=45779 guiPort=45625 approvalPort=45023
19:17:15.519 INFO  io.mosire.simos.core.command.CommandBus - 命令提交: type=sd.CreateNation commandId=63105f48-da2f-42f4-bdb9-ff1f0cbe860e correlationId=63105f48-da2f-42f4-bdb9-ff1f0cbe860e 新坐标=main@2
19:17:15.519 INFO  io.mosire.simos.app.gui.GuiServer - access POST /api/command -> 200 6ms remote=127.0.0.1
19:17:15.528 INFO  io.mosire.simos.core.command.CommandBus - 命令提交: type=sd.CreateArmy commandId=63f7ab66-914f-4eab-8b54-c5549ff62843 correlationId=63f7ab66-914f-4eab-8b54-c5549ff62843 新坐标=main@3
19:17:15.528 INFO  io.mosire.simos.app.gui.GuiServer - access POST /api/command -> 200 4ms remote=127.0.0.1
19:17:15.582 INFO  io.mosire.simos.core.command.CommandBus - 命令提交: type=sd.CreateDecisionMaker commandId=b7f402ba-107a-42e0-9856-b5d10913374f correlationId=b7f402ba-107a-42e0-9856-b5d10913374f 新坐标=main@4
19:17:15.583 INFO  io.mosire.simos.app.gui.GuiServer - access POST /api/command -> 200 6ms remote=127.0.0.1
19:17:15.634 INFO  io.mosire.simos.core.command.CommandBus - 命令提交: type=sd.CreateDecisionMaker commandId=40f0137f-f83a-4852-84c7-89261be2569b correlationId=40f0137f-f83a-4852-84c7-89261be2569b 新坐标=main@5
19:17:15.635 INFO  io.mosire.simos.app.gui.GuiServer - access POST /api/command -> 200 6ms remote=127.0.0.1
19:17:15.687 INFO  io.mosire.simos.core.command.CommandBus - 命令提交: type=sd.SetViewScope commandId=d2cd2f83-a544-4c00-afbe-1727e952af6a correlationId=d2cd2f83-a544-4c00-afbe-1727e952af6a 新坐标=main@6
19:17:15.687 INFO  io.mosire.simos.app.gui.GuiServer - access POST /api/command -> 200 7ms remote=127.0.0.1
19:17:15.732 INFO  io.mosire.simos.app.gui.GuiServer - access GET /api/sd/decision-makers -> 200 1ms remote=127.0.0.1
19:17:15.781 INFO  io.mosire.simos.app.gui.GuiServer - access GET /api/sd/decision-makers -> 200 0ms remote=127.0.0.1
19:17:15.828 INFO  io.mosire.agentlib.approval.ApprovalHttpEndpoint - 审批 HTTP 面已停止（端口 45023）
19:17:15.828 INFO  io.mosire.agentlib.approval.HttpApprovalChannel - HTTP 审批通道已关闭
19:17:15.875 INFO  io.mosire.agentlib.mcp.AgentToMcpServer - MCP streamable server 已启动: name=simos-shell version=0.1.0-SNAPSHOT 外发工具 15 个 [sd.IssueDirective, sd.SetViewScope, sd.SubmitVerdict, simos.advance, simos.command.catalog, simos.command.submit, simos.fork, simos.map.hex, simos.map.overview, simos.social.population, simos.state.facets, simos.state.resolve, simos.timeline.branches, simos.unit.get, simos.unit.list]；Registry 共 15 个，未外发 0 个 []
19:17:15.885 INFO  io.mosire.agentlib.mcp.AgentToMcpServer - MCP streamable server 已启动: name=simos-shell-decision version=0.1.0-SNAPSHOT 外发工具 11 个 [sd.IssueDirective, sd.SubmitVerdict, simos.command.catalog, simos.map.hex, simos.map.overview, simos.social.population, simos.state.facets, simos.state.resolve, simos.timeline.branches, simos.unit.get, simos.unit.list]；Registry 共 11 个，未外发 0 个 []
19:17:15.895 INFO  io.mosire.simos.app.gui.GuiServer - GUI 服务器已启动: http://127.0.0.1:45697/（静态 /webui，同源，无 CORS 头）
19:17:15.895 INFO  io.mosire.simos.app.Shell - Shell 装配完成: store=/tmp/junit-13810110849118859209 checkpointInterval=100 codec=4 handler=41 participant=2 resolver=4 facet=2 tool=15 decisionTool=11 mapId=Map1 bindAddress=127.0.0.1 mcpPort=45313 decisionAgentMcpPort=44709 guiPort=45697 approvalPort=46327
19:17:15.905 INFO  io.mosire.simos.core.command.CommandBus - 命令提交: type=sd.CreateNation commandId=09c8e061-3498-4081-8871-58be230516c0 correlationId=09c8e061-3498-4081-8871-58be230516c0 新坐标=main@2
19:17:15.905 INFO  io.mosire.simos.app.gui.GuiServer - access POST /api/command -> 200 6ms remote=127.0.0.1
19:17:15.911 INFO  io.mosire.simos.core.command.CommandBus - 命令提交: type=sd.CreateArmy commandId=6215af29-3fe5-4584-81d0-f769ea3d011f correlationId=6215af29-3fe5-4584-81d0-f769ea3d011f 新坐标=main@3
19:17:15.911 INFO  io.mosire.simos.app.gui.GuiServer - access POST /api/command -> 200 4ms remote=127.0.0.1
19:17:15.964 INFO  io.mosire.simos.core.command.CommandBus - 命令提交: type=sd.CreateDecisionMaker commandId=55bac37d-b4fa-44d4-b92d-db622d95052b correlationId=55bac37d-b4fa-44d4-b92d-db622d95052b 新坐标=main@4
19:17:15.964 INFO  io.mosire.simos.app.gui.GuiServer - access POST /api/command -> 200 7ms remote=127.0.0.1
19:17:16.016 INFO  io.mosire.simos.core.command.CommandBus - 命令提交: type=sd.CreateDecisionMaker commandId=c1e96887-c791-4dc8-9845-23f87e7735d1 correlationId=c1e96887-c791-4dc8-9845-23f87e7735d1 新坐标=main@5
19:17:16.016 INFO  io.mosire.simos.app.gui.GuiServer - access POST /api/command -> 200 8ms remote=127.0.0.1
19:17:16.064 INFO  io.mosire.simos.core.command.CommandBus - 命令提交: type=sd.SetViewScope commandId=3b68eb71-121e-45d5-acd6-a3f53f48b3ad correlationId=3b68eb71-121e-45d5-acd6-a3f53f48b3ad 新坐标=main@6
19:17:16.064 INFO  io.mosire.simos.app.gui.GuiServer - access POST /api/command -> 200 5ms remote=127.0.0.1
19:17:16.108 INFO  io.mosire.simos.app.gui.GuiServer - access GET /api/sd/decision-makers -> 200 1ms remote=127.0.0.1
19:17:16.151 INFO  io.mosire.agentlib.approval.ApprovalHttpEndpoint - 审批 HTTP 面已停止（端口 46327）
19:17:16.151 INFO  io.mosire.agentlib.approval.HttpApprovalChannel - HTTP 审批通道已关闭
19:17:16.197 INFO  io.mosire.agentlib.mcp.AgentToMcpServer - MCP streamable server 已启动: name=simos-shell version=0.1.0-SNAPSHOT 外发工具 15 个 [sd.IssueDirective, sd.SetViewScope, sd.SubmitVerdict, simos.advance, simos.command.catalog, simos.command.submit, simos.fork, simos.map.hex, simos.map.overview, simos.social.population, simos.state.facets, simos.state.resolve, simos.timeline.branches, simos.unit.get, simos.unit.list]；Registry 共 15 个，未外发 0 个 []
19:17:16.207 INFO  io.mosire.agentlib.mcp.AgentToMcpServer - MCP streamable server 已启动: name=simos-shell-decision version=0.1.0-SNAPSHOT 外发工具 11 个 [sd.IssueDirective, sd.SubmitVerdict, simos.command.catalog, simos.map.hex, simos.map.overview, simos.social.population, simos.state.facets, simos.state.resolve, simos.timeline.branches, simos.unit.get, simos.unit.list]；Registry 共 11 个，未外发 0 个 []
19:17:16.217 INFO  io.mosire.simos.app.gui.GuiServer - GUI 服务器已启动: http://127.0.0.1:46097/（静态 /webui，同源，无 CORS 头）
19:17:16.217 INFO  io.mosire.simos.app.Shell - Shell 装配完成: store=/tmp/junit-14194004334894426854 checkpointInterval=100 codec=4 handler=41 participant=2 resolver=4 facet=2 tool=15 decisionTool=11 mapId=Map1 bindAddress=127.0.0.1 mcpPort=45291 decisionAgentMcpPort=45563 guiPort=46097 approvalPort=45247
19:17:16.230 INFO  io.mosire.simos.core.command.CommandBus - 命令提交: type=sd.CreateNation commandId=425a6181-cede-4580-883d-7a88c7db68af correlationId=425a6181-cede-4580-883d-7a88c7db68af 新坐标=main@2
19:17:16.231 INFO  io.mosire.simos.app.gui.GuiServer - access POST /api/command -> 200 8ms remote=127.0.0.1
19:17:16.238 INFO  io.mosire.simos.core.command.CommandBus - 命令提交: type=sd.CreateArmy commandId=b93069df-176e-4a51-be97-9f6c0d7ba512 correlationId=b93069df-176e-4a51-be97-9f6c0d7ba512 新坐标=main@3
19:17:16.238 INFO  io.mosire.simos.app.gui.GuiServer - access POST /api/command -> 200 4ms remote=127.0.0.1
19:17:16.293 INFO  io.mosire.simos.core.command.CommandBus - 命令提交: type=sd.CreateDecisionMaker commandId=5d1cfd0f-1c21-4b93-8bc3-89c13803c2f0 correlationId=5d1cfd0f-1c21-4b93-8bc3-89c13803c2f0 新坐标=main@4
19:17:16.294 INFO  io.mosire.simos.app.gui.GuiServer - access POST /api/command -> 200 8ms remote=127.0.0.1
19:17:16.346 INFO  io.mosire.simos.core.command.CommandBus - 命令提交: type=sd.CreateDecisionMaker commandId=acee5320-35fb-4692-a01b-7c909b2c9fd8 correlationId=acee5320-35fb-4692-a01b-7c909b2c9fd8 新坐标=main@5
19:17:16.346 INFO  io.mosire.simos.app.gui.GuiServer - access POST /api/command -> 200 5ms remote=127.0.0.1
19:17:16.399 INFO  io.mosire.simos.core.command.CommandBus - 命令提交: type=sd.SetViewScope commandId=abdf1c6c-f056-4b8f-8f2a-57445e377ff2 correlationId=abdf1c6c-f056-4b8f-8f2a-57445e377ff2 新坐标=main@6
19:17:16.399 INFO  io.mosire.simos.app.gui.GuiServer - access POST /api/command -> 200 5ms remote=127.0.0.1
19:17:16.449 INFO  io.mosire.simos.app.gui.GuiServer - access GET /api/sd/decision-makers/dm-nation -> 200 0ms remote=127.0.0.1
19:17:16.497 INFO  io.mosire.agentlib.approval.ApprovalHttpEndpoint - 审批 HTTP 面已停止（端口 45247）
19:17:16.498 INFO  io.mosire.agentlib.approval.HttpApprovalChannel - HTTP 审批通道已关闭
[INFO] Tests run: 19, Failures: 0, Errors: 0, Skipped: 0, Time elapsed: 8.357 s -- in io.mosire.simos.app.gui.SdDecisionMakerApiTest
[INFO] Running io.mosire.simos.app.gui.MapOverviewBlocksTest
[INFO] Tests run: 2, Failures: 0, Errors: 0, Skipped: 0, Time elapsed: 0.003 s -- in io.mosire.simos.app.gui.MapOverviewBlocksTest
[INFO] Running io.mosire.simos.app.gui.GuiAccessLogTest
19:17:16.549 INFO  io.mosire.agentlib.mcp.AgentToMcpServer - MCP streamable server 已启动: name=simos-shell version=0.1.0-SNAPSHOT 外发工具 15 个 [sd.IssueDirective, sd.SetViewScope, sd.SubmitVerdict, simos.advance, simos.command.catalog, simos.command.submit, simos.fork, simos.map.hex, simos.map.overview, simos.social.population, simos.state.facets, simos.state.resolve, simos.timeline.branches, simos.unit.get, simos.unit.list]；Registry 共 15 个，未外发 0 个 []
19:17:16.560 INFO  io.mosire.agentlib.mcp.AgentToMcpServer - MCP streamable server 已启动: name=simos-shell-decision version=0.1.0-SNAPSHOT 外发工具 11 个 [sd.IssueDirective, sd.SubmitVerdict, simos.command.catalog, simos.map.hex, simos.map.overview, simos.social.population, simos.state.facets, simos.state.resolve, simos.timeline.branches, simos.unit.get, simos.unit.list]；Registry 共 11 个，未外发 0 个 []
19:17:16.570 INFO  io.mosire.simos.app.gui.GuiServer - GUI 服务器已启动: http://127.0.0.1:44743/（静态 /webui，同源，无 CORS 头）
19:17:16.570 INFO  io.mosire.simos.app.Shell - Shell 装配完成: store=/tmp/junit-1887281161930048160 checkpointInterval=100 codec=4 handler=41 participant=2 resolver=4 facet=2 tool=15 decisionTool=11 mapId=Map1 bindAddress=127.0.0.1 mcpPort=45343 decisionAgentMcpPort=46069 guiPort=44743 approvalPort=45991
19:17:16.574 INFO  io.mosire.simos.app.gui.GuiServer - access GET /nope -> 404 0ms remote=127.0.0.1
19:17:16.575 INFO  io.mosire.simos.app.gui.GuiServer - access POST /api/state -> 405 0ms remote=127.0.0.1
19:17:16.623 INFO  io.mosire.agentlib.approval.ApprovalHttpEndpoint - 审批 HTTP 面已停止（端口 45991）
19:17:16.623 INFO  io.mosire.agentlib.approval.HttpApprovalChannel - HTTP 审批通道已关闭
19:17:16.664 INFO  io.mosire.agentlib.mcp.AgentToMcpServer - MCP streamable server 已启动: name=simos-shell version=0.1.0-SNAPSHOT 外发工具 15 个 [sd.IssueDirective, sd.SetViewScope, sd.SubmitVerdict, simos.advance, simos.command.catalog, simos.command.submit, simos.fork, simos.map.hex, simos.map.overview, simos.social.population, simos.state.facets, simos.state.resolve, simos.timeline.branches, simos.unit.get, simos.unit.list]；Registry 共 15 个，未外发 0 个 []
19:17:16.673 INFO  io.mosire.agentlib.mcp.AgentToMcpServer - MCP streamable server 已启动: name=simos-shell-decision version=0.1.0-SNAPSHOT 外发工具 11 个 [sd.IssueDirective, sd.SubmitVerdict, simos.command.catalog, simos.map.hex, simos.map.overview, simos.social.population, simos.state.facets, simos.state.resolve, simos.timeline.branches, simos.unit.get, simos.unit.list]；Registry 共 11 个，未外发 0 个 []
19:17:16.684 INFO  io.mosire.simos.app.gui.GuiServer - GUI 服务器已启动: http://127.0.0.1:45587/（静态 /webui，同源，无 CORS 头）
19:17:16.684 INFO  io.mosire.simos.app.Shell - Shell 装配完成: store=/tmp/junit-6965621660346278714 checkpointInterval=100 codec=4 handler=41 participant=2 resolver=4 facet=2 tool=15 decisionTool=11 mapId=Map1 bindAddress=127.0.0.1 mcpPort=45985 decisionAgentMcpPort=45411 guiPort=45587 approvalPort=46525
19:17:16.688 INFO  io.mosire.simos.app.gui.GuiServer - access GET /api/state -> 200 0ms remote=127.0.0.1
19:17:16.691 INFO  io.mosire.agentlib.approval.ApprovalHttpEndpoint - 审批 HTTP 面已停止（端口 46525）
19:17:16.691 INFO  io.mosire.agentlib.approval.HttpApprovalChannel - HTTP 审批通道已关闭
19:17:16.726 INFO  io.mosire.agentlib.mcp.AgentToMcpServer - MCP streamable server 已启动: name=simos-shell version=0.1.0-SNAPSHOT 外发工具 15 个 [sd.IssueDirective, sd.SetViewScope, sd.SubmitVerdict, simos.advance, simos.command.catalog, simos.command.submit, simos.fork, simos.map.hex, simos.map.overview, simos.social.population, simos.state.facets, simos.state.resolve, simos.timeline.branches, simos.unit.get, simos.unit.list]；Registry 共 15 个，未外发 0 个 []
19:17:16.736 INFO  io.mosire.agentlib.mcp.AgentToMcpServer - MCP streamable server 已启动: name=simos-shell-decision version=0.1.0-SNAPSHOT 外发工具 11 个 [sd.IssueDirective, sd.SubmitVerdict, simos.command.catalog, simos.map.hex, simos.map.overview, simos.social.population, simos.state.facets, simos.state.resolve, simos.timeline.branches, simos.unit.get, simos.unit.list]；Registry 共 11 个，未外发 0 个 []
19:17:16.747 INFO  io.mosire.simos.app.gui.GuiServer - GUI 服务器已启动: http://127.0.0.1:45627/（静态 /webui，同源，无 CORS 头）
19:17:16.747 INFO  io.mosire.simos.app.Shell - Shell 装配完成: store=/tmp/junit-117014372654452278 checkpointInterval=100 codec=4 handler=41 participant=2 resolver=4 facet=2 tool=15 decisionTool=11 mapId=Map1 bindAddress=127.0.0.1 mcpPort=46281 decisionAgentMcpPort=45815 guiPort=45627 approvalPort=46473
19:17:16.750 INFO  io.mosire.simos.app.gui.GuiServer - access GET / -> 200 0ms remote=127.0.0.1
19:17:16.753 INFO  io.mosire.simos.app.gui.GuiServer - access GET /api/state -> 200 0ms remote=127.0.0.1
19:17:16.800 INFO  io.mosire.agentlib.approval.ApprovalHttpEndpoint - 审批 HTTP 面已停止（端口 46473）
19:17:16.800 INFO  io.mosire.agentlib.approval.HttpApprovalChannel - HTTP 审批通道已关闭
19:17:16.845 INFO  io.mosire.agentlib.mcp.AgentToMcpServer - MCP streamable server 已启动: name=simos-shell version=0.1.0-SNAPSHOT 外发工具 15 个 [sd.IssueDirective, sd.SetViewScope, sd.SubmitVerdict, simos.advance, simos.command.catalog, simos.command.submit, simos.fork, simos.map.hex, simos.map.overview, simos.social.population, simos.state.facets, simos.state.resolve, simos.timeline.branches, simos.unit.get, simos.unit.list]；Registry 共 15 个，未外发 0 个 []
19:17:16.855 INFO  io.mosire.agentlib.mcp.AgentToMcpServer - MCP streamable server 已启动: name=simos-shell-decision version=0.1.0-SNAPSHOT 外发工具 11 个 [sd.IssueDirective, sd.SubmitVerdict, simos.command.catalog, simos.map.hex, simos.map.overview, simos.social.population, simos.state.facets, simos.state.resolve, simos.timeline.branches, simos.unit.get, simos.unit.list]；Registry 共 11 个，未外发 0 个 []
19:17:16.865 INFO  io.mosire.simos.app.gui.GuiServer - GUI 服务器已启动: http://127.0.0.1:45867/（静态 /webui，同源，无 CORS 头）
19:17:16.865 INFO  io.mosire.simos.app.Shell - Shell 装配完成: store=/tmp/junit-17543702286501951322 checkpointInterval=100 codec=4 handler=41 participant=2 resolver=4 facet=2 tool=15 decisionTool=11 mapId=Map1 bindAddress=127.0.0.1 mcpPort=45025 decisionAgentMcpPort=45375 guiPort=45867 approvalPort=45645
19:17:16.869 INFO  io.mosire.simos.app.gui.GuiServer - access GET / -> 200 0ms remote=127.0.0.1
19:17:16.872 INFO  io.mosire.agentlib.approval.ApprovalHttpEndpoint - 审批 HTTP 面已停止（端口 45645）
19:17:16.872 INFO  io.mosire.agentlib.approval.HttpApprovalChannel - HTTP 审批通道已关闭
[INFO] Tests run: 4, Failures: 0, Errors: 0, Skipped: 0, Time elapsed: 0.368 s -- in io.mosire.simos.app.gui.GuiAccessLogTest
[INFO] Running io.mosire.simos.app.gui.GmToolUsageApiTest
19:17:16.918 INFO  io.mosire.agentlib.mcp.AgentToMcpServer - MCP streamable server 已启动: name=simos-shell version=0.1.0-SNAPSHOT 外发工具 15 个 [sd.IssueDirective, sd.SetViewScope, sd.SubmitVerdict, simos.advance, simos.command.catalog, simos.command.submit, simos.fork, simos.map.hex, simos.map.overview, simos.social.population, simos.state.facets, simos.state.resolve, simos.timeline.branches, simos.unit.get, simos.unit.list]；Registry 共 15 个，未外发 0 个 []
19:17:16.929 INFO  io.mosire.agentlib.mcp.AgentToMcpServer - MCP streamable server 已启动: name=simos-shell-decision version=0.1.0-SNAPSHOT 外发工具 11 个 [sd.IssueDirective, sd.SubmitVerdict, simos.command.catalog, simos.map.hex, simos.map.overview, simos.social.population, simos.state.facets, simos.state.resolve, simos.timeline.branches, simos.unit.get, simos.unit.list]；Registry 共 11 个，未外发 0 个 []
19:17:16.938 INFO  io.mosire.simos.app.gui.GuiServer - GUI 服务器已启动: http://127.0.0.1:46217/（静态 /webui，同源，无 CORS 头）
19:17:16.938 INFO  io.mosire.simos.app.Shell - Shell 装配完成: store=/tmp/junit-7514373995667281260 checkpointInterval=100 codec=4 handler=41 participant=2 resolver=4 facet=2 tool=15 decisionTool=11 mapId=Map1 bindAddress=127.0.0.1 mcpPort=44953 decisionAgentMcpPort=44713 guiPort=46217 approvalPort=45759
19:17:16.942 INFO  io.mosire.simos.app.gui.GuiServer - access GET /api/gm/tool-usage -> 400 0ms remote=127.0.0.1
19:17:16.945 INFO  io.mosire.agentlib.approval.ApprovalHttpEndpoint - 审批 HTTP 面已停止（端口 45759）
19:17:16.945 INFO  io.mosire.agentlib.approval.HttpApprovalChannel - HTTP 审批通道已关闭
19:17:16.987 INFO  io.mosire.agentlib.mcp.AgentToMcpServer - MCP streamable server 已启动: name=simos-shell version=0.1.0-SNAPSHOT 外发工具 15 个 [sd.IssueDirective, sd.SetViewScope, sd.SubmitVerdict, simos.advance, simos.command.catalog, simos.command.submit, simos.fork, simos.map.hex, simos.map.overview, simos.social.population, simos.state.facets, simos.state.resolve, simos.timeline.branches, simos.unit.get, simos.unit.list]；Registry 共 15 个，未外发 0 个 []
19:17:16.997 INFO  io.mosire.agentlib.mcp.AgentToMcpServer - MCP streamable server 已启动: name=simos-shell-decision version=0.1.0-SNAPSHOT 外发工具 11 个 [sd.IssueDirective, sd.SubmitVerdict, simos.command.catalog, simos.map.hex, simos.map.overview, simos.social.population, simos.state.facets, simos.state.resolve, simos.timeline.branches, simos.unit.get, simos.unit.list]；Registry 共 11 个，未外发 0 个 []
19:17:17.007 INFO  io.mosire.simos.app.gui.GuiServer - GUI 服务器已启动: http://127.0.0.1:46165/（静态 /webui，同源，无 CORS 头）
19:17:17.007 INFO  io.mosire.simos.app.Shell - Shell 装配完成: store=/tmp/junit-17147097558476797504 checkpointInterval=100 codec=4 handler=41 participant=2 resolver=4 facet=2 tool=15 decisionTool=11 mapId=Map1 bindAddress=127.0.0.1 mcpPort=46193 decisionAgentMcpPort=46227 guiPort=46165 approvalPort=45255
19:17:17.010 INFO  io.mosire.simos.app.gui.GuiServer - access GET /api/gm/tool-usage -> 200 0ms remote=127.0.0.1
19:17:17.013 INFO  io.mosire.agentlib.approval.ApprovalHttpEndpoint - 审批 HTTP 面已停止（端口 45255）
19:17:17.013 INFO  io.mosire.agentlib.approval.HttpApprovalChannel - HTTP 审批通道已关闭
19:17:17.067 INFO  io.mosire.agentlib.mcp.AgentToMcpServer - MCP streamable server 已启动: name=simos-shell version=0.1.0-SNAPSHOT 外发工具 15 个 [sd.IssueDirective, sd.SetViewScope, sd.SubmitVerdict, simos.advance, simos.command.catalog, simos.command.submit, simos.fork, simos.map.hex, simos.map.overview, simos.social.population, simos.state.facets, simos.state.resolve, simos.timeline.branches, simos.unit.get, simos.unit.list]；Registry 共 15 个，未外发 0 个 []
19:17:17.077 INFO  io.mosire.agentlib.mcp.AgentToMcpServer - MCP streamable server 已启动: name=simos-shell-decision version=0.1.0-SNAPSHOT 外发工具 11 个 [sd.IssueDirective, sd.SubmitVerdict, simos.command.catalog, simos.map.hex, simos.map.overview, simos.social.population, simos.state.facets, simos.state.resolve, simos.timeline.branches, simos.unit.get, simos.unit.list]；Registry 共 11 个，未外发 0 个 []
19:17:17.088 INFO  io.mosire.simos.app.gui.GuiServer - GUI 服务器已启动: http://127.0.0.1:45141/（静态 /webui，同源，无 CORS 头）
19:17:17.088 INFO  io.mosire.simos.app.Shell - Shell 装配完成: store=/tmp/junit-5780674868590629530 checkpointInterval=100 codec=4 handler=41 participant=2 resolver=4 facet=2 tool=15 decisionTool=11 mapId=Map1 bindAddress=127.0.0.1 mcpPort=45415 decisionAgentMcpPort=45145 guiPort=45141 approvalPort=46335
19:17:17.090 INFO  io.mosire.simos.app.gui.GuiServer - access GET /api/gm/tool-usage -> 200 0ms remote=127.0.0.1
19:17:17.091 INFO  io.mosire.agentlib.approval.ApprovalHttpEndpoint - 审批 HTTP 面已停止（端口 46335）
19:17:17.092 INFO  io.mosire.agentlib.approval.HttpApprovalChannel - HTTP 审批通道已关闭
19:17:17.134 INFO  io.mosire.agentlib.mcp.AgentToMcpServer - MCP streamable server 已启动: name=simos-shell version=0.1.0-SNAPSHOT 外发工具 15 个 [sd.IssueDirective, sd.SetViewScope, sd.SubmitVerdict, simos.advance, simos.command.catalog, simos.command.submit, simos.fork, simos.map.hex, simos.map.overview, simos.social.population, simos.state.facets, simos.state.resolve, simos.timeline.branches, simos.unit.get, simos.unit.list]；Registry 共 15 个，未外发 0 个 []
19:17:17.144 INFO  io.mosire.agentlib.mcp.AgentToMcpServer - MCP streamable server 已启动: name=simos-shell-decision version=0.1.0-SNAPSHOT 外发工具 11 个 [sd.IssueDirective, sd.SubmitVerdict, simos.command.catalog, simos.map.hex, simos.map.overview, simos.social.population, simos.state.facets, simos.state.resolve, simos.timeline.branches, simos.unit.get, simos.unit.list]；Registry 共 11 个，未外发 0 个 []
19:17:17.155 INFO  io.mosire.simos.app.gui.GuiServer - GUI 服务器已启动: http://127.0.0.1:45667/（静态 /webui，同源，无 CORS 头）
19:17:17.155 INFO  io.mosire.simos.app.Shell - Shell 装配完成: store=/tmp/junit-1976173407272372280 checkpointInterval=100 codec=4 handler=41 participant=2 resolver=4 facet=2 tool=15 decisionTool=11 mapId=Map1 bindAddress=127.0.0.1 mcpPort=46487 decisionAgentMcpPort=44969 guiPort=45667 approvalPort=45653
19:17:17.158 INFO  io.mosire.simos.app.gui.GuiServer - access GET /api/gm/tool-usage -> 200 0ms remote=127.0.0.1
19:17:17.161 INFO  io.mosire.agentlib.approval.ApprovalHttpEndpoint - 审批 HTTP 面已停止（端口 45653）
19:17:17.161 INFO  io.mosire.agentlib.approval.HttpApprovalChannel - HTTP 审批通道已关闭
19:17:17.204 INFO  io.mosire.agentlib.mcp.AgentToMcpServer - MCP streamable server 已启动: name=simos-shell version=0.1.0-SNAPSHOT 外发工具 15 个 [sd.IssueDirective, sd.SetViewScope, sd.SubmitVerdict, simos.advance, simos.command.catalog, simos.command.submit, simos.fork, simos.map.hex, simos.map.overview, simos.social.population, simos.state.facets, simos.state.resolve, simos.timeline.branches, simos.unit.get, simos.unit.list]；Registry 共 15 个，未外发 0 个 []
19:17:17.214 INFO  io.mosire.agentlib.mcp.AgentToMcpServer - MCP streamable server 已启动: name=simos-shell-decision version=0.1.0-SNAPSHOT 外发工具 11 个 [sd.IssueDirective, sd.SubmitVerdict, simos.command.catalog, simos.map.hex, simos.map.overview, simos.social.population, simos.state.facets, simos.state.resolve, simos.timeline.branches, simos.unit.get, simos.unit.list]；Registry 共 11 个，未外发 0 个 []
19:17:17.224 INFO  io.mosire.simos.app.gui.GuiServer - GUI 服务器已启动: http://127.0.0.1:44695/（静态 /webui，同源，无 CORS 头）
19:17:17.225 INFO  io.mosire.simos.app.Shell - Shell 装配完成: store=/tmp/junit-10827478667372875474 checkpointInterval=100 codec=4 handler=41 participant=2 resolver=4 facet=2 tool=15 decisionTool=11 mapId=Map1 bindAddress=127.0.0.1 mcpPort=45623 decisionAgentMcpPort=46363 guiPort=44695 approvalPort=46341
19:17:17.228 INFO  io.mosire.simos.app.gui.GuiServer - access POST /api/gm/tool-usage -> 405 0ms remote=127.0.0.1
19:17:17.231 INFO  io.mosire.agentlib.approval.ApprovalHttpEndpoint - 审批 HTTP 面已停止（端口 46341）
19:17:17.231 INFO  io.mosire.agentlib.approval.HttpApprovalChannel - HTTP 审批通道已关闭
19:17:17.275 INFO  io.mosire.agentlib.mcp.AgentToMcpServer - MCP streamable server 已启动: name=simos-shell version=0.1.0-SNAPSHOT 外发工具 15 个 [sd.IssueDirective, sd.SetViewScope, sd.SubmitVerdict, simos.advance, simos.command.catalog, simos.command.submit, simos.fork, simos.map.hex, simos.map.overview, simos.social.population, simos.state.facets, simos.state.resolve, simos.timeline.branches, simos.unit.get, simos.unit.list]；Registry 共 15 个，未外发 0 个 []
19:17:17.284 INFO  io.mosire.agentlib.mcp.AgentToMcpServer - MCP streamable server 已启动: name=simos-shell-decision version=0.1.0-SNAPSHOT 外发工具 11 个 [sd.IssueDirective, sd.SubmitVerdict, simos.command.catalog, simos.map.hex, simos.map.overview, simos.social.population, simos.state.facets, simos.state.resolve, simos.timeline.branches, simos.unit.get, simos.unit.list]；Registry 共 11 个，未外发 0 个 []
19:17:17.295 INFO  io.mosire.simos.app.gui.GuiServer - GUI 服务器已启动: http://127.0.0.1:46197/（静态 /webui，同源，无 CORS 头）
19:17:17.295 INFO  io.mosire.simos.app.Shell - Shell 装配完成: store=/tmp/junit-5595524313633819802 checkpointInterval=100 codec=4 handler=41 participant=2 resolver=4 facet=2 tool=15 decisionTool=11 mapId=Map1 bindAddress=127.0.0.1 mcpPort=44675 decisionAgentMcpPort=46515 guiPort=46197 approvalPort=46239
19:17:17.297 INFO  io.mosire.simos.app.gui.GuiServer - access GET /api/gm/tool-usage -> 200 0ms remote=127.0.0.1
19:17:17.298 INFO  io.mosire.agentlib.approval.ApprovalHttpEndpoint - 审批 HTTP 面已停止（端口 46239）
19:17:17.298 INFO  io.mosire.agentlib.approval.HttpApprovalChannel - HTTP 审批通道已关闭
19:17:17.340 INFO  io.mosire.agentlib.mcp.AgentToMcpServer - MCP streamable server 已启动: name=simos-shell version=0.1.0-SNAPSHOT 外发工具 15 个 [sd.IssueDirective, sd.SetViewScope, sd.SubmitVerdict, simos.advance, simos.command.catalog, simos.command.submit, simos.fork, simos.map.hex, simos.map.overview, simos.social.population, simos.state.facets, simos.state.resolve, simos.timeline.branches, simos.unit.get, simos.unit.list]；Registry 共 15 个，未外发 0 个 []
19:17:17.350 INFO  io.mosire.agentlib.mcp.AgentToMcpServer - MCP streamable server 已启动: name=simos-shell-decision version=0.1.0-SNAPSHOT 外发工具 11 个 [sd.IssueDirective, sd.SubmitVerdict, simos.command.catalog, simos.map.hex, simos.map.overview, simos.social.population, simos.state.facets, simos.state.resolve, simos.timeline.branches, simos.unit.get, simos.unit.list]；Registry 共 11 个，未外发 0 个 []
19:17:17.360 INFO  io.mosire.simos.app.gui.GuiServer - GUI 服务器已启动: http://127.0.0.1:45855/（静态 /webui，同源，无 CORS 头）
19:17:17.360 INFO  io.mosire.simos.app.Shell - Shell 装配完成: store=/tmp/junit-12331930211219151122 checkpointInterval=100 codec=4 handler=41 participant=2 resolver=4 facet=2 tool=15 decisionTool=11 mapId=Map1 bindAddress=127.0.0.1 mcpPort=44941 decisionAgentMcpPort=46591 guiPort=45855 approvalPort=45367
19:17:17.364 INFO  io.mosire.simos.app.gui.GuiServer - access GET /api/gm/tool-usage -> 200 0ms remote=127.0.0.1
19:17:17.366 INFO  io.mosire.agentlib.approval.ApprovalHttpEndpoint - 审批 HTTP 面已停止（端口 45367）
19:17:17.367 INFO  io.mosire.agentlib.approval.HttpApprovalChannel - HTTP 审批通道已关闭
[INFO] Tests run: 7, Failures: 0, Errors: 0, Skipped: 0, Time elapsed: 0.496 s -- in io.mosire.simos.app.gui.GmToolUsageApiTest
[INFO] Running io.mosire.simos.app.gui.GuiApiTest
19:17:17.416 INFO  io.mosire.agentlib.mcp.AgentToMcpServer - MCP streamable server 已启动: name=simos-shell version=0.1.0-SNAPSHOT 外发工具 15 个 [sd.IssueDirective, sd.SetViewScope, sd.SubmitVerdict, simos.advance, simos.command.catalog, simos.command.submit, simos.fork, simos.map.hex, simos.map.overview, simos.social.population, simos.state.facets, simos.state.resolve, simos.timeline.branches, simos.unit.get, simos.unit.list]；Registry 共 15 个，未外发 0 个 []
19:17:17.426 INFO  io.mosire.agentlib.mcp.AgentToMcpServer - MCP streamable server 已启动: name=simos-shell-decision version=0.1.0-SNAPSHOT 外发工具 11 个 [sd.IssueDirective, sd.SubmitVerdict, simos.command.catalog, simos.map.hex, simos.map.overview, simos.social.population, simos.state.facets, simos.state.resolve, simos.timeline.branches, simos.unit.get, simos.unit.list]；Registry 共 11 个，未外发 0 个 []
19:17:17.436 INFO  io.mosire.simos.app.gui.GuiServer - GUI 服务器已启动: http://127.0.0.1:45331/（静态 /webui，同源，无 CORS 头）
19:17:17.436 INFO  io.mosire.simos.app.Shell - Shell 装配完成: store=/tmp/junit-10497722015174558085 checkpointInterval=100 codec=4 handler=41 participant=2 resolver=4 facet=2 tool=15 decisionTool=11 mapId=Map1 bindAddress=127.0.0.1 mcpPort=45165 decisionAgentMcpPort=44951 guiPort=45331 approvalPort=45231
19:17:17.439 INFO  io.mosire.simos.app.gui.GuiServer - access GET /api/unit/u-1 -> 200 1ms remote=127.0.0.1
19:17:17.441 INFO  io.mosire.simos.app.gui.GuiServer - access GET /api/units -> 200 0ms remote=127.0.0.1
19:17:17.490 INFO  io.mosire.agentlib.approval.ApprovalHttpEndpoint - 审批 HTTP 面已停止（端口 45231）
19:17:17.490 INFO  io.mosire.agentlib.approval.HttpApprovalChannel - HTTP 审批通道已关闭
19:17:17.539 INFO  io.mosire.agentlib.mcp.AgentToMcpServer - MCP streamable server 已启动: name=simos-shell version=0.1.0-SNAPSHOT 外发工具 15 个 [sd.IssueDirective, sd.SetViewScope, sd.SubmitVerdict, simos.advance, simos.command.catalog, simos.command.submit, simos.fork, simos.map.hex, simos.map.overview, simos.social.population, simos.state.facets, simos.state.resolve, simos.timeline.branches, simos.unit.get, simos.unit.list]；Registry 共 15 个，未外发 0 个 []
19:17:17.548 INFO  io.mosire.agentlib.mcp.AgentToMcpServer - MCP streamable server 已启动: name=simos-shell-decision version=0.1.0-SNAPSHOT 外发工具 11 个 [sd.IssueDirective, sd.SubmitVerdict, simos.command.catalog, simos.map.hex, simos.map.overview, simos.social.population, simos.state.facets, simos.state.resolve, simos.timeline.branches, simos.unit.get, simos.unit.list]；Registry 共 11 个，未外发 0 个 []
19:17:17.559 INFO  io.mosire.simos.app.gui.GuiServer - GUI 服务器已启动: http://127.0.0.1:46617/（静态 /webui，同源，无 CORS 头）
19:17:17.559 INFO  io.mosire.simos.app.Shell - Shell 装配完成: store=/tmp/junit-16479927679921599495 checkpointInterval=100 codec=4 handler=41 participant=2 resolver=4 facet=2 tool=15 decisionTool=11 mapId=Map1 bindAddress=127.0.0.1 mcpPort=45399 decisionAgentMcpPort=44681 guiPort=46617 approvalPort=45653
19:17:17.563 INFO  io.mosire.simos.app.gui.GuiServer - access GET /api/map/path -> 200 0ms remote=127.0.0.1
19:17:17.565 INFO  io.mosire.agentlib.approval.ApprovalHttpEndpoint - 审批 HTTP 面已停止（端口 45653）
19:17:17.565 INFO  io.mosire.agentlib.approval.HttpApprovalChannel - HTTP 审批通道已关闭
19:17:17.620 INFO  io.mosire.agentlib.mcp.AgentToMcpServer - MCP streamable server 已启动: name=simos-shell version=0.1.0-SNAPSHOT 外发工具 15 个 [sd.IssueDirective, sd.SetViewScope, sd.SubmitVerdict, simos.advance, simos.command.catalog, simos.command.submit, simos.fork, simos.map.hex, simos.map.overview, simos.social.population, simos.state.facets, simos.state.resolve, simos.timeline.branches, simos.unit.get, simos.unit.list]；Registry 共 15 个，未外发 0 个 []
19:17:17.630 INFO  io.mosire.agentlib.mcp.AgentToMcpServer - MCP streamable server 已启动: name=simos-shell-decision version=0.1.0-SNAPSHOT 外发工具 11 个 [sd.IssueDirective, sd.SubmitVerdict, simos.command.catalog, simos.map.hex, simos.map.overview, simos.social.population, simos.state.facets, simos.state.resolve, simos.timeline.branches, simos.unit.get, simos.unit.list]；Registry 共 11 个，未外发 0 个 []
19:17:17.640 INFO  io.mosire.simos.app.gui.GuiServer - GUI 服务器已启动: http://127.0.0.1:45367/（静态 /webui，同源，无 CORS 头）
19:17:17.640 INFO  io.mosire.simos.app.Shell - Shell 装配完成: store=/tmp/junit-9453818831761160677 checkpointInterval=100 codec=4 handler=41 participant=2 resolver=4 facet=2 tool=15 decisionTool=11 mapId=Map1 bindAddress=127.0.0.1 mcpPort=46315 decisionAgentMcpPort=45629 guiPort=45367 approvalPort=46339
19:17:17.644 INFO  io.mosire.simos.app.gui.GuiServer - access GET /api/map/overview -> 200 0ms remote=127.0.0.1
19:17:17.647 INFO  io.mosire.agentlib.approval.ApprovalHttpEndpoint - 审批 HTTP 面已停止（端口 46339）
19:17:17.647 INFO  io.mosire.agentlib.approval.HttpApprovalChannel - HTTP 审批通道已关闭
19:17:17.692 INFO  io.mosire.agentlib.mcp.AgentToMcpServer - MCP streamable server 已启动: name=simos-shell version=0.1.0-SNAPSHOT 外发工具 15 个 [sd.IssueDirective, sd.SetViewScope, sd.SubmitVerdict, simos.advance, simos.command.catalog, simos.command.submit, simos.fork, simos.map.hex, simos.map.overview, simos.social.population, simos.state.facets, simos.state.resolve, simos.timeline.branches, simos.unit.get, simos.unit.list]；Registry 共 15 个，未外发 0 个 []
19:17:17.701 INFO  io.mosire.agentlib.mcp.AgentToMcpServer - MCP streamable server 已启动: name=simos-shell-decision version=0.1.0-SNAPSHOT 外发工具 11 个 [sd.IssueDirective, sd.SubmitVerdict, simos.command.catalog, simos.map.hex, simos.map.overview, simos.social.population, simos.state.facets, simos.state.resolve, simos.timeline.branches, simos.unit.get, simos.unit.list]；Registry 共 11 个，未外发 0 个 []
19:17:17.711 INFO  io.mosire.simos.app.gui.GuiServer - GUI 服务器已启动: http://127.0.0.1:44667/（静态 /webui，同源，无 CORS 头）
19:17:17.711 INFO  io.mosire.simos.app.Shell - Shell 装配完成: store=/tmp/junit-14090763826409414375 checkpointInterval=100 codec=4 handler=41 participant=2 resolver=4 facet=2 tool=15 decisionTool=11 mapId=Map1 bindAddress=127.0.0.1 mcpPort=45337 decisionAgentMcpPort=46251 guiPort=44667 approvalPort=45685
19:17:17.720 INFO  io.mosire.simos.core.command.CommandBus - 命令提交: type=unit.RenameUnit commandId=12b2534f-5f74-4213-9238-ab89583dab36 correlationId=12b2534f-5f74-4213-9238-ab89583dab36 新坐标=main@2
19:17:17.721 INFO  io.mosire.simos.app.gui.GuiServer - access POST /api/command -> 200 6ms remote=127.0.0.1
19:17:17.727 INFO  io.mosire.simos.app.gui.GuiServer - access GET /api/unit/u-1 -> 200 0ms remote=127.0.0.1
19:17:17.774 INFO  io.mosire.agentlib.approval.ApprovalHttpEndpoint - 审批 HTTP 面已停止（端口 45685）
19:17:17.774 INFO  io.mosire.agentlib.approval.HttpApprovalChannel - HTTP 审批通道已关闭
19:17:17.816 INFO  io.mosire.agentlib.mcp.AgentToMcpServer - MCP streamable server 已启动: name=simos-shell version=0.1.0-SNAPSHOT 外发工具 15 个 [sd.IssueDirective, sd.SetViewScope, sd.SubmitVerdict, simos.advance, simos.command.catalog, simos.command.submit, simos.fork, simos.map.hex, simos.map.overview, simos.social.population, simos.state.facets, simos.state.resolve, simos.timeline.branches, simos.unit.get, simos.unit.list]；Registry 共 15 个，未外发 0 个 []
19:17:17.826 INFO  io.mosire.agentlib.mcp.AgentToMcpServer - MCP streamable server 已启动: name=simos-shell-decision version=0.1.0-SNAPSHOT 外发工具 11 个 [sd.IssueDirective, sd.SubmitVerdict, simos.command.catalog, simos.map.hex, simos.map.overview, simos.social.population, simos.state.facets, simos.state.resolve, simos.timeline.branches, simos.unit.get, simos.unit.list]；Registry 共 11 个，未外发 0 个 []
19:17:17.836 INFO  io.mosire.simos.app.gui.GuiServer - GUI 服务器已启动: http://127.0.0.1:44679/（静态 /webui，同源，无 CORS 头）
19:17:17.836 INFO  io.mosire.simos.app.Shell - Shell 装配完成: store=/tmp/junit-3182134048914660139 checkpointInterval=100 codec=4 handler=41 participant=2 resolver=4 facet=2 tool=15 decisionTool=11 mapId=Map1 bindAddress=127.0.0.1 mcpPort=45189 decisionAgentMcpPort=45555 guiPort=44679 approvalPort=45133
19:17:17.841 INFO  io.mosire.simos.app.gui.GuiServer - access GET /api/map/overview -> 200 0ms remote=127.0.0.1
19:17:17.843 INFO  io.mosire.simos.app.gui.GuiServer - access GET /api/map/overview -> 200 0ms remote=127.0.0.1
19:17:17.890 INFO  io.mosire.agentlib.approval.ApprovalHttpEndpoint - 审批 HTTP 面已停止（端口 45133）
19:17:17.890 INFO  io.mosire.agentlib.approval.HttpApprovalChannel - HTTP 审批通道已关闭
19:17:17.936 INFO  io.mosire.agentlib.mcp.AgentToMcpServer - MCP streamable server 已启动: name=simos-shell version=0.1.0-SNAPSHOT 外发工具 15 个 [sd.IssueDirective, sd.SetViewScope, sd.SubmitVerdict, simos.advance, simos.command.catalog, simos.command.submit, simos.fork, simos.map.hex, simos.map.overview, simos.social.population, simos.state.facets, simos.state.resolve, simos.timeline.branches, simos.unit.get, simos.unit.list]；Registry 共 15 个，未外发 0 个 []
19:17:17.946 INFO  io.mosire.agentlib.mcp.AgentToMcpServer - MCP streamable server 已启动: name=simos-shell-decision version=0.1.0-SNAPSHOT 外发工具 11 个 [sd.IssueDirective, sd.SubmitVerdict, simos.command.catalog, simos.map.hex, simos.map.overview, simos.social.population, simos.state.facets, simos.state.resolve, simos.timeline.branches, simos.unit.get, simos.unit.list]；Registry 共 11 个，未外发 0 个 []
19:17:17.956 INFO  io.mosire.simos.app.gui.GuiServer - GUI 服务器已启动: http://127.0.0.1:45831/（静态 /webui，同源，无 CORS 头）
19:17:17.956 INFO  io.mosire.simos.app.Shell - Shell 装配完成: store=/tmp/junit-651512249510975632 checkpointInterval=100 codec=4 handler=41 participant=2 resolver=4 facet=2 tool=15 decisionTool=11 mapId=Map1 bindAddress=127.0.0.1 mcpPort=45431 decisionAgentMcpPort=45815 guiPort=45831 approvalPort=46379
19:17:17.959 INFO  io.mosire.simos.app.gui.GuiServer - access GET /api/nope -> 404 0ms remote=127.0.0.1
19:17:17.962 INFO  io.mosire.simos.app.gui.GuiServer - access GET /api/command -> 405 0ms remote=127.0.0.1
19:17:18.011 INFO  io.mosire.simos.app.gui.GuiServer - access POST /api/state -> 405 0ms remote=127.0.0.1
19:17:18.059 INFO  io.mosire.simos.app.gui.GuiServer - access POST /api/map/path -> 405 0ms remote=127.0.0.1
19:17:18.106 INFO  io.mosire.agentlib.approval.ApprovalHttpEndpoint - 审批 HTTP 面已停止（端口 46379）
19:17:18.106 INFO  io.mosire.agentlib.approval.HttpApprovalChannel - HTTP 审批通道已关闭
19:17:18.159 INFO  io.mosire.agentlib.mcp.AgentToMcpServer - MCP streamable server 已启动: name=simos-shell version=0.1.0-SNAPSHOT 外发工具 15 个 [sd.IssueDirective, sd.SetViewScope, sd.SubmitVerdict, simos.advance, simos.command.catalog, simos.command.submit, simos.fork, simos.map.hex, simos.map.overview, simos.social.population, simos.state.facets, simos.state.resolve, simos.timeline.branches, simos.unit.get, simos.unit.list]；Registry 共 15 个，未外发 0 个 []
19:17:18.169 INFO  io.mosire.agentlib.mcp.AgentToMcpServer - MCP streamable server 已启动: name=simos-shell-decision version=0.1.0-SNAPSHOT 外发工具 11 个 [sd.IssueDirective, sd.SubmitVerdict, simos.command.catalog, simos.map.hex, simos.map.overview, simos.social.population, simos.state.facets, simos.state.resolve, simos.timeline.branches, simos.unit.get, simos.unit.list]；Registry 共 11 个，未外发 0 个 []
19:17:18.178 INFO  io.mosire.simos.app.gui.GuiServer - GUI 服务器已启动: http://127.0.0.1:46641/（静态 /webui，同源，无 CORS 头）
19:17:18.179 INFO  io.mosire.simos.app.Shell - Shell 装配完成: store=/tmp/junit-7535070184335888421 checkpointInterval=100 codec=4 handler=41 participant=2 resolver=4 facet=2 tool=15 decisionTool=11 mapId=Map1 bindAddress=127.0.0.1 mcpPort=45091 decisionAgentMcpPort=46543 guiPort=46641 approvalPort=46235
19:17:18.183 INFO  io.mosire.simos.app.gui.GuiServer - access GET /api/resolve -> 200 1ms remote=127.0.0.1
19:17:18.186 INFO  io.mosire.agentlib.approval.ApprovalHttpEndpoint - 审批 HTTP 面已停止（端口 46235）
19:17:18.186 INFO  io.mosire.agentlib.approval.HttpApprovalChannel - HTTP 审批通道已关闭
19:17:18.240 INFO  io.mosire.agentlib.mcp.AgentToMcpServer - MCP streamable server 已启动: name=simos-shell version=0.1.0-SNAPSHOT 外发工具 15 个 [sd.IssueDirective, sd.SetViewScope, sd.SubmitVerdict, simos.advance, simos.command.catalog, simos.command.submit, simos.fork, simos.map.hex, simos.map.overview, simos.social.population, simos.state.facets, simos.state.resolve, simos.timeline.branches, simos.unit.get, simos.unit.list]；Registry 共 15 个，未外发 0 个 []
19:17:18.250 INFO  io.mosire.agentlib.mcp.AgentToMcpServer - MCP streamable server 已启动: name=simos-shell-decision version=0.1.0-SNAPSHOT 外发工具 11 个 [sd.IssueDirective, sd.SubmitVerdict, simos.command.catalog, simos.map.hex, simos.map.overview, simos.social.population, simos.state.facets, simos.state.resolve, simos.timeline.branches, simos.unit.get, simos.unit.list]；Registry 共 11 个，未外发 0 个 []
19:17:18.261 INFO  io.mosire.simos.app.gui.GuiServer - GUI 服务器已启动: http://127.0.0.1:46561/（静态 /webui，同源，无 CORS 头）
19:17:18.261 INFO  io.mosire.simos.app.Shell - Shell 装配完成: store=/tmp/junit-12490136971321631174 checkpointInterval=100 codec=4 handler=41 participant=2 resolver=4 facet=2 tool=15 decisionTool=11 mapId=Map1 bindAddress=127.0.0.1 mcpPort=45143 decisionAgentMcpPort=45297 guiPort=46561 approvalPort=45133
19:17:18.264 INFO  io.mosire.simos.app.gui.GuiServer - access GET /api/facets -> 200 0ms remote=127.0.0.1
19:17:18.267 INFO  io.mosire.agentlib.approval.ApprovalHttpEndpoint - 审批 HTTP 面已停止（端口 45133）
19:17:18.267 INFO  io.mosire.agentlib.approval.HttpApprovalChannel - HTTP 审批通道已关闭
19:17:18.315 INFO  io.mosire.agentlib.mcp.AgentToMcpServer - MCP streamable server 已启动: name=simos-shell version=0.1.0-SNAPSHOT 外发工具 15 个 [sd.IssueDirective, sd.SetViewScope, sd.SubmitVerdict, simos.advance, simos.command.catalog, simos.command.submit, simos.fork, simos.map.hex, simos.map.overview, simos.social.population, simos.state.facets, simos.state.resolve, simos.timeline.branches, simos.unit.get, simos.unit.list]；Registry 共 15 个，未外发 0 个 []
19:17:18.325 INFO  io.mosire.agentlib.mcp.AgentToMcpServer - MCP streamable server 已启动: name=simos-shell-decision version=0.1.0-SNAPSHOT 外发工具 11 个 [sd.IssueDirective, sd.SubmitVerdict, simos.command.catalog, simos.map.hex, simos.map.overview, simos.social.population, simos.state.facets, simos.state.resolve, simos.timeline.branches, simos.unit.get, simos.unit.list]；Registry 共 11 个，未外发 0 个 []
19:17:18.335 INFO  io.mosire.simos.app.gui.GuiServer - GUI 服务器已启动: http://127.0.0.1:45687/（静态 /webui，同源，无 CORS 头）
19:17:18.335 INFO  io.mosire.simos.app.Shell - Shell 装配完成: store=/tmp/junit-12798201150507139079 checkpointInterval=100 codec=4 handler=41 participant=2 resolver=4 facet=2 tool=15 decisionTool=11 mapId=Map1 bindAddress=127.0.0.1 mcpPort=45707 decisionAgentMcpPort=45419 guiPort=45687 approvalPort=44711
19:17:18.338 INFO  io.mosire.simos.app.gui.GuiServer - access GET /api/map/hex -> 200 1ms remote=127.0.0.1
19:17:18.340 INFO  io.mosire.simos.app.gui.GuiServer - access GET /api/map/hex -> 200 0ms remote=127.0.0.1
19:17:18.383 INFO  io.mosire.agentlib.approval.ApprovalHttpEndpoint - 审批 HTTP 面已停止（端口 44711）
19:17:18.384 INFO  io.mosire.agentlib.approval.HttpApprovalChannel - HTTP 审批通道已关闭
19:17:18.426 INFO  io.mosire.agentlib.mcp.AgentToMcpServer - MCP streamable server 已启动: name=simos-shell version=0.1.0-SNAPSHOT 外发工具 15 个 [sd.IssueDirective, sd.SetViewScope, sd.SubmitVerdict, simos.advance, simos.command.catalog, simos.command.submit, simos.fork, simos.map.hex, simos.map.overview, simos.social.population, simos.state.facets, simos.state.resolve, simos.timeline.branches, simos.unit.get, simos.unit.list]；Registry 共 15 个，未外发 0 个 []
19:17:18.436 INFO  io.mosire.agentlib.mcp.AgentToMcpServer - MCP streamable server 已启动: name=simos-shell-decision version=0.1.0-SNAPSHOT 外发工具 11 个 [sd.IssueDirective, sd.SubmitVerdict, simos.command.catalog, simos.map.hex, simos.map.overview, simos.social.population, simos.state.facets, simos.state.resolve, simos.timeline.branches, simos.unit.get, simos.unit.list]；Registry 共 11 个，未外发 0 个 []
19:17:18.446 INFO  io.mosire.simos.app.gui.GuiServer - GUI 服务器已启动: http://127.0.0.1:45153/（静态 /webui，同源，无 CORS 头）
19:17:18.446 INFO  io.mosire.simos.app.Shell - Shell 装配完成: store=/tmp/junit-8043126202847263113 checkpointInterval=100 codec=4 handler=41 participant=2 resolver=4 facet=2 tool=15 decisionTool=11 mapId=Map1 bindAddress=127.0.0.1 mcpPort=45135 decisionAgentMcpPort=45225 guiPort=45153 approvalPort=44917
19:17:18.450 INFO  io.mosire.simos.app.gui.GuiServer - access GET /api/state -> 200 1ms remote=127.0.0.1
19:17:18.452 INFO  io.mosire.simos.app.gui.GuiServer - access GET /api/map/path -> 200 0ms remote=127.0.0.1
19:17:18.497 INFO  io.mosire.simos.app.gui.GuiServer - access GET /api/map/path -> 200 0ms remote=127.0.0.1
19:17:18.543 INFO  io.mosire.simos.app.gui.GuiServer - access GET /api/state -> 200 0ms remote=127.0.0.1
19:17:18.587 INFO  io.mosire.simos.app.gui.GuiServer - access GET /api/timeline -> 200 0ms remote=127.0.0.1
19:17:18.632 INFO  io.mosire.agentlib.approval.ApprovalHttpEndpoint - 审批 HTTP 面已停止（端口 44917）
19:17:18.632 INFO  io.mosire.agentlib.approval.HttpApprovalChannel - HTTP 审批通道已关闭
19:17:18.691 INFO  io.mosire.agentlib.mcp.AgentToMcpServer - MCP streamable server 已启动: name=simos-shell version=0.1.0-SNAPSHOT 外发工具 15 个 [sd.IssueDirective, sd.SetViewScope, sd.SubmitVerdict, simos.advance, simos.command.catalog, simos.command.submit, simos.fork, simos.map.hex, simos.map.overview, simos.social.population, simos.state.facets, simos.state.resolve, simos.timeline.branches, simos.unit.get, simos.unit.list]；Registry 共 15 个，未外发 0 个 []
19:17:18.701 INFO  io.mosire.agentlib.mcp.AgentToMcpServer - MCP streamable server 已启动: name=simos-shell-decision version=0.1.0-SNAPSHOT 外发工具 11 个 [sd.IssueDirective, sd.SubmitVerdict, simos.command.catalog, simos.map.hex, simos.map.overview, simos.social.population, simos.state.facets, simos.state.resolve, simos.timeline.branches, simos.unit.get, simos.unit.list]；Registry 共 11 个，未外发 0 个 []
19:17:18.711 INFO  io.mosire.simos.app.gui.GuiServer - GUI 服务器已启动: http://127.0.0.1:45181/（静态 /webui，同源，无 CORS 头）
19:17:18.711 INFO  io.mosire.simos.app.Shell - Shell 装配完成: store=/tmp/junit-5029833477172364566 checkpointInterval=100 codec=4 handler=41 participant=2 resolver=4 facet=2 tool=15 decisionTool=11 mapId=Map1 bindAddress=127.0.0.1 mcpPort=45799 decisionAgentMcpPort=44919 guiPort=45181 approvalPort=44765
19:17:18.714 INFO  io.mosire.agentlib.approval.ApprovalHttpEndpoint - 审批 HTTP 面已停止（端口 44765）
19:17:18.714 INFO  io.mosire.agentlib.approval.HttpApprovalChannel - HTTP 审批通道已关闭
19:17:18.770 INFO  io.mosire.agentlib.mcp.AgentToMcpServer - MCP streamable server 已启动: name=simos-shell version=0.1.0-SNAPSHOT 外发工具 15 个 [sd.IssueDirective, sd.SetViewScope, sd.SubmitVerdict, simos.advance, simos.command.catalog, simos.command.submit, simos.fork, simos.map.hex, simos.map.overview, simos.social.population, simos.state.facets, simos.state.resolve, simos.timeline.branches, simos.unit.get, simos.unit.list]；Registry 共 15 个，未外发 0 个 []
19:17:18.781 INFO  io.mosire.agentlib.mcp.AgentToMcpServer - MCP streamable server 已启动: name=simos-shell-decision version=0.1.0-SNAPSHOT 外发工具 11 个 [sd.IssueDirective, sd.SubmitVerdict, simos.command.catalog, simos.map.hex, simos.map.overview, simos.social.population, simos.state.facets, simos.state.resolve, simos.timeline.branches, simos.unit.get, simos.unit.list]；Registry 共 11 个，未外发 0 个 []
19:17:18.790 INFO  io.mosire.simos.app.gui.GuiServer - GUI 服务器已启动: http://127.0.0.1:46275/（静态 /webui，同源，无 CORS 头）
19:17:18.791 INFO  io.mosire.simos.app.Shell - Shell 装配完成: store=/tmp/junit-1669547326215435776 checkpointInterval=100 codec=4 handler=41 participant=2 resolver=4 facet=2 tool=15 decisionTool=11 mapId=Map1 bindAddress=127.0.0.1 mcpPort=45279 decisionAgentMcpPort=45113 guiPort=46275 approvalPort=45725
19:17:18.796 INFO  io.mosire.simos.app.gui.GuiServer - access GET /api/map/path -> 200 1ms remote=127.0.0.1
19:17:18.809 INFO  io.mosire.simos.core.command.CommandBus - 命令提交: type=unit.PlanRoute commandId=6069be52-936f-4b3f-b3e1-954326750f06 correlationId=6069be52-936f-4b3f-b3e1-954326750f06 新坐标=main@2
19:17:18.810 INFO  io.mosire.simos.app.gui.GuiServer - access POST /api/command -> 200 9ms remote=127.0.0.1
19:17:18.859 INFO  io.mosire.simos.app.gui.GuiServer - access GET /api/unit/u-1 -> 200 1ms remote=127.0.0.1
19:17:18.906 INFO  io.mosire.agentlib.approval.ApprovalHttpEndpoint - 审批 HTTP 面已停止（端口 45725）
19:17:18.906 INFO  io.mosire.agentlib.approval.HttpApprovalChannel - HTTP 审批通道已关闭
19:17:18.950 INFO  io.mosire.agentlib.mcp.AgentToMcpServer - MCP streamable server 已启动: name=simos-shell version=0.1.0-SNAPSHOT 外发工具 15 个 [sd.IssueDirective, sd.SetViewScope, sd.SubmitVerdict, simos.advance, simos.command.catalog, simos.command.submit, simos.fork, simos.map.hex, simos.map.overview, simos.social.population, simos.state.facets, simos.state.resolve, simos.timeline.branches, simos.unit.get, simos.unit.list]；Registry 共 15 个，未外发 0 个 []
19:17:18.963 INFO  io.mosire.agentlib.mcp.AgentToMcpServer - MCP streamable server 已启动: name=simos-shell-decision version=0.1.0-SNAPSHOT 外发工具 11 个 [sd.IssueDirective, sd.SubmitVerdict, simos.command.catalog, simos.map.hex, simos.map.overview, simos.social.population, simos.state.facets, simos.state.resolve, simos.timeline.branches, simos.unit.get, simos.unit.list]；Registry 共 11 个，未外发 0 个 []
19:17:18.971 INFO  io.mosire.simos.app.gui.GuiServer - GUI 服务器已启动: http://127.0.0.1:44745/（静态 /webui，同源，无 CORS 头）
19:17:18.971 INFO  io.mosire.simos.app.Shell - Shell 装配完成: store=/tmp/junit-14080903613173784047 checkpointInterval=100 codec=4 handler=41 participant=2 resolver=4 facet=2 tool=15 decisionTool=11 mapId=Map1 bindAddress=127.0.0.1 mcpPort=44783 decisionAgentMcpPort=46379 guiPort=44745 approvalPort=45417
19:17:18.975 INFO  io.mosire.simos.app.gui.GuiServer - access GET /api/map/path -> 200 0ms remote=127.0.0.1
19:17:18.978 INFO  io.mosire.agentlib.approval.ApprovalHttpEndpoint - 审批 HTTP 面已停止（端口 45417）
19:17:18.978 INFO  io.mosire.agentlib.approval.HttpApprovalChannel - HTTP 审批通道已关闭
19:17:19.025 INFO  io.mosire.agentlib.mcp.AgentToMcpServer - MCP streamable server 已启动: name=simos-shell version=0.1.0-SNAPSHOT 外发工具 15 个 [sd.IssueDirective, sd.SetViewScope, sd.SubmitVerdict, simos.advance, simos.command.catalog, simos.command.submit, simos.fork, simos.map.hex, simos.map.overview, simos.social.population, simos.state.facets, simos.state.resolve, simos.timeline.branches, simos.unit.get, simos.unit.list]；Registry 共 15 个，未外发 0 个 []
19:17:19.035 INFO  io.mosire.agentlib.mcp.AgentToMcpServer - MCP streamable server 已启动: name=simos-shell-decision version=0.1.0-SNAPSHOT 外发工具 11 个 [sd.IssueDirective, sd.SubmitVerdict, simos.command.catalog, simos.map.hex, simos.map.overview, simos.social.population, simos.state.facets, simos.state.resolve, simos.timeline.branches, simos.unit.get, simos.unit.list]；Registry 共 11 个，未外发 0 个 []
19:17:19.045 INFO  io.mosire.simos.app.gui.GuiServer - GUI 服务器已启动: http://127.0.0.1:46439/（静态 /webui，同源，无 CORS 头）
19:17:19.045 INFO  io.mosire.simos.app.Shell - Shell 装配完成: store=/tmp/junit-8677980673905922394 checkpointInterval=100 codec=4 handler=41 participant=2 resolver=4 facet=2 tool=15 decisionTool=11 mapId=Map1 bindAddress=127.0.0.1 mcpPort=45271 decisionAgentMcpPort=45599 guiPort=46439 approvalPort=44913
19:17:19.050 INFO  io.mosire.simos.app.gui.GuiServer - access GET /api/map/hex -> 200 0ms remote=127.0.0.1
19:17:19.053 INFO  io.mosire.agentlib.approval.ApprovalHttpEndpoint - 审批 HTTP 面已停止（端口 44913）
19:17:19.053 INFO  io.mosire.agentlib.approval.HttpApprovalChannel - HTTP 审批通道已关闭
19:17:19.099 INFO  io.mosire.agentlib.mcp.AgentToMcpServer - MCP streamable server 已启动: name=simos-shell version=0.1.0-SNAPSHOT 外发工具 15 个 [sd.IssueDirective, sd.SetViewScope, sd.SubmitVerdict, simos.advance, simos.command.catalog, simos.command.submit, simos.fork, simos.map.hex, simos.map.overview, simos.social.population, simos.state.facets, simos.state.resolve, simos.timeline.branches, simos.unit.get, simos.unit.list]；Registry 共 15 个，未外发 0 个 []
19:17:19.108 INFO  io.mosire.agentlib.mcp.AgentToMcpServer - MCP streamable server 已启动: name=simos-shell-decision version=0.1.0-SNAPSHOT 外发工具 11 个 [sd.IssueDirective, sd.SubmitVerdict, simos.command.catalog, simos.map.hex, simos.map.overview, simos.social.population, simos.state.facets, simos.state.resolve, simos.timeline.branches, simos.unit.get, simos.unit.list]；Registry 共 11 个，未外发 0 个 []
19:17:19.118 INFO  io.mosire.simos.app.gui.GuiServer - GUI 服务器已启动: http://127.0.0.1:46387/（静态 /webui，同源，无 CORS 头）
19:17:19.118 INFO  io.mosire.simos.app.Shell - Shell 装配完成: store=/tmp/junit-795331534405979918 checkpointInterval=100 codec=4 handler=41 participant=2 resolver=4 facet=2 tool=15 decisionTool=11 mapId=Map1 bindAddress=127.0.0.1 mcpPort=46547 decisionAgentMcpPort=45435 guiPort=46387 approvalPort=46565
19:17:19.122 INFO  io.mosire.simos.app.gui.GuiServer - access GET /api/map/path -> 404 0ms remote=127.0.0.1
19:17:19.124 INFO  io.mosire.agentlib.approval.ApprovalHttpEndpoint - 审批 HTTP 面已停止（端口 46565）
19:17:19.124 INFO  io.mosire.agentlib.approval.HttpApprovalChannel - HTTP 审批通道已关闭
19:17:19.169 INFO  io.mosire.agentlib.mcp.AgentToMcpServer - MCP streamable server 已启动: name=simos-shell version=0.1.0-SNAPSHOT 外发工具 15 个 [sd.IssueDirective, sd.SetViewScope, sd.SubmitVerdict, simos.advance, simos.command.catalog, simos.command.submit, simos.fork, simos.map.hex, simos.map.overview, simos.social.population, simos.state.facets, simos.state.resolve, simos.timeline.branches, simos.unit.get, simos.unit.list]；Registry 共 15 个，未外发 0 个 []
19:17:19.178 INFO  io.mosire.agentlib.mcp.AgentToMcpServer - MCP streamable server 已启动: name=simos-shell-decision version=0.1.0-SNAPSHOT 外发工具 11 个 [sd.IssueDirective, sd.SubmitVerdict, simos.command.catalog, simos.map.hex, simos.map.overview, simos.social.population, simos.state.facets, simos.state.resolve, simos.timeline.branches, simos.unit.get, simos.unit.list]；Registry 共 11 个，未外发 0 个 []
19:17:19.189 INFO  io.mosire.simos.app.gui.GuiServer - GUI 服务器已启动: http://127.0.0.1:46357/（静态 /webui，同源，无 CORS 头）
19:17:19.189 INFO  io.mosire.simos.app.Shell - Shell 装配完成: store=/tmp/junit-4592967823221463568 checkpointInterval=100 codec=4 handler=41 participant=2 resolver=4 facet=2 tool=15 decisionTool=11 mapId=Map1 bindAddress=127.0.0.1 mcpPort=44755 decisionAgentMcpPort=46545 guiPort=46357 approvalPort=44941
19:17:19.193 INFO  io.mosire.simos.app.gui.GuiServer - access GET /api/map/overview -> 200 0ms remote=127.0.0.1
19:17:19.197 INFO  io.mosire.agentlib.approval.ApprovalHttpEndpoint - 审批 HTTP 面已停止（端口 44941）
19:17:19.197 INFO  io.mosire.agentlib.approval.HttpApprovalChannel - HTTP 审批通道已关闭
19:17:19.247 INFO  io.mosire.agentlib.mcp.AgentToMcpServer - MCP streamable server 已启动: name=simos-shell version=0.1.0-SNAPSHOT 外发工具 15 个 [sd.IssueDirective, sd.SetViewScope, sd.SubmitVerdict, simos.advance, simos.command.catalog, simos.command.submit, simos.fork, simos.map.hex, simos.map.overview, simos.social.population, simos.state.facets, simos.state.resolve, simos.timeline.branches, simos.unit.get, simos.unit.list]；Registry 共 15 个，未外发 0 个 []
19:17:19.257 INFO  io.mosire.agentlib.mcp.AgentToMcpServer - MCP streamable server 已启动: name=simos-shell-decision version=0.1.0-SNAPSHOT 外发工具 11 个 [sd.IssueDirective, sd.SubmitVerdict, simos.command.catalog, simos.map.hex, simos.map.overview, simos.social.population, simos.state.facets, simos.state.resolve, simos.timeline.branches, simos.unit.get, simos.unit.list]；Registry 共 11 个，未外发 0 个 []
19:17:19.267 INFO  io.mosire.simos.app.gui.GuiServer - GUI 服务器已启动: http://127.0.0.1:46519/（静态 /webui，同源，无 CORS 头）
19:17:19.268 INFO  io.mosire.simos.app.Shell - Shell 装配完成: store=/tmp/junit-4493703358842842986 checkpointInterval=100 codec=4 handler=41 participant=2 resolver=4 facet=2 tool=15 decisionTool=11 mapId=Map1 bindAddress=127.0.0.1 mcpPort=44761 decisionAgentMcpPort=46011 guiPort=46519 approvalPort=45629
19:17:19.271 INFO  io.mosire.simos.app.gui.GuiServer - access GET /api/units -> 200 0ms remote=127.0.0.1
19:17:19.272 INFO  io.mosire.simos.app.gui.GuiServer - access GET /api/unit/u-1 -> 200 0ms remote=127.0.0.1
19:17:19.315 INFO  io.mosire.agentlib.approval.ApprovalHttpEndpoint - 审批 HTTP 面已停止（端口 45629）
19:17:19.316 INFO  io.mosire.agentlib.approval.HttpApprovalChannel - HTTP 审批通道已关闭
19:17:19.362 INFO  io.mosire.agentlib.mcp.AgentToMcpServer - MCP streamable server 已启动: name=simos-shell version=0.1.0-SNAPSHOT 外发工具 15 个 [sd.IssueDirective, sd.SetViewScope, sd.SubmitVerdict, simos.advance, simos.command.catalog, simos.command.submit, simos.fork, simos.map.hex, simos.map.overview, simos.social.population, simos.state.facets, simos.state.resolve, simos.timeline.branches, simos.unit.get, simos.unit.list]；Registry 共 15 个，未外发 0 个 []
19:17:19.372 INFO  io.mosire.agentlib.mcp.AgentToMcpServer - MCP streamable server 已启动: name=simos-shell-decision version=0.1.0-SNAPSHOT 外发工具 11 个 [sd.IssueDirective, sd.SubmitVerdict, simos.command.catalog, simos.map.hex, simos.map.overview, simos.social.population, simos.state.facets, simos.state.resolve, simos.timeline.branches, simos.unit.get, simos.unit.list]；Registry 共 11 个，未外发 0 个 []
19:17:19.382 INFO  io.mosire.simos.app.gui.GuiServer - GUI 服务器已启动: http://127.0.0.1:46247/（静态 /webui，同源，无 CORS 头）
19:17:19.382 INFO  io.mosire.simos.app.Shell - Shell 装配完成: store=/tmp/junit-15806550725015350641 checkpointInterval=100 codec=4 handler=41 participant=2 resolver=4 facet=2 tool=15 decisionTool=11 mapId=Map1 bindAddress=127.0.0.1 mcpPort=45041 decisionAgentMcpPort=46623 guiPort=46247 approvalPort=44865
19:17:19.386 INFO  io.mosire.simos.app.gui.GuiServer - access GET /api/map/hex -> 200 1ms remote=127.0.0.1
19:17:19.387 INFO  io.mosire.agentlib.approval.ApprovalHttpEndpoint - 审批 HTTP 面已停止（端口 44865）
19:17:19.388 INFO  io.mosire.agentlib.approval.HttpApprovalChannel - HTTP 审批通道已关闭
19:17:19.432 INFO  io.mosire.agentlib.mcp.AgentToMcpServer - MCP streamable server 已启动: name=simos-shell version=0.1.0-SNAPSHOT 外发工具 15 个 [sd.IssueDirective, sd.SetViewScope, sd.SubmitVerdict, simos.advance, simos.command.catalog, simos.command.submit, simos.fork, simos.map.hex, simos.map.overview, simos.social.population, simos.state.facets, simos.state.resolve, simos.timeline.branches, simos.unit.get, simos.unit.list]；Registry 共 15 个，未外发 0 个 []
19:17:19.442 INFO  io.mosire.agentlib.mcp.AgentToMcpServer - MCP streamable server 已启动: name=simos-shell-decision version=0.1.0-SNAPSHOT 外发工具 11 个 [sd.IssueDirective, sd.SubmitVerdict, simos.command.catalog, simos.map.hex, simos.map.overview, simos.social.population, simos.state.facets, simos.state.resolve, simos.timeline.branches, simos.unit.get, simos.unit.list]；Registry 共 11 个，未外发 0 个 []
19:17:19.448 INFO  io.mosire.simos.app.gui.GuiServer - GUI 服务器已启动: http://127.0.0.1:46089/（静态 /webui，同源，无 CORS 头）
19:17:19.449 INFO  io.mosire.simos.app.Shell - Shell 装配完成: store=/tmp/junit-16209680654863978677 checkpointInterval=100 codec=4 handler=41 participant=2 resolver=4 facet=2 tool=15 decisionTool=11 mapId=Map1 bindAddress=127.0.0.1 mcpPort=46623 decisionAgentMcpPort=46199 guiPort=46089 approvalPort=46195
19:17:19.461 INFO  io.mosire.simos.app.gui.GuiServer - access GET /api/timeline -> 200 0ms remote=127.0.0.1
19:17:19.464 INFO  io.mosire.simos.app.gui.GuiServer - access GET /api/timeline -> 200 0ms remote=127.0.0.1
19:17:19.511 INFO  io.mosire.simos.app.gui.GuiServer - access GET /api/timeline -> 404 0ms remote=127.0.0.1
19:17:19.559 INFO  io.mosire.agentlib.approval.ApprovalHttpEndpoint - 审批 HTTP 面已停止（端口 46195）
19:17:19.560 INFO  io.mosire.agentlib.approval.HttpApprovalChannel - HTTP 审批通道已关闭
19:17:19.607 INFO  io.mosire.agentlib.mcp.AgentToMcpServer - MCP streamable server 已启动: name=simos-shell version=0.1.0-SNAPSHOT 外发工具 15 个 [sd.IssueDirective, sd.SetViewScope, sd.SubmitVerdict, simos.advance, simos.command.catalog, simos.command.submit, simos.fork, simos.map.hex, simos.map.overview, simos.social.population, simos.state.facets, simos.state.resolve, simos.timeline.branches, simos.unit.get, simos.unit.list]；Registry 共 15 个，未外发 0 个 []
19:17:19.617 INFO  io.mosire.agentlib.mcp.AgentToMcpServer - MCP streamable server 已启动: name=simos-shell-decision version=0.1.0-SNAPSHOT 外发工具 11 个 [sd.IssueDirective, sd.SubmitVerdict, simos.command.catalog, simos.map.hex, simos.map.overview, simos.social.population, simos.state.facets, simos.state.resolve, simos.timeline.branches, simos.unit.get, simos.unit.list]；Registry 共 11 个，未外发 0 个 []
19:17:19.627 INFO  io.mosire.simos.app.gui.GuiServer - GUI 服务器已启动: http://127.0.0.1:46569/（静态 /webui，同源，无 CORS 头）
19:17:19.627 INFO  io.mosire.simos.app.Shell - Shell 装配完成: store=/tmp/junit-3274240159213657853 checkpointInterval=100 codec=4 handler=41 participant=2 resolver=4 facet=2 tool=15 decisionTool=11 mapId=Map1 bindAddress=127.0.0.1 mcpPort=45133 decisionAgentMcpPort=46099 guiPort=46569 approvalPort=46457
19:17:19.639 INFO  io.mosire.simos.core.command.CommandBus - 命令提交: type=unit.PlanRoute commandId=5fedbc35-f4db-4af7-bb34-bfae24393dc3 correlationId=5fedbc35-f4db-4af7-bb34-bfae24393dc3 新坐标=main@2
19:17:19.639 INFO  io.mosire.simos.app.gui.GuiServer - access POST /api/command -> 200 9ms remote=127.0.0.1
19:17:19.641 INFO  io.mosire.simos.app.gui.GuiServer - access GET /api/unit/u-1 -> 200 0ms remote=127.0.0.1
19:17:19.688 INFO  io.mosire.simos.app.gui.GuiServer - access GET /api/units -> 200 0ms remote=127.0.0.1
19:17:19.733 INFO  io.mosire.agentlib.approval.ApprovalHttpEndpoint - 审批 HTTP 面已停止（端口 46457）
19:17:19.733 INFO  io.mosire.agentlib.approval.HttpApprovalChannel - HTTP 审批通道已关闭
19:17:19.786 INFO  io.mosire.agentlib.mcp.AgentToMcpServer - MCP streamable server 已启动: name=simos-shell version=0.1.0-SNAPSHOT 外发工具 15 个 [sd.IssueDirective, sd.SetViewScope, sd.SubmitVerdict, simos.advance, simos.command.catalog, simos.command.submit, simos.fork, simos.map.hex, simos.map.overview, simos.social.population, simos.state.facets, simos.state.resolve, simos.timeline.branches, simos.unit.get, simos.unit.list]；Registry 共 15 个，未外发 0 个 []
19:17:19.796 INFO  io.mosire.agentlib.mcp.AgentToMcpServer - MCP streamable server 已启动: name=simos-shell-decision version=0.1.0-SNAPSHOT 外发工具 11 个 [sd.IssueDirective, sd.SubmitVerdict, simos.command.catalog, simos.map.hex, simos.map.overview, simos.social.population, simos.state.facets, simos.state.resolve, simos.timeline.branches, simos.unit.get, simos.unit.list]；Registry 共 11 个，未外发 0 个 []
19:17:19.806 INFO  io.mosire.simos.app.gui.GuiServer - GUI 服务器已启动: http://127.0.0.1:46017/（静态 /webui，同源，无 CORS 头）
19:17:19.806 INFO  io.mosire.simos.app.Shell - Shell 装配完成: store=/tmp/junit-15400652921355792322 checkpointInterval=100 codec=4 handler=41 participant=2 resolver=4 facet=2 tool=15 decisionTool=11 mapId=Map1 bindAddress=127.0.0.1 mcpPort=45559 decisionAgentMcpPort=45993 guiPort=46017 approvalPort=45717
19:17:19.810 INFO  io.mosire.simos.app.gui.GuiServer - access GET /api/state -> 200 0ms remote=127.0.0.1
19:17:19.811 INFO  io.mosire.agentlib.approval.ApprovalHttpEndpoint - 审批 HTTP 面已停止（端口 45717）
19:17:19.811 INFO  io.mosire.agentlib.approval.HttpApprovalChannel - HTTP 审批通道已关闭
19:17:19.853 INFO  io.mosire.agentlib.mcp.AgentToMcpServer - MCP streamable server 已启动: name=simos-shell version=0.1.0-SNAPSHOT 外发工具 15 个 [sd.IssueDirective, sd.SetViewScope, sd.SubmitVerdict, simos.advance, simos.command.catalog, simos.command.submit, simos.fork, simos.map.hex, simos.map.overview, simos.social.population, simos.state.facets, simos.state.resolve, simos.timeline.branches, simos.unit.get, simos.unit.list]；Registry 共 15 个，未外发 0 个 []
19:17:19.863 INFO  io.mosire.agentlib.mcp.AgentToMcpServer - MCP streamable server 已启动: name=simos-shell-decision version=0.1.0-SNAPSHOT 外发工具 11 个 [sd.IssueDirective, sd.SubmitVerdict, simos.command.catalog, simos.map.hex, simos.map.overview, simos.social.population, simos.state.facets, simos.state.resolve, simos.timeline.branches, simos.unit.get, simos.unit.list]；Registry 共 11 个，未外发 0 个 []
19:17:19.874 INFO  io.mosire.simos.app.gui.GuiServer - GUI 服务器已启动: http://127.0.0.1:46251/（静态 /webui，同源，无 CORS 头）
19:17:19.874 INFO  io.mosire.simos.app.Shell - Shell 装配完成: store=/tmp/junit-2971335920761552678 checkpointInterval=100 codec=4 handler=41 participant=2 resolver=4 facet=2 tool=15 decisionTool=11 mapId=Map1 bindAddress=127.0.0.1 mcpPort=46189 decisionAgentMcpPort=45853 guiPort=46251 approvalPort=45299
19:17:19.877 INFO  io.mosire.simos.app.gui.GuiServer - access GET /api/social/population -> 200 0ms remote=127.0.0.1
19:17:19.878 INFO  io.mosire.agentlib.approval.ApprovalHttpEndpoint - 审批 HTTP 面已停止（端口 45299）
19:17:19.878 INFO  io.mosire.agentlib.approval.HttpApprovalChannel - HTTP 审批通道已关闭
19:17:19.923 INFO  io.mosire.agentlib.mcp.AgentToMcpServer - MCP streamable server 已启动: name=simos-shell version=0.1.0-SNAPSHOT 外发工具 15 个 [sd.IssueDirective, sd.SetViewScope, sd.SubmitVerdict, simos.advance, simos.command.catalog, simos.command.submit, simos.fork, simos.map.hex, simos.map.overview, simos.social.population, simos.state.facets, simos.state.resolve, simos.timeline.branches, simos.unit.get, simos.unit.list]；Registry 共 15 个，未外发 0 个 []
19:17:19.933 INFO  io.mosire.agentlib.mcp.AgentToMcpServer - MCP streamable server 已启动: name=simos-shell-decision version=0.1.0-SNAPSHOT 外发工具 11 个 [sd.IssueDirective, sd.SubmitVerdict, simos.command.catalog, simos.map.hex, simos.map.overview, simos.social.population, simos.state.facets, simos.state.resolve, simos.timeline.branches, simos.unit.get, simos.unit.list]；Registry 共 11 个，未外发 0 个 []
19:17:19.943 INFO  io.mosire.simos.app.gui.GuiServer - GUI 服务器已启动: http://127.0.0.1:45299/（静态 /webui，同源，无 CORS 头）
19:17:19.943 INFO  io.mosire.simos.app.Shell - Shell 装配完成: store=/tmp/junit-15169265724847244573 checkpointInterval=100 codec=4 handler=41 participant=2 resolver=4 facet=2 tool=15 decisionTool=11 mapId=Map1 bindAddress=127.0.0.1 mcpPort=46003 decisionAgentMcpPort=46057 guiPort=45299 approvalPort=46521
19:17:19.948 INFO  io.mosire.simos.app.gui.GuiServer - access GET /api/approvals -> 200 2ms remote=127.0.0.1
19:17:19.994 INFO  io.mosire.simos.app.gui.GuiServer - access POST /api/approvals/ap-nope -> 404 45ms remote=127.0.0.1
19:17:20.045 INFO  io.mosire.simos.app.gui.GuiServer - access GET /api/approvals/ap-nope -> 405 3ms remote=127.0.0.1
19:17:20.048 INFO  io.mosire.agentlib.approval.ApprovalHttpEndpoint - 审批 HTTP 面已停止（端口 46521）
19:17:20.048 INFO  io.mosire.agentlib.approval.HttpApprovalChannel - HTTP 审批通道已关闭
19:17:20.097 INFO  io.mosire.agentlib.mcp.AgentToMcpServer - MCP streamable server 已启动: name=simos-shell version=0.1.0-SNAPSHOT 外发工具 15 个 [sd.IssueDirective, sd.SetViewScope, sd.SubmitVerdict, simos.advance, simos.command.catalog, simos.command.submit, simos.fork, simos.map.hex, simos.map.overview, simos.social.population, simos.state.facets, simos.state.resolve, simos.timeline.branches, simos.unit.get, simos.unit.list]；Registry 共 15 个，未外发 0 个 []
19:17:20.107 INFO  io.mosire.agentlib.mcp.AgentToMcpServer - MCP streamable server 已启动: name=simos-shell-decision version=0.1.0-SNAPSHOT 外发工具 11 个 [sd.IssueDirective, sd.SubmitVerdict, simos.command.catalog, simos.map.hex, simos.map.overview, simos.social.population, simos.state.facets, simos.state.resolve, simos.timeline.branches, simos.unit.get, simos.unit.list]；Registry 共 11 个，未外发 0 个 []
19:17:20.117 INFO  io.mosire.simos.app.gui.GuiServer - GUI 服务器已启动: http://127.0.0.1:46547/（静态 /webui，同源，无 CORS 头）
19:17:20.117 INFO  io.mosire.simos.app.Shell - Shell 装配完成: store=/tmp/junit-17998129799977687414 checkpointInterval=100 codec=4 handler=41 participant=2 resolver=4 facet=2 tool=15 decisionTool=11 mapId=Map1 bindAddress=127.0.0.1 mcpPort=45037 decisionAgentMcpPort=45083 guiPort=46547 approvalPort=46505
19:17:20.120 INFO  io.mosire.simos.app.gui.GuiServer - access GET /api/map/overview -> 200 0ms remote=127.0.0.1
19:17:20.122 INFO  io.mosire.simos.app.gui.GuiServer - access GET /api/map/hex -> 200 0ms remote=127.0.0.1
19:17:20.168 INFO  io.mosire.agentlib.approval.ApprovalHttpEndpoint - 审批 HTTP 面已停止（端口 46505）
19:17:20.168 INFO  io.mosire.agentlib.approval.HttpApprovalChannel - HTTP 审批通道已关闭
19:17:20.222 INFO  io.mosire.agentlib.mcp.AgentToMcpServer - MCP streamable server 已启动: name=simos-shell version=0.1.0-SNAPSHOT 外发工具 15 个 [sd.IssueDirective, sd.SetViewScope, sd.SubmitVerdict, simos.advance, simos.command.catalog, simos.command.submit, simos.fork, simos.map.hex, simos.map.overview, simos.social.population, simos.state.facets, simos.state.resolve, simos.timeline.branches, simos.unit.get, simos.unit.list]；Registry 共 15 个，未外发 0 个 []
19:17:20.232 INFO  io.mosire.agentlib.mcp.AgentToMcpServer - MCP streamable server 已启动: name=simos-shell-decision version=0.1.0-SNAPSHOT 外发工具 11 个 [sd.IssueDirective, sd.SubmitVerdict, simos.command.catalog, simos.map.hex, simos.map.overview, simos.social.population, simos.state.facets, simos.state.resolve, simos.timeline.branches, simos.unit.get, simos.unit.list]；Registry 共 11 个，未外发 0 个 []
19:17:20.242 INFO  io.mosire.simos.app.gui.GuiServer - GUI 服务器已启动: http://127.0.0.1:45869/（静态 /webui，同源，无 CORS 头）
19:17:20.242 INFO  io.mosire.simos.app.Shell - Shell 装配完成: store=/tmp/junit-16448076709996626742 checkpointInterval=100 codec=4 handler=41 participant=2 resolver=4 facet=2 tool=15 decisionTool=11 mapId=Map1 bindAddress=127.0.0.1 mcpPort=45635 decisionAgentMcpPort=45353 guiPort=45869 approvalPort=46215
19:17:20.245 INFO  io.mosire.simos.app.gui.GuiServer - access GET / -> 200 0ms remote=127.0.0.1
19:17:20.246 INFO  io.mosire.simos.app.gui.GuiServer - access GET /nope -> 404 0ms remote=127.0.0.1
19:17:20.291 INFO  io.mosire.agentlib.approval.ApprovalHttpEndpoint - 审批 HTTP 面已停止（端口 46215）
19:17:20.292 INFO  io.mosire.agentlib.approval.HttpApprovalChannel - HTTP 审批通道已关闭
19:17:20.338 INFO  io.mosire.agentlib.mcp.AgentToMcpServer - MCP streamable server 已启动: name=simos-shell version=0.1.0-SNAPSHOT 外发工具 15 个 [sd.IssueDirective, sd.SetViewScope, sd.SubmitVerdict, simos.advance, simos.command.catalog, simos.command.submit, simos.fork, simos.map.hex, simos.map.overview, simos.social.population, simos.state.facets, simos.state.resolve, simos.timeline.branches, simos.unit.get, simos.unit.list]；Registry 共 15 个，未外发 0 个 []
19:17:20.348 INFO  io.mosire.agentlib.mcp.AgentToMcpServer - MCP streamable server 已启动: name=simos-shell-decision version=0.1.0-SNAPSHOT 外发工具 11 个 [sd.IssueDirective, sd.SubmitVerdict, simos.command.catalog, simos.map.hex, simos.map.overview, simos.social.population, simos.state.facets, simos.state.resolve, simos.timeline.branches, simos.unit.get, simos.unit.list]；Registry 共 11 个，未外发 0 个 []
19:17:20.358 INFO  io.mosire.simos.app.gui.GuiServer - GUI 服务器已启动: http://127.0.0.1:45773/（静态 /webui，同源，无 CORS 头）
19:17:20.358 INFO  io.mosire.simos.app.Shell - Shell 装配完成: store=/tmp/junit-3934761005434229953 checkpointInterval=100 codec=4 handler=41 participant=2 resolver=4 facet=2 tool=15 decisionTool=11 mapId=Map1 bindAddress=127.0.0.1 mcpPort=46287 decisionAgentMcpPort=46193 guiPort=45773 approvalPort=46507
19:17:20.364 INFO  io.mosire.simos.app.gui.GuiServer - access GET /api/map/region/r-1 -> 200 2ms remote=127.0.0.1
19:17:20.366 INFO  io.mosire.simos.app.gui.GuiServer - access GET /api/map/region/r-ghost -> 404 0ms remote=127.0.0.1
19:17:20.412 INFO  io.mosire.agentlib.approval.ApprovalHttpEndpoint - 审批 HTTP 面已停止（端口 46507）
19:17:20.412 INFO  io.mosire.agentlib.approval.HttpApprovalChannel - HTTP 审批通道已关闭
19:17:20.457 INFO  io.mosire.agentlib.mcp.AgentToMcpServer - MCP streamable server 已启动: name=simos-shell version=0.1.0-SNAPSHOT 外发工具 15 个 [sd.IssueDirective, sd.SetViewScope, sd.SubmitVerdict, simos.advance, simos.command.catalog, simos.command.submit, simos.fork, simos.map.hex, simos.map.overview, simos.social.population, simos.state.facets, simos.state.resolve, simos.timeline.branches, simos.unit.get, simos.unit.list]；Registry 共 15 个，未外发 0 个 []
19:17:20.467 INFO  io.mosire.agentlib.mcp.AgentToMcpServer - MCP streamable server 已启动: name=simos-shell-decision version=0.1.0-SNAPSHOT 外发工具 11 个 [sd.IssueDirective, sd.SubmitVerdict, simos.command.catalog, simos.map.hex, simos.map.overview, simos.social.population, simos.state.facets, simos.state.resolve, simos.timeline.branches, simos.unit.get, simos.unit.list]；Registry 共 11 个，未外发 0 个 []
19:17:20.477 INFO  io.mosire.simos.app.gui.GuiServer - GUI 服务器已启动: http://127.0.0.1:46635/（静态 /webui，同源，无 CORS 头）
19:17:20.478 INFO  io.mosire.simos.app.Shell - Shell 装配完成: store=/tmp/junit-4424077901118998731 checkpointInterval=100 codec=4 handler=41 participant=2 resolver=4 facet=2 tool=15 decisionTool=11 mapId=Map1 bindAddress=127.0.0.1 mcpPort=45595 decisionAgentMcpPort=46033 guiPort=46635 approvalPort=45389
19:17:20.481 INFO  io.mosire.simos.app.gui.GuiServer - access GET /api/map/hex -> 200 0ms remote=127.0.0.1
19:17:20.483 INFO  io.mosire.agentlib.approval.ApprovalHttpEndpoint - 审批 HTTP 面已停止（端口 45389）
19:17:20.483 INFO  io.mosire.agentlib.approval.HttpApprovalChannel - HTTP 审批通道已关闭
[INFO] Tests run: 27, Failures: 0, Errors: 0, Skipped: 0, Time elapsed: 3.112 s -- in io.mosire.simos.app.gui.GuiApiTest
[INFO] Running io.mosire.simos.app.gui.RedactionApiTest
19:17:20.527 INFO  io.mosire.agentlib.mcp.AgentToMcpServer - MCP streamable server 已启动: name=simos-shell version=0.1.0-SNAPSHOT 外发工具 15 个 [sd.IssueDirective, sd.SetViewScope, sd.SubmitVerdict, simos.advance, simos.command.catalog, simos.command.submit, simos.fork, simos.map.hex, simos.map.overview, simos.social.population, simos.state.facets, simos.state.resolve, simos.timeline.branches, simos.unit.get, simos.unit.list]；Registry 共 15 个，未外发 0 个 []
19:17:20.536 INFO  io.mosire.agentlib.mcp.AgentToMcpServer - MCP streamable server 已启动: name=simos-shell-decision version=0.1.0-SNAPSHOT 外发工具 11 个 [sd.IssueDirective, sd.SubmitVerdict, simos.command.catalog, simos.map.hex, simos.map.overview, simos.social.population, simos.state.facets, simos.state.resolve, simos.timeline.branches, simos.unit.get, simos.unit.list]；Registry 共 11 个，未外发 0 个 []
19:17:20.546 INFO  io.mosire.simos.app.gui.GuiServer - GUI 服务器已启动: http://127.0.0.1:44669/（静态 /webui，同源，无 CORS 头）
19:17:20.546 INFO  io.mosire.simos.app.Shell - Shell 装配完成: store=/tmp/junit-15162341842899310169 checkpointInterval=100 codec=4 handler=41 participant=2 resolver=4 facet=2 tool=15 decisionTool=11 mapId=Map1 bindAddress=127.0.0.1 mcpPort=46075 decisionAgentMcpPort=45075 guiPort=44669 approvalPort=44977
19:17:20.550 INFO  io.mosire.simos.app.gui.GuiServer - access GET /api/map/hex -> 404 1ms remote=127.0.0.1
19:17:20.551 INFO  io.mosire.simos.app.gui.GuiServer - access GET /api/map/hex -> 200 0ms remote=127.0.0.1
19:17:20.596 INFO  io.mosire.agentlib.approval.ApprovalHttpEndpoint - 审批 HTTP 面已停止（端口 44977）
19:17:20.596 INFO  io.mosire.agentlib.approval.HttpApprovalChannel - HTTP 审批通道已关闭
19:17:20.648 INFO  io.mosire.agentlib.mcp.AgentToMcpServer - MCP streamable server 已启动: name=simos-shell version=0.1.0-SNAPSHOT 外发工具 15 个 [sd.IssueDirective, sd.SetViewScope, sd.SubmitVerdict, simos.advance, simos.command.catalog, simos.command.submit, simos.fork, simos.map.hex, simos.map.overview, simos.social.population, simos.state.facets, simos.state.resolve, simos.timeline.branches, simos.unit.get, simos.unit.list]；Registry 共 15 个，未外发 0 个 []
19:17:20.658 INFO  io.mosire.agentlib.mcp.AgentToMcpServer - MCP streamable server 已启动: name=simos-shell-decision version=0.1.0-SNAPSHOT 外发工具 11 个 [sd.IssueDirective, sd.SubmitVerdict, simos.command.catalog, simos.map.hex, simos.map.overview, simos.social.population, simos.state.facets, simos.state.resolve, simos.timeline.branches, simos.unit.get, simos.unit.list]；Registry 共 11 个，未外发 0 个 []
19:17:20.669 INFO  io.mosire.simos.app.gui.GuiServer - GUI 服务器已启动: http://127.0.0.1:46305/（静态 /webui，同源，无 CORS 头）
19:17:20.669 INFO  io.mosire.simos.app.Shell - Shell 装配完成: store=/tmp/junit-2975864708623127062 checkpointInterval=100 codec=4 handler=41 participant=2 resolver=4 facet=2 tool=15 decisionTool=11 mapId=Map1 bindAddress=127.0.0.1 mcpPort=44871 decisionAgentMcpPort=45785 guiPort=46305 approvalPort=46441
19:17:20.673 INFO  io.mosire.simos.app.gui.GuiServer - access GET /api/state -> 200 1ms remote=127.0.0.1
19:17:20.675 INFO  io.mosire.simos.app.gui.GuiServer - access GET /api/state -> 200 0ms remote=127.0.0.1
19:17:20.721 INFO  io.mosire.agentlib.approval.ApprovalHttpEndpoint - 审批 HTTP 面已停止（端口 46441）
19:17:20.721 INFO  io.mosire.agentlib.approval.HttpApprovalChannel - HTTP 审批通道已关闭
19:17:20.770 INFO  io.mosire.agentlib.mcp.AgentToMcpServer - MCP streamable server 已启动: name=simos-shell version=0.1.0-SNAPSHOT 外发工具 15 个 [sd.IssueDirective, sd.SetViewScope, sd.SubmitVerdict, simos.advance, simos.command.catalog, simos.command.submit, simos.fork, simos.map.hex, simos.map.overview, simos.social.population, simos.state.facets, simos.state.resolve, simos.timeline.branches, simos.unit.get, simos.unit.list]；Registry 共 15 个，未外发 0 个 []
19:17:20.779 INFO  io.mosire.agentlib.mcp.AgentToMcpServer - MCP streamable server 已启动: name=simos-shell-decision version=0.1.0-SNAPSHOT 外发工具 11 个 [sd.IssueDirective, sd.SubmitVerdict, simos.command.catalog, simos.map.hex, simos.map.overview, simos.social.population, simos.state.facets, simos.state.resolve, simos.timeline.branches, simos.unit.get, simos.unit.list]；Registry 共 11 个，未外发 0 个 []
19:17:20.790 INFO  io.mosire.simos.app.gui.GuiServer - GUI 服务器已启动: http://127.0.0.1:44805/（静态 /webui，同源，无 CORS 头）
19:17:20.790 INFO  io.mosire.simos.app.Shell - Shell 装配完成: store=/tmp/junit-13253656470836565128 checkpointInterval=100 codec=4 handler=41 participant=2 resolver=4 facet=2 tool=15 decisionTool=11 mapId=Map1 bindAddress=127.0.0.1 mcpPort=45673 decisionAgentMcpPort=45689 guiPort=44805 approvalPort=46331
19:17:20.795 INFO  io.mosire.simos.app.gui.GuiServer - access GET /api/units -> 200 1ms remote=127.0.0.1
19:17:20.799 INFO  io.mosire.simos.app.gui.GuiServer - access GET /api/units -> 200 0ms remote=127.0.0.1
19:17:20.845 INFO  io.mosire.agentlib.approval.ApprovalHttpEndpoint - 审批 HTTP 面已停止（端口 46331）
19:17:20.845 INFO  io.mosire.agentlib.approval.HttpApprovalChannel - HTTP 审批通道已关闭
19:17:20.892 INFO  io.mosire.agentlib.mcp.AgentToMcpServer - MCP streamable server 已启动: name=simos-shell version=0.1.0-SNAPSHOT 外发工具 15 个 [sd.IssueDirective, sd.SetViewScope, sd.SubmitVerdict, simos.advance, simos.command.catalog, simos.command.submit, simos.fork, simos.map.hex, simos.map.overview, simos.social.population, simos.state.facets, simos.state.resolve, simos.timeline.branches, simos.unit.get, simos.unit.list]；Registry 共 15 个，未外发 0 个 []
19:17:20.902 INFO  io.mosire.agentlib.mcp.AgentToMcpServer - MCP streamable server 已启动: name=simos-shell-decision version=0.1.0-SNAPSHOT 外发工具 11 个 [sd.IssueDirective, sd.SubmitVerdict, simos.command.catalog, simos.map.hex, simos.map.overview, simos.social.population, simos.state.facets, simos.state.resolve, simos.timeline.branches, simos.unit.get, simos.unit.list]；Registry 共 11 个，未外发 0 个 []
19:17:20.913 INFO  io.mosire.simos.app.gui.GuiServer - GUI 服务器已启动: http://127.0.0.1:46141/（静态 /webui，同源，无 CORS 头）
19:17:20.913 INFO  io.mosire.simos.app.Shell - Shell 装配完成: store=/tmp/junit-1801712791760120799 checkpointInterval=100 codec=4 handler=41 participant=2 resolver=4 facet=2 tool=15 decisionTool=11 mapId=Map1 bindAddress=127.0.0.1 mcpPort=45603 decisionAgentMcpPort=45185 guiPort=46141 approvalPort=46393
19:17:20.917 INFO  io.mosire.simos.app.gui.GuiServer - access GET /api/unit/u-1 -> 200 0ms remote=127.0.0.1
19:17:20.919 INFO  io.mosire.simos.app.gui.GuiServer - access GET /api/unit/u-1 -> 200 0ms remote=127.0.0.1
19:17:20.966 INFO  io.mosire.agentlib.approval.ApprovalHttpEndpoint - 审批 HTTP 面已停止（端口 46393）
19:17:20.966 INFO  io.mosire.agentlib.approval.HttpApprovalChannel - HTTP 审批通道已关闭
19:17:21.007 INFO  io.mosire.agentlib.mcp.AgentToMcpServer - MCP streamable server 已启动: name=simos-shell version=0.1.0-SNAPSHOT 外发工具 15 个 [sd.IssueDirective, sd.SetViewScope, sd.SubmitVerdict, simos.advance, simos.command.catalog, simos.command.submit, simos.fork, simos.map.hex, simos.map.overview, simos.social.population, simos.state.facets, simos.state.resolve, simos.timeline.branches, simos.unit.get, simos.unit.list]；Registry 共 15 个，未外发 0 个 []
19:17:21.018 INFO  io.mosire.agentlib.mcp.AgentToMcpServer - MCP streamable server 已启动: name=simos-shell-decision version=0.1.0-SNAPSHOT 外发工具 11 个 [sd.IssueDirective, sd.SubmitVerdict, simos.command.catalog, simos.map.hex, simos.map.overview, simos.social.population, simos.state.facets, simos.state.resolve, simos.timeline.branches, simos.unit.get, simos.unit.list]；Registry 共 11 个，未外发 0 个 []
19:17:21.027 INFO  io.mosire.simos.app.gui.GuiServer - GUI 服务器已启动: http://127.0.0.1:45187/（静态 /webui，同源，无 CORS 头）
19:17:21.027 INFO  io.mosire.simos.app.Shell - Shell 装配完成: store=/tmp/junit-9847687318145069994 checkpointInterval=100 codec=4 handler=41 participant=2 resolver=4 facet=2 tool=15 decisionTool=11 mapId=Map1 bindAddress=127.0.0.1 mcpPort=46401 decisionAgentMcpPort=45155 guiPort=45187 approvalPort=46371
19:17:21.030 INFO  io.mosire.simos.app.gui.GuiServer - access GET /api/sd/verdicts -> 200 0ms remote=127.0.0.1
19:17:21.031 INFO  io.mosire.agentlib.approval.ApprovalHttpEndpoint - 审批 HTTP 面已停止（端口 46371）
19:17:21.031 INFO  io.mosire.agentlib.approval.HttpApprovalChannel - HTTP 审批通道已关闭
19:17:21.073 INFO  io.mosire.agentlib.mcp.AgentToMcpServer - MCP streamable server 已启动: name=simos-shell version=0.1.0-SNAPSHOT 外发工具 15 个 [sd.IssueDirective, sd.SetViewScope, sd.SubmitVerdict, simos.advance, simos.command.catalog, simos.command.submit, simos.fork, simos.map.hex, simos.map.overview, simos.social.population, simos.state.facets, simos.state.resolve, simos.timeline.branches, simos.unit.get, simos.unit.list]；Registry 共 15 个，未外发 0 个 []
19:17:21.083 INFO  io.mosire.agentlib.mcp.AgentToMcpServer - MCP streamable server 已启动: name=simos-shell-decision version=0.1.0-SNAPSHOT 外发工具 11 个 [sd.IssueDirective, sd.SubmitVerdict, simos.command.catalog, simos.map.hex, simos.map.overview, simos.social.population, simos.state.facets, simos.state.resolve, simos.timeline.branches, simos.unit.get, simos.unit.list]；Registry 共 11 个，未外发 0 个 []
19:17:21.094 INFO  io.mosire.simos.app.gui.GuiServer - GUI 服务器已启动: http://127.0.0.1:45891/（静态 /webui，同源，无 CORS 头）
19:17:21.094 INFO  io.mosire.simos.app.Shell - Shell 装配完成: store=/tmp/junit-9674967541821275144 checkpointInterval=100 codec=4 handler=41 participant=2 resolver=4 facet=2 tool=15 decisionTool=11 mapId=Map1 bindAddress=127.0.0.1 mcpPort=46185 decisionAgentMcpPort=45037 guiPort=45891 approvalPort=44799
19:17:21.097 INFO  io.mosire.simos.app.gui.GuiServer - access GET /api/map/path -> 400 0ms remote=127.0.0.1
19:17:21.098 INFO  io.mosire.simos.app.gui.GuiServer - access GET /api/sd/decision-makers -> 400 0ms remote=127.0.0.1
19:17:21.144 INFO  io.mosire.simos.app.gui.GuiServer - access GET /api/sd/decision-makers/dm-full -> 400 0ms remote=127.0.0.1
19:17:21.189 INFO  io.mosire.agentlib.approval.ApprovalHttpEndpoint - 审批 HTTP 面已停止（端口 44799）
19:17:21.189 INFO  io.mosire.agentlib.approval.HttpApprovalChannel - HTTP 审批通道已关闭
19:17:21.237 INFO  io.mosire.agentlib.mcp.AgentToMcpServer - MCP streamable server 已启动: name=simos-shell version=0.1.0-SNAPSHOT 外发工具 15 个 [sd.IssueDirective, sd.SetViewScope, sd.SubmitVerdict, simos.advance, simos.command.catalog, simos.command.submit, simos.fork, simos.map.hex, simos.map.overview, simos.social.population, simos.state.facets, simos.state.resolve, simos.timeline.branches, simos.unit.get, simos.unit.list]；Registry 共 15 个，未外发 0 个 []
19:17:21.247 INFO  io.mosire.agentlib.mcp.AgentToMcpServer - MCP streamable server 已启动: name=simos-shell-decision version=0.1.0-SNAPSHOT 外发工具 11 个 [sd.IssueDirective, sd.SubmitVerdict, simos.command.catalog, simos.map.hex, simos.map.overview, simos.social.population, simos.state.facets, simos.state.resolve, simos.timeline.branches, simos.unit.get, simos.unit.list]；Registry 共 11 个，未外发 0 个 []
19:17:21.257 INFO  io.mosire.simos.app.gui.GuiServer - GUI 服务器已启动: http://127.0.0.1:45419/（静态 /webui，同源，无 CORS 头）
19:17:21.257 INFO  io.mosire.simos.app.Shell - Shell 装配完成: store=/tmp/junit-7882082510824969896 checkpointInterval=100 codec=4 handler=41 participant=2 resolver=4 facet=2 tool=15 decisionTool=11 mapId=Map1 bindAddress=127.0.0.1 mcpPort=44847 decisionAgentMcpPort=45967 guiPort=45419 approvalPort=45905
19:17:21.261 INFO  io.mosire.simos.app.gui.GuiServer - access GET /api/units -> 200 1ms remote=127.0.0.1
19:17:21.263 INFO  io.mosire.simos.app.gui.GuiServer - access GET /api/units -> 200 0ms remote=127.0.0.1
19:17:21.309 INFO  io.mosire.agentlib.approval.ApprovalHttpEndpoint - 审批 HTTP 面已停止（端口 45905）
19:17:21.309 INFO  io.mosire.agentlib.approval.HttpApprovalChannel - HTTP 审批通道已关闭
19:17:21.357 INFO  io.mosire.agentlib.mcp.AgentToMcpServer - MCP streamable server 已启动: name=simos-shell version=0.1.0-SNAPSHOT 外发工具 15 个 [sd.IssueDirective, sd.SetViewScope, sd.SubmitVerdict, simos.advance, simos.command.catalog, simos.command.submit, simos.fork, simos.map.hex, simos.map.overview, simos.social.population, simos.state.facets, simos.state.resolve, simos.timeline.branches, simos.unit.get, simos.unit.list]；Registry 共 15 个，未外发 0 个 []
19:17:21.366 INFO  io.mosire.agentlib.mcp.AgentToMcpServer - MCP streamable server 已启动: name=simos-shell-decision version=0.1.0-SNAPSHOT 外发工具 11 个 [sd.IssueDirective, sd.SubmitVerdict, simos.command.catalog, simos.map.hex, simos.map.overview, simos.social.population, simos.state.facets, simos.state.resolve, simos.timeline.branches, simos.unit.get, simos.unit.list]；Registry 共 11 个，未外发 0 个 []
19:17:21.377 INFO  io.mosire.simos.app.gui.GuiServer - GUI 服务器已启动: http://127.0.0.1:45689/（静态 /webui，同源，无 CORS 头）
19:17:21.377 INFO  io.mosire.simos.app.Shell - Shell 装配完成: store=/tmp/junit-6245806394600762961 checkpointInterval=100 codec=4 handler=41 participant=2 resolver=4 facet=2 tool=15 decisionTool=11 mapId=Map1 bindAddress=127.0.0.1 mcpPort=45133 decisionAgentMcpPort=46025 guiPort=45689 approvalPort=45291
19:17:21.381 INFO  io.mosire.simos.app.gui.GuiServer - access GET /api/sd/verdicts -> 200 0ms remote=127.0.0.1
19:17:21.384 INFO  io.mosire.simos.app.gui.GuiServer - access GET /api/sd/verdicts -> 200 0ms remote=127.0.0.1
19:17:21.437 INFO  io.mosire.simos.app.gui.GuiServer - access GET /api/sd/verdicts -> 200 0ms remote=127.0.0.1
19:17:21.485 INFO  io.mosire.agentlib.approval.ApprovalHttpEndpoint - 审批 HTTP 面已停止（端口 45291）
19:17:21.485 INFO  io.mosire.agentlib.approval.HttpApprovalChannel - HTTP 审批通道已关闭
19:17:21.527 INFO  io.mosire.agentlib.mcp.AgentToMcpServer - MCP streamable server 已启动: name=simos-shell version=0.1.0-SNAPSHOT 外发工具 15 个 [sd.IssueDirective, sd.SetViewScope, sd.SubmitVerdict, simos.advance, simos.command.catalog, simos.command.submit, simos.fork, simos.map.hex, simos.map.overview, simos.social.population, simos.state.facets, simos.state.resolve, simos.timeline.branches, simos.unit.get, simos.unit.list]；Registry 共 15 个，未外发 0 个 []
19:17:21.537 INFO  io.mosire.agentlib.mcp.AgentToMcpServer - MCP streamable server 已启动: name=simos-shell-decision version=0.1.0-SNAPSHOT 外发工具 11 个 [sd.IssueDirective, sd.SubmitVerdict, simos.command.catalog, simos.map.hex, simos.map.overview, simos.social.population, simos.state.facets, simos.state.resolve, simos.timeline.branches, simos.unit.get, simos.unit.list]；Registry 共 11 个，未外发 0 个 []
19:17:21.546 INFO  io.mosire.simos.app.gui.GuiServer - GUI 服务器已启动: http://127.0.0.1:46411/（静态 /webui，同源，无 CORS 头）
19:17:21.546 INFO  io.mosire.simos.app.Shell - Shell 装配完成: store=/tmp/junit-5242076874018530285 checkpointInterval=100 codec=4 handler=41 participant=2 resolver=4 facet=2 tool=15 decisionTool=11 mapId=Map1 bindAddress=127.0.0.1 mcpPort=45381 decisionAgentMcpPort=46063 guiPort=46411 approvalPort=45807
19:17:21.550 INFO  io.mosire.simos.app.gui.GuiServer - access GET /api/unit/u-1 -> 404 0ms remote=127.0.0.1
19:17:21.552 INFO  io.mosire.agentlib.approval.ApprovalHttpEndpoint - 审批 HTTP 面已停止（端口 45807）
19:17:21.552 INFO  io.mosire.agentlib.approval.HttpApprovalChannel - HTTP 审批通道已关闭
19:17:21.610 INFO  io.mosire.agentlib.mcp.AgentToMcpServer - MCP streamable server 已启动: name=simos-shell version=0.1.0-SNAPSHOT 外发工具 15 个 [sd.IssueDirective, sd.SetViewScope, sd.SubmitVerdict, simos.advance, simos.command.catalog, simos.command.submit, simos.fork, simos.map.hex, simos.map.overview, simos.social.population, simos.state.facets, simos.state.resolve, simos.timeline.branches, simos.unit.get, simos.unit.list]；Registry 共 15 个，未外发 0 个 []
19:17:21.631 INFO  io.mosire.agentlib.mcp.AgentToMcpServer - MCP streamable server 已启动: name=simos-shell-decision version=0.1.0-SNAPSHOT 外发工具 11 个 [sd.IssueDirective, sd.SubmitVerdict, simos.command.catalog, simos.map.hex, simos.map.overview, simos.social.population, simos.state.facets, simos.state.resolve, simos.timeline.branches, simos.unit.get, simos.unit.list]；Registry 共 11 个，未外发 0 个 []
19:17:21.650 INFO  io.mosire.simos.app.gui.GuiServer - GUI 服务器已启动: http://127.0.0.1:46199/（静态 /webui，同源，无 CORS 头）
19:17:21.650 INFO  io.mosire.simos.app.Shell - Shell 装配完成: store=/tmp/junit-14851748355266059782 checkpointInterval=100 codec=4 handler=41 participant=2 resolver=4 facet=2 tool=15 decisionTool=11 mapId=Map1 bindAddress=127.0.0.1 mcpPort=45807 decisionAgentMcpPort=46351 guiPort=46199 approvalPort=45881
19:17:21.655 INFO  io.mosire.simos.app.gui.GuiServer - access GET /api/sd/decision-makers -> 200 1ms remote=127.0.0.1
19:17:21.658 INFO  io.mosire.simos.app.gui.GuiServer - access GET /api/map/path -> 200 0ms remote=127.0.0.1
19:17:21.709 INFO  io.mosire.agentlib.approval.ApprovalHttpEndpoint - 审批 HTTP 面已停止（端口 45881）
19:17:21.710 INFO  io.mosire.agentlib.approval.HttpApprovalChannel - HTTP 审批通道已关闭
[INFO] Tests run: 10, Failures: 0, Errors: 0, Skipped: 0, Time elapsed: 1.227 s -- in io.mosire.simos.app.gui.RedactionApiTest
[INFO] Running io.mosire.simos.app.AppWritePathGuardTest
[INFO] Tests run: 2, Failures: 0, Errors: 0, Skipped: 0, Time elapsed: 0.007 s -- in io.mosire.simos.app.AppWritePathGuardTest
[INFO] Running io.mosire.simos.app.SdRegionDeleteGuardEndToEndTest
19:17:21.774 INFO  io.mosire.agentlib.mcp.AgentToMcpServer - MCP streamable server 已启动: name=simos-shell version=0.1.0-SNAPSHOT 外发工具 15 个 [sd.IssueDirective, sd.SetViewScope, sd.SubmitVerdict, simos.advance, simos.command.catalog, simos.command.submit, simos.fork, simos.map.hex, simos.map.overview, simos.social.population, simos.state.facets, simos.state.resolve, simos.timeline.branches, simos.unit.get, simos.unit.list]；Registry 共 15 个，未外发 0 个 []
19:17:21.784 INFO  io.mosire.agentlib.mcp.AgentToMcpServer - MCP streamable server 已启动: name=simos-shell-decision version=0.1.0-SNAPSHOT 外发工具 11 个 [sd.IssueDirective, sd.SubmitVerdict, simos.command.catalog, simos.map.hex, simos.map.overview, simos.social.population, simos.state.facets, simos.state.resolve, simos.timeline.branches, simos.unit.get, simos.unit.list]；Registry 共 11 个，未外发 0 个 []
19:17:21.795 INFO  io.mosire.simos.app.gui.GuiServer - GUI 服务器已启动: http://127.0.0.1:45089/（静态 /webui，同源，无 CORS 头）
19:17:21.795 INFO  io.mosire.simos.app.Shell - Shell 装配完成: store=/tmp/junit-2820572536957404784 checkpointInterval=100 codec=4 handler=41 participant=2 resolver=4 facet=2 tool=15 decisionTool=11 mapId=Map1 bindAddress=127.0.0.1 mcpPort=45023 decisionAgentMcpPort=45403 guiPort=45089 approvalPort=46073
19:17:21.804 INFO  io.mosire.simos.core.command.CommandBus - 命令提交: type=map.DeleteRegion commandId=cmd-del correlationId=cmd-del 新坐标=main@2
19:17:21.805 INFO  io.mosire.agentlib.approval.ApprovalHttpEndpoint - 审批 HTTP 面已停止（端口 46073）
19:17:21.805 INFO  io.mosire.agentlib.approval.HttpApprovalChannel - HTTP 审批通道已关闭
19:17:21.851 INFO  io.mosire.agentlib.mcp.AgentToMcpServer - MCP streamable server 已启动: name=simos-shell version=0.1.0-SNAPSHOT 外发工具 15 个 [sd.IssueDirective, sd.SetViewScope, sd.SubmitVerdict, simos.advance, simos.command.catalog, simos.command.submit, simos.fork, simos.map.hex, simos.map.overview, simos.social.population, simos.state.facets, simos.state.resolve, simos.timeline.branches, simos.unit.get, simos.unit.list]；Registry 共 15 个，未外发 0 个 []
19:17:21.861 INFO  io.mosire.agentlib.mcp.AgentToMcpServer - MCP streamable server 已启动: name=simos-shell-decision version=0.1.0-SNAPSHOT 外发工具 11 个 [sd.IssueDirective, sd.SubmitVerdict, simos.command.catalog, simos.map.hex, simos.map.overview, simos.social.population, simos.state.facets, simos.state.resolve, simos.timeline.branches, simos.unit.get, simos.unit.list]；Registry 共 11 个，未外发 0 个 []
19:17:21.871 INFO  io.mosire.simos.app.gui.GuiServer - GUI 服务器已启动: http://127.0.0.1:45747/（静态 /webui，同源，无 CORS 头）
19:17:21.871 INFO  io.mosire.simos.app.Shell - Shell 装配完成: store=/tmp/junit-16023393372518420333 checkpointInterval=100 codec=4 handler=41 participant=2 resolver=4 facet=2 tool=15 decisionTool=11 mapId=Map1 bindAddress=127.0.0.1 mcpPort=46653 decisionAgentMcpPort=45569 guiPort=45747 approvalPort=45993
19:17:21.878 INFO  io.mosire.simos.core.command.CommandBus - 命令被拒: type=map.DeleteRegion commandId=cmd-del correlationId=cmd-del 原因=Region r1 带国家 tag（nation:n1），不可删（spec §九）
19:17:21.879 INFO  io.mosire.agentlib.approval.ApprovalHttpEndpoint - 审批 HTTP 面已停止（端口 45993）
19:17:21.879 INFO  io.mosire.agentlib.approval.HttpApprovalChannel - HTTP 审批通道已关闭
19:17:21.923 INFO  io.mosire.agentlib.mcp.AgentToMcpServer - MCP streamable server 已启动: name=simos-shell version=0.1.0-SNAPSHOT 外发工具 15 个 [sd.IssueDirective, sd.SetViewScope, sd.SubmitVerdict, simos.advance, simos.command.catalog, simos.command.submit, simos.fork, simos.map.hex, simos.map.overview, simos.social.population, simos.state.facets, simos.state.resolve, simos.timeline.branches, simos.unit.get, simos.unit.list]；Registry 共 15 个，未外发 0 个 []
19:17:21.934 INFO  io.mosire.agentlib.mcp.AgentToMcpServer - MCP streamable server 已启动: name=simos-shell-decision version=0.1.0-SNAPSHOT 外发工具 11 个 [sd.IssueDirective, sd.SubmitVerdict, simos.command.catalog, simos.map.hex, simos.map.overview, simos.social.population, simos.state.facets, simos.state.resolve, simos.timeline.branches, simos.unit.get, simos.unit.list]；Registry 共 11 个，未外发 0 个 []
19:17:21.945 INFO  io.mosire.simos.app.gui.GuiServer - GUI 服务器已启动: http://127.0.0.1:46603/（静态 /webui，同源，无 CORS 头）
19:17:21.945 INFO  io.mosire.simos.app.Shell - Shell 装配完成: store=/tmp/junit-6142053915678225773 checkpointInterval=100 codec=4 handler=41 participant=2 resolver=4 facet=2 tool=15 decisionTool=11 mapId=Map1 bindAddress=127.0.0.1 mcpPort=44749 decisionAgentMcpPort=46069 guiPort=46603 approvalPort=45279
19:17:21.955 INFO  io.mosire.simos.core.command.CommandBus - 命令提交: type=sd.PutInfo commandId=cmd-put correlationId=cmd-put 新坐标=main@2
19:17:21.956 INFO  io.mosire.agentlib.approval.ApprovalHttpEndpoint - 审批 HTTP 面已停止（端口 45279）
19:17:21.956 INFO  io.mosire.agentlib.approval.HttpApprovalChannel - HTTP 审批通道已关闭
[INFO] Tests run: 3, Failures: 0, Errors: 0, Skipped: 0, Time elapsed: 0.241 s -- in io.mosire.simos.app.SdRegionDeleteGuardEndToEndTest
[INFO] Running io.mosire.simos.app.ShellEndToEndTest
19:17:22.006 INFO  io.mosire.agentlib.mcp.AgentToMcpServer - MCP streamable server 已启动: name=simos-shell version=0.1.0-SNAPSHOT 外发工具 15 个 [sd.IssueDirective, sd.SetViewScope, sd.SubmitVerdict, simos.advance, simos.command.catalog, simos.command.submit, simos.fork, simos.map.hex, simos.map.overview, simos.social.population, simos.state.facets, simos.state.resolve, simos.timeline.branches, simos.unit.get, simos.unit.list]；Registry 共 15 个，未外发 0 个 []
19:17:22.015 INFO  io.mosire.agentlib.mcp.AgentToMcpServer - MCP streamable server 已启动: name=simos-shell-decision version=0.1.0-SNAPSHOT 外发工具 11 个 [sd.IssueDirective, sd.SubmitVerdict, simos.command.catalog, simos.map.hex, simos.map.overview, simos.social.population, simos.state.facets, simos.state.resolve, simos.timeline.branches, simos.unit.get, simos.unit.list]；Registry 共 11 个，未外发 0 个 []
19:17:22.025 INFO  io.mosire.simos.app.gui.GuiServer - GUI 服务器已启动: http://127.0.0.1:46245/（静态 /webui，同源，无 CORS 头）
19:17:22.025 INFO  io.mosire.simos.app.Shell - Shell 装配完成: store=/tmp/junit-5056711305797360805 checkpointInterval=100 codec=4 handler=41 participant=2 resolver=4 facet=2 tool=15 decisionTool=11 mapId=Map1 bindAddress=127.0.0.1 mcpPort=45061 decisionAgentMcpPort=45135 guiPort=46245 approvalPort=45365
19:17:22.029 INFO  io.modelcontextprotocol.server.McpAsyncServer - Client initialize request - Protocol: 2025-11-25, Capabilities: ClientCapabilities[experimental=null, roots=null, sampling=null, elicitation=null], Info: Implementation[name=Java SDK MCP Client, title=null, version=0.15.0, description=null, icons=null, websiteUrl=null]
19:17:22.031 INFO  io.modelcontextprotocol.client.LifecycleInitializer - Server response with Protocol: 2025-11-25, Capabilities: ServerCapabilities[completions=null, experimental=null, logging=LoggingCapabilities[], prompts=null, resources=null, tools=ToolCapabilities[listChanged=true]], Info: Implementation[name=simos-shell, title=null, version=0.1.0-SNAPSHOT, description=null, icons=null, websiteUrl=null] and Instructions null
19:17:22.045 INFO  io.mosire.simos.core.command.CommandBus - 命令提交: type=unit.RenameUnit commandId=ee678ac1-9f75-4511-a1bb-111b3cfd638e correlationId=ee678ac1-9f75-4511-a1bb-111b3cfd638e 新坐标=main@2
19:17:22.045 INFO  io.mosire.simos.app.gui.GuiServer - access POST /api/command -> 200 7ms remote=127.0.0.1
19:17:22.061 INFO  io.mosire.simos.core.command.CommandBus - 命令提交: type=unit.RenameUnit commandId=8856d62e-3ee5-4f5f-97d4-de7217d1480f correlationId=8856d62e-3ee5-4f5f-97d4-de7217d1480f 新坐标=main@3
19:17:22.108 INFO  io.mosire.simos.core.advance.TimeAdvance - 命令提交: type=core.AdvanceTime commandId=1edeae47-4546-4b75-9216-dcb44b9092c5 correlationId=1edeae47-4546-4b75-9216-dcb44b9092c5 新坐标=main@4
19:17:22.154 INFO  io.mosire.agentlib.approval.ApprovalHttpEndpoint - 审批 HTTP 面已停止（端口 45365）
19:17:22.154 INFO  io.mosire.agentlib.approval.HttpApprovalChannel - HTTP 审批通道已关闭
[INFO] Tests run: 1, Failures: 0, Errors: 0, Skipped: 0, Time elapsed: 0.194 s -- in io.mosire.simos.app.ShellEndToEndTest
[INFO] Running io.mosire.simos.app.binding.BindingRegistryTest
[INFO] Tests run: 12, Failures: 0, Errors: 0, Skipped: 0, Time elapsed: 0.009 s -- in io.mosire.simos.app.binding.BindingRegistryTest
[INFO] Running io.mosire.simos.app.sd.SdCommandDrainTest
19:17:22.215 INFO  io.mosire.simos.core.command.CommandBus - 命令提交: type=sd.RegisterEffect commandId=cmd-1 correlationId=cmd-1 新坐标=main@2
19:17:22.226 INFO  io.mosire.simos.core.command.CommandBus - 命令提交: type=sd.RegisterEffect commandId=cmd-2 correlationId=cmd-2 新坐标=main@3
19:17:22.233 INFO  io.mosire.simos.core.advance.TimeAdvance - 命令提交: type=core.AdvanceTime commandId=adv-3 correlationId=adv-3 新坐标=main@4
19:17:22.249 INFO  io.mosire.simos.core.command.CommandBus - 命令提交: type=unit.ApplyCasualties commandId=drain:e1 correlationId=drain:e1 新坐标=main@5
[C5] drain committed revision=5 member=90
19:17:22.295 INFO  io.mosire.simos.core.command.CommandBus - 命令提交: type=sd.RegisterEffect commandId=cmd-1 correlationId=cmd-1 新坐标=main@2
19:17:22.300 INFO  io.mosire.simos.core.advance.TimeAdvance - 命令提交: type=core.AdvanceTime commandId=adv-2 correlationId=adv-2 新坐标=main@3
19:17:22.313 INFO  io.mosire.simos.core.command.CommandBus - 命令被拒: type=unit.ApplyCasualties commandId=drain:e1 correlationId=drain:e1 原因=人员战损超出当前值: 100 + (-9999)
19:17:22.324 INFO  io.mosire.simos.core.command.CommandBus - 命令被拒: type=unit.ApplyCasualties commandId=drain:e1 correlationId=drain:e1 原因=人员战损超出当前值: 100 + (-9999)
[C5] rejected-drain intermediate state: sd=FIRED unit=100 rows=3
[INFO] Tests run: 2, Failures: 0, Errors: 0, Skipped: 0, Time elapsed: 0.162 s -- in io.mosire.simos.app.sd.SdCommandDrainTest
[INFO] Running io.mosire.simos.app.sd.SdTimeParticipantWiringTest
[INFO] Tests run: 1, Failures: 0, Errors: 0, Skipped: 0, Time elapsed: 0.032 s -- in io.mosire.simos.app.sd.SdTimeParticipantWiringTest
[INFO] Running io.mosire.simos.app.sd.channel.DecisionChannelTest
19:17:22.393 INFO  io.mosire.simos.core.command.CommandBus - 命令提交: type=sd.IssueDirective commandId=925d7e95-ffe3-4c13-a11a-95dbc60a13f8 correlationId=925d7e95-ffe3-4c13-a11a-95dbc60a13f8 新坐标=main@2
[INFO] Tests run: 3, Failures: 0, Errors: 0, Skipped: 0, Time elapsed: 0.101 s -- in io.mosire.simos.app.sd.channel.DecisionChannelTest
[INFO] Running io.mosire.simos.app.sd.AdjudicatorRunnerTest
19:17:22.497 INFO  io.mosire.simos.core.command.CommandBus - 命令提交: type=sd.SubmitVerdict commandId=adjudicated:D1:1 correlationId=adjudicated:D1:1 新坐标=main@2
19:17:22.501 INFO  io.mosire.simos.core.command.CommandBus - 命令提交: type=sd.SubmitVerdict commandId=adjudicated:D6:2 correlationId=adjudicated:D6:2 新坐标=main@3
19:17:22.541 INFO  io.mosire.simos.core.command.CommandBus - 命令提交: type=sd.SubmitVerdict commandId=adjudicated:D1:1 correlationId=adjudicated:D1:1 新坐标=main@2
19:17:22.582 INFO  io.mosire.simos.core.command.CommandBus - 命令提交: type=sd.SubmitVerdict commandId=adjudicated:D1:1 correlationId=adjudicated:D1:1 新坐标=main@2
[INFO] Tests run: 3, Failures: 0, Errors: 0, Skipped: 0, Time elapsed: 0.128 s -- in io.mosire.simos.app.sd.AdjudicatorRunnerTest
[INFO] Running io.mosire.simos.app.sd.SdCombatEndToEndTest
19:17:22.618 INFO  io.mosire.simos.core.command.CommandBus - 命令提交: type=sd.CreateCombat commandId=cmd-1 correlationId=cmd-1 新坐标=main@2
19:17:22.627 INFO  io.mosire.simos.core.command.CommandBus - 命令提交: type=sd.AddCombatStage commandId=cmd-2 correlationId=cmd-2 新坐标=main@3
19:17:22.633 INFO  io.mosire.simos.core.command.CommandBus - 命令提交: type=sd.AddCombatStage commandId=cmd-3 correlationId=cmd-3 新坐标=main@4
19:17:22.640 INFO  io.mosire.simos.core.advance.TimeAdvance - 命令提交: type=core.AdvanceTime commandId=adv-4 correlationId=adv-4 新坐标=main@5
19:17:22.645 INFO  io.mosire.simos.core.advance.TimeAdvance - 命令提交: type=core.AdvanceTime commandId=adv-5 correlationId=adv-5 新坐标=main@6
[C6] condition-driven: rev5=s1 rev6=s2
[C6] frozen: two replays byte-identical
19:17:22.654 INFO  io.mosire.simos.core.command.CommandBus - 命令提交: type=sd.CommitCombatOutcome commandId=cmd-6 correlationId=cmd-6 新坐标=main@7
19:17:22.660 INFO  io.mosire.simos.core.command.CommandBus - 命令被拒: type=sd.CommitCombatOutcome commandId=cmd-7 correlationId=cmd-7 原因=该交战已选定结局（不覆盖）: o2
[C6] exactly-one: selected o2 then rejected second
[INFO] Tests run: 1, Failures: 0, Errors: 0, Skipped: 0, Time elapsed: 0.077 s -- in io.mosire.simos.app.sd.SdCombatEndToEndTest
[INFO] Running io.mosire.simos.app.demo.DemoWorldTest
[INFO] Tests run: 5, Failures: 0, Errors: 0, Skipped: 0, Time elapsed: 0.004 s -- in io.mosire.simos.app.demo.DemoWorldTest
[INFO] Running io.mosire.simos.app.SdVerdictFreezeEndToEndTest
19:17:22.707 INFO  io.mosire.simos.core.command.CommandBus - 命令被拒: type=sd.SubmitVerdict commandId=cmd-1 correlationId=cmd-1 原因=subject 不在断点 D1 的裁决面（判决只裁决 sd:combat.*）: map:Map1
19:17:22.748 INFO  io.mosire.simos.core.command.CommandBus - 命令被拒: type=sd.SubmitVerdict commandId=cmd-1 correlationId=cmd-1 原因=model 不得为空白
19:17:22.782 INFO  io.mosire.simos.core.command.CommandBus - 命令提交: type=sd.SubmitVerdict commandId=cmd-1 correlationId=cmd-1 新坐标=main@2
19:17:22.817 INFO  io.mosire.simos.core.command.CommandBus - 命令提交: type=sd.SubmitVerdict commandId=cmd-1 correlationId=cmd-1 新坐标=main@2
[INFO] Tests run: 4, Failures: 0, Errors: 0, Skipped: 0, Time elapsed: 0.152 s -- in io.mosire.simos.app.SdVerdictFreezeEndToEndTest
[INFO] Running io.mosire.simos.app.BindAddressTest
19:17:22.860 INFO  io.mosire.agentlib.mcp.AgentToMcpServer - MCP streamable server 已启动: name=simos-shell version=0.1.0-SNAPSHOT 外发工具 15 个 [sd.IssueDirective, sd.SetViewScope, sd.SubmitVerdict, simos.advance, simos.command.catalog, simos.command.submit, simos.fork, simos.map.hex, simos.map.overview, simos.social.population, simos.state.facets, simos.state.resolve, simos.timeline.branches, simos.unit.get, simos.unit.list]；Registry 共 15 个，未外发 0 个 []
19:17:22.870 INFO  io.mosire.agentlib.mcp.AgentToMcpServer - MCP streamable server 已启动: name=simos-shell-decision version=0.1.0-SNAPSHOT 外发工具 11 个 [sd.IssueDirective, sd.SubmitVerdict, simos.command.catalog, simos.map.hex, simos.map.overview, simos.social.population, simos.state.facets, simos.state.resolve, simos.timeline.branches, simos.unit.get, simos.unit.list]；Registry 共 11 个，未外发 0 个 []
19:17:22.880 INFO  io.mosire.simos.app.gui.GuiServer - GUI 服务器已启动: http://127.0.0.1:46121/（静态 /webui，同源，无 CORS 头）
19:17:22.880 INFO  io.mosire.simos.app.Shell - Shell 装配完成: store=/tmp/junit-9192645592032945795/loop checkpointInterval=100 codec=4 handler=41 participant=2 resolver=4 facet=2 tool=15 decisionTool=11 mapId=Map1 bindAddress=127.0.0.1 mcpPort=44879 decisionAgentMcpPort=45691 guiPort=46121 approvalPort=45753
19:17:22.881 INFO  io.mosire.agentlib.approval.ApprovalHttpEndpoint - 审批 HTTP 面已停止（端口 45753）
19:17:22.881 INFO  io.mosire.agentlib.approval.HttpApprovalChannel - HTTP 审批通道已关闭
19:17:22.910 WARN  io.mosire.agentlib.mcp.AgentToMcpServer - MCP HTTP 面绑定非回环地址 0.0.0.0（无鉴权、无 TLS）：任何能连到该地址的人都能列举并调用工具。仅在你已在本机/网络层另有隔离时这样做。path=/mcp
19:17:22.920 INFO  io.mosire.agentlib.mcp.AgentToMcpServer - MCP streamable server 已启动: name=simos-shell version=0.1.0-SNAPSHOT 外发工具 15 个 [sd.IssueDirective, sd.SetViewScope, sd.SubmitVerdict, simos.advance, simos.command.catalog, simos.command.submit, simos.fork, simos.map.hex, simos.map.overview, simos.social.population, simos.state.facets, simos.state.resolve, simos.timeline.branches, simos.unit.get, simos.unit.list]；Registry 共 15 个，未外发 0 个 []
19:17:22.920 WARN  io.mosire.agentlib.mcp.AgentToMcpServer - MCP HTTP 面绑定非回环地址 0.0.0.0（无鉴权、无 TLS）：任何能连到该地址的人都能列举并调用工具。仅在你已在本机/网络层另有隔离时这样做。path=/mcp
19:17:22.930 INFO  io.mosire.agentlib.mcp.AgentToMcpServer - MCP streamable server 已启动: name=simos-shell-decision version=0.1.0-SNAPSHOT 外发工具 11 个 [sd.IssueDirective, sd.SubmitVerdict, simos.command.catalog, simos.map.hex, simos.map.overview, simos.social.population, simos.state.facets, simos.state.resolve, simos.timeline.branches, simos.unit.get, simos.unit.list]；Registry 共 11 个，未外发 0 个 []
19:17:22.940 INFO  io.mosire.simos.app.gui.GuiServer - GUI 服务器已启动: http://0.0.0.0:46057/（静态 /webui，同源，无 CORS 头）
19:17:22.941 INFO  io.mosire.simos.app.Shell - Shell 装配完成: store=/tmp/junit-3939709452531840052/wild checkpointInterval=100 codec=4 handler=41 participant=2 resolver=4 facet=2 tool=15 decisionTool=11 mapId=Map1 bindAddress=0.0.0.0 mcpPort=46169 decisionAgentMcpPort=46179 guiPort=46057 approvalPort=46443
19:17:22.941 INFO  io.mosire.agentlib.approval.ApprovalHttpEndpoint - 审批 HTTP 面已停止（端口 46443）
19:17:22.942 INFO  io.mosire.agentlib.approval.HttpApprovalChannel - HTTP 审批通道已关闭
19:17:22.970 WARN  io.mosire.agentlib.mcp.AgentToMcpServer - MCP HTTP 面绑定非回环地址 0.0.0.0（无鉴权、无 TLS）：任何能连到该地址的人都能列举并调用工具。仅在你已在本机/网络层另有隔离时这样做。path=/mcp
19:17:22.980 INFO  io.mosire.agentlib.mcp.AgentToMcpServer - MCP streamable server 已启动: name=simos-shell version=0.1.0-SNAPSHOT 外发工具 15 个 [sd.IssueDirective, sd.SetViewScope, sd.SubmitVerdict, simos.advance, simos.command.catalog, simos.command.submit, simos.fork, simos.map.hex, simos.map.overview, simos.social.population, simos.state.facets, simos.state.resolve, simos.timeline.branches, simos.unit.get, simos.unit.list]；Registry 共 15 个，未外发 0 个 []
19:17:22.980 WARN  io.mosire.agentlib.mcp.AgentToMcpServer - MCP HTTP 面绑定非回环地址 0.0.0.0（无鉴权、无 TLS）：任何能连到该地址的人都能列举并调用工具。仅在你已在本机/网络层另有隔离时这样做。path=/mcp
19:17:22.991 INFO  io.mosire.agentlib.mcp.AgentToMcpServer - MCP streamable server 已启动: name=simos-shell-decision version=0.1.0-SNAPSHOT 外发工具 11 个 [sd.IssueDirective, sd.SubmitVerdict, simos.command.catalog, simos.map.hex, simos.map.overview, simos.social.population, simos.state.facets, simos.state.resolve, simos.timeline.branches, simos.unit.get, simos.unit.list]；Registry 共 11 个，未外发 0 个 []
19:17:23.000 INFO  io.mosire.simos.app.gui.GuiServer - GUI 服务器已启动: http://0.0.0.0:45589/（静态 /webui，同源，无 CORS 头）
19:17:23.000 INFO  io.mosire.simos.app.Shell - Shell 装配完成: store=/tmp/junit-4219573418758993350/wild-iface checkpointInterval=100 codec=4 handler=41 participant=2 resolver=4 facet=2 tool=15 decisionTool=11 mapId=Map1 bindAddress=0.0.0.0 mcpPort=46647 decisionAgentMcpPort=46365 guiPort=45589 approvalPort=44917
19:17:23.002 INFO  io.mosire.agentlib.approval.ApprovalHttpEndpoint - 审批 HTTP 面已停止（端口 44917）
19:17:23.002 INFO  io.mosire.agentlib.approval.HttpApprovalChannel - HTTP 审批通道已关闭
19:17:23.038 INFO  io.mosire.agentlib.mcp.AgentToMcpServer - MCP streamable server 已启动: name=simos-shell version=0.1.0-SNAPSHOT 外发工具 15 个 [sd.IssueDirective, sd.SetViewScope, sd.SubmitVerdict, simos.advance, simos.command.catalog, simos.command.submit, simos.fork, simos.map.hex, simos.map.overview, simos.social.population, simos.state.facets, simos.state.resolve, simos.timeline.branches, simos.unit.get, simos.unit.list]；Registry 共 15 个，未外发 0 个 []
19:17:23.048 INFO  io.mosire.agentlib.mcp.AgentToMcpServer - MCP streamable server 已启动: name=simos-shell-decision version=0.1.0-SNAPSHOT 外发工具 11 个 [sd.IssueDirective, sd.SubmitVerdict, simos.command.catalog, simos.map.hex, simos.map.overview, simos.social.population, simos.state.facets, simos.state.resolve, simos.timeline.branches, simos.unit.get, simos.unit.list]；Registry 共 11 个，未外发 0 个 []
19:17:23.058 INFO  io.mosire.simos.app.gui.GuiServer - GUI 服务器已启动: http://127.0.0.1:46337/（静态 /webui，同源，无 CORS 头）
19:17:23.058 INFO  io.mosire.simos.app.Shell - Shell 装配完成: store=/tmp/junit-4219573418758993350/loop-iface checkpointInterval=100 codec=4 handler=41 participant=2 resolver=4 facet=2 tool=15 decisionTool=11 mapId=Map1 bindAddress=127.0.0.1 mcpPort=45077 decisionAgentMcpPort=46123 guiPort=46337 approvalPort=45081
19:17:23.059 INFO  io.mosire.agentlib.approval.ApprovalHttpEndpoint - 审批 HTTP 面已停止（端口 45081）
19:17:23.059 INFO  io.mosire.agentlib.approval.HttpApprovalChannel - HTTP 审批通道已关闭
[INFO] Tests run: 3, Failures: 0, Errors: 0, Skipped: 0, Time elapsed: 0.244 s -- in io.mosire.simos.app.BindAddressTest
[INFO] Running io.mosire.simos.app.McpCoverageTest
19:17:23.111 INFO  io.mosire.agentlib.mcp.AgentToMcpServer - MCP streamable server 已启动: name=simos-shell version=0.1.0-SNAPSHOT 外发工具 15 个 [sd.IssueDirective, sd.SetViewScope, sd.SubmitVerdict, simos.advance, simos.command.catalog, simos.command.submit, simos.fork, simos.map.hex, simos.map.overview, simos.social.population, simos.state.facets, simos.state.resolve, simos.timeline.branches, simos.unit.get, simos.unit.list]；Registry 共 15 个，未外发 0 个 []
19:17:23.121 INFO  io.mosire.agentlib.mcp.AgentToMcpServer - MCP streamable server 已启动: name=simos-shell-decision version=0.1.0-SNAPSHOT 外发工具 11 个 [sd.IssueDirective, sd.SubmitVerdict, simos.command.catalog, simos.map.hex, simos.map.overview, simos.social.population, simos.state.facets, simos.state.resolve, simos.timeline.branches, simos.unit.get, simos.unit.list]；Registry 共 11 个，未外发 0 个 []
19:17:23.132 INFO  io.mosire.simos.app.gui.GuiServer - GUI 服务器已启动: http://127.0.0.1:45609/（静态 /webui，同源，无 CORS 头）
19:17:23.132 INFO  io.mosire.simos.app.Shell - Shell 装配完成: store=/tmp/junit-497275619991923201 checkpointInterval=100 codec=4 handler=41 participant=2 resolver=4 facet=2 tool=15 decisionTool=11 mapId=Map1 bindAddress=127.0.0.1 mcpPort=45175 decisionAgentMcpPort=46511 guiPort=45609 approvalPort=46021
19:17:23.135 INFO  io.modelcontextprotocol.server.McpAsyncServer - Client initialize request - Protocol: 2025-11-25, Capabilities: ClientCapabilities[experimental=null, roots=null, sampling=null, elicitation=null], Info: Implementation[name=Java SDK MCP Client, title=null, version=0.15.0, description=null, icons=null, websiteUrl=null]
19:17:23.136 INFO  io.modelcontextprotocol.client.LifecycleInitializer - Server response with Protocol: 2025-11-25, Capabilities: ServerCapabilities[completions=null, experimental=null, logging=LoggingCapabilities[], prompts=null, resources=null, tools=ToolCapabilities[listChanged=true]], Info: Implementation[name=simos-shell, title=null, version=0.1.0-SNAPSHOT, description=null, icons=null, websiteUrl=null] and Instructions null
19:17:23.159 INFO  io.mosire.simos.core.command.CommandBus - 命令提交: type=unit.CreateUnit commandId=38dfae91-1f30-485b-b342-cb528fbaf76b correlationId=38dfae91-1f30-485b-b342-cb528fbaf76b 新坐标=main@2
19:17:23.201 INFO  io.mosire.simos.core.command.CommandBus - 命令提交: type=unit.RenameUnit commandId=6012b71c-7ffa-496d-bf84-956d98d8b68c correlationId=6012b71c-7ffa-496d-bf84-956d98d8b68c 新坐标=main@3
19:17:23.250 INFO  io.mosire.simos.core.command.CommandBus - 命令提交: type=unit.SetStrength commandId=59465f97-020b-4c83-9cdc-774c6ebedc6c correlationId=59465f97-020b-4c83-9cdc-774c6ebedc6c 新坐标=main@4
19:17:23.300 INFO  io.mosire.simos.core.command.CommandBus - 命令提交: type=unit.ReparentUnit commandId=a1ec19e6-f296-4215-b6b8-3d91c20cb602 correlationId=a1ec19e6-f296-4215-b6b8-3d91c20cb602 新坐标=main@5
19:17:23.350 INFO  io.mosire.simos.core.command.CommandBus - 命令提交: type=unit.PlaceAt commandId=aee72ea8-3634-4711-a201-53d55df3a397 correlationId=aee72ea8-3634-4711-a201-53d55df3a397 新坐标=main@6
19:17:23.395 INFO  io.mosire.simos.core.command.CommandBus - 命令提交: type=unit.PlanRoute commandId=9fb1b5df-8361-4c81-a690-0fc02d10b24e correlationId=9fb1b5df-8361-4c81-a690-0fc02d10b24e 新坐标=main@7
19:17:23.440 INFO  io.mosire.simos.core.command.CommandBus - 命令提交: type=unit.CancelRoute commandId=1fcdfad9-0b6d-4699-a321-ab335cf9b5c7 correlationId=1fcdfad9-0b6d-4699-a321-ab335cf9b5c7 新坐标=main@8
19:17:23.489 INFO  io.mosire.simos.core.command.CommandBus - 命令提交: type=unit.SetStatus commandId=d4f0b6a3-5162-4469-9cac-03a839f9e808 correlationId=d4f0b6a3-5162-4469-9cac-03a839f9e808 新坐标=main@9
19:17:23.534 INFO  io.mosire.simos.core.command.CommandBus - 命令提交: type=unit.SetRejoinTarget commandId=0c8ef6b0-46bf-4d5a-810c-ff2395348352 correlationId=0c8ef6b0-46bf-4d5a-810c-ff2395348352 新坐标=main@10
19:17:23.580 INFO  io.mosire.simos.core.command.CommandBus - 命令提交: type=unit.ApplyCasualties commandId=82594cf8-bd39-4005-a947-d382e86443e1 correlationId=82594cf8-bd39-4005-a947-d382e86443e1 新坐标=main@11
19:17:23.622 INFO  io.mosire.simos.core.command.CommandBus - 命令提交: type=unit.PlanSparseRoute commandId=be8aec00-3482-4219-a699-02028bb41b51 correlationId=be8aec00-3482-4219-a699-02028bb41b51 新坐标=main@12
19:17:23.667 INFO  io.mosire.simos.core.command.CommandBus - 命令提交: type=unit.CreateCommandChain commandId=c932170b-050d-41da-9b38-e554cdfe584c correlationId=c932170b-050d-41da-9b38-e554cdfe584c 新坐标=main@13
19:17:23.711 INFO  io.mosire.simos.core.command.CommandBus - 命令提交: type=unit.UpdateCommandChain commandId=953efedf-7752-4a72-9a41-1e850bfc9d00 correlationId=953efedf-7752-4a72-9a41-1e850bfc9d00 新坐标=main@14
19:17:23.759 INFO  io.mosire.simos.core.command.CommandBus - 命令提交: type=unit.AttachUnit commandId=6e56d85f-828a-47ae-9dbf-f59a5a5821d4 correlationId=6e56d85f-828a-47ae-9dbf-f59a5a5821d4 新坐标=main@15
19:17:23.804 INFO  io.mosire.simos.core.command.CommandBus - 命令提交: type=unit.ReparentSubtree commandId=ba05f5a1-786b-450b-b2c0-7db325142282 correlationId=ba05f5a1-786b-450b-b2c0-7db325142282 新坐标=main@16
19:17:23.852 INFO  io.mosire.simos.core.command.CommandBus - 命令提交: type=unit.DetachUnit commandId=62057307-e182-4e94-a6e3-3762dd91272d correlationId=62057307-e182-4e94-a6e3-3762dd91272d 新坐标=main@17
19:17:23.899 INFO  io.mosire.simos.core.command.CommandBus - 命令提交: type=unit.SplitFormation commandId=68c00881-8889-4b76-b4aa-0238f4dbcd38 correlationId=68c00881-8889-4b76-b4aa-0238f4dbcd38 新坐标=main@18
19:17:23.950 INFO  io.mosire.simos.core.command.CommandBus - 命令提交: type=unit.MergeFormation commandId=4d259e52-5151-4d9c-b330-4a3cc56059c5 correlationId=4d259e52-5151-4d9c-b330-4a3cc56059c5 新坐标=main@19
19:17:23.992 INFO  io.mosire.simos.core.command.CommandBus - 命令提交: type=unit.SetFormationOffset commandId=824c1381-a2f0-4bc1-9e4d-4886fc977e5c correlationId=824c1381-a2f0-4bc1-9e4d-4886fc977e5c 新坐标=main@20
19:17:24.036 INFO  io.mosire.simos.core.command.CommandBus - 命令提交: type=unit.DisbandUnit commandId=6dc6b658-4385-447f-bb45-85284d769ce3 correlationId=6dc6b658-4385-447f-bb45-85284d769ce3 新坐标=main@21
19:17:24.087 INFO  io.mosire.simos.core.command.CommandBus - 命令提交: type=map.SetTerrain commandId=1aa6dd27-4f25-4c9e-b2b9-1bb73febd2fa correlationId=1aa6dd27-4f25-4c9e-b2b9-1bb73febd2fa 新坐标=main@22
19:17:24.159 INFO  io.mosire.simos.core.command.CommandBus - 命令提交: type=map.CreateRegion commandId=b1205be5-a7ac-4b37-9fdf-86a9a88f5eb2 correlationId=b1205be5-a7ac-4b37-9fdf-86a9a88f5eb2 新坐标=main@23
19:17:24.185 INFO  io.mosire.simos.core.command.CommandBus - 命令提交: type=map.UpdateRegion commandId=89c39c3f-4758-4878-8c6d-495a14773d44 correlationId=89c39c3f-4758-4878-8c6d-495a14773d44 新坐标=main@24
19:17:24.223 INFO  io.mosire.simos.core.command.CommandBus - 命令提交: type=map.DeleteRegion commandId=899d0df4-6533-4f3c-a116-71ff98b923fb correlationId=899d0df4-6533-4f3c-a116-71ff98b923fb 新坐标=main@25
19:17:24.269 INFO  io.mosire.simos.core.command.CommandBus - 命令提交: type=map.SetEdge commandId=1199db2b-9f9b-4b1d-bf31-ba948cb25b2d correlationId=1199db2b-9f9b-4b1d-bf31-ba948cb25b2d 新坐标=main@26
19:17:24.313 INFO  io.mosire.simos.core.command.CommandBus - 命令提交: type=map.RandomizeRegion commandId=bac831ca-1f9e-47f2-ac52-fb8251d8fba0 correlationId=bac831ca-1f9e-47f2-ac52-fb8251d8fba0 新坐标=main@27
19:17:24.355 INFO  io.mosire.simos.core.command.CommandBus - 命令提交: type=sd.CreateNation commandId=2b0d4cef-db01-47ab-aab2-332dad18096d correlationId=2b0d4cef-db01-47ab-aab2-332dad18096d 新坐标=main@28
19:17:24.400 INFO  io.mosire.simos.core.command.CommandBus - 命令提交: type=sd.CreateArmy commandId=27e678c7-6424-462a-af66-37996abe69e5 correlationId=27e678c7-6424-462a-af66-37996abe69e5 新坐标=main@29
19:17:24.446 INFO  io.mosire.simos.core.command.CommandBus - 命令提交: type=sd.CreateDecisionMaker commandId=74278eee-5f88-4a28-9b2c-27d4d05ebf16 correlationId=74278eee-5f88-4a28-9b2c-27d4d05ebf16 新坐标=main@30
19:17:24.488 INFO  io.mosire.simos.core.command.CommandBus - 命令提交: type=sd.PutInfo commandId=13f16a13-07e5-410a-ab91-26236b8cafcb correlationId=13f16a13-07e5-410a-ab91-26236b8cafcb 新坐标=main@31
19:17:24.535 INFO  io.mosire.simos.core.command.CommandBus - 命令提交: type=sd.CreateCombat commandId=2df3258d-bac2-42ba-a8c9-e9db7f4294b2 correlationId=2df3258d-bac2-42ba-a8c9-e9db7f4294b2 新坐标=main@32
19:17:24.580 INFO  io.mosire.simos.core.command.CommandBus - 命令提交: type=sd.AddCombatStage commandId=92c11a7a-75ac-46e9-a1f4-c14cd4cbd22d correlationId=92c11a7a-75ac-46e9-a1f4-c14cd4cbd22d 新坐标=main@33
19:17:24.623 INFO  io.mosire.simos.core.command.CommandBus - 命令提交: type=sd.SetStageOutcomeTable commandId=dba5453d-9224-45bc-9d90-5563981c4c8f correlationId=dba5453d-9224-45bc-9d90-5563981c4c8f 新坐标=main@34
19:17:24.670 INFO  io.mosire.simos.core.command.CommandBus - 命令提交: type=sd.RecordCasualties commandId=3432317c-7f67-407d-87f4-4dd5c1c02da1 correlationId=3432317c-7f67-407d-87f4-4dd5c1c02da1 新坐标=main@35
19:17:24.718 INFO  io.mosire.simos.core.command.CommandBus - 命令提交: type=sd.CommitCombatOutcome commandId=d2016df0-d4fc-4941-955e-d319c5198d0a correlationId=d2016df0-d4fc-4941-955e-d319c5198d0a 新坐标=main@36
19:17:24.755 INFO  io.mosire.simos.core.command.CommandBus - 命令提交: type=sd.RegisterEffect commandId=eff92c16-52f0-4559-b01f-a2b56f8d98c0 correlationId=eff92c16-52f0-4559-b01f-a2b56f8d98c0 新坐标=main@37
19:17:24.800 INFO  io.mosire.simos.core.command.CommandBus - 命令提交: type=sd.CancelEffect commandId=bfce1ffc-035d-44a9-bb3c-206b5384f38d correlationId=bfce1ffc-035d-44a9-bb3c-206b5384f38d 新坐标=main@38
19:17:24.848 INFO  io.mosire.simos.core.command.CommandBus - 命令提交: type=sd.SetViewScope commandId=1ae7f8cb-534f-4c36-b223-2c07c6c0c829 correlationId=1ae7f8cb-534f-4c36-b223-2c07c6c0c829 新坐标=main@39
19:17:24.893 INFO  io.mosire.simos.core.command.CommandBus - 命令提交: type=sd.IssueDirective commandId=24cb249d-4935-41ad-beb6-d75bcf8bdae5 correlationId=24cb249d-4935-41ad-beb6-d75bcf8bdae5 新坐标=main@40
19:17:24.937 INFO  io.mosire.simos.core.command.CommandBus - 命令提交: type=sd.SubmitVerdict commandId=b8690489-d993-4200-bc41-3cdc206c05c7 correlationId=b8690489-d993-4200-bc41-3cdc206c05c7 新坐标=main@41
19:17:24.981 INFO  io.mosire.simos.core.command.CommandBus - 命令提交: type=map.RegisterPathwayGroup commandId=8e3962e7-7235-4445-a1ee-8ce8b2da43af correlationId=8e3962e7-7235-4445-a1ee-8ce8b2da43af 新坐标=main@42
[T11-COVERAGE] type=unit.CreateUnit result=committed revision=2
[T11-COVERAGE] type=unit.RenameUnit result=committed revision=3
[T11-COVERAGE] type=unit.SetStrength result=committed revision=4
[T11-COVERAGE] type=unit.ReparentUnit result=committed revision=5
[T11-COVERAGE] type=unit.PlaceAt result=committed revision=6
[T11-COVERAGE] type=unit.PlanRoute result=committed revision=7
[T11-COVERAGE] type=unit.CancelRoute result=committed revision=8
[T11-COVERAGE] type=unit.SetStatus result=committed revision=9
[T11-COVERAGE] type=unit.SetRejoinTarget result=committed revision=10
[T11-COVERAGE] type=unit.ApplyCasualties result=committed revision=11
[T11-COVERAGE] type=unit.PlanSparseRoute result=committed revision=12
[T11-COVERAGE] type=unit.CreateCommandChain result=committed revision=13
[T11-COVERAGE] type=unit.UpdateCommandChain result=committed revision=14
[T11-COVERAGE] type=unit.AttachUnit result=committed revision=15
[T11-COVERAGE] type=unit.ReparentSubtree result=committed revision=16
[T11-COVERAGE] type=unit.DetachUnit result=committed revision=17
[T11-COVERAGE] type=unit.SplitFormation result=committed revision=18
[T11-COVERAGE] type=unit.MergeFormation result=committed revision=19
[T11-COVERAGE] type=unit.SetFormationOffset result=committed revision=20
[T11-COVERAGE] type=unit.DisbandUnit result=committed revision=21
[T11-COVERAGE] type=map.SetTerrain result=committed revision=22
[T11-COVERAGE] type=map.CreateRegion result=committed revision=23
[T11-COVERAGE] type=map.UpdateRegion result=committed revision=24
[T11-COVERAGE] type=map.DeleteRegion result=committed revision=25
[T11-COVERAGE] type=map.SetEdge result=committed revision=26
[T11-COVERAGE] type=map.RandomizeRegion result=committed revision=27
[T11-COVERAGE] type=sd.CreateNation result=committed revision=28
[T11-COVERAGE] type=sd.CreateArmy result=committed revision=29
[T11-COVERAGE] type=sd.CreateDecisionMaker result=committed revision=30
[T11-COVERAGE] type=sd.PutInfo result=committed revision=31
[T11-COVERAGE] type=sd.CreateCombat result=committed revision=32
[T11-COVERAGE] type=sd.AddCombatStage result=committed revision=33
[T11-COVERAGE] type=sd.SetStageOutcomeTable result=committed revision=34
[T11-COVERAGE] type=sd.RecordCasualties result=committed revision=35
[T11-COVERAGE] type=sd.CommitCombatOutcome result=committed revision=36
[T11-COVERAGE] type=sd.RegisterEffect result=committed revision=37
[T11-COVERAGE] type=sd.CancelEffect result=committed revision=38
[T11-COVERAGE] type=sd.SetViewScope result=committed revision=39
[T11-COVERAGE] type=sd.IssueDirective result=committed revision=40
[T11-COVERAGE] type=sd.SubmitVerdict result=committed revision=41
[T11-COVERAGE] type=map.RegisterPathwayGroup result=committed revision=42
19:17:25.029 INFO  io.mosire.simos.core.advance.TimeAdvance - 命令提交: type=core.AdvanceTime commandId=88398938-03b0-42a0-bd00-71fac6b33d01 correlationId=88398938-03b0-42a0-bd00-71fac6b33d01 新坐标=main@43
[T11-COVERAGE] tool=simos.advance result=committed revision=32
19:17:25.069 WARN  io.mosire.simos.core.store.CheckpointStore - checkpoint 缺失（C18：回退到更早的 checkpoint，最坏从创世重放，不失败）: /tmp/junit-497275619991923201/checkpoints/main/43.json
[T11-COVERAGE] tool=simos.fork result=committed branch=mcp-branch revision=1
19:17:25.128 INFO  io.mosire.simos.core.command.CommandBus - 命令被拒: type=unit.RenameUnit commandId=2b7788f3-9fb2-41f5-9f44-6765e6d8bf20 correlationId=2b7788f3-9fb2-41f5-9f44-6765e6d8bf20 原因=payload 必须是 {"id":字符串,"name":字符串}: {"id":"u-2"}
[T11-COVERAGE] reverse=bad-payload result=rejected
19:17:25.165 INFO  io.mosire.agentlib.approval.ApprovalHttpEndpoint - 审批 HTTP 面已停止（端口 46021）
19:17:25.165 INFO  io.mosire.agentlib.approval.HttpApprovalChannel - HTTP 审批通道已关闭
[INFO] Tests run: 1, Failures: 0, Errors: 0, Skipped: 0, Time elapsed: 2.101 s -- in io.mosire.simos.app.McpCoverageTest
[INFO] Running io.mosire.simos.app.ShellMainParseTest
[INFO] Tests run: 6, Failures: 0, Errors: 0, Skipped: 0, Time elapsed: 0.004 s -- in io.mosire.simos.app.ShellMainParseTest
[INFO] Running io.mosire.simos.app.McpServerTest
19:17:25.218 INFO  io.mosire.agentlib.mcp.AgentToMcpServer - MCP streamable server 已启动: name=simos-shell version=0.1.0-SNAPSHOT 外发工具 15 个 [sd.IssueDirective, sd.SetViewScope, sd.SubmitVerdict, simos.advance, simos.command.catalog, simos.command.submit, simos.fork, simos.map.hex, simos.map.overview, simos.social.population, simos.state.facets, simos.state.resolve, simos.timeline.branches, simos.unit.get, simos.unit.list]；Registry 共 15 个，未外发 0 个 []
19:17:25.228 INFO  io.mosire.agentlib.mcp.AgentToMcpServer - MCP streamable server 已启动: name=simos-shell-decision version=0.1.0-SNAPSHOT 外发工具 11 个 [sd.IssueDirective, sd.SubmitVerdict, simos.command.catalog, simos.map.hex, simos.map.overview, simos.social.population, simos.state.facets, simos.state.resolve, simos.timeline.branches, simos.unit.get, simos.unit.list]；Registry 共 11 个，未外发 0 个 []
19:17:25.239 INFO  io.mosire.simos.app.gui.GuiServer - GUI 服务器已启动: http://127.0.0.1:46549/（静态 /webui，同源，无 CORS 头）
19:17:25.239 INFO  io.mosire.simos.app.Shell - Shell 装配完成: store=/tmp/junit-17259174025212084057 checkpointInterval=100 codec=4 handler=41 participant=2 resolver=4 facet=2 tool=15 decisionTool=11 mapId=Map1 bindAddress=127.0.0.1 mcpPort=45889 decisionAgentMcpPort=46665 guiPort=46549 approvalPort=45469
19:17:25.244 INFO  io.modelcontextprotocol.server.McpAsyncServer - Client initialize request - Protocol: 2025-11-25, Capabilities: ClientCapabilities[experimental=null, roots=null, sampling=null, elicitation=null], Info: Implementation[name=Java SDK MCP Client, title=null, version=0.15.0, description=null, icons=null, websiteUrl=null]
19:17:25.246 INFO  io.modelcontextprotocol.client.LifecycleInitializer - Server response with Protocol: 2025-11-25, Capabilities: ServerCapabilities[completions=null, experimental=null, logging=LoggingCapabilities[], prompts=null, resources=null, tools=ToolCapabilities[listChanged=true]], Info: Implementation[name=simos-shell, title=null, version=0.1.0-SNAPSHOT, description=null, icons=null, websiteUrl=null] and Instructions null
19:17:25.258 INFO  io.mosire.agentlib.approval.ApprovalHttpEndpoint - 审批 HTTP 面已停止（端口 45469）
19:17:25.258 INFO  io.mosire.agentlib.approval.HttpApprovalChannel - HTTP 审批通道已关闭
19:17:25.321 INFO  io.mosire.agentlib.mcp.AgentToMcpServer - MCP streamable server 已启动: name=simos-shell version=0.1.0-SNAPSHOT 外发工具 15 个 [sd.IssueDirective, sd.SetViewScope, sd.SubmitVerdict, simos.advance, simos.command.catalog, simos.command.submit, simos.fork, simos.map.hex, simos.map.overview, simos.social.population, simos.state.facets, simos.state.resolve, simos.timeline.branches, simos.unit.get, simos.unit.list]；Registry 共 15 个，未外发 0 个 []
19:17:25.330 INFO  io.mosire.agentlib.mcp.AgentToMcpServer - MCP streamable server 已启动: name=simos-shell-decision version=0.1.0-SNAPSHOT 外发工具 11 个 [sd.IssueDirective, sd.SubmitVerdict, simos.command.catalog, simos.map.hex, simos.map.overview, simos.social.population, simos.state.facets, simos.state.resolve, simos.timeline.branches, simos.unit.get, simos.unit.list]；Registry 共 11 个，未外发 0 个 []
19:17:25.341 INFO  io.mosire.simos.app.gui.GuiServer - GUI 服务器已启动: http://127.0.0.1:45075/（静态 /webui，同源，无 CORS 头）
19:17:25.341 INFO  io.mosire.simos.app.Shell - Shell 装配完成: store=/tmp/junit-5058604100916552557 checkpointInterval=100 codec=4 handler=41 participant=2 resolver=4 facet=2 tool=15 decisionTool=11 mapId=Map1 bindAddress=127.0.0.1 mcpPort=46171 decisionAgentMcpPort=45073 guiPort=45075 approvalPort=45401
19:17:25.344 INFO  io.modelcontextprotocol.server.McpAsyncServer - Client initialize request - Protocol: 2025-11-25, Capabilities: ClientCapabilities[experimental=null, roots=null, sampling=null, elicitation=null], Info: Implementation[name=Java SDK MCP Client, title=null, version=0.15.0, description=null, icons=null, websiteUrl=null]
19:17:25.346 INFO  io.modelcontextprotocol.client.LifecycleInitializer - Server response with Protocol: 2025-11-25, Capabilities: ServerCapabilities[completions=null, experimental=null, logging=LoggingCapabilities[], prompts=null, resources=null, tools=ToolCapabilities[listChanged=true]], Info: Implementation[name=simos-shell, title=null, version=0.1.0-SNAPSHOT, description=null, icons=null, websiteUrl=null] and Instructions null
19:17:25.399 INFO  io.mosire.agentlib.approval.ApprovalHttpEndpoint - 审批 HTTP 面已停止（端口 45401）
19:17:25.399 INFO  io.mosire.agentlib.approval.HttpApprovalChannel - HTTP 审批通道已关闭
19:17:25.448 INFO  io.mosire.agentlib.mcp.AgentToMcpServer - MCP streamable server 已启动: name=simos-shell version=0.1.0-SNAPSHOT 外发工具 15 个 [sd.IssueDirective, sd.SetViewScope, sd.SubmitVerdict, simos.advance, simos.command.catalog, simos.command.submit, simos.fork, simos.map.hex, simos.map.overview, simos.social.population, simos.state.facets, simos.state.resolve, simos.timeline.branches, simos.unit.get, simos.unit.list]；Registry 共 15 个，未外发 0 个 []
19:17:25.459 INFO  io.mosire.agentlib.mcp.AgentToMcpServer - MCP streamable server 已启动: name=simos-shell-decision version=0.1.0-SNAPSHOT 外发工具 11 个 [sd.IssueDirective, sd.SubmitVerdict, simos.command.catalog, simos.map.hex, simos.map.overview, simos.social.population, simos.state.facets, simos.state.resolve, simos.timeline.branches, simos.unit.get, simos.unit.list]；Registry 共 11 个，未外发 0 个 []
19:17:25.469 INFO  io.mosire.simos.app.gui.GuiServer - GUI 服务器已启动: http://127.0.0.1:45475/（静态 /webui，同源，无 CORS 头）
19:17:25.469 INFO  io.mosire.simos.app.Shell - Shell 装配完成: store=/tmp/junit-2442730856802707598 checkpointInterval=100 codec=4 handler=41 participant=2 resolver=4 facet=2 tool=15 decisionTool=11 mapId=Map1 bindAddress=127.0.0.1 mcpPort=45893 decisionAgentMcpPort=46359 guiPort=45475 approvalPort=46381
19:17:25.472 INFO  io.modelcontextprotocol.server.McpAsyncServer - Client initialize request - Protocol: 2025-11-25, Capabilities: ClientCapabilities[experimental=null, roots=null, sampling=null, elicitation=null], Info: Implementation[name=Java SDK MCP Client, title=null, version=0.15.0, description=null, icons=null, websiteUrl=null]
19:17:25.473 INFO  io.modelcontextprotocol.client.LifecycleInitializer - Server response with Protocol: 2025-11-25, Capabilities: ServerCapabilities[completions=null, experimental=null, logging=LoggingCapabilities[], prompts=null, resources=null, tools=ToolCapabilities[listChanged=true]], Info: Implementation[name=simos-shell, title=null, version=0.1.0-SNAPSHOT, description=null, icons=null, websiteUrl=null] and Instructions null
19:17:25.542 INFO  io.mosire.simos.core.command.CommandBus - 命令提交: type=unit.RenameUnit commandId=b19d5419-78a1-4235-8677-ccae77b49abc correlationId=b19d5419-78a1-4235-8677-ccae77b49abc 新坐标=main@2
19:17:25.634 INFO  io.mosire.agentlib.approval.ApprovalHttpEndpoint - 审批 HTTP 面已停止（端口 46381）
19:17:25.634 INFO  io.mosire.agentlib.approval.HttpApprovalChannel - HTTP 审批通道已关闭
19:17:25.670 INFO  io.mosire.agentlib.mcp.AgentToMcpServer - MCP streamable server 已启动: name=simos-shell version=0.1.0-SNAPSHOT 外发工具 15 个 [sd.IssueDirective, sd.SetViewScope, sd.SubmitVerdict, simos.advance, simos.command.catalog, simos.command.submit, simos.fork, simos.map.hex, simos.map.overview, simos.social.population, simos.state.facets, simos.state.resolve, simos.timeline.branches, simos.unit.get, simos.unit.list]；Registry 共 15 个，未外发 0 个 []
19:17:25.680 INFO  io.mosire.agentlib.mcp.AgentToMcpServer - MCP streamable server 已启动: name=simos-shell-decision version=0.1.0-SNAPSHOT 外发工具 11 个 [sd.IssueDirective, sd.SubmitVerdict, simos.command.catalog, simos.map.hex, simos.map.overview, simos.social.population, simos.state.facets, simos.state.resolve, simos.timeline.branches, simos.unit.get, simos.unit.list]；Registry 共 11 个，未外发 0 个 []
19:17:25.690 INFO  io.mosire.simos.app.gui.GuiServer - GUI 服务器已启动: http://127.0.0.1:45491/（静态 /webui，同源，无 CORS 头）
19:17:25.690 INFO  io.mosire.simos.app.Shell - Shell 装配完成: store=/tmp/junit-8532052329828960407 checkpointInterval=100 codec=4 handler=41 participant=2 resolver=4 facet=2 tool=15 decisionTool=11 mapId=Map1 bindAddress=127.0.0.1 mcpPort=44911 decisionAgentMcpPort=45275 guiPort=45491 approvalPort=45829
19:17:25.693 INFO  io.modelcontextprotocol.server.McpAsyncServer - Client initialize request - Protocol: 2025-11-25, Capabilities: ClientCapabilities[experimental=null, roots=null, sampling=null, elicitation=null], Info: Implementation[name=Java SDK MCP Client, title=null, version=0.15.0, description=null, icons=null, websiteUrl=null]
19:17:25.694 INFO  io.modelcontextprotocol.client.LifecycleInitializer - Server response with Protocol: 2025-11-25, Capabilities: ServerCapabilities[completions=null, experimental=null, logging=LoggingCapabilities[], prompts=null, resources=null, tools=ToolCapabilities[listChanged=true]], Info: Implementation[name=simos-shell, title=null, version=0.1.0-SNAPSHOT, description=null, icons=null, websiteUrl=null] and Instructions null
19:17:25.748 INFO  io.mosire.agentlib.approval.ApprovalHttpEndpoint - 审批 HTTP 面已停止（端口 45829）
19:17:25.748 INFO  io.mosire.agentlib.approval.HttpApprovalChannel - HTTP 审批通道已关闭
[INFO] Tests run: 4, Failures: 0, Errors: 0, Skipped: 0, Time elapsed: 0.578 s -- in io.mosire.simos.app.McpServerTest
[INFO] 
[INFO] Results:
[INFO] 
[INFO] Tests run: 193, Failures: 0, Errors: 0, Skipped: 0
[INFO] 
[INFO] 
[INFO] --- exec:3.4.1:exec (frontend-unit-tests) @ simos-app ---
TAP version 13
# Subtest: decodeBlocks-restores-vertex-world-coordinates
ok 1 - decodeBlocks-restores-vertex-world-coordinates
  ---
  duration_ms: 0.692082
  type: 'test'
  ...
# Subtest: decodeBlocks-preserves-block-metadata
ok 2 - decodeBlocks-preserves-block-metadata
  ---
  duration_ms: 0.095365
  type: 'test'
  ...
# Subtest: decodeBlocks-keeps-rings-closed-with-same-vertex-count
ok 3 - decodeBlocks-keeps-rings-closed-with-same-vertex-count
  ---
  duration_ms: 0.106166
  type: 'test'
  ...
# Subtest: decodeBlocks-does-not-mutate-the-wire-input
ok 4 - decodeBlocks-does-not-mutate-the-wire-input
  ---
  duration_ms: 0.784962
  type: 'test'
  ...
# Subtest: terrainAt-reads-decoded-block-at-hex-center
ok 5 - terrainAt-reads-decoded-block-at-hex-center
  ---
  duration_ms: 0.178232
  type: 'test'
  ...
# Subtest: countsByTerrain-sums-decoded-hex-counts
ok 6 - countsByTerrain-sums-decoded-hex-counts
  ---
  duration_ms: 0.092797
  type: 'test'
  ...
# Subtest: module-loads
ok 7 - module-loads
  ---
  duration_ms: 0.527516
  type: 'test'
  ...
# Subtest: subpage-ids-and-labels
ok 8 - subpage-ids-and-labels
  ---
  duration_ms: 0.358992
  type: 'test'
  ...
# Subtest: subpage-state-is-fail-closed
ok 9 - subpage-state-is-fail-closed
  ---
  duration_ms: 0.112215
  type: 'test'
  ...
# Subtest: subpage-visibility-is-mutually-exclusive
ok 10 - subpage-visibility-is-mutually-exclusive
  ---
  duration_ms: 0.169327
  type: 'test'
  ...
# Subtest: decision-groups-put-nation-then-army-and-sort-by-id
ok 11 - decision-groups-put-nation-then-army-and-sort-by-id
  ---
  duration_ms: 4.033707
  type: 'test'
  ...
# Subtest: decision-groups-keep-unknown-kinds-and-preserve-length
ok 12 - decision-groups-keep-unknown-kinds-and-preserve-length
  ---
  duration_ms: 0.160382
  type: 'test'
  ...
# Subtest: decision-makers-for-nation-matches-exactly
ok 13 - decision-makers-for-nation-matches-exactly
  ---
  duration_ms: 0.156002
  type: 'test'
  ...
# Subtest: decision-maker-for-unit-resolves-root-and-descendants
ok 14 - decision-maker-for-unit-resolves-root-and-descendants
  ---
  duration_ms: 1.185745
  type: 'test'
  ...
# Subtest: decision-maker-for-unit-is-deterministic-across-two-armies
ok 15 - decision-maker-for-unit-is-deterministic-across-two-armies
  ---
  duration_ms: 0.164336
  type: 'test'
  ...
# Subtest: decision-maker-for-unit-survives-a-parent-cycle
ok 16 - decision-maker-for-unit-survives-a-parent-cycle
  ---
  duration_ms: 0.194007
  type: 'test'
  ...
# Subtest: pending-status-text-never-fabricates
ok 17 - pending-status-text-never-fabricates
  ---
  duration_ms: 0.084396
  type: 'test'
  ...
# Subtest: affiliation-label-formats-kind-name-and-id
ok 18 - affiliation-label-formats-kind-name-and-id
  ---
  duration_ms: 0.079666
  type: 'test'
  ...
# Subtest: decision-maker-fields-project-the-server-shape
ok 19 - decision-maker-fields-project-the-server-shape
  ---
  duration_ms: 0.097895
  type: 'test'
  ...
# Subtest: nation-region-ids-are-set-equal-not-subset
ok 20 - nation-region-ids-are-set-equal-not-subset
  ---
  duration_ms: 0.112066
  type: 'test'
  ...
# Subtest: nation-tag-helpers-ignore-non-nation-and-blank-tags
ok 21 - nation-tag-helpers-ignore-non-nation-and-blank-tags
  ---
  duration_ms: 0.049614
  type: 'test'
  ...
# Subtest: nation-ids-of-regions-unions-distinct-nations
ok 22 - nation-ids-of-regions-unions-distinct-nations
  ---
  duration_ms: 0.102574
  type: 'test'
  ...
# Subtest: render-left-shows-army-decision-maker-for-a-descendant-unit
ok 23 - render-left-shows-army-decision-maker-for-a-descendant-unit
  ---
  duration_ms: 5.365872
  type: 'test'
  ...
# Subtest: render-left-shows-no-decision-maker-for-an-unrelated-unit
ok 24 - render-left-shows-no-decision-maker-for-an-unrelated-unit
  ---
  duration_ms: 3.484426
  type: 'test'
  ...
# Subtest: render-left-shows-nation-decision-maker-for-a-nation-region-hex
ok 25 - render-left-shows-nation-decision-maker-for-a-nation-region-hex
  ---
  duration_ms: 3.622731
  type: 'test'
  ...
# Subtest: index-html-has-six-modes-and-decision-panel
ok 26 - index-html-has-six-modes-and-decision-panel
  ---
  duration_ms: 0.701704
  type: 'test'
  ...
# Subtest: index-html-decision-mode-has-no-start-decision-button
ok 27 - index-html-decision-mode-has-no-start-decision-button
  ---
  duration_ms: 0.121171
  type: 'test'
  ...
# Subtest: map-js-wires-decision-click-to-nation-highlight
ok 28 - map-js-wires-decision-click-to-nation-highlight
  ---
  duration_ms: 0.73231
  type: 'test'
  ...
# Subtest: panels-js-and-app-js-delegate-subpage-visibility
ok 29 - panels-js-and-app-js-delegate-subpage-visibility
  ---
  duration_ms: 0.217021
  type: 'test'
  ...
# Subtest: all-required-test-files-are-present
ok 30 - all-required-test-files-are-present
  ---
  duration_ms: 0.826265
  type: 'test'
  ...
# Subtest: assertion-count-is-not-below-the-frozen-floor
ok 31 - assertion-count-is-not-below-the-frozen-floor
  ---
  duration_ms: 1.313513
  type: 'test'
  ...
# Subtest: module-loads
ok 32 - module-loads
  ---
  duration_ms: 1.194337
  type: 'test'
  ...
# Subtest: toolUsageEntries-reads-two-response-shapes
ok 33 - toolUsageEntries-reads-two-response-shapes
  ---
  duration_ms: 0.353739
  type: 'test'
  ...
# Subtest: resultText-marks-success-and-failure
ok 34 - resultText-marks-success-and-failure
  ---
  duration_ms: 0.074335
  type: 'test'
  ...
# Subtest: formatEntry-includes-tool-and-result
ok 35 - formatEntry-includes-tool-and-result
  ---
  duration_ms: 8.379786
  type: 'test'
  ...
# Subtest: renderPlan-empty-state-is-explicit
ok 36 - renderPlan-empty-state-is-explicit
  ---
  duration_ms: 0.162358
  type: 'test'
  ...
# Subtest: renderPlan-keeps-server-order-and-flags
ok 37 - renderPlan-keeps-server-order-and-flags
  ---
  duration_ms: 0.100575
  type: 'test'
  ...
# Subtest: renderInto-reads-exactly-one-GET-api-gm-tool-usage
ok 38 - renderInto-reads-exactly-one-GET-api-gm-tool-usage
  ---
  duration_ms: 0.969448
  type: 'test'
  ...
# Subtest: renderInto-renders-server-entries-from-the-response
ok 39 - renderInto-renders-server-entries-from-the-response
  ---
  duration_ms: 0.145699
  type: 'test'
  ...
# Subtest: renderInto-shows-empty-state-when-server-has-none
ok 40 - renderInto-shows-empty-state-when-server-has-none
  ---
  duration_ms: 0.22259
  type: 'test'
  ...
# Subtest: renderInto-degrades-when-endpoint-unavailable
ok 41 - renderInto-degrades-when-endpoint-unavailable
  ---
  duration_ms: 0.633682
  type: 'test'
  ...
# Subtest: setOpen-toggles-overlay-and-aria-expanded
ok 42 - setOpen-toggles-overlay-and-aria-expanded
  ---
  duration_ms: 0.130635
  type: 'test'
  ...
# Subtest: mount-wires-open-close-and-refresh
ok 43 - mount-wires-open-close-and-refresh
  ---
  duration_ms: 5.08422
  type: 'test'
  ...
# Subtest: index.html-has-gm-button-in-timeline-bar-and-fullscreen-overlay
ok 44 - index.html-has-gm-button-in-timeline-bar-and-fullscreen-overlay
  ---
  duration_ms: 0.217139
  type: 'test'
  ...
# Subtest: gm-overlay-is-fixed-hidden-by-default-and-clickable
ok 45 - gm-overlay-is-fixed-hidden-by-default-and-clickable
  ---
  duration_ms: 0.269713
  type: 'test'
  ...
# Subtest: gm-overlay-has-no-chat-input
ok 46 - gm-overlay-has-no-chat-input
  ---
  duration_ms: 0.158894
  type: 'test'
  ...
# Subtest: module-loads
ok 47 - module-loads
  ---
  duration_ms: 0.945426
  type: 'test'
  ...
# Subtest: subtool-ids-and-labels
ok 48 - subtool-ids-and-labels
  ---
  duration_ms: 0.332382
  type: 'test'
  ...
# Subtest: subtool-state-is-fail-closed
ok 49 - subtool-state-is-fail-closed
  ---
  duration_ms: 0.174963
  type: 'test'
  ...
# Subtest: subtool-tools-return-a-snapshot-and-default-tool
ok 50 - subtool-tools-return-a-snapshot-and-default-tool
  ---
  duration_ms: 0.128377
  type: 'test'
  ...
# Subtest: mapEditSubtoolOf-maps-tools-and-rejects-unknown
ok 51 - mapEditSubtoolOf-maps-tools-and-rejects-unknown
  ---
  duration_ms: 0.090805
  type: 'test'
  ...
# Subtest: write-allowed-is-per-subtool-and-cross-line-is-denied
ok 52 - write-allowed-is-per-subtool-and-cross-line-is-denied
  ---
  duration_ms: 0.064658
  type: 'test'
  ...
# Subtest: write-gate-resolves-tool-then-subtool
ok 53 - write-gate-resolves-tool-then-subtool
  ---
  duration_ms: 0.121163
  type: 'test'
  ...
# Subtest: panel-visibility-is-mutually-exclusive
ok 54 - panel-visibility-is-mutually-exclusive
  ---
  duration_ms: 0.090645
  type: 'test'
  ...
# Subtest: index-html-has-suboption-control-and-grouped-panels
ok 55 - index-html-has-suboption-control-and-grouped-panels
  ---
  duration_ms: 0.345373
  type: 'test'
  ...
# Subtest: suboptions-are-not-new-modes
ok 56 - suboptions-are-not-new-modes
  ---
  duration_ms: 0.327548
  type: 'test'
  ...
# Subtest: map-js-gates-every-map-write-with-the-matching-type
ok 57 - map-js-gates-every-map-write-with-the-matching-type
  ---
  duration_ms: 0.646499
  type: 'test'
  ...
# Subtest: page-delegates-to-the-single-guard-implementation
ok 58 - page-delegates-to-the-single-guard-implementation
  ---
  duration_ms: 0.601026
  type: 'test'
  ...
# Subtest: edgeKeyOf-is-canonical-by-q-then-r
ok 59 - edgeKeyOf-is-canonical-by-q-then-r
  ---
  duration_ms: 1.361109
  type: 'test'
  ...
# Subtest: edgeKeyOf-rejects-self-loops-and-incomplete-points
ok 60 - edgeKeyOf-rejects-self-loops-and-incomplete-points
  ---
  duration_ms: 0.090724
  type: 'test'
  ...
# Subtest: edgeChainEdges-connects-an-adjacent-run
ok 61 - edgeChainEdges-connects-an-adjacent-run
  ---
  duration_ms: 0.401717
  type: 'test'
  ...
# Subtest: edgeChainEdges-dedupes-a-repeated-pair
ok 62 - edgeChainEdges-dedupes-a-repeated-pair
  ---
  duration_ms: 0.215974
  type: 'test'
  ...
# Subtest: edgeChainEdges-skips-a-non-adjacent-jump-and-keeps-the-anchor
ok 63 - edgeChainEdges-skips-a-non-adjacent-jump-and-keeps-the-anchor
  ---
  duration_ms: 0.150507
  type: 'test'
  ...
# Subtest: edgeChainEdges-same-hex-as-the-anchor-ends-the-path
ok 64 - edgeChainEdges-same-hex-as-the-anchor-ends-the-path
  ---
  duration_ms: 0.084118
  type: 'test'
  ...
# Subtest: edgeChainResult-reports-ending-and-skipped-non-adjacency
ok 65 - edgeChainResult-reports-ending-and-skipped-non-adjacency
  ---
  duration_ms: 0.124349
  type: 'test'
  ...
# Subtest: edgeChainEdges-treats-a-missing-sample-as-no-op
ok 66 - edgeChainEdges-treats-a-missing-sample-as-no-op
  ---
  duration_ms: 0.070743
  type: 'test'
  ...
# Subtest: edgeModeState-has-no-default
ok 67 - edgeModeState-has-no-default
  ---
  duration_ms: 0.204315
  type: 'test'
  ...
# Subtest: parseSeedInput-does-not-fall-back-to-zero
ok 68 - parseSeedInput-does-not-fall-back-to-zero
  ---
  duration_ms: 0.337818
  type: 'test'
  ...
# Subtest: randomizeSelectionState-rejects-an-empty-selection
ok 69 - randomizeSelectionState-rejects-an-empty-selection
  ---
  duration_ms: 0.15384
  type: 'test'
  ...
# Subtest: page-层-uses-the-guards-instead-of-re-implementing-them
ok 70 - page-层-uses-the-guards-instead-of-re-implementing-them
  ---
  duration_ms: 0.849855
  type: 'test'
  ...
# Subtest: parseEdgeKey-round-trips-and-rejects-malformed-keys
ok 71 - parseEdgeKey-round-trips-and-rejects-malformed-keys
  ---
  duration_ms: 0.132215
  type: 'test'
  ...
# Subtest: edgeHitAtWorldPoint-honours-the-12px-threshold-and-kind
ok 72 - edgeHitAtWorldPoint-honours-the-12px-threshold-and-kind
  ---
  duration_ms: 0.15951
  type: 'test'
  ...
# Subtest: edgeDeletePlan-replaces-with-the-surviving-set
ok 73 - edgeDeletePlan-replaces-with-the-surviving-set
  ---
  duration_ms: 0.089171
  type: 'test'
  ...
# Subtest: registered-edge-kinds-default-then-follow-the-server
ok 74 - registered-edge-kinds-default-then-follow-the-server
  ---
  duration_ms: 0.110106
  type: 'test'
  ...
# Subtest: axialNeighbors-six-exact-vectors
ok 75 - axialNeighbors-six-exact-vectors
  ---
  duration_ms: 0.696425
  type: 'test'
  ...
# Subtest: axialNeighbors-offset-by-origin
ok 76 - axialNeighbors-offset-by-origin
  ---
  duration_ms: 0.140634
  type: 'test'
  ...
# Subtest: axialNeighbors-are-distinct-and-at-distance-one
ok 77 - axialNeighbors-are-distinct-and-at-distance-one
  ---
  duration_ms: 0.128748
  type: 'test'
  ...
# Subtest: axialDistance-frozen-values
ok 78 - axialDistance-frozen-values
  ---
  duration_ms: 0.073338
  type: 'test'
  ...
# Subtest: hexLine-endpoints-are-exact
ok 79 - hexLine-endpoints-are-exact
  ---
  duration_ms: 0.306346
  type: 'test'
  ...
# Subtest: hexLine-length-is-distance-plus-one
ok 80 - hexLine-length-is-distance-plus-one
  ---
  duration_ms: 0.110322
  type: 'test'
  ...
# Subtest: hexLine-has-no-duplicates-and-no-gaps
ok 81 - hexLine-has-no-duplicates-and-no-gaps
  ---
  duration_ms: 0.1984
  type: 'test'
  ...
# Subtest: hexLine-long-diagonal-is-dense
ok 82 - hexLine-long-diagonal-is-dense
  ---
  duration_ms: 0.070148
  type: 'test'
  ...
# Subtest: hexLine-single-cell-returns-fresh-single
ok 83 - hexLine-single-cell-returns-fresh-single
  ---
  duration_ms: 0.174726
  type: 'test'
  ...
# Subtest: module-loads
ok 84 - module-loads
  ---
  duration_ms: 1.115903
  type: 'test'
  ...
# Subtest: mode-ids-order
ok 85 - mode-ids-order
  ---
  duration_ms: 0.338949
  type: 'test'
  ...
# Subtest: mode-labels
ok 86 - mode-labels
  ---
  duration_ms: 0.067443
  type: 'test'
  ...
# Subtest: mode-label-unknown-passthrough
ok 87 - mode-label-unknown-passthrough
  ---
  duration_ms: 0.07944
  type: 'test'
  ...
# Subtest: view-allows-no-write
ok 88 - view-allows-no-write
  ---
  duration_ms: 0.118642
  type: 'test'
  ...
# Subtest: region-allows-no-write
ok 89 - region-allows-no-write
  ---
  duration_ms: 0.05337
  type: 'test'
  ...
# Subtest: map-edit-allows-exactly-four-writes
ok 90 - map-edit-allows-exactly-four-writes
  ---
  duration_ms: 0.092738
  type: 'test'
  ...
# Subtest: region-edit-allows-three-writes
ok 91 - region-edit-allows-three-writes
  ---
  duration_ms: 0.050013
  type: 'test'
  ...
# Subtest: unit-allows-route-and-editor-writes
ok 92 - unit-allows-route-and-editor-writes
  ---
  duration_ms: 0.152638
  type: 'test'
  ...
# Subtest: decision-allows-no-write
ok 93 - decision-allows-no-write
  ---
  duration_ms: 0.263413
  type: 'test'
  ...
# Subtest: fail-closed-on-unknown-mode-and-empty-type
ok 94 - fail-closed-on-unknown-mode-and-empty-type
  ---
  duration_ms: 0.091307
  type: 'test'
  ...
# Subtest: allowedWrites-returns-a-snapshot
ok 95 - allowedWrites-returns-a-snapshot
  ---
  duration_ms: 0.051284
  type: 'test'
  ...
# Subtest: workbench-write-calls-are-all-whitelisted
ok 96 - workbench-write-calls-are-all-whitelisted
  ---
  duration_ms: 1.943288
  type: 'test'
  ...
# Subtest: whitelist-entries-are-well-formed-command-types
ok 97 - whitelist-entries-are-well-formed-command-types
  ---
  duration_ms: 0.138452
  type: 'test'
  ...
# Subtest: module-loads
ok 98 - module-loads
  ---
  duration_ms: 0.397002
  type: 'test'
  ...
# Subtest: pendingCount-reads-the-three-response-shapes
ok 99 - pendingCount-reads-the-three-response-shapes
  ---
  duration_ms: 0.090311
  type: 'test'
  ...
# Subtest: summaryText-shows-the-count
ok 100 - summaryText-shows-the-count
  ---
  duration_ms: 0.098454
  type: 'test'
  ...
# Subtest: renderInto-reads-exactly-one-GET-api-approvals
ok 101 - renderInto-reads-exactly-one-GET-api-approvals
  ---
  duration_ms: 1.828332
  type: 'test'
  ...
# Subtest: renderInto-degrades-when-approvals-unavailable
ok 102 - renderInto-degrades-when-approvals-unavailable
  ---
  duration_ms: 0.223734
  type: 'test'
  ...
# Subtest: index.html-has-notification-element-and-no-right-panel-approvals
ok 103 - index.html-has-notification-element-and-no-right-panel-approvals
  ---
  duration_ms: 0.220948
  type: 'test'
  ...
# Subtest: module-exports-the-pending-helpers
ok 104 - module-exports-the-pending-helpers
  ---
  duration_ms: 0.397201
  type: 'test'
  ...
# Subtest: pending-status-text-maps-only-real-booleans-and-never-fabricates
ok 105 - pending-status-text-maps-only-real-booleans-and-never-fabricates
  ---
  duration_ms: 0.115861
  type: 'test'
  ...
# Subtest: decision-maker-fields-project-due-into-pending
ok 106 - decision-maker-fields-project-due-into-pending
  ---
  duration_ms: 0.122713
  type: 'test'
  ...
# Subtest: right-list-renders-pending-from-server-due
ok 107 - right-list-renders-pending-from-server-due
  ---
  duration_ms: 9.185647
  type: 'test'
  ...
# Subtest: left-detail-shows-pending-from-server-due
ok 108 - left-detail-shows-pending-from-server-due
  ---
  duration_ms: 3.742832
  type: 'test'
  ...
# Subtest: panels-list-item-wires-server-due-into-pending-text
ok 109 - panels-list-item-wires-server-due-into-pending-text
  ---
  duration_ms: 0.23289
  type: 'test'
  ...
# Subtest: rings-and-vertex-counts-match-independent-derivation
ok 110 - rings-and-vertex-counts-match-independent-derivation
  ---
  duration_ms: 1.981193
  type: 'test'
  ...
# Subtest: donut-has-outer-18-and-inner-hole-6
ok 111 - donut-has-outer-18-and-inner-hole-6
  ---
  duration_ms: 0.55575
  type: 'test'
  ...
# Subtest: single-hex-vertices-are-exactly-the-six-corners
ok 112 - single-hex-vertices-are-exactly-the-six-corners
  ---
  duration_ms: 0.159799
  type: 'test'
  ...
# Subtest: every-ring-is-closed-with-unit-edges
ok 113 - every-ring-is-closed-with-unit-edges
  ---
  duration_ms: 0.399255
  type: 'test'
  ...
# Subtest: vertices-are-distinct-within-a-ring
ok 114 - vertices-are-distinct-within-a-ring
  ---
  duration_ms: 0.91556
  type: 'test'
  ...
# Subtest: vertices-lie-on-the-hex-vertex-lattice
ok 115 - vertices-lie-on-the-hex-vertex-lattice
  ---
  duration_ms: 0.352356
  type: 'test'
  ...
# Subtest: vertices-are-not-hex-centers
ok 116 - vertices-are-not-hex-centers
  ---
  duration_ms: 0.323826
  type: 'test'
  ...
# Subtest: empty-and-invalid-input-return-no-ring
ok 117 - empty-and-invalid-input-return-no-ring
  ---
  duration_ms: 0.129176
  type: 'test'
  ...
# Subtest: deterministic-across-calls
ok 118 - deterministic-across-calls
  ---
  duration_ms: 0.326742
  type: 'test'
  ...
# Subtest: buildRegionHighlightPlan-puts-focus-regions-first
ok 119 - buildRegionHighlightPlan-puts-focus-regions-first
  ---
  duration_ms: 1.07277
  type: 'test'
  ...
# Subtest: buildRegionHighlightPlan-highlights-every-owner-of-a-shared-hex
ok 120 - buildRegionHighlightPlan-highlights-every-owner-of-a-shared-hex
  ---
  duration_ms: 0.185279
  type: 'test'
  ...
# Subtest: buildRegionHighlightPlan-region-view-without-focus-paints-nothing
ok 121 - buildRegionHighlightPlan-region-view-without-focus-paints-nothing
  ---
  duration_ms: 0.107583
  type: 'test'
  ...
# Subtest: buildRegionHighlightPlan-region-edit-without-focus-fades-everything
ok 122 - buildRegionHighlightPlan-region-edit-without-focus-fades-everything
  ---
  duration_ms: 0.194051
  type: 'test'
  ...
# Subtest: the-two-modes-share-one-plan-and-differ-only-in-parameters
ok 123 - the-two-modes-share-one-plan-and-differ-only-in-parameters
  ---
  duration_ms: 0.095164
  type: 'test'
  ...
# Subtest: page-层-uses-the-shared-plan-for-both-modes
ok 124 - page-层-uses-the-shared-plan-for-both-modes
  ---
  duration_ms: 0.688722
  type: 'test'
  ...
# Subtest: regionMembershipSummary-counts-each-region-itself-and-unions-the-hexes
ok 125 - regionMembershipSummary-counts-each-region-itself-and-unions-the-hexes
  ---
  duration_ms: 0.218996
  type: 'test'
  ...
# Subtest: regionMembershipSummary-keeps-three-owners-as-one-hex
ok 126 - regionMembershipSummary-keeps-three-owners-as-one-hex
  ---
  duration_ms: 0.079516
  type: 'test'
  ...
# Subtest: regionMembershipSummary-refuses-to-guess-without-hex-lists
ok 127 - regionMembershipSummary-refuses-to-guess-without-hex-lists
  ---
  duration_ms: 0.177138
  type: 'test'
  ...
# Subtest: page-层-shows-the-union-and-never-a-summed-total
ok 128 - page-层-shows-the-union-and-never-a-summed-total
  ---
  duration_ms: 1.072705
  type: 'test'
  ...
# Subtest: debug-hooks-for-the-region-view-mode-are-exposed
ok 129 - debug-hooks-for-the-region-view-mode-are-exposed
  ---
  duration_ms: 0.104569
  type: 'test'
  ...
# Subtest: layout-constants-are-frozen
ok 130 - layout-constants-are-frozen
  ---
  duration_ms: 1.25075
  type: 'test'
  ...
# Subtest: columnX-is-left-margin-plus-column-minus-one-times-width
ok 131 - columnX-is-left-margin-plus-column-minus-one-times-width
  ---
  duration_ms: 0.080095
  type: 'test'
  ...
# Subtest: main-branch-columns-follow-tick-order
ok 132 - main-branch-columns-follow-tick-order
  ---
  duration_ms: 0.099143
  type: 'test'
  ...
# Subtest: forked-branch-first-tick-aligns-with-parent-column
ok 133 - forked-branch-first-tick-aligns-with-parent-column
  ---
  duration_ms: 0.081008
  type: 'test'
  ...
# Subtest: unknown-tick-falls-back-to-first-column
ok 134 - unknown-tick-falls-back-to-first-column
  ---
  duration_ms: 0.07367
  type: 'test'
  ...
# Subtest: tickOfRevision-reads-the-injected-table
ok 135 - tickOfRevision-reads-the-injected-table
  ---
  duration_ms: 0.052812
  type: 'test'
  ...
# Subtest: nodeX-composes-columnOf-with-columnX
ok 136 - nodeX-composes-columnOf-with-columnX
  ---
  duration_ms: 0.103984
  type: 'test'
  ...
# Subtest: groupByTick-merges-same-tick-into-one-node
ok 137 - groupByTick-merges-same-tick-into-one-node
  ---
  duration_ms: 0.376588
  type: 'test'
  ...
# Subtest: groupByTick-empty-input
ok 138 - groupByTick-empty-input
  ---
  duration_ms: 0.145284
  type: 'test'
  ...
# Subtest: isAtTip-only-true-at-branch-head
ok 139 - isAtTip-only-true-at-branch-head
  ---
  duration_ms: 2.348534
  type: 'test'
  ...
# Subtest: shortCommandType-takes-last-segment
ok 140 - shortCommandType-takes-last-segment
  ---
  duration_ms: 0.138607
  type: 'test'
  ...
# Subtest: nextBranchName-picks-smallest-free-b-name
ok 141 - nextBranchName-picks-smallest-free-b-name
  ---
  duration_ms: 0.075211
  type: 'test'
  ...
# Subtest: orderedBranches-puts-main-first-then-lexicographic
ok 142 - orderedBranches-puts-main-first-then-lexicographic
  ---
  duration_ms: 0.067418
  type: 'test'
  ...
# Subtest: tickIndex-finds-position
ok 143 - tickIndex-finds-position
  ---
  duration_ms: 0.04184
  type: 'test'
  ...
# Subtest: buildTree-depth-parent-children-per-node
ok 144 - buildTree-depth-parent-children-per-node
  ---
  duration_ms: 0.883039
  type: 'test'
  ...
# Subtest: branch-point-is-two-or-more-direct-children-only
ok 145 - branch-point-is-two-or-more-direct-children-only
  ---
  duration_ms: 0.832795
  type: 'test'
  ...
# Subtest: branch-teeth-single-vs-double-vs-zero
ok 146 - branch-teeth-single-vs-double-vs-zero
  ---
  duration_ms: 0.113921
  type: 'test'
  ...
# Subtest: multi-root-forest-in-input-order
ok 147 - multi-root-forest-in-input-order
  ---
  duration_ms: 0.10708
  type: 'test'
  ...
# Subtest: missing-or-null-parent-becomes-root
ok 148 - missing-or-null-parent-becomes-root
  ---
  duration_ms: 0.073081
  type: 'test'
  ...
# Subtest: dangling-parent-becomes-root-and-is-preserved
ok 149 - dangling-parent-becomes-root-and-is-preserved
  ---
  duration_ms: 0.060575
  type: 'test'
  ...
# Subtest: descendant-count-is-postorder-total
ok 150 - descendant-count-is-postorder-total
  ---
  duration_ms: 0.109808
  type: 'test'
  ...
# Subtest: empty-input-returns-empty-forest
ok 151 - empty-input-returns-empty-forest
  ---
  duration_ms: 0.056455
  type: 'test'
  ...
# Subtest: flatten-returns-depth-first-including-self
ok 152 - flatten-returns-depth-first-including-self
  ---
  duration_ms: 0.218529
  type: 'test'
  ...
# Subtest: api.js-declares-exactly-the-allowed-write-endpoints
ok 153 - api.js-declares-exactly-the-allowed-write-endpoints
  ---
  duration_ms: 0.79162
  type: 'test'
  ...
# Subtest: api.js-exports-the-command-and-approval-write-functions
ok 154 - api.js-exports-the-command-and-approval-write-functions
  ---
  duration_ms: 1.70245
  type: 'test'
  ...
# Subtest: no-other-webui-asset-has-a-write-call
ok 155 - no-other-webui-asset-has-a-write-call
  ---
  duration_ms: 1.33616
  type: 'test'
  ...
# Subtest: scanner-has-teeth-on-undeclared-endpoint
ok 156 - scanner-has-teeth-on-undeclared-endpoint
  ---
  duration_ms: 0.224224
  type: 'test'
  ...
# Subtest: scanner-detects-a-missing-declared-endpoint
ok 157 - scanner-detects-a-missing-declared-endpoint
  ---
  duration_ms: 0.190864
  type: 'test'
  ...
# Subtest: dynamic-write-functions-hit-only-allowed-endpoints
ok 158 - dynamic-write-functions-hit-only-allowed-endpoints
  ---
  duration_ms: 1.470697
  type: 'test'
  ...
# Subtest: module-path-resolution-is-non-empty
ok 159 - module-path-resolution-is-non-empty
  ---
  duration_ms: 0.143374
  type: 'test'
  ...
1..159
# tests 159
# suites 0
# pass 159
# fail 0
# cancelled 0
# skipped 0
# todo 0
# duration_ms 119.533925
[frontend-gate] OK tests=159 pass=159 fail=0
[INFO] 
[INFO] --- jar:3.5.0:jar (default-jar) @ simos-app ---
[INFO] Building jar: /tmp/opencode/wsf-t10-base/simos-app/target/simos-app-0.1.0-SNAPSHOT.jar
[INFO] 
[INFO] --- shade:3.6.0:shade (shade-executable) @ simos-app ---
[INFO] Including io.mosire:simos-core:jar:0.1.0-SNAPSHOT in the shaded jar.
[INFO] Including io.mosire:simos-util:jar:0.1.0-SNAPSHOT in the shaded jar.
[INFO] Including com.fasterxml.jackson.datatype:jackson-datatype-jdk8:jar:2.22.2 in the shaded jar.
[INFO] Including org.xerial:sqlite-jdbc:jar:3.53.4.0 in the shaded jar.
[INFO] Including io.mosire:simos-map:jar:0.1.0-SNAPSHOT in the shaded jar.
[INFO] Including io.mosire:simos-social:jar:0.1.0-SNAPSHOT in the shaded jar.
[INFO] Including io.mosire:simos-unit:jar:0.1.0-SNAPSHOT in the shaded jar.
[INFO] Including io.mosire:simos-sd:jar:0.1.0-SNAPSHOT in the shaded jar.
[INFO] Including io.mosire:agentlib-mosire:jar:0.1.0-SNAPSHOT in the shaded jar.
[INFO] Including com.networknt:json-schema-validator:jar:2.0.4 in the shaded jar.
[INFO] Including com.ethlo.time:itu:jar:1.14.0 in the shaded jar.
[INFO] Including com.fasterxml.jackson.dataformat:jackson-dataformat-yaml:jar:2.22.2 in the shaded jar.
[INFO] Including org.yaml:snakeyaml:jar:2.5 in the shaded jar.
[INFO] Including org.slf4j:slf4j-api:jar:2.0.19 in the shaded jar.
[INFO] Including org.pf4j:pf4j:jar:3.15.1 in the shaded jar.
[INFO] Including com.github.zafarkhaja:java-semver:jar:0.10.2 in the shaded jar.
[INFO] Including io.modelcontextprotocol.sdk:mcp-core:jar:2.0.1 in the shaded jar.
[INFO] Including com.fasterxml.jackson.core:jackson-annotations:jar:2.22 in the shaded jar.
[INFO] Including io.projectreactor:reactor-core:jar:3.7.0 in the shaded jar.
[INFO] Including org.reactivestreams:reactive-streams:jar:1.0.4 in the shaded jar.
[INFO] Including io.modelcontextprotocol.sdk:mcp-json-jackson2:jar:2.0.1 in the shaded jar.
[INFO] Including com.fasterxml.jackson.core:jackson-databind:jar:2.22.2 in the shaded jar.
[INFO] Including com.fasterxml.jackson.core:jackson-core:jar:2.22.2 in the shaded jar.
[INFO] Including org.apache.logging.log4j:log4j-core:jar:2.26.1 in the shaded jar.
[INFO] Including org.apache.logging.log4j:log4j-api:jar:2.26.1 in the shaded jar.
[INFO] Including org.apache.logging.log4j:log4j-slf4j2-impl:jar:2.26.1 in the shaded jar.
[WARNING] agentlib-mosire-0.1.0-SNAPSHOT.jar, simos-app-0.1.0-SNAPSHOT.jar, simos-core-0.1.0-SNAPSHOT.jar, simos-sd-0.1.0-SNAPSHOT.jar define 1 overlapping resource: 
[WARNING]   - META-INF/extensions.idx
[WARNING] jackson-annotations-2.22.jar, jackson-core-2.22.2.jar, jackson-databind-2.22.2.jar, jackson-dataformat-yaml-2.22.2.jar, jackson-datatype-jdk8-2.22.2.jar, java-semver-0.10.2.jar, log4j-api-2.26.1.jar, log4j-core-2.26.1.jar, log4j-slf4j2-impl-2.26.1.jar define 1 overlapping resource: 
[WARNING]   - META-INF/LICENSE
[WARNING] agentlib-mosire-0.1.0-SNAPSHOT.jar, itu-1.14.0.jar, jackson-annotations-2.22.jar, jackson-core-2.22.2.jar, jackson-databind-2.22.2.jar, jackson-dataformat-yaml-2.22.2.jar, jackson-datatype-jdk8-2.22.2.jar, java-semver-0.10.2.jar, json-schema-validator-2.0.4.jar, log4j-api-2.26.1.jar, log4j-core-2.26.1.jar, log4j-slf4j2-impl-2.26.1.jar, mcp-core-2.0.1.jar, mcp-json-jackson2-2.0.1.jar, pf4j-3.15.1.jar, reactive-streams-1.0.4.jar, reactor-core-3.7.0.jar, simos-app-0.1.0-SNAPSHOT.jar, simos-core-0.1.0-SNAPSHOT.jar, simos-map-0.1.0-SNAPSHOT.jar, simos-sd-0.1.0-SNAPSHOT.jar, simos-social-0.1.0-SNAPSHOT.jar, simos-unit-0.1.0-SNAPSHOT.jar, simos-util-0.1.0-SNAPSHOT.jar, slf4j-api-2.0.19.jar, snakeyaml-2.5.jar, sqlite-jdbc-3.53.4.0.jar define 1 overlapping resource: 
[WARNING]   - META-INF/MANIFEST.MF
[WARNING] itu-1.14.0.jar, jackson-core-2.22.2.jar, jackson-databind-2.22.2.jar, jackson-dataformat-yaml-2.22.2.jar, jackson-datatype-jdk8-2.22.2.jar, json-schema-validator-2.0.4.jar, pf4j-3.15.1.jar, slf4j-api-2.0.19.jar, snakeyaml-2.5.jar, sqlite-jdbc-3.53.4.0.jar define 1 overlapping classes: 
[WARNING]   - META-INF.versions.9.module-info
[WARNING] log4j-api-2.26.1.jar, log4j-core-2.26.1.jar, log4j-slf4j2-impl-2.26.1.jar define 1 overlapping resource: 
[WARNING]   - META-INF/DEPENDENCIES
[WARNING] jackson-annotations-2.22.jar, jackson-core-2.22.2.jar, jackson-databind-2.22.2.jar, jackson-dataformat-yaml-2.22.2.jar, jackson-datatype-jdk8-2.22.2.jar, log4j-api-2.26.1.jar, log4j-core-2.26.1.jar, log4j-slf4j2-impl-2.26.1.jar define 1 overlapping resource: 
[WARNING]   - META-INF/NOTICE
[WARNING] maven-shade-plugin has detected that some files are
[WARNING] present in two or more JARs. When this happens, only one
[WARNING] single version of the file is copied to the uber jar.
[WARNING] Usually this is not harmful and you can skip these warnings,
[WARNING] otherwise try to manually exclude artifacts based on
[WARNING] mvn dependency:tree -Ddetail=true and the above output.
[WARNING] See https://maven.apache.org/plugins/maven-shade-plugin/
[INFO] Attaching shaded artifact.
[INFO] 
[INFO] --- spotless:3.10.2:check (spotless-check) @ simos-app ---
[INFO] Index file does not exist. Fallback to an empty index
[INFO] Spotless.Java is keeping 76 files clean - 0 needs changes to be clean, 76 were already clean, 0 were skipped because caching determined they were already clean
[INFO] 
[INFO] >>> spotbugs:4.10.4.1:check (spotbugs-check) > :spotbugs @ simos-app >>>
[INFO] 
[INFO] --- spotbugs:4.10.4.1:spotbugs (spotbugs) @ simos-app ---
[INFO] Done SpotBugs Analysis....
[INFO] Skipping com.github.spotbugs:spotbugs-maven-plugin:4.10.4.1:spotbugs report goal
[INFO] 
[INFO] <<< spotbugs:4.10.4.1:check (spotbugs-check) < :spotbugs @ simos-app <<<
[INFO] 
[INFO] 
[INFO] --- spotbugs:4.10.4.1:check (spotbugs-check) @ simos-app ---
[INFO] BugInstance size is 0
[INFO] Error size is 0
[INFO] No errors/warnings found
[INFO] ------------------------------------------------------------------------
[INFO] Reactor Summary for SimulatorMosire 0.1.0-SNAPSHOT:
[INFO] 
[INFO] SimulatorMosire .................................... SUCCESS [  1.008 s]
[INFO] UtilSimos .......................................... SUCCESS [  4.828 s]
[INFO] MapSimos ........................................... SUCCESS [  6.649 s]
[INFO] SocialSimos ........................................ SUCCESS [  2.201 s]
[INFO] UnitSimos .......................................... SUCCESS [  3.741 s]
[INFO] CoreSimos .......................................... SUCCESS [  9.353 s]
[INFO] SDSimos ............................................ SUCCESS [  3.845 s]
[INFO] SimosApp ........................................... SUCCESS [ 29.237 s]
[INFO] ------------------------------------------------------------------------
[INFO] BUILD SUCCESS
[INFO] ------------------------------------------------------------------------
[INFO] Total time:  01:00 min
[INFO] Finished at: 2026-09-21T19:17:30+08:00
[INFO] ------------------------------------------------------------------------
