[INFO] Scanning for projects...
[INFO] ------------------------------------------------------------------------
[INFO] Reactor Build Order:
[INFO] 
[INFO] SimulatorMosire                                                    [pom]
[INFO] UtilSimos                                                          [jar]
[INFO] MapSimos                                                           [jar]
[INFO] SocialSimos                                                        [jar]
[INFO] UnitSimos                                                          [jar]
[INFO] CoreSimos                                                          [jar]
[INFO] SDSimos                                                            [jar]
[INFO] SimosApp                                                           [jar]
[INFO] 
[INFO] -----------------------< io.mosire:simos-parent >-----------------------
[INFO] Building SimulatorMosire 0.1.0-SNAPSHOT                            [1/8]
[INFO]   from pom.xml
[INFO] --------------------------------[ pom ]---------------------------------
[INFO] 
[INFO] --- clean:3.2.0:clean (default-clean) @ simos-parent ---
[INFO] Deleting /home/cna/SimulatorMosire/target
[INFO] 
[INFO] --- enforcer:3.6.3:enforce (enforce-java-and-maven) @ simos-parent ---
[INFO] Rule 0: org.apache.maven.enforcer.rules.version.RequireJavaVersion passed
[INFO] Rule 1: org.apache.maven.enforcer.rules.version.RequireMavenVersion passed
[INFO] 
[INFO] --- checkstyle:3.6.0:check (checkstyle-check) @ simos-parent ---
[INFO] Starting audit...
Audit done.
[INFO] You have 0 Checkstyle violations.
[INFO] 
[INFO] --- spotless:3.10.2:check (spotless-check) @ simos-parent ---
[INFO] Index file does not exist. Fallback to an empty index
[INFO] 
[INFO] >>> spotbugs:4.10.4.1:check (spotbugs-check) > :spotbugs @ simos-parent >>>
[INFO] 
[INFO] --- spotbugs:4.10.4.1:spotbugs (spotbugs) @ simos-parent ---
[WARNING] No files found to generate report on. Check if compile phase has been run.
[INFO] Skipping com.github.spotbugs:spotbugs-maven-plugin:4.10.4.1:spotbugs report goal
[INFO] 
[INFO] <<< spotbugs:4.10.4.1:check (spotbugs-check) < :spotbugs @ simos-parent <<<
[INFO] 
[INFO] 
[INFO] --- spotbugs:4.10.4.1:check (spotbugs-check) @ simos-parent ---
[INFO] 
[INFO] ------------------------< io.mosire:simos-util >------------------------
[INFO] Building UtilSimos 0.1.0-SNAPSHOT                                  [2/8]
[INFO]   from simos-util/pom.xml
[INFO] --------------------------------[ jar ]---------------------------------
[INFO] 
[INFO] --- clean:3.2.0:clean (default-clean) @ simos-util ---
[INFO] Deleting /home/cna/SimulatorMosire/simos-util/target
[INFO] 
[INFO] --- enforcer:3.6.3:enforce (enforce-java-and-maven) @ simos-util ---
[INFO] 
[INFO] --- enforcer:3.6.3:enforce (enforce-module-boundaries) @ simos-util ---
[INFO] Rule 0: org.apache.maven.enforcer.rules.dependency.BannedDependencies passed
[INFO] 
[INFO] --- checkstyle:3.6.0:check (checkstyle-check) @ simos-util ---
[INFO] Starting audit...
Audit done.
[INFO] You have 0 Checkstyle violations.
[INFO] 
[INFO] --- resources:3.4.0:resources (default-resources) @ simos-util ---
[INFO] skip non existing resourceDirectory /home/cna/SimulatorMosire/simos-util/src/main/resources
[INFO] 
[INFO] --- compiler:3.16.0:compile (default-compile) @ simos-util ---
[INFO] Recompiling the module because of changed source code.
[INFO] Compiling 47 source files with javac [debug release 21] to target/classes
[INFO] 
[INFO] --- resources:3.4.0:testResources (default-testResources) @ simos-util ---
[INFO] skip non existing resourceDirectory /home/cna/SimulatorMosire/simos-util/src/test/resources
[INFO] 
[INFO] --- compiler:3.16.0:testCompile (default-testCompile) @ simos-util ---
[INFO] Recompiling the module because of changed dependency.
[INFO] Compiling 21 source files with javac [debug release 21] to target/test-classes
[INFO] 
[INFO] --- surefire:3.6.0:test (default-test) @ simos-util ---
[INFO] Using auto detected provider org.apache.maven.surefire.junitplatform.JUnitPlatformProvider
[INFO] 
[INFO] -------------------------------------------------------
[INFO]  T E S T S
[INFO] -------------------------------------------------------
[INFO] Running io.mosire.simos.util.state.StateRefTest
[INFO] Tests run: 9, Failures: 0, Errors: 0, Skipped: 0, Time elapsed: 0.057 s -- in io.mosire.simos.util.state.StateRefTest
[INFO] Running io.mosire.simos.util.state.SimulationStateTest
[INFO] Tests run: 8, Failures: 0, Errors: 0, Skipped: 0, Time elapsed: 0.017 s -- in io.mosire.simos.util.state.SimulationStateTest
[INFO] Running io.mosire.simos.util.state.SnapshotProtocolTest
[INFO] Tests run: 2, Failures: 0, Errors: 0, Skipped: 0, Time elapsed: 0.005 s -- in io.mosire.simos.util.state.SnapshotProtocolTest
[INFO] Running io.mosire.simos.util.json.FieldDeltaJsonTest
[INFO] Tests run: 5, Failures: 0, Errors: 0, Skipped: 0, Time elapsed: 0.131 s -- in io.mosire.simos.util.json.FieldDeltaJsonTest
[INFO] Running io.mosire.simos.util.json.SimosObjectMapperTest
[INFO] Tests run: 6, Failures: 0, Errors: 0, Skipped: 0, Time elapsed: 0.026 s -- in io.mosire.simos.util.json.SimosObjectMapperTest
[INFO] Running io.mosire.simos.util.info.InMemoryInfoSystemTest
[INFO] Tests run: 14, Failures: 0, Errors: 0, Skipped: 0, Time elapsed: 0.011 s -- in io.mosire.simos.util.info.InMemoryInfoSystemTest
[INFO] Running io.mosire.simos.util.facet.FacetRegistryTest
[INFO] Tests run: 10, Failures: 0, Errors: 0, Skipped: 0, Time elapsed: 0.007 s -- in io.mosire.simos.util.facet.FacetRegistryTest
[INFO] Running io.mosire.simos.util.resolve.ResolverRegistryTest
[INFO] Tests run: 8, Failures: 0, Errors: 0, Skipped: 0, Time elapsed: 0.006 s -- in io.mosire.simos.util.resolve.ResolverRegistryTest
[INFO] Running io.mosire.simos.util.identity.ResolvedSubjectTest
[INFO] Tests run: 5, Failures: 0, Errors: 0, Skipped: 0, Time elapsed: 0.005 s -- in io.mosire.simos.util.identity.ResolvedSubjectTest
[INFO] Running io.mosire.simos.util.identity.QueryResultTest
[INFO] Tests run: 2, Failures: 0, Errors: 0, Skipped: 0, Time elapsed: 0.001 s -- in io.mosire.simos.util.identity.QueryResultTest
[INFO] Running io.mosire.simos.util.identity.SubjectIdTest
[INFO] Tests run: 4, Failures: 0, Errors: 0, Skipped: 0, Time elapsed: 0.003 s -- in io.mosire.simos.util.identity.SubjectIdTest
[INFO] Running io.mosire.simos.util.time.TemporalSeriesTest
[INFO] Tests run: 16, Failures: 0, Errors: 0, Skipped: 0, Time elapsed: 0.012 s -- in io.mosire.simos.util.time.TemporalSeriesTest
[INFO] Running io.mosire.simos.util.time.TimeRangeTest
[INFO] Tests run: 4, Failures: 0, Errors: 0, Skipped: 0, Time elapsed: 0.003 s -- in io.mosire.simos.util.time.TimeRangeTest
[INFO] Running io.mosire.simos.util.time.SimosTimestampTest
[INFO] Tests run: 5, Failures: 0, Errors: 0, Skipped: 0, Time elapsed: 0.004 s -- in io.mosire.simos.util.time.SimosTimestampTest
[INFO] Running io.mosire.simos.util.address.AddressQuoteTest
[INFO] Tests run: 9, Failures: 0, Errors: 0, Skipped: 0, Time elapsed: 0.005 s -- in io.mosire.simos.util.address.AddressQuoteTest
[INFO] Running io.mosire.simos.util.address.AddressParseTest
[INFO] Tests run: 38, Failures: 0, Errors: 0, Skipped: 0, Time elapsed: 0.057 s -- in io.mosire.simos.util.address.AddressParseTest
[INFO] Running io.mosire.simos.util.address.AddressTolerantParseTest
[INFO] Tests run: 15, Failures: 0, Errors: 0, Skipped: 0, Time elapsed: 0.010 s -- in io.mosire.simos.util.address.AddressTolerantParseTest
[INFO] Running io.mosire.simos.util.spi.SpiShapesTest
[INFO] Tests run: 4, Failures: 0, Errors: 0, Skipped: 0, Time elapsed: 0.003 s -- in io.mosire.simos.util.spi.SpiShapesTest
[INFO] Running io.mosire.simos.util.verify.RoundTripAssertionsDriftTest
[INFO] Tests run: 1, Failures: 0, Errors: 0, Skipped: 0, Time elapsed: 0.007 s -- in io.mosire.simos.util.verify.RoundTripAssertionsDriftTest
[INFO] Running io.mosire.simos.util.verify.RoundTripAssertionsTest
[INFO] Tests run: 5, Failures: 0, Errors: 0, Skipped: 0, Time elapsed: 0.693 s -- in io.mosire.simos.util.verify.RoundTripAssertionsTest
[INFO] 
[INFO] Results:
[INFO] 
[INFO] Tests run: 170, Failures: 0, Errors: 0, Skipped: 0
[INFO] 
[INFO] 
[INFO] --- jar:3.5.0:jar (default-jar) @ simos-util ---
[INFO] Building jar: /home/cna/SimulatorMosire/simos-util/target/simos-util-0.1.0-SNAPSHOT.jar
[INFO] 
[INFO] --- spotless:3.10.2:check (spotless-check) @ simos-util ---
[INFO] Index file does not exist. Fallback to an empty index
[INFO] Spotless.Java is keeping 68 files clean - 0 needs changes to be clean, 68 were already clean, 0 were skipped because caching determined they were already clean
[INFO] 
[INFO] >>> spotbugs:4.10.4.1:check (spotbugs-check) > :spotbugs @ simos-util >>>
[INFO] 
[INFO] --- spotbugs:4.10.4.1:spotbugs (spotbugs) @ simos-util ---
[INFO] Done SpotBugs Analysis....
[INFO] Skipping com.github.spotbugs:spotbugs-maven-plugin:4.10.4.1:spotbugs report goal
[INFO] 
[INFO] <<< spotbugs:4.10.4.1:check (spotbugs-check) < :spotbugs @ simos-util <<<
[INFO] 
[INFO] 
[INFO] --- spotbugs:4.10.4.1:check (spotbugs-check) @ simos-util ---
[INFO] BugInstance size is 0
[INFO] Error size is 0
[INFO] No errors/warnings found
[INFO] 
[INFO] ------------------------< io.mosire:simos-map >-------------------------
[INFO] Building MapSimos 0.1.0-SNAPSHOT                                   [3/8]
[INFO]   from simos-map/pom.xml
[INFO] --------------------------------[ jar ]---------------------------------
[INFO] 
[INFO] --- clean:3.2.0:clean (default-clean) @ simos-map ---
[INFO] Deleting /home/cna/SimulatorMosire/simos-map/target
[INFO] 
[INFO] --- enforcer:3.6.3:enforce (enforce-java-and-maven) @ simos-map ---
[INFO] 
[INFO] --- enforcer:3.6.3:enforce (enforce-module-boundaries) @ simos-map ---
[INFO] Rule 0: org.apache.maven.enforcer.rules.dependency.BannedDependencies passed
[INFO] 
[INFO] --- checkstyle:3.6.0:check (checkstyle-check) @ simos-map ---
[INFO] Starting audit...
Audit done.
[INFO] You have 0 Checkstyle violations.
[INFO] 
[INFO] --- resources:3.4.0:resources (default-resources) @ simos-map ---
[INFO] skip non existing resourceDirectory /home/cna/SimulatorMosire/simos-map/src/main/resources
[INFO] 
[INFO] --- compiler:3.16.0:compile (default-compile) @ simos-map ---
[INFO] Recompiling the module because of changed dependency.
[INFO] Compiling 52 source files with javac [debug release 21] to target/classes
[INFO] /home/cna/SimulatorMosire/simos-map/src/main/java/io/mosire/simos/map/codec/MapCodec.java: Some input files use or override a deprecated API.
[INFO] /home/cna/SimulatorMosire/simos-map/src/main/java/io/mosire/simos/map/codec/MapCodec.java: Recompile with -Xlint:deprecation for details.
[INFO] 
[INFO] --- resources:3.4.0:testResources (default-testResources) @ simos-map ---
[INFO] skip non existing resourceDirectory /home/cna/SimulatorMosire/simos-map/src/test/resources
[INFO] 
[INFO] --- compiler:3.16.0:testCompile (default-testCompile) @ simos-map ---
[INFO] Recompiling the module because of changed dependency.
[INFO] Compiling 38 source files with javac [debug release 21] to target/test-classes
[INFO] 
[INFO] --- surefire:3.6.0:test (default-test) @ simos-map ---
[INFO] Using auto detected provider org.apache.maven.surefire.junitplatform.JUnitPlatformProvider
[INFO] 
[INFO] -------------------------------------------------------
[INFO]  T E S T S
[INFO] -------------------------------------------------------
[INFO] Running io.mosire.simos.map.GameMapTest
[INFO] Tests run: 18, Failures: 0, Errors: 0, Skipped: 0, Time elapsed: 0.102 s -- in io.mosire.simos.map.GameMapTest
[INFO] Running io.mosire.simos.map.generate.RiverBuilderTest
[INFO] Tests run: 11, Failures: 0, Errors: 0, Skipped: 0, Time elapsed: 0.033 s -- in io.mosire.simos.map.generate.RiverBuilderTest
[INFO] Running io.mosire.simos.map.generate.RegionRandomizerTest
[INFO] Tests run: 13, Failures: 0, Errors: 0, Skipped: 0, Time elapsed: 0.065 s -- in io.mosire.simos.map.generate.RegionRandomizerTest
[INFO] Running io.mosire.simos.map.generate.MapGeneratorTest
[INFO] Tests run: 13, Failures: 0, Errors: 0, Skipped: 0, Time elapsed: 1.851 s -- in io.mosire.simos.map.generate.MapGeneratorTest
[INFO] Running io.mosire.simos.map.generate.TerrainClassifierTest
[INFO] Tests run: 9, Failures: 0, Errors: 0, Skipped: 0, Time elapsed: 0.007 s -- in io.mosire.simos.map.generate.TerrainClassifierTest
[INFO] Running io.mosire.simos.map.generate.GenerationSpecTest
[INFO] Tests run: 18, Failures: 0, Errors: 0, Skipped: 0, Time elapsed: 0.015 s -- in io.mosire.simos.map.generate.GenerationSpecTest
[INFO] Running io.mosire.simos.map.CityTest
[INFO] Tests run: 6, Failures: 0, Errors: 0, Skipped: 0, Time elapsed: 0.004 s -- in io.mosire.simos.map.CityTest
[INFO] Running io.mosire.simos.map.terrain.ImpassableSentinelTest
[INFO] Tests run: 2, Failures: 0, Errors: 0, Skipped: 0, Time elapsed: 0.002 s -- in io.mosire.simos.map.terrain.ImpassableSentinelTest
[INFO] Running io.mosire.simos.map.terrain.TerrainCatalogTest
[INFO] Tests run: 13, Failures: 0, Errors: 0, Skipped: 0, Time elapsed: 0.008 s -- in io.mosire.simos.map.terrain.TerrainCatalogTest
[INFO] Running io.mosire.simos.map.RegressionGuardsTest
[INFO] Tests run: 9, Failures: 0, Errors: 0, Skipped: 0, Time elapsed: 0.185 s -- in io.mosire.simos.map.RegressionGuardsTest
[INFO] Running io.mosire.simos.map.ops.RegionOperationsTest
[INFO] Tests run: 16, Failures: 0, Errors: 0, Skipped: 0, Time elapsed: 0.009 s -- in io.mosire.simos.map.ops.RegionOperationsTest
[INFO] Running io.mosire.simos.map.ops.EdgeOperationsTest
[INFO] Tests run: 18, Failures: 0, Errors: 0, Skipped: 0, Time elapsed: 0.011 s -- in io.mosire.simos.map.ops.EdgeOperationsTest
[INFO] Running io.mosire.simos.map.ops.RandomizeOperationsTest
[T6-RANDOMIZE] seed7={desert=164, mountains=5, plains=162}
[T6-RANDOMIZE] seed8={desert=171, mountains=5, plains=155}
[INFO] Tests run: 12, Failures: 0, Errors: 0, Skipped: 0, Time elapsed: 0.053 s -- in io.mosire.simos.map.ops.RandomizeOperationsTest
[INFO] Running io.mosire.simos.map.ops.TerrainOperationsTest
[INFO] Tests run: 11, Failures: 0, Errors: 0, Skipped: 0, Time elapsed: 0.010 s -- in io.mosire.simos.map.ops.TerrainOperationsTest
[INFO] Running io.mosire.simos.map.region.RegionIndexTest
[INFO] Tests run: 4, Failures: 0, Errors: 0, Skipped: 0, Time elapsed: 0.118 s -- in io.mosire.simos.map.region.RegionIndexTest
[INFO] Running io.mosire.simos.map.region.RegionTest
[INFO] Tests run: 16, Failures: 0, Errors: 0, Skipped: 0, Time elapsed: 0.007 s -- in io.mosire.simos.map.region.RegionTest
[INFO] Running io.mosire.simos.map.region.RegionIndexGuardTest
[INFO] Tests run: 1, Failures: 0, Errors: 0, Skipped: 0, Time elapsed: 0.185 s -- in io.mosire.simos.map.region.RegionIndexGuardTest
[INFO] Running io.mosire.simos.map.region.RegionBoundaryTest
[INFO] Tests run: 10, Failures: 0, Errors: 0, Skipped: 0, Time elapsed: 0.006 s -- in io.mosire.simos.map.region.RegionBoundaryTest
[INFO] Running io.mosire.simos.map.HexCellTest
[INFO] Tests run: 4, Failures: 0, Errors: 0, Skipped: 0, Time elapsed: 0.002 s -- in io.mosire.simos.map.HexCellTest
[INFO] Running io.mosire.simos.map.resolve.MapResolverTest
[INFO] Tests run: 16, Failures: 0, Errors: 0, Skipped: 0, Time elapsed: 0.012 s -- in io.mosire.simos.map.resolve.MapResolverTest
[INFO] Running io.mosire.simos.map.block.TerrainBlocksTest
[INFO] Tests run: 10, Failures: 0, Errors: 0, Skipped: 0, Time elapsed: 0.005 s -- in io.mosire.simos.map.block.TerrainBlocksTest
[INFO] Running io.mosire.simos.map.pathway.PathwayTest
[INFO] Tests run: 17, Failures: 0, Errors: 0, Skipped: 0, Time elapsed: 0.011 s -- in io.mosire.simos.map.pathway.PathwayTest
[INFO] Running io.mosire.simos.map.pathway.EdgeRefTest
[INFO] Tests run: 8, Failures: 0, Errors: 0, Skipped: 0, Time elapsed: 0.007 s -- in io.mosire.simos.map.pathway.EdgeRefTest
[INFO] Running io.mosire.simos.map.pathway.EdgeTagsTest
[INFO] Tests run: 4, Failures: 0, Errors: 0, Skipped: 0, Time elapsed: 0.002 s -- in io.mosire.simos.map.pathway.EdgeTagsTest
[INFO] Running io.mosire.simos.map.pathway.PathwayGroupTest
[INFO] Tests run: 5, Failures: 0, Errors: 0, Skipped: 0, Time elapsed: 0.002 s -- in io.mosire.simos.map.pathway.PathwayGroupTest
[INFO] Running io.mosire.simos.map.codec.MapCodecTest
[INFO] Tests run: 7, Failures: 0, Errors: 0, Skipped: 0, Time elapsed: 0.065 s -- in io.mosire.simos.map.codec.MapCodecTest
[INFO] Running io.mosire.simos.map.codec.MapCodecLegacyTest
[INFO] Tests run: 3, Failures: 0, Errors: 0, Skipped: 0, Time elapsed: 0.009 s -- in io.mosire.simos.map.codec.MapCodecLegacyTest
[INFO] Running io.mosire.simos.map.guard.RepresentationLeakGuardTest
[INFO] Tests run: 2, Failures: 0, Errors: 0, Skipped: 0, Time elapsed: 0.036 s -- in io.mosire.simos.map.guard.RepresentationLeakGuardTest
[INFO] Running io.mosire.simos.map.change.RoundTripComponentsTest
[INFO] Tests run: 6, Failures: 0, Errors: 0, Skipped: 0, Time elapsed: 0.002 s -- in io.mosire.simos.map.change.RoundTripComponentsTest
[INFO] Running io.mosire.simos.map.change.MapChangeSetTest
[INFO] Tests run: 21, Failures: 0, Errors: 0, Skipped: 0, Time elapsed: 0.011 s -- in io.mosire.simos.map.change.MapChangeSetTest
[INFO] Running io.mosire.simos.map.spi.SetTerrainHandlerTest
[INFO] Tests run: 7, Failures: 0, Errors: 0, Skipped: 0, Time elapsed: 0.005 s -- in io.mosire.simos.map.spi.SetTerrainHandlerTest
[INFO] Running io.mosire.simos.map.spi.SetEdgeHandlerTest
[INFO] Tests run: 9, Failures: 0, Errors: 0, Skipped: 0, Time elapsed: 0.005 s -- in io.mosire.simos.map.spi.SetEdgeHandlerTest
[INFO] Running io.mosire.simos.map.spi.RandomizeRegionHandlerTest
[INFO] Tests run: 7, Failures: 0, Errors: 0, Skipped: 0, Time elapsed: 0.009 s -- in io.mosire.simos.map.spi.RandomizeRegionHandlerTest
[INFO] Running io.mosire.simos.map.spi.RegionHandlersTest
[INFO] Tests run: 15, Failures: 0, Errors: 0, Skipped: 0, Time elapsed: 0.006 s -- in io.mosire.simos.map.spi.RegionHandlersTest
[INFO] Running io.mosire.simos.map.hex.HexVertexTest
[INFO] Tests run: 2, Failures: 0, Errors: 0, Skipped: 0, Time elapsed: 0.001 s -- in io.mosire.simos.map.hex.HexVertexTest
[INFO] Running io.mosire.simos.map.hex.HexCoordTest
[INFO] Tests run: 13, Failures: 0, Errors: 0, Skipped: 0, Time elapsed: 0.011 s -- in io.mosire.simos.map.hex.HexCoordTest
[INFO] Running io.mosire.simos.map.hex.HexDirectionTest
[INFO] Tests run: 8, Failures: 0, Errors: 0, Skipped: 0, Time elapsed: 0.002 s -- in io.mosire.simos.map.hex.HexDirectionTest
[INFO] Running io.mosire.simos.map.hex.HexGridTest
[INFO] Tests run: 5, Failures: 0, Errors: 0, Skipped: 0, Time elapsed: 0.002 s -- in io.mosire.simos.map.hex.HexGridTest
[INFO] 
[INFO] Results:
[INFO] 
[INFO] Tests run: 369, Failures: 0, Errors: 0, Skipped: 0
[INFO] 
[INFO] 
[INFO] --- jar:3.5.0:jar (default-jar) @ simos-map ---
[INFO] Building jar: /home/cna/SimulatorMosire/simos-map/target/simos-map-0.1.0-SNAPSHOT.jar
[INFO] 
[INFO] --- spotless:3.10.2:check (spotless-check) @ simos-map ---
[INFO] Index file does not exist. Fallback to an empty index
[INFO] Spotless.Java is keeping 90 files clean - 0 needs changes to be clean, 90 were already clean, 0 were skipped because caching determined they were already clean
[INFO] 
[INFO] >>> spotbugs:4.10.4.1:check (spotbugs-check) > :spotbugs @ simos-map >>>
[INFO] 
[INFO] --- spotbugs:4.10.4.1:spotbugs (spotbugs) @ simos-map ---
[INFO] Done SpotBugs Analysis....
[INFO] Skipping com.github.spotbugs:spotbugs-maven-plugin:4.10.4.1:spotbugs report goal
[INFO] 
[INFO] <<< spotbugs:4.10.4.1:check (spotbugs-check) < :spotbugs @ simos-map <<<
[INFO] 
[INFO] 
[INFO] --- spotbugs:4.10.4.1:check (spotbugs-check) @ simos-map ---
[INFO] BugInstance size is 0
[INFO] Error size is 0
[INFO] No errors/warnings found
[INFO] 
[INFO] -----------------------< io.mosire:simos-social >-----------------------
[INFO] Building SocialSimos 0.1.0-SNAPSHOT                                [4/8]
[INFO]   from simos-social/pom.xml
[INFO] --------------------------------[ jar ]---------------------------------
[INFO] 
[INFO] --- clean:3.2.0:clean (default-clean) @ simos-social ---
[INFO] Deleting /home/cna/SimulatorMosire/simos-social/target
[INFO] 
[INFO] --- enforcer:3.6.3:enforce (enforce-java-and-maven) @ simos-social ---
[INFO] 
[INFO] --- enforcer:3.6.3:enforce (enforce-module-boundaries) @ simos-social ---
[INFO] Rule 0: org.apache.maven.enforcer.rules.dependency.BannedDependencies passed
[INFO] 
[INFO] --- checkstyle:3.6.0:check (checkstyle-check) @ simos-social ---
[INFO] Starting audit...
Audit done.
[INFO] You have 0 Checkstyle violations.
[INFO] 
[INFO] --- resources:3.4.0:resources (default-resources) @ simos-social ---
[INFO] skip non existing resourceDirectory /home/cna/SimulatorMosire/simos-social/src/main/resources
[INFO] 
[INFO] --- compiler:3.16.0:compile (default-compile) @ simos-social ---
[INFO] Recompiling the module because of changed dependency.
[INFO] Compiling 8 source files with javac [debug release 21] to target/classes
[INFO] 
[INFO] --- resources:3.4.0:testResources (default-testResources) @ simos-social ---
[INFO] skip non existing resourceDirectory /home/cna/SimulatorMosire/simos-social/src/test/resources
[INFO] 
[INFO] --- compiler:3.16.0:testCompile (default-testCompile) @ simos-social ---
[INFO] Recompiling the module because of changed dependency.
[INFO] Compiling 6 source files with javac [debug release 21] to target/test-classes
[INFO] 
[INFO] --- surefire:3.6.0:test (default-test) @ simos-social ---
[INFO] Using auto detected provider org.apache.maven.surefire.junitplatform.JUnitPlatformProvider
[INFO] 
[INFO] -------------------------------------------------------
[INFO]  T E S T S
[INFO] -------------------------------------------------------
[INFO] Running io.mosire.simos.social.facet.PopulationFacetTest
[INFO] Tests run: 8, Failures: 0, Errors: 0, Skipped: 0, Time elapsed: 0.057 s -- in io.mosire.simos.social.facet.PopulationFacetTest
[INFO] Running io.mosire.simos.social.resolve.SocialResolverTest
[INFO] Tests run: 9, Failures: 0, Errors: 0, Skipped: 0, Time elapsed: 0.008 s -- in io.mosire.simos.social.resolve.SocialResolverTest
[INFO] Running io.mosire.simos.social.codec.SocialCodecTest
[INFO] Tests run: 7, Failures: 0, Errors: 0, Skipped: 0, Time elapsed: 0.146 s -- in io.mosire.simos.social.codec.SocialCodecTest
[INFO] Running io.mosire.simos.social.population.PopulationSeriesTest
[INFO] Tests run: 10, Failures: 0, Errors: 0, Skipped: 0, Time elapsed: 0.007 s -- in io.mosire.simos.social.population.PopulationSeriesTest
[INFO] Running io.mosire.simos.social.change.SocialRoundTripTest
[INFO] Tests run: 4, Failures: 0, Errors: 0, Skipped: 0, Time elapsed: 0.006 s -- in io.mosire.simos.social.change.SocialRoundTripTest
[INFO] Running io.mosire.simos.social.change.SocialChangeSetTest
[INFO] Tests run: 7, Failures: 0, Errors: 0, Skipped: 0, Time elapsed: 0.008 s -- in io.mosire.simos.social.change.SocialChangeSetTest
[INFO] 
[INFO] Results:
[INFO] 
[INFO] Tests run: 45, Failures: 0, Errors: 0, Skipped: 0
[INFO] 
[INFO] 
[INFO] --- jar:3.5.0:jar (default-jar) @ simos-social ---
[INFO] Building jar: /home/cna/SimulatorMosire/simos-social/target/simos-social-0.1.0-SNAPSHOT.jar
[INFO] 
[INFO] --- spotless:3.10.2:check (spotless-check) @ simos-social ---
[INFO] Index file does not exist. Fallback to an empty index
[INFO] Spotless.Java is keeping 14 files clean - 0 needs changes to be clean, 14 were already clean, 0 were skipped because caching determined they were already clean
[INFO] 
[INFO] >>> spotbugs:4.10.4.1:check (spotbugs-check) > :spotbugs @ simos-social >>>
[INFO] 
[INFO] --- spotbugs:4.10.4.1:spotbugs (spotbugs) @ simos-social ---
[INFO] Done SpotBugs Analysis....
[INFO] Skipping com.github.spotbugs:spotbugs-maven-plugin:4.10.4.1:spotbugs report goal
[INFO] 
[INFO] <<< spotbugs:4.10.4.1:check (spotbugs-check) < :spotbugs @ simos-social <<<
[INFO] 
[INFO] 
[INFO] --- spotbugs:4.10.4.1:check (spotbugs-check) @ simos-social ---
[INFO] BugInstance size is 0
[INFO] Error size is 0
[INFO] No errors/warnings found
[INFO] 
[INFO] ------------------------< io.mosire:simos-unit >------------------------
[INFO] Building UnitSimos 0.1.0-SNAPSHOT                                  [5/8]
[INFO]   from simos-unit/pom.xml
[INFO] --------------------------------[ jar ]---------------------------------
[INFO] 
[INFO] --- clean:3.2.0:clean (default-clean) @ simos-unit ---
[INFO] Deleting /home/cna/SimulatorMosire/simos-unit/target
[INFO] 
[INFO] --- enforcer:3.6.3:enforce (enforce-java-and-maven) @ simos-unit ---
[INFO] 
[INFO] --- enforcer:3.6.3:enforce (enforce-module-boundaries) @ simos-unit ---
[INFO] Rule 0: org.apache.maven.enforcer.rules.dependency.BannedDependencies passed
[INFO] 
[INFO] --- checkstyle:3.6.0:check (checkstyle-check) @ simos-unit ---
[INFO] Starting audit...
Audit done.
[INFO] You have 0 Checkstyle violations.
[INFO] 
[INFO] --- resources:3.4.0:resources (default-resources) @ simos-unit ---
[INFO] skip non existing resourceDirectory /home/cna/SimulatorMosire/simos-unit/src/main/resources
[INFO] 
[INFO] --- compiler:3.16.0:compile (default-compile) @ simos-unit ---
[INFO] Recompiling the module because of changed dependency.
[INFO] Compiling 46 source files with javac [debug release 21] to target/classes
[INFO] /home/cna/SimulatorMosire/simos-unit/src/main/java/io/mosire/simos/unit/spi/UnitPayloads.java: /home/cna/SimulatorMosire/simos-unit/src/main/java/io/mosire/simos/unit/spi/UnitPayloads.java uses or overrides a deprecated API.
[INFO] /home/cna/SimulatorMosire/simos-unit/src/main/java/io/mosire/simos/unit/spi/UnitPayloads.java: Recompile with -Xlint:deprecation for details.
[INFO] 
[INFO] --- resources:3.4.0:testResources (default-testResources) @ simos-unit ---
[INFO] skip non existing resourceDirectory /home/cna/SimulatorMosire/simos-unit/src/test/resources
[INFO] 
[INFO] --- compiler:3.16.0:testCompile (default-testCompile) @ simos-unit ---
[INFO] Recompiling the module because of changed dependency.
[INFO] Compiling 23 source files with javac [debug release 21] to target/test-classes
[INFO] 
[INFO] --- surefire:3.6.0:test (default-test) @ simos-unit ---
[INFO] Using auto detected provider org.apache.maven.surefire.junitplatform.JUnitPlatformProvider
[INFO] 
[INFO] -------------------------------------------------------
[INFO]  T E S T S
[INFO] -------------------------------------------------------
[INFO] Running io.mosire.simos.unit.ops.UnitOperationsTest
[INFO] Tests run: 55, Failures: 0, Errors: 0, Skipped: 0, Time elapsed: 0.127 s -- in io.mosire.simos.unit.ops.UnitOperationsTest
[INFO] Running io.mosire.simos.unit.facet.UnitsHereFacetTest
[INFO] Tests run: 9, Failures: 0, Errors: 0, Skipped: 0, Time elapsed: 0.008 s -- in io.mosire.simos.unit.facet.UnitsHereFacetTest
[INFO] Running io.mosire.simos.unit.resolve.UnitResolverTest
[INFO] Tests run: 9, Failures: 0, Errors: 0, Skipped: 0, Time elapsed: 0.008 s -- in io.mosire.simos.unit.resolve.UnitResolverTest
[INFO] Running io.mosire.simos.unit.UnitTest
[INFO] Tests run: 7, Failures: 0, Errors: 0, Skipped: 0, Time elapsed: 0.004 s -- in io.mosire.simos.unit.UnitTest
[INFO] Running io.mosire.simos.unit.codec.UnitCodecTest
[INFO] Tests run: 12, Failures: 0, Errors: 0, Skipped: 0, Time elapsed: 0.157 s -- in io.mosire.simos.unit.codec.UnitCodecTest
[INFO] Running io.mosire.simos.unit.RelativeOffsetTest
[INFO] Tests run: 4, Failures: 0, Errors: 0, Skipped: 0, Time elapsed: 0.004 s -- in io.mosire.simos.unit.RelativeOffsetTest
[INFO] Running io.mosire.simos.unit.move.UnitMovesTest
[INFO] Tests run: 11, Failures: 0, Errors: 0, Skipped: 0, Time elapsed: 0.009 s -- in io.mosire.simos.unit.move.UnitMovesTest
[INFO] Running io.mosire.simos.unit.move.TerrainMovementCostTest
[INFO] Tests run: 7, Failures: 0, Errors: 0, Skipped: 0, Time elapsed: 0.004 s -- in io.mosire.simos.unit.move.TerrainMovementCostTest
[INFO] Running io.mosire.simos.unit.move.PathFinderTest
[INFO] Tests run: 6, Failures: 0, Errors: 0, Skipped: 0, Time elapsed: 0.004 s -- in io.mosire.simos.unit.move.PathFinderTest
[INFO] Running io.mosire.simos.unit.CommandChainTest
[INFO] Tests run: 4, Failures: 0, Errors: 0, Skipped: 0, Time elapsed: 0.002 s -- in io.mosire.simos.unit.CommandChainTest
[INFO] Running io.mosire.simos.unit.UnitStatusTest
[INFO] Tests run: 3, Failures: 0, Errors: 0, Skipped: 0, Time elapsed: 0.004 s -- in io.mosire.simos.unit.UnitStatusTest
[INFO] Running io.mosire.simos.unit.change.UnitChangeSetTest
[INFO] Tests run: 7, Failures: 0, Errors: 0, Skipped: 0, Time elapsed: 0.004 s -- in io.mosire.simos.unit.change.UnitChangeSetTest
[INFO] Running io.mosire.simos.unit.change.UnitRoundTripTest
[INFO] Tests run: 5, Failures: 0, Errors: 0, Skipped: 0, Time elapsed: 0.002 s -- in io.mosire.simos.unit.change.UnitRoundTripTest
[INFO] Running io.mosire.simos.unit.spi.UnitTimeParticipantTest
[INFO] Tests run: 16, Failures: 0, Errors: 0, Skipped: 0, Time elapsed: 0.013 s -- in io.mosire.simos.unit.spi.UnitTimeParticipantTest
[INFO] Running io.mosire.simos.unit.spi.RenameUnitHandlerTest
[INFO] Tests run: 9, Failures: 0, Errors: 0, Skipped: 0, Time elapsed: 0.008 s -- in io.mosire.simos.unit.spi.RenameUnitHandlerTest
[INFO] Running io.mosire.simos.unit.spi.UnitRejoinDanglingTest
[INFO] Tests run: 1, Failures: 0, Errors: 0, Skipped: 0, Time elapsed: 0 s -- in io.mosire.simos.unit.spi.UnitRejoinDanglingTest
[INFO] Running io.mosire.simos.unit.spi.UnitCommandHandlersTest
[INFO] Tests run: 78, Failures: 0, Errors: 0, Skipped: 0, Time elapsed: 0.053 s -- in io.mosire.simos.unit.spi.UnitCommandHandlersTest
[INFO] Running io.mosire.simos.unit.spi.SetStatusHandlerTest
[INFO] Tests run: 6, Failures: 0, Errors: 0, Skipped: 0, Time elapsed: 0.003 s -- in io.mosire.simos.unit.spi.SetStatusHandlerTest
[INFO] Running io.mosire.simos.unit.UnitStateTest
[INFO] Tests run: 12, Failures: 0, Errors: 0, Skipped: 0, Time elapsed: 0.005 s -- in io.mosire.simos.unit.UnitStateTest
[INFO] Running io.mosire.simos.unit.UnitVisionRadiusTest
[INFO] Tests run: 24, Failures: 0, Errors: 0, Skipped: 0, Time elapsed: 0.013 s -- in io.mosire.simos.unit.UnitVisionRadiusTest
[INFO] Running io.mosire.simos.unit.UnitIdTest
[INFO] Tests run: 2, Failures: 0, Errors: 0, Skipped: 0, Time elapsed: 0.001 s -- in io.mosire.simos.unit.UnitIdTest
[INFO] 
[INFO] Results:
[INFO] 
[INFO] Tests run: 287, Failures: 0, Errors: 0, Skipped: 0
[INFO] 
[INFO] 
[INFO] --- jar:3.5.0:jar (default-jar) @ simos-unit ---
[INFO] Building jar: /home/cna/SimulatorMosire/simos-unit/target/simos-unit-0.1.0-SNAPSHOT.jar
[INFO] 
[INFO] --- spotless:3.10.2:check (spotless-check) @ simos-unit ---
[INFO] Index file does not exist. Fallback to an empty index
[INFO] Spotless.Java is keeping 69 files clean - 0 needs changes to be clean, 69 were already clean, 0 were skipped because caching determined they were already clean
[INFO] 
[INFO] >>> spotbugs:4.10.4.1:check (spotbugs-check) > :spotbugs @ simos-unit >>>
[INFO] 
[INFO] --- spotbugs:4.10.4.1:spotbugs (spotbugs) @ simos-unit ---
[INFO] Done SpotBugs Analysis....
[INFO] Skipping com.github.spotbugs:spotbugs-maven-plugin:4.10.4.1:spotbugs report goal
[INFO] 
[INFO] <<< spotbugs:4.10.4.1:check (spotbugs-check) < :spotbugs @ simos-unit <<<
[INFO] 
[INFO] 
[INFO] --- spotbugs:4.10.4.1:check (spotbugs-check) @ simos-unit ---
[INFO] BugInstance size is 0
[INFO] Error size is 0
[INFO] No errors/warnings found
[INFO] 
[INFO] ------------------------< io.mosire:simos-core >------------------------
[INFO] Building CoreSimos 0.1.0-SNAPSHOT                                  [6/8]
[INFO]   from simos-core/pom.xml
[INFO] --------------------------------[ jar ]---------------------------------
[INFO] 
[INFO] --- clean:3.2.0:clean (default-clean) @ simos-core ---
[INFO] Deleting /home/cna/SimulatorMosire/simos-core/target
[INFO] 
[INFO] --- enforcer:3.6.3:enforce (enforce-java-and-maven) @ simos-core ---
[INFO] 
[INFO] --- enforcer:3.6.3:enforce (enforce-core-boundaries) @ simos-core ---
[INFO] Rule 0: org.apache.maven.enforcer.rules.dependency.BannedDependencies passed
[INFO] 
[INFO] --- checkstyle:3.6.0:check (checkstyle-check) @ simos-core ---
[INFO] Starting audit...
Audit done.
[INFO] You have 0 Checkstyle violations.
[INFO] 
[INFO] --- resources:3.4.0:resources (default-resources) @ simos-core ---
[INFO] skip non existing resourceDirectory /home/cna/SimulatorMosire/simos-core/src/main/resources
[INFO] 
[INFO] --- compiler:3.16.0:compile (default-compile) @ simos-core ---
[INFO] Recompiling the module because of changed dependency.
[INFO] Compiling 25 source files with javac [debug release 21] to target/classes
[INFO] Annotation processing is enabled because one or more processors were found
  on the class path. A future release of javac may disable annotation processing
  unless at least one processor is specified by name (-processor), or a search
  path is specified (--processor-path, --processor-module-path), or annotation
  processing is enabled explicitly (-proc:only, -proc:full).
  Use -Xlint:-options to suppress this message.
  Use -proc:none to disable annotation processing.
[INFO] org.pf4j.processor.ExtensionAnnotationProcessor init
[INFO] Options {}
[INFO] Processing @org.pf4j.Extension
[INFO] /home/cna/SimulatorMosire/simos-core/src/main/java/io/mosire/simos/core/store/Envelope.java: /home/cna/SimulatorMosire/simos-core/src/main/java/io/mosire/simos/core/store/Envelope.java uses or overrides a deprecated API.
[INFO] /home/cna/SimulatorMosire/simos-core/src/main/java/io/mosire/simos/core/store/Envelope.java: Recompile with -Xlint:deprecation for details.
[INFO] 
[INFO] --- resources:3.4.0:testResources (default-testResources) @ simos-core ---
[INFO] skip non existing resourceDirectory /home/cna/SimulatorMosire/simos-core/src/test/resources
[INFO] 
[INFO] --- compiler:3.16.0:testCompile (default-testCompile) @ simos-core ---
[INFO] Recompiling the module because of changed dependency.
[INFO] Compiling 29 source files with javac [debug release 21] to target/test-classes
[INFO] Annotation processing is enabled because one or more processors were found
  on the class path. A future release of javac may disable annotation processing
  unless at least one processor is specified by name (-processor), or a search
  path is specified (--processor-path, --processor-module-path), or annotation
  processing is enabled explicitly (-proc:only, -proc:full).
  Use -Xlint:-options to suppress this message.
  Use -proc:none to disable annotation processing.
[INFO] org.pf4j.processor.ExtensionAnnotationProcessor init
[INFO] Options {}
[INFO] Processing @org.pf4j.Extension
[INFO] 
[INFO] --- surefire:3.6.0:test (default-test) @ simos-core ---
[INFO] Using auto detected provider org.apache.maven.surefire.junitplatform.JUnitPlatformProvider
[INFO] 
[INFO] -------------------------------------------------------
[INFO]  T E S T S
[INFO] -------------------------------------------------------
[INFO] Running io.mosire.simos.core.state.WorldChangeSetTest
[INFO] Tests run: 5, Failures: 0, Errors: 0, Skipped: 0, Time elapsed: 0.053 s -- in io.mosire.simos.core.state.WorldChangeSetTest
[INFO] Running io.mosire.simos.core.observe.EventTypesTest
[INFO] Tests run: 6, Failures: 0, Errors: 0, Skipped: 0, Time elapsed: 0.006 s -- in io.mosire.simos.core.observe.EventTypesTest
[INFO] Running io.mosire.simos.core.observe.DigestTest
[INFO] Tests run: 6, Failures: 0, Errors: 0, Skipped: 0, Time elapsed: 0.017 s -- in io.mosire.simos.core.observe.DigestTest
[INFO] Running io.mosire.simos.core.timeline.TimelineTest
[INFO] Tests run: 16, Failures: 0, Errors: 0, Skipped: 0, Time elapsed: 0.860 s -- in io.mosire.simos.core.timeline.TimelineTest
[INFO] Running io.mosire.simos.core.advance.TimeProposalResolverTest
[INFO] Tests run: 8, Failures: 0, Errors: 0, Skipped: 0, Time elapsed: 0.007 s -- in io.mosire.simos.core.advance.TimeProposalResolverTest
[INFO] Running io.mosire.simos.core.advance.TimeAdvanceTest
[INFO] Tests run: 16, Failures: 0, Errors: 0, Skipped: 0, Time elapsed: 0.556 s -- in io.mosire.simos.core.advance.TimeAdvanceTest
[INFO] Running io.mosire.simos.core.RealmEffectEndToEndTest
[INFO] Tests run: 2, Failures: 0, Errors: 0, Skipped: 0, Time elapsed: 0.160 s -- in io.mosire.simos.core.RealmEffectEndToEndTest
[INFO] Running io.mosire.simos.core.BranchingEndToEndTest
[INFO] Tests run: 1, Failures: 0, Errors: 0, Skipped: 0, Time elapsed: 0.091 s -- in io.mosire.simos.core.BranchingEndToEndTest
[INFO] Running io.mosire.simos.core.ArchitectureGuardsTest
[INFO] Tests run: 1, Failures: 0, Errors: 0, Skipped: 0, Time elapsed: 0.020 s -- in io.mosire.simos.core.ArchitectureGuardsTest
[INFO] Running io.mosire.simos.core.MapSetTerrainEndToEndTest
[INFO] Tests run: 3, Failures: 0, Errors: 0, Skipped: 0, Time elapsed: 0.178 s -- in io.mosire.simos.core.MapSetTerrainEndToEndTest
[INFO] Running io.mosire.simos.core.MapRandomizeEndToEndTest
[T6-RANDOMIZE-E2E] seed7={desert=59, mountains=5, plains=63}
[T6-RANDOMIZE-E2E] seed8={desert=62, mountains=5, plains=60}
[INFO] Tests run: 4, Failures: 0, Errors: 0, Skipped: 0, Time elapsed: 0.263 s -- in io.mosire.simos.core.MapRandomizeEndToEndTest
[INFO] Running io.mosire.simos.core.StateValueEqualityTest
[INFO] Tests run: 2, Failures: 0, Errors: 0, Skipped: 0, Time elapsed: 0.010 s -- in io.mosire.simos.core.StateValueEqualityTest
[INFO] Running io.mosire.simos.core.command.OptimisticConcurrencyTest
[INFO] Tests run: 1, Failures: 0, Errors: 0, Skipped: 0, Time elapsed: 0.306 s -- in io.mosire.simos.core.command.OptimisticConcurrencyTest
[INFO] Running io.mosire.simos.core.command.CorrelationChainTest
[INFO] Tests run: 6, Failures: 0, Errors: 0, Skipped: 0, Time elapsed: 0.182 s -- in io.mosire.simos.core.command.CorrelationChainTest
[INFO] Running io.mosire.simos.core.command.CommandBusDispatchTest
[INFO] Tests run: 13, Failures: 0, Errors: 0, Skipped: 0, Time elapsed: 0.401 s -- in io.mosire.simos.core.command.CommandBusDispatchTest
[INFO] Running io.mosire.simos.core.command.CommandBusGuardTest
[INFO] Tests run: 5, Failures: 0, Errors: 0, Skipped: 0, Time elapsed: 0.163 s -- in io.mosire.simos.core.command.CommandBusGuardTest
[INFO] Running io.mosire.simos.core.command.CommandBusLoggingTest
2026-09-22T19:26:47.713079836Z main DEBUG 命令接收: type=unit.RenameUnit commandId=cmd-canary correlationId=corr-canary branch=main expectedRevision=1
2026-09-22T19:26:47.716755589Z main INFO 命令提交: type=unit.RenameUnit commandId=cmd-canary correlationId=corr-canary 新坐标=main@2
2026-09-22T19:26:47.745704193Z main DEBUG 命令接收: type=unit.RenameUnit commandId=cmd-c correlationId=corr-c branch=main expectedRevision=9
2026-09-22T19:26:47.748948761Z main INFO 命令冲突: type=unit.RenameUnit commandId=cmd-c correlationId=corr-c 真实head=main@1
2026-09-22T19:26:47.779917179Z main DEBUG 命令接收: type=unit.RenameUnit commandId=cmd-x correlationId=corr-x branch=main expectedRevision=1
2026-09-22T19:26:47.782802037Z main INFO 命令提交: type=unit.RenameUnit commandId=cmd-x correlationId=corr-x 新坐标=main@2
2026-09-22T19:26:47.813907807Z main DEBUG 命令接收: type=unit.RenameUnit commandId=cmd-ok correlationId=corr-ok branch=main expectedRevision=1
2026-09-22T19:26:47.816679692Z main INFO 命令提交: type=unit.RenameUnit commandId=cmd-ok correlationId=corr-ok 新坐标=main@2
2026-09-22T19:26:47.817024326Z main DEBUG 命令接收: type=unit.RenameUnit commandId=cmd-no correlationId=corr-no branch=main expectedRevision=2
2026-09-22T19:26:47.819687860Z main INFO 命令被拒: type=unit.RenameUnit commandId=cmd-no correlationId=corr-no 原因=领域侧不答应
2026-09-22T19:26:47.847449438Z main DEBUG 命令接收: type=unit.RenameUnit commandId=cmd-a correlationId=corr-a branch=main expectedRevision=1
2026-09-22T19:26:47.850074628Z main INFO 命令提交: type=unit.RenameUnit commandId=cmd-a correlationId=corr-a 新坐标=main@2
2026-09-22T19:26:47.850263751Z main DEBUG 命令接收: type=unit.NotRegistered commandId=cmd-b correlationId=corr-b branch=main expectedRevision=2
2026-09-22T19:26:47.852949316Z main INFO 命令被拒: type=unit.NotRegistered commandId=cmd-b correlationId=corr-b 原因=未注册的命令类型: unit.NotRegistered
2026-09-22T19:26:47.853178772Z main DEBUG 命令接收: type=unit.RenameUnit commandId=cmd-c correlationId=corr-c branch=main expectedRevision=9
2026-09-22T19:26:47.856298327Z main INFO 命令冲突: type=unit.RenameUnit commandId=cmd-c correlationId=corr-c 真实head=main@2
2026-09-22T19:26:47.885829057Z main DEBUG 命令接收: type=unit.RenameUnit commandId=cmd-a correlationId=corr-a branch=main expectedRevision=1
2026-09-22T19:26:47.889141977Z main INFO 命令提交: type=unit.RenameUnit commandId=cmd-a correlationId=corr-a 新坐标=main@2
2026-09-22T19:26:47.889311792Z main DEBUG 命令接收: type=unit.NotRegistered commandId=cmd-b correlationId=corr-b branch=main expectedRevision=2
2026-09-22T19:26:47.892584500Z main INFO 命令被拒: type=unit.NotRegistered commandId=cmd-b correlationId=corr-b 原因=未注册的命令类型: unit.NotRegistered
2026-09-22T19:26:47.892791910Z main DEBUG 命令接收: type=unit.RenameUnit commandId=cmd-c correlationId=corr-c branch=main expectedRevision=9
2026-09-22T19:26:47.895483840Z main INFO 命令冲突: type=unit.RenameUnit commandId=cmd-c correlationId=corr-c 真实head=main@2
[INFO] Tests run: 6, Failures: 0, Errors: 0, Skipped: 0, Time elapsed: 0.216 s -- in io.mosire.simos.core.command.CommandBusLoggingTest
[INFO] Running io.mosire.simos.core.command.CommandRegistryTest
[INFO] Tests run: 6, Failures: 0, Errors: 0, Skipped: 0, Time elapsed: 0.003 s -- in io.mosire.simos.core.command.CommandRegistryTest
[INFO] Running io.mosire.simos.core.AgentLibAvailabilityTest
[INFO] Tests run: 18, Failures: 0, Errors: 0, Skipped: 0, Time elapsed: 0.035 s -- in io.mosire.simos.core.AgentLibAvailabilityTest
[INFO] Running io.mosire.simos.core.MapSetEdgeEndToEndTest
[INFO] Tests run: 5, Failures: 0, Errors: 0, Skipped: 0, Time elapsed: 0.254 s -- in io.mosire.simos.core.MapSetEdgeEndToEndTest
[INFO] Running io.mosire.simos.core.MapRegionEndToEndTest
[INFO] Tests run: 4, Failures: 0, Errors: 0, Skipped: 0, Time elapsed: 0.189 s -- in io.mosire.simos.core.MapRegionEndToEndTest
[INFO] Running io.mosire.simos.core.UnitCasualtyRevisionTest
[INFO] Tests run: 3, Failures: 0, Errors: 0, Skipped: 0, Time elapsed: 0.138 s -- in io.mosire.simos.core.UnitCasualtyRevisionTest
[INFO] Running io.mosire.simos.core.MapTerrainBlockEndToEndTest
[INFO] Tests run: 1, Failures: 0, Errors: 0, Skipped: 0, Time elapsed: 0.035 s -- in io.mosire.simos.core.MapTerrainBlockEndToEndTest
[INFO] Running io.mosire.simos.core.store.EnvelopeTest
[INFO] Tests run: 7, Failures: 0, Errors: 0, Skipped: 0, Time elapsed: 0.005 s -- in io.mosire.simos.core.store.EnvelopeTest
[INFO] Running io.mosire.simos.core.store.SqliteStoreTest
[INFO] Tests run: 8, Failures: 0, Errors: 0, Skipped: 0, Time elapsed: 0.451 s -- in io.mosire.simos.core.store.SqliteStoreTest
[INFO] Running io.mosire.simos.core.store.CheckpointStoreTest
2026-09-22T19:26:49.012456233Z main WARN checkpoint 缺失（C18：回退到更早的 checkpoint，最坏从创世重放，不失败）: /tmp/junit-9946818194763602546/checkpoints/main/1.json
[INFO] Tests run: 5, Failures: 0, Errors: 0, Skipped: 0, Time elapsed: 0.046 s -- in io.mosire.simos.core.store.CheckpointStoreTest
[INFO] Running io.mosire.simos.core.store.ReplayTest
[INFO] Tests run: 11, Failures: 0, Errors: 0, Skipped: 0, Time elapsed: 0.610 s -- in io.mosire.simos.core.store.ReplayTest
[INFO] Running io.mosire.simos.core.CoreSimosTest
[INFO] Tests run: 10, Failures: 0, Errors: 0, Skipped: 0, Time elapsed: 0.384 s -- in io.mosire.simos.core.CoreSimosTest
[INFO] 
[INFO] Results:
[INFO] 
[INFO] Tests run: 179, Failures: 0, Errors: 0, Skipped: 0
[INFO] 
[INFO] 
[INFO] --- jar:3.5.0:jar (default-jar) @ simos-core ---
[INFO] Building jar: /home/cna/SimulatorMosire/simos-core/target/simos-core-0.1.0-SNAPSHOT.jar
[INFO] 
[INFO] --- spotless:3.10.2:check (spotless-check) @ simos-core ---
[INFO] Index file does not exist. Fallback to an empty index
[INFO] Spotless.Java is keeping 54 files clean - 0 needs changes to be clean, 54 were already clean, 0 were skipped because caching determined they were already clean
[INFO] 
[INFO] >>> spotbugs:4.10.4.1:check (spotbugs-check) > :spotbugs @ simos-core >>>
[INFO] 
[INFO] --- spotbugs:4.10.4.1:spotbugs (spotbugs) @ simos-core ---
[INFO] Done SpotBugs Analysis....
[INFO] Skipping com.github.spotbugs:spotbugs-maven-plugin:4.10.4.1:spotbugs report goal
[INFO] 
[INFO] <<< spotbugs:4.10.4.1:check (spotbugs-check) < :spotbugs @ simos-core <<<
[INFO] 
[INFO] 
[INFO] --- spotbugs:4.10.4.1:check (spotbugs-check) @ simos-core ---
[INFO] BugInstance size is 0
[INFO] Error size is 0
[INFO] No errors/warnings found
[INFO] 
[INFO] -------------------------< io.mosire:simos-sd >-------------------------
[INFO] Building SDSimos 0.1.0-SNAPSHOT                                    [7/8]
[INFO]   from simos-sd/pom.xml
[INFO] --------------------------------[ jar ]---------------------------------
[INFO] 
[INFO] --- clean:3.2.0:clean (default-clean) @ simos-sd ---
[INFO] Deleting /home/cna/SimulatorMosire/simos-sd/target
[INFO] 
[INFO] --- enforcer:3.6.3:enforce (enforce-java-and-maven) @ simos-sd ---
[INFO] 
[INFO] --- enforcer:3.6.3:enforce (enforce-module-boundaries) @ simos-sd ---
[INFO] Rule 0: org.apache.maven.enforcer.rules.dependency.BannedDependencies passed
[INFO] 
[INFO] --- checkstyle:3.6.0:check (checkstyle-check) @ simos-sd ---
[INFO] Starting audit...
Audit done.
[INFO] You have 0 Checkstyle violations.
[INFO] 
[INFO] --- resources:3.4.0:resources (default-resources) @ simos-sd ---
[INFO] skip non existing resourceDirectory /home/cna/SimulatorMosire/simos-sd/src/main/resources
[INFO] 
[INFO] --- compiler:3.16.0:compile (default-compile) @ simos-sd ---
[INFO] Recompiling the module because of changed dependency.
[INFO] Compiling 86 source files with javac [debug release 21] to target/classes
[INFO] Annotation processing is enabled because one or more processors were found
  on the class path. A future release of javac may disable annotation processing
  unless at least one processor is specified by name (-processor), or a search
  path is specified (--processor-path, --processor-module-path), or annotation
  processing is enabled explicitly (-proc:only, -proc:full).
  Use -Xlint:-options to suppress this message.
  Use -proc:none to disable annotation processing.
[INFO] org.pf4j.processor.ExtensionAnnotationProcessor init
[INFO] Options {}
[INFO] Processing @org.pf4j.Extension
[INFO] /home/cna/SimulatorMosire/simos-sd/src/main/java/io/mosire/simos/sd/spi/SdPayloads.java: /home/cna/SimulatorMosire/simos-sd/src/main/java/io/mosire/simos/sd/spi/SdPayloads.java uses or overrides a deprecated API.
[INFO] /home/cna/SimulatorMosire/simos-sd/src/main/java/io/mosire/simos/sd/spi/SdPayloads.java: Recompile with -Xlint:deprecation for details.
[INFO] 
[INFO] --- resources:3.4.0:testResources (default-testResources) @ simos-sd ---
[INFO] skip non existing resourceDirectory /home/cna/SimulatorMosire/simos-sd/src/test/resources
[INFO] 
[INFO] --- compiler:3.16.0:testCompile (default-testCompile) @ simos-sd ---
[INFO] Recompiling the module because of changed dependency.
[INFO] Compiling 25 source files with javac [debug release 21] to target/test-classes
[INFO] Annotation processing is enabled because one or more processors were found
  on the class path. A future release of javac may disable annotation processing
  unless at least one processor is specified by name (-processor), or a search
  path is specified (--processor-path, --processor-module-path), or annotation
  processing is enabled explicitly (-proc:only, -proc:full).
  Use -Xlint:-options to suppress this message.
  Use -proc:none to disable annotation processing.
[INFO] org.pf4j.processor.ExtensionAnnotationProcessor init
[INFO] Options {}
[INFO] Processing @org.pf4j.Extension
[INFO] 
[INFO] --- surefire:3.6.0:test (default-test) @ simos-sd ---
[INFO] Using auto detected provider org.apache.maven.surefire.junitplatform.JUnitPlatformProvider
[INFO] 
[INFO] -------------------------------------------------------
[INFO]  T E S T S
[INFO] -------------------------------------------------------
[INFO] Running io.mosire.simos.sd.state.SdStateInvariantTest
[INFO] Tests run: 6, Failures: 0, Errors: 0, Skipped: 0, Time elapsed: 0.065 s -- in io.mosire.simos.sd.state.SdStateInvariantTest
[INFO] Running io.mosire.simos.sd.channel.ChannelAdmissionTest
[INFO] Tests run: 4, Failures: 0, Errors: 0, Skipped: 0, Time elapsed: 0.086 s -- in io.mosire.simos.sd.channel.ChannelAdmissionTest
[INFO] Running io.mosire.simos.sd.resolve.SdResolverTest
[INFO] Tests run: 8, Failures: 0, Errors: 0, Skipped: 0, Time elapsed: 0.023 s -- in io.mosire.simos.sd.resolve.SdResolverTest
[INFO] Running io.mosire.simos.sd.time.SdTimeParticipantTest
[INFO] Tests run: 10, Failures: 0, Errors: 0, Skipped: 0, Time elapsed: 0.021 s -- in io.mosire.simos.sd.time.SdTimeParticipantTest
[INFO] Running io.mosire.simos.sd.codec.SdCodecTest
[INFO] Tests run: 7, Failures: 0, Errors: 0, Skipped: 0, Time elapsed: 0.134 s -- in io.mosire.simos.sd.codec.SdCodecTest
[INFO] Running io.mosire.simos.sd.guard.RegionDeleteGuardTest
[INFO] Tests run: 7, Failures: 0, Errors: 0, Skipped: 0, Time elapsed: 0.009 s -- in io.mosire.simos.sd.guard.RegionDeleteGuardTest
[INFO] Running io.mosire.simos.sd.adjudication.AdjudicationTest
[INFO] Tests run: 13, Failures: 0, Errors: 0, Skipped: 0, Time elapsed: 0.013 s -- in io.mosire.simos.sd.adjudication.AdjudicationTest
[INFO] Running io.mosire.simos.sd.model.SdIdTest
[INFO] Tests run: 2, Failures: 0, Errors: 0, Skipped: 0, Time elapsed: 0.002 s -- in io.mosire.simos.sd.model.SdIdTest
[INFO] Running io.mosire.simos.sd.model.SdModelTest
[INFO] Tests run: 11, Failures: 0, Errors: 0, Skipped: 0, Time elapsed: 0.011 s -- in io.mosire.simos.sd.model.SdModelTest
[INFO] Running io.mosire.simos.sd.change.SdRoundTripTest
[INFO] Tests run: 7, Failures: 0, Errors: 0, Skipped: 0, Time elapsed: 0.007 s -- in io.mosire.simos.sd.change.SdRoundTripTest
[INFO] Running io.mosire.simos.sd.spi.PutInfoHandlerTest
[INFO] Tests run: 5, Failures: 0, Errors: 0, Skipped: 0, Time elapsed: 0.008 s -- in io.mosire.simos.sd.spi.PutInfoHandlerTest
[INFO] Running io.mosire.simos.sd.spi.SetDecisionMakerAccessHandlerTest
[INFO] Tests run: 10, Failures: 0, Errors: 0, Skipped: 0, Time elapsed: 0.007 s -- in io.mosire.simos.sd.spi.SetDecisionMakerAccessHandlerTest
[INFO] Running io.mosire.simos.sd.spi.IssueDirectiveHandlerTest
[INFO] Tests run: 10, Failures: 0, Errors: 0, Skipped: 0, Time elapsed: 0.008 s -- in io.mosire.simos.sd.spi.IssueDirectiveHandlerTest
[INFO] Running io.mosire.simos.sd.spi.DecisionSignatureTest
[INFO] Tests run: 6, Failures: 0, Errors: 0, Skipped: 0, Time elapsed: 0.003 s -- in io.mosire.simos.sd.spi.DecisionSignatureTest
[INFO] Running io.mosire.simos.sd.spi.RunDecisionHandlerTest
[INFO] Tests run: 7, Failures: 0, Errors: 0, Skipped: 0, Time elapsed: 0.005 s -- in io.mosire.simos.sd.spi.RunDecisionHandlerTest
[INFO] Running io.mosire.simos.sd.spi.ResetDecisionMakerConversationHandlerTest
[INFO] Tests run: 7, Failures: 0, Errors: 0, Skipped: 0, Time elapsed: 0.004 s -- in io.mosire.simos.sd.spi.ResetDecisionMakerConversationHandlerTest
[INFO] Running io.mosire.simos.sd.spi.CreateDecisionMakerHandlerTest
[INFO] Tests run: 5, Failures: 0, Errors: 0, Skipped: 0, Time elapsed: 0.004 s -- in io.mosire.simos.sd.spi.CreateDecisionMakerHandlerTest
[INFO] Running io.mosire.simos.sd.spi.SubmitVerdictHandlerTest
[INFO] Tests run: 6, Failures: 0, Errors: 0, Skipped: 0, Time elapsed: 0.005 s -- in io.mosire.simos.sd.spi.SubmitVerdictHandlerTest
[INFO] Running io.mosire.simos.sd.spi.CreateArmyHandlerTest
[INFO] Tests run: 4, Failures: 0, Errors: 0, Skipped: 0, Time elapsed: 0.003 s -- in io.mosire.simos.sd.spi.CreateArmyHandlerTest
[INFO] Running io.mosire.simos.sd.spi.SetDecisionMakerProviderHandlerTest
[INFO] Tests run: 7, Failures: 0, Errors: 0, Skipped: 0, Time elapsed: 0.004 s -- in io.mosire.simos.sd.spi.SetDecisionMakerProviderHandlerTest
[INFO] Running io.mosire.simos.sd.spi.CreateNationHandlerTest
[INFO] Tests run: 4, Failures: 0, Errors: 0, Skipped: 0, Time elapsed: 0.003 s -- in io.mosire.simos.sd.spi.CreateNationHandlerTest
[INFO] Running io.mosire.simos.sd.spi.SdCombatHandlersTest
[INFO] Tests run: 19, Failures: 0, Errors: 0, Skipped: 0, Time elapsed: 0.018 s -- in io.mosire.simos.sd.spi.SdCombatHandlersTest
[INFO] Running io.mosire.simos.sd.spi.StartDecisionHandlerTest
[INFO] Tests run: 5, Failures: 0, Errors: 0, Skipped: 0, Time elapsed: 0.003 s -- in io.mosire.simos.sd.spi.StartDecisionHandlerTest
[INFO] 
[INFO] Results:
[INFO] 
[INFO] Tests run: 170, Failures: 0, Errors: 0, Skipped: 0
[INFO] 
[INFO] 
[INFO] --- jar:3.5.0:jar (default-jar) @ simos-sd ---
[INFO] Building jar: /home/cna/SimulatorMosire/simos-sd/target/simos-sd-0.1.0-SNAPSHOT.jar
[INFO] 
[INFO] --- spotless:3.10.2:check (spotless-check) @ simos-sd ---
[INFO] Index file does not exist. Fallback to an empty index
[INFO] Spotless.Java is keeping 111 files clean - 0 needs changes to be clean, 111 were already clean, 0 were skipped because caching determined they were already clean
[INFO] 
[INFO] >>> spotbugs:4.10.4.1:check (spotbugs-check) > :spotbugs @ simos-sd >>>
[INFO] 
[INFO] --- spotbugs:4.10.4.1:spotbugs (spotbugs) @ simos-sd ---
[INFO] Done SpotBugs Analysis....
[INFO] Skipping com.github.spotbugs:spotbugs-maven-plugin:4.10.4.1:spotbugs report goal
[INFO] 
[INFO] <<< spotbugs:4.10.4.1:check (spotbugs-check) < :spotbugs @ simos-sd <<<
[INFO] 
[INFO] 
[INFO] --- spotbugs:4.10.4.1:check (spotbugs-check) @ simos-sd ---
[INFO] BugInstance size is 0
[INFO] Error size is 0
[INFO] No errors/warnings found
[INFO] 
[INFO] ------------------------< io.mosire:simos-app >-------------------------
[INFO] Building SimosApp 0.1.0-SNAPSHOT                                   [8/8]
[INFO]   from simos-app/pom.xml
[INFO] --------------------------------[ jar ]---------------------------------
[INFO] 
[INFO] --- clean:3.2.0:clean (default-clean) @ simos-app ---
[INFO] Deleting /home/cna/SimulatorMosire/simos-app/target
[INFO] 
[INFO] --- enforcer:3.6.3:enforce (enforce-java-and-maven) @ simos-app ---
[INFO] 
[INFO] --- checkstyle:3.6.0:check (checkstyle-check) @ simos-app ---
[INFO] Starting audit...
Audit done.
[INFO] You have 0 Checkstyle violations.
[INFO] 
[INFO] --- resources:3.4.0:resources (default-resources) @ simos-app ---
[INFO] Copying 19 resources from src/main/resources to target/classes
[INFO] 
[INFO] --- compiler:3.16.0:compile (default-compile) @ simos-app ---
[INFO] Recompiling the module because of changed dependency.
[INFO] Compiling 100 source files with javac [debug release 21] to target/classes
[INFO] Annotation processing is enabled because one or more processors were found
  on the class path. A future release of javac may disable annotation processing
  unless at least one processor is specified by name (-processor), or a search
  path is specified (--processor-path, --processor-module-path), or annotation
  processing is enabled explicitly (-proc:only, -proc:full).
  Use -Xlint:-options to suppress this message.
  Use -proc:none to disable annotation processing.
[INFO] org.pf4j.processor.ExtensionAnnotationProcessor init
[INFO] Options {}
[INFO] Processing @org.pf4j.Extension
[INFO] 
[INFO] --- resources:3.4.0:testResources (default-testResources) @ simos-app ---
[INFO] skip non existing resourceDirectory /home/cna/SimulatorMosire/simos-app/src/test/resources
[INFO] 
[INFO] --- compiler:3.16.0:testCompile (default-testCompile) @ simos-app ---
[INFO] Recompiling the module because of changed dependency.
[INFO] Compiling 58 source files with javac [debug release 21] to target/test-classes
[INFO] Annotation processing is enabled because one or more processors were found
  on the class path. A future release of javac may disable annotation processing
  unless at least one processor is specified by name (-processor), or a search
  path is specified (--processor-path, --processor-module-path), or annotation
  processing is enabled explicitly (-proc:only, -proc:full).
  Use -Xlint:-options to suppress this message.
  Use -proc:none to disable annotation processing.
[INFO] org.pf4j.processor.ExtensionAnnotationProcessor init
[INFO] Options {}
[INFO] Processing @org.pf4j.Extension
[INFO] /home/cna/SimulatorMosire/simos-app/src/test/java/io/mosire/simos/app/McpCoverageTest.java: Some input files use or override a deprecated API.
[INFO] /home/cna/SimulatorMosire/simos-app/src/test/java/io/mosire/simos/app/McpCoverageTest.java: Recompile with -Xlint:deprecation for details.
[INFO] 
[INFO] --- surefire:3.6.0:test (default-test) @ simos-app ---
[INFO] Using auto detected provider org.apache.maven.surefire.junitplatform.JUnitPlatformProvider
[INFO] 
[INFO] -------------------------------------------------------
[INFO]  T E S T S
[INFO] -------------------------------------------------------
[INFO] Running io.mosire.simos.app.access.DecisionScopeFunctionsTest
[INFO] Tests run: 7, Failures: 0, Errors: 0, Skipped: 0, Time elapsed: 0.135 s -- in io.mosire.simos.app.access.DecisionScopeFunctionsTest
[INFO] Running io.mosire.simos.app.access.DecisionCallerFactoryTest
03:26:58.566 WARN  io.mosire.agentlib.tool.ToolCallAuthorizer - 工具内资源断言判否: tool=test.region.probe 拒因=READ map:demo/region/701 不在调用者的可达面内: 调用者可达=demo/region/201（这是显式表态，不是'未表态'）
03:26:58.572 WARN  io.mosire.agentlib.tool.ToolCallAuthorizer - 工具内资源断言判否: tool=test.region.probe 拒因=READ map:demo/region/201 不在调用者的可达面内: 调用者可达=demo/region/701（这是显式表态，不是'未表态'）
03:26:58.864 INFO  io.mosire.agentlib.mcp.AgentToMcpServer - MCP streamable server 已启动: name=simos-shell version=0.1.0-SNAPSHOT 外发工具 57 个 [map.CreateRegion, map.DeleteRegion, map.RandomizeRegion, map.RegisterPathwayGroup, map.SetEdge, map.SetTerrain, map.UpdateRegion, sd.AddCombatStage, sd.CancelEffect, sd.CommitCombatOutcome, sd.CreateArmy, sd.CreateCombat, sd.CreateDecisionMaker, sd.CreateNation, sd.IssueDirective, sd.PutInfo, sd.RecordCasualties, sd.RegisterEffect, sd.ResetDecisionMakerConversation, sd.RunDecision, sd.SetDecisionMakerAccess, sd.SetDecisionMakerProvider, sd.SetStageOutcomeTable, sd.StartDecision, sd.SubmitVerdict, simos.advance, simos.command.catalog, simos.command.submit, simos.fork, simos.map.hex, simos.map.overview, simos.social.population, simos.state.facets, simos.state.resolve, simos.timeline.branches, simos.unit.get, simos.unit.list, unit.ApplyCasualties, unit.AttachUnit, unit.CancelRoute, unit.CreateCommandChain, unit.CreateUnit, unit.DetachUnit, unit.DisbandUnit, unit.MergeFormation, unit.PlaceAt, unit.PlanRoute, unit.PlanSparseRoute, unit.RenameUnit, unit.ReparentSubtree, unit.ReparentUnit, unit.SetFormationOffset, unit.SetRejoinTarget, unit.SetStatus, unit.SetStrength, unit.SplitFormation, unit.UpdateCommandChain]；Registry 共 57 个，未外发 0 个 []
03:26:58.939 INFO  io.mosire.simos.app.gui.GuiServer - GUI 服务器已启动: http://127.0.0.1:45307/（静态 /webui，同源，无 CORS 头）
03:26:58.940 INFO  io.mosire.simos.app.Shell - Shell 装配完成: store=/tmp/junit-2837294110557233319 checkpointInterval=100 codec=4 handler=45 participant=2 resolver=4 facet=2 tool=57 mapId=Map1 bindAddress=127.0.0.1 mcpPort=46387 guiPort=45307 approvalPort=44667
03:26:58.945 INFO  io.mosire.agentlib.approval.ApprovalHttpEndpoint - 审批 HTTP 面已停止（端口 44667）
03:26:58.946 INFO  io.mosire.agentlib.approval.HttpApprovalChannel - HTTP 审批通道已关闭
03:26:58.959 WARN  io.mosire.agentlib.tool.ToolCallAuthorizer - 工具内资源断言判否: tool=test.region.probe 拒因=READ map:demo/region/701 不在调用者的可达面内: 调用者可达=demo/region/201（这是显式表态，不是'未表态'）
03:26:59.011 INFO  io.mosire.agentlib.mcp.AgentToMcpServer - MCP streamable server 已启动: name=simos-shell version=0.1.0-SNAPSHOT 外发工具 57 个 [map.CreateRegion, map.DeleteRegion, map.RandomizeRegion, map.RegisterPathwayGroup, map.SetEdge, map.SetTerrain, map.UpdateRegion, sd.AddCombatStage, sd.CancelEffect, sd.CommitCombatOutcome, sd.CreateArmy, sd.CreateCombat, sd.CreateDecisionMaker, sd.CreateNation, sd.IssueDirective, sd.PutInfo, sd.RecordCasualties, sd.RegisterEffect, sd.ResetDecisionMakerConversation, sd.RunDecision, sd.SetDecisionMakerAccess, sd.SetDecisionMakerProvider, sd.SetStageOutcomeTable, sd.StartDecision, sd.SubmitVerdict, simos.advance, simos.command.catalog, simos.command.submit, simos.fork, simos.map.hex, simos.map.overview, simos.social.population, simos.state.facets, simos.state.resolve, simos.timeline.branches, simos.unit.get, simos.unit.list, unit.ApplyCasualties, unit.AttachUnit, unit.CancelRoute, unit.CreateCommandChain, unit.CreateUnit, unit.DetachUnit, unit.DisbandUnit, unit.MergeFormation, unit.PlaceAt, unit.PlanRoute, unit.PlanSparseRoute, unit.RenameUnit, unit.ReparentSubtree, unit.ReparentUnit, unit.SetFormationOffset, unit.SetRejoinTarget, unit.SetStatus, unit.SetStrength, unit.SplitFormation, unit.UpdateCommandChain]；Registry 共 57 个，未外发 0 个 []
03:26:59.017 INFO  io.mosire.simos.app.gui.GuiServer - GUI 服务器已启动: http://127.0.0.1:46481/（静态 /webui，同源，无 CORS 头）
03:26:59.017 INFO  io.mosire.simos.app.Shell - Shell 装配完成: store=/tmp/junit-4020928453047579051 checkpointInterval=100 codec=4 handler=45 participant=2 resolver=4 facet=2 tool=57 mapId=Map1 bindAddress=127.0.0.1 mcpPort=46187 guiPort=46481 approvalPort=46397
03:26:59.019 INFO  io.mosire.agentlib.approval.ApprovalHttpEndpoint - 审批 HTTP 面已停止（端口 46397）
03:26:59.019 INFO  io.mosire.agentlib.approval.HttpApprovalChannel - HTTP 审批通道已关闭
[INFO] Tests run: 10, Failures: 0, Errors: 0, Skipped: 0, Time elapsed: 0.600 s -- in io.mosire.simos.app.access.DecisionCallerFactoryTest
[INFO] Running io.mosire.simos.app.access.DecisionMakerScopeEndToEndTest
03:26:59.164 INFO  io.mosire.agentlib.mcp.AgentToMcpServer - MCP streamable server 已启动: name=simos-shell version=0.1.0-SNAPSHOT 外发工具 57 个 [map.CreateRegion, map.DeleteRegion, map.RandomizeRegion, map.RegisterPathwayGroup, map.SetEdge, map.SetTerrain, map.UpdateRegion, sd.AddCombatStage, sd.CancelEffect, sd.CommitCombatOutcome, sd.CreateArmy, sd.CreateCombat, sd.CreateDecisionMaker, sd.CreateNation, sd.IssueDirective, sd.PutInfo, sd.RecordCasualties, sd.RegisterEffect, sd.ResetDecisionMakerConversation, sd.RunDecision, sd.SetDecisionMakerAccess, sd.SetDecisionMakerProvider, sd.SetStageOutcomeTable, sd.StartDecision, sd.SubmitVerdict, simos.advance, simos.command.catalog, simos.command.submit, simos.fork, simos.map.hex, simos.map.overview, simos.social.population, simos.state.facets, simos.state.resolve, simos.timeline.branches, simos.unit.get, simos.unit.list, unit.ApplyCasualties, unit.AttachUnit, unit.CancelRoute, unit.CreateCommandChain, unit.CreateUnit, unit.DetachUnit, unit.DisbandUnit, unit.MergeFormation, unit.PlaceAt, unit.PlanRoute, unit.PlanSparseRoute, unit.RenameUnit, unit.ReparentSubtree, unit.ReparentUnit, unit.SetFormationOffset, unit.SetRejoinTarget, unit.SetStatus, unit.SetStrength, unit.SplitFormation, unit.UpdateCommandChain]；Registry 共 57 个，未外发 0 个 []
03:26:59.171 INFO  io.mosire.simos.app.gui.GuiServer - GUI 服务器已启动: http://127.0.0.1:45835/（静态 /webui，同源，无 CORS 头）
03:26:59.171 INFO  io.mosire.simos.app.Shell - Shell 装配完成: store=/tmp/junit-17994877059244698106 checkpointInterval=100 codec=4 handler=45 participant=2 resolver=4 facet=2 tool=57 mapId=Map1 bindAddress=127.0.0.1 mcpPort=45299 guiPort=45835 approvalPort=46511
03:26:59.242 INFO  io.mosire.agentlib.approval.ApprovalHttpEndpoint - 审批 HTTP 面已停止（端口 46511）
03:26:59.242 INFO  io.mosire.agentlib.approval.HttpApprovalChannel - HTTP 审批通道已关闭
03:26:59.305 INFO  io.mosire.agentlib.mcp.AgentToMcpServer - MCP streamable server 已启动: name=simos-shell version=0.1.0-SNAPSHOT 外发工具 57 个 [map.CreateRegion, map.DeleteRegion, map.RandomizeRegion, map.RegisterPathwayGroup, map.SetEdge, map.SetTerrain, map.UpdateRegion, sd.AddCombatStage, sd.CancelEffect, sd.CommitCombatOutcome, sd.CreateArmy, sd.CreateCombat, sd.CreateDecisionMaker, sd.CreateNation, sd.IssueDirective, sd.PutInfo, sd.RecordCasualties, sd.RegisterEffect, sd.ResetDecisionMakerConversation, sd.RunDecision, sd.SetDecisionMakerAccess, sd.SetDecisionMakerProvider, sd.SetStageOutcomeTable, sd.StartDecision, sd.SubmitVerdict, simos.advance, simos.command.catalog, simos.command.submit, simos.fork, simos.map.hex, simos.map.overview, simos.social.population, simos.state.facets, simos.state.resolve, simos.timeline.branches, simos.unit.get, simos.unit.list, unit.ApplyCasualties, unit.AttachUnit, unit.CancelRoute, unit.CreateCommandChain, unit.CreateUnit, unit.DetachUnit, unit.DisbandUnit, unit.MergeFormation, unit.PlaceAt, unit.PlanRoute, unit.PlanSparseRoute, unit.RenameUnit, unit.ReparentSubtree, unit.ReparentUnit, unit.SetFormationOffset, unit.SetRejoinTarget, unit.SetStatus, unit.SetStrength, unit.SplitFormation, unit.UpdateCommandChain]；Registry 共 57 个，未外发 0 个 []
03:26:59.312 INFO  io.mosire.simos.app.gui.GuiServer - GUI 服务器已启动: http://127.0.0.1:44737/（静态 /webui，同源，无 CORS 头）
03:26:59.312 INFO  io.mosire.simos.app.Shell - Shell 装配完成: store=/tmp/junit-8586136336940038662 checkpointInterval=100 codec=4 handler=45 participant=2 resolver=4 facet=2 tool=57 mapId=Map1 bindAddress=127.0.0.1 mcpPort=44895 guiPort=44737 approvalPort=45617
03:26:59.321 INFO  io.mosire.agentlib.approval.ApprovalHttpEndpoint - 审批 HTTP 面已停止（端口 45617）
03:26:59.321 INFO  io.mosire.agentlib.approval.HttpApprovalChannel - HTTP 审批通道已关闭
03:26:59.390 INFO  io.mosire.agentlib.mcp.AgentToMcpServer - MCP streamable server 已启动: name=simos-shell version=0.1.0-SNAPSHOT 外发工具 57 个 [map.CreateRegion, map.DeleteRegion, map.RandomizeRegion, map.RegisterPathwayGroup, map.SetEdge, map.SetTerrain, map.UpdateRegion, sd.AddCombatStage, sd.CancelEffect, sd.CommitCombatOutcome, sd.CreateArmy, sd.CreateCombat, sd.CreateDecisionMaker, sd.CreateNation, sd.IssueDirective, sd.PutInfo, sd.RecordCasualties, sd.RegisterEffect, sd.ResetDecisionMakerConversation, sd.RunDecision, sd.SetDecisionMakerAccess, sd.SetDecisionMakerProvider, sd.SetStageOutcomeTable, sd.StartDecision, sd.SubmitVerdict, simos.advance, simos.command.catalog, simos.command.submit, simos.fork, simos.map.hex, simos.map.overview, simos.social.population, simos.state.facets, simos.state.resolve, simos.timeline.branches, simos.unit.get, simos.unit.list, unit.ApplyCasualties, unit.AttachUnit, unit.CancelRoute, unit.CreateCommandChain, unit.CreateUnit, unit.DetachUnit, unit.DisbandUnit, unit.MergeFormation, unit.PlaceAt, unit.PlanRoute, unit.PlanSparseRoute, unit.RenameUnit, unit.ReparentSubtree, unit.ReparentUnit, unit.SetFormationOffset, unit.SetRejoinTarget, unit.SetStatus, unit.SetStrength, unit.SplitFormation, unit.UpdateCommandChain]；Registry 共 57 个，未外发 0 个 []
03:26:59.398 INFO  io.mosire.simos.app.gui.GuiServer - GUI 服务器已启动: http://127.0.0.1:45171/（静态 /webui，同源，无 CORS 头）
03:26:59.398 INFO  io.mosire.simos.app.Shell - Shell 装配完成: store=/tmp/junit-459534083436649517 checkpointInterval=100 codec=4 handler=45 participant=2 resolver=4 facet=2 tool=57 mapId=Map1 bindAddress=127.0.0.1 mcpPort=44639 guiPort=45171 approvalPort=46397
03:26:59.408 WARN  io.mosire.agentlib.tool.ToolCallAuthorizer - 工具内资源断言判否: tool=sd.IssueDirective 拒因=WRITE sd:decision-maker/dm-fra 不在调用者的可达面内: 调用者可达=decision-maker/someone-else（这是显式表态，不是'未表态'）
03:26:59.410 INFO  io.mosire.agentlib.approval.ApprovalHttpEndpoint - 审批 HTTP 面已停止（端口 46397）
03:26:59.410 INFO  io.mosire.agentlib.approval.HttpApprovalChannel - HTTP 审批通道已关闭
03:26:59.478 INFO  io.mosire.agentlib.mcp.AgentToMcpServer - MCP streamable server 已启动: name=simos-shell version=0.1.0-SNAPSHOT 外发工具 57 个 [map.CreateRegion, map.DeleteRegion, map.RandomizeRegion, map.RegisterPathwayGroup, map.SetEdge, map.SetTerrain, map.UpdateRegion, sd.AddCombatStage, sd.CancelEffect, sd.CommitCombatOutcome, sd.CreateArmy, sd.CreateCombat, sd.CreateDecisionMaker, sd.CreateNation, sd.IssueDirective, sd.PutInfo, sd.RecordCasualties, sd.RegisterEffect, sd.ResetDecisionMakerConversation, sd.RunDecision, sd.SetDecisionMakerAccess, sd.SetDecisionMakerProvider, sd.SetStageOutcomeTable, sd.StartDecision, sd.SubmitVerdict, simos.advance, simos.command.catalog, simos.command.submit, simos.fork, simos.map.hex, simos.map.overview, simos.social.population, simos.state.facets, simos.state.resolve, simos.timeline.branches, simos.unit.get, simos.unit.list, unit.ApplyCasualties, unit.AttachUnit, unit.CancelRoute, unit.CreateCommandChain, unit.CreateUnit, unit.DetachUnit, unit.DisbandUnit, unit.MergeFormation, unit.PlaceAt, unit.PlanRoute, unit.PlanSparseRoute, unit.RenameUnit, unit.ReparentSubtree, unit.ReparentUnit, unit.SetFormationOffset, unit.SetRejoinTarget, unit.SetStatus, unit.SetStrength, unit.SplitFormation, unit.UpdateCommandChain]；Registry 共 57 个，未外发 0 个 []
03:26:59.486 INFO  io.mosire.simos.app.gui.GuiServer - GUI 服务器已启动: http://127.0.0.1:45319/（静态 /webui，同源，无 CORS 头）
03:26:59.486 INFO  io.mosire.simos.app.Shell - Shell 装配完成: store=/tmp/junit-2693530616047865189 checkpointInterval=100 codec=4 handler=45 participant=2 resolver=4 facet=2 tool=57 mapId=Map1 bindAddress=127.0.0.1 mcpPort=45157 guiPort=45319 approvalPort=45169
03:26:59.492 INFO  io.mosire.agentlib.approval.ApprovalHttpEndpoint - 审批 HTTP 面已停止（端口 45169）
03:26:59.492 INFO  io.mosire.agentlib.approval.HttpApprovalChannel - HTTP 审批通道已关闭
03:26:59.553 INFO  io.mosire.agentlib.mcp.AgentToMcpServer - MCP streamable server 已启动: name=simos-shell version=0.1.0-SNAPSHOT 外发工具 57 个 [map.CreateRegion, map.DeleteRegion, map.RandomizeRegion, map.RegisterPathwayGroup, map.SetEdge, map.SetTerrain, map.UpdateRegion, sd.AddCombatStage, sd.CancelEffect, sd.CommitCombatOutcome, sd.CreateArmy, sd.CreateCombat, sd.CreateDecisionMaker, sd.CreateNation, sd.IssueDirective, sd.PutInfo, sd.RecordCasualties, sd.RegisterEffect, sd.ResetDecisionMakerConversation, sd.RunDecision, sd.SetDecisionMakerAccess, sd.SetDecisionMakerProvider, sd.SetStageOutcomeTable, sd.StartDecision, sd.SubmitVerdict, simos.advance, simos.command.catalog, simos.command.submit, simos.fork, simos.map.hex, simos.map.overview, simos.social.population, simos.state.facets, simos.state.resolve, simos.timeline.branches, simos.unit.get, simos.unit.list, unit.ApplyCasualties, unit.AttachUnit, unit.CancelRoute, unit.CreateCommandChain, unit.CreateUnit, unit.DetachUnit, unit.DisbandUnit, unit.MergeFormation, unit.PlaceAt, unit.PlanRoute, unit.PlanSparseRoute, unit.RenameUnit, unit.ReparentSubtree, unit.ReparentUnit, unit.SetFormationOffset, unit.SetRejoinTarget, unit.SetStatus, unit.SetStrength, unit.SplitFormation, unit.UpdateCommandChain]；Registry 共 57 个，未外发 0 个 []
03:26:59.560 INFO  io.mosire.simos.app.gui.GuiServer - GUI 服务器已启动: http://127.0.0.1:44907/（静态 /webui，同源，无 CORS 头）
03:26:59.561 INFO  io.mosire.simos.app.Shell - Shell 装配完成: store=/tmp/junit-14518329808654484193 checkpointInterval=100 codec=4 handler=45 participant=2 resolver=4 facet=2 tool=57 mapId=Map1 bindAddress=127.0.0.1 mcpPort=45269 guiPort=44907 approvalPort=46337
03:26:59.566 INFO  io.mosire.agentlib.approval.ApprovalHttpEndpoint - 审批 HTTP 面已停止（端口 46337）
03:26:59.566 INFO  io.mosire.agentlib.approval.HttpApprovalChannel - HTTP 审批通道已关闭
03:26:59.624 INFO  io.mosire.agentlib.mcp.AgentToMcpServer - MCP streamable server 已启动: name=simos-shell version=0.1.0-SNAPSHOT 外发工具 57 个 [map.CreateRegion, map.DeleteRegion, map.RandomizeRegion, map.RegisterPathwayGroup, map.SetEdge, map.SetTerrain, map.UpdateRegion, sd.AddCombatStage, sd.CancelEffect, sd.CommitCombatOutcome, sd.CreateArmy, sd.CreateCombat, sd.CreateDecisionMaker, sd.CreateNation, sd.IssueDirective, sd.PutInfo, sd.RecordCasualties, sd.RegisterEffect, sd.ResetDecisionMakerConversation, sd.RunDecision, sd.SetDecisionMakerAccess, sd.SetDecisionMakerProvider, sd.SetStageOutcomeTable, sd.StartDecision, sd.SubmitVerdict, simos.advance, simos.command.catalog, simos.command.submit, simos.fork, simos.map.hex, simos.map.overview, simos.social.population, simos.state.facets, simos.state.resolve, simos.timeline.branches, simos.unit.get, simos.unit.list, unit.ApplyCasualties, unit.AttachUnit, unit.CancelRoute, unit.CreateCommandChain, unit.CreateUnit, unit.DetachUnit, unit.DisbandUnit, unit.MergeFormation, unit.PlaceAt, unit.PlanRoute, unit.PlanSparseRoute, unit.RenameUnit, unit.ReparentSubtree, unit.ReparentUnit, unit.SetFormationOffset, unit.SetRejoinTarget, unit.SetStatus, unit.SetStrength, unit.SplitFormation, unit.UpdateCommandChain]；Registry 共 57 个，未外发 0 个 []
03:26:59.633 INFO  io.mosire.simos.app.gui.GuiServer - GUI 服务器已启动: http://127.0.0.1:45347/（静态 /webui，同源，无 CORS 头）
03:26:59.633 INFO  io.mosire.simos.app.Shell - Shell 装配完成: store=/tmp/junit-8507018669295207102 checkpointInterval=100 codec=4 handler=45 participant=2 resolver=4 facet=2 tool=57 mapId=Map1 bindAddress=127.0.0.1 mcpPort=45829 guiPort=45347 approvalPort=46193
03:26:59.636 INFO  io.mosire.agentlib.approval.ApprovalHttpEndpoint - 审批 HTTP 面已停止（端口 46193）
03:26:59.636 INFO  io.mosire.agentlib.approval.HttpApprovalChannel - HTTP 审批通道已关闭
03:26:59.702 INFO  io.mosire.agentlib.mcp.AgentToMcpServer - MCP streamable server 已启动: name=simos-shell version=0.1.0-SNAPSHOT 外发工具 57 个 [map.CreateRegion, map.DeleteRegion, map.RandomizeRegion, map.RegisterPathwayGroup, map.SetEdge, map.SetTerrain, map.UpdateRegion, sd.AddCombatStage, sd.CancelEffect, sd.CommitCombatOutcome, sd.CreateArmy, sd.CreateCombat, sd.CreateDecisionMaker, sd.CreateNation, sd.IssueDirective, sd.PutInfo, sd.RecordCasualties, sd.RegisterEffect, sd.ResetDecisionMakerConversation, sd.RunDecision, sd.SetDecisionMakerAccess, sd.SetDecisionMakerProvider, sd.SetStageOutcomeTable, sd.StartDecision, sd.SubmitVerdict, simos.advance, simos.command.catalog, simos.command.submit, simos.fork, simos.map.hex, simos.map.overview, simos.social.population, simos.state.facets, simos.state.resolve, simos.timeline.branches, simos.unit.get, simos.unit.list, unit.ApplyCasualties, unit.AttachUnit, unit.CancelRoute, unit.CreateCommandChain, unit.CreateUnit, unit.DetachUnit, unit.DisbandUnit, unit.MergeFormation, unit.PlaceAt, unit.PlanRoute, unit.PlanSparseRoute, unit.RenameUnit, unit.ReparentSubtree, unit.ReparentUnit, unit.SetFormationOffset, unit.SetRejoinTarget, unit.SetStatus, unit.SetStrength, unit.SplitFormation, unit.UpdateCommandChain]；Registry 共 57 个，未外发 0 个 []
03:26:59.710 INFO  io.mosire.simos.app.gui.GuiServer - GUI 服务器已启动: http://127.0.0.1:46455/（静态 /webui，同源，无 CORS 头）
03:26:59.711 INFO  io.mosire.simos.app.Shell - Shell 装配完成: store=/tmp/junit-9082338437234930116 checkpointInterval=100 codec=4 handler=45 participant=2 resolver=4 facet=2 tool=57 mapId=Map1 bindAddress=127.0.0.1 mcpPort=45485 guiPort=46455 approvalPort=45045
03:26:59.713 WARN  io.mosire.agentlib.tool.ToolCallAuthorizer - 工具内资源断言判否: tool=unit.RenameUnit 拒因=WRITE map:Map1 不在调用者的可达面内: 调用者可达=Map1/region/701（这是显式表态，不是'未表态'）
03:26:59.714 INFO  io.mosire.agentlib.approval.ApprovalHttpEndpoint - 审批 HTTP 面已停止（端口 45045）
03:26:59.714 INFO  io.mosire.agentlib.approval.HttpApprovalChannel - HTTP 审批通道已关闭
03:26:59.771 INFO  io.mosire.agentlib.mcp.AgentToMcpServer - MCP streamable server 已启动: name=simos-shell version=0.1.0-SNAPSHOT 外发工具 57 个 [map.CreateRegion, map.DeleteRegion, map.RandomizeRegion, map.RegisterPathwayGroup, map.SetEdge, map.SetTerrain, map.UpdateRegion, sd.AddCombatStage, sd.CancelEffect, sd.CommitCombatOutcome, sd.CreateArmy, sd.CreateCombat, sd.CreateDecisionMaker, sd.CreateNation, sd.IssueDirective, sd.PutInfo, sd.RecordCasualties, sd.RegisterEffect, sd.ResetDecisionMakerConversation, sd.RunDecision, sd.SetDecisionMakerAccess, sd.SetDecisionMakerProvider, sd.SetStageOutcomeTable, sd.StartDecision, sd.SubmitVerdict, simos.advance, simos.command.catalog, simos.command.submit, simos.fork, simos.map.hex, simos.map.overview, simos.social.population, simos.state.facets, simos.state.resolve, simos.timeline.branches, simos.unit.get, simos.unit.list, unit.ApplyCasualties, unit.AttachUnit, unit.CancelRoute, unit.CreateCommandChain, unit.CreateUnit, unit.DetachUnit, unit.DisbandUnit, unit.MergeFormation, unit.PlaceAt, unit.PlanRoute, unit.PlanSparseRoute, unit.RenameUnit, unit.ReparentSubtree, unit.ReparentUnit, unit.SetFormationOffset, unit.SetRejoinTarget, unit.SetStatus, unit.SetStrength, unit.SplitFormation, unit.UpdateCommandChain]；Registry 共 57 个，未外发 0 个 []
03:26:59.781 INFO  io.mosire.simos.app.gui.GuiServer - GUI 服务器已启动: http://127.0.0.1:45745/（静态 /webui，同源，无 CORS 头）
03:26:59.781 INFO  io.mosire.simos.app.Shell - Shell 装配完成: store=/tmp/junit-15444473677329670451 checkpointInterval=100 codec=4 handler=45 participant=2 resolver=4 facet=2 tool=57 mapId=Map1 bindAddress=127.0.0.1 mcpPort=45705 guiPort=45745 approvalPort=46521
03:26:59.785 INFO  io.mosire.agentlib.approval.ApprovalHttpEndpoint - 审批 HTTP 面已停止（端口 46521）
03:26:59.785 INFO  io.mosire.agentlib.approval.HttpApprovalChannel - HTTP 审批通道已关闭
03:26:59.842 INFO  io.mosire.agentlib.mcp.AgentToMcpServer - MCP streamable server 已启动: name=simos-shell version=0.1.0-SNAPSHOT 外发工具 57 个 [map.CreateRegion, map.DeleteRegion, map.RandomizeRegion, map.RegisterPathwayGroup, map.SetEdge, map.SetTerrain, map.UpdateRegion, sd.AddCombatStage, sd.CancelEffect, sd.CommitCombatOutcome, sd.CreateArmy, sd.CreateCombat, sd.CreateDecisionMaker, sd.CreateNation, sd.IssueDirective, sd.PutInfo, sd.RecordCasualties, sd.RegisterEffect, sd.ResetDecisionMakerConversation, sd.RunDecision, sd.SetDecisionMakerAccess, sd.SetDecisionMakerProvider, sd.SetStageOutcomeTable, sd.StartDecision, sd.SubmitVerdict, simos.advance, simos.command.catalog, simos.command.submit, simos.fork, simos.map.hex, simos.map.overview, simos.social.population, simos.state.facets, simos.state.resolve, simos.timeline.branches, simos.unit.get, simos.unit.list, unit.ApplyCasualties, unit.AttachUnit, unit.CancelRoute, unit.CreateCommandChain, unit.CreateUnit, unit.DetachUnit, unit.DisbandUnit, unit.MergeFormation, unit.PlaceAt, unit.PlanRoute, unit.PlanSparseRoute, unit.RenameUnit, unit.ReparentSubtree, unit.ReparentUnit, unit.SetFormationOffset, unit.SetRejoinTarget, unit.SetStatus, unit.SetStrength, unit.SplitFormation, unit.UpdateCommandChain]；Registry 共 57 个，未外发 0 个 []
03:26:59.852 INFO  io.mosire.simos.app.gui.GuiServer - GUI 服务器已启动: http://127.0.0.1:46539/（静态 /webui，同源，无 CORS 头）
03:26:59.852 INFO  io.mosire.simos.app.Shell - Shell 装配完成: store=/tmp/junit-10989087611570310918 checkpointInterval=100 codec=4 handler=45 participant=2 resolver=4 facet=2 tool=57 mapId=Map1 bindAddress=127.0.0.1 mcpPort=44775 guiPort=46539 approvalPort=45111
03:26:59.855 INFO  io.mosire.agentlib.approval.ApprovalHttpEndpoint - 审批 HTTP 面已停止（端口 45111）
03:26:59.856 INFO  io.mosire.agentlib.approval.HttpApprovalChannel - HTTP 审批通道已关闭
03:26:59.918 INFO  io.mosire.agentlib.mcp.AgentToMcpServer - MCP streamable server 已启动: name=simos-shell version=0.1.0-SNAPSHOT 外发工具 57 个 [map.CreateRegion, map.DeleteRegion, map.RandomizeRegion, map.RegisterPathwayGroup, map.SetEdge, map.SetTerrain, map.UpdateRegion, sd.AddCombatStage, sd.CancelEffect, sd.CommitCombatOutcome, sd.CreateArmy, sd.CreateCombat, sd.CreateDecisionMaker, sd.CreateNation, sd.IssueDirective, sd.PutInfo, sd.RecordCasualties, sd.RegisterEffect, sd.ResetDecisionMakerConversation, sd.RunDecision, sd.SetDecisionMakerAccess, sd.SetDecisionMakerProvider, sd.SetStageOutcomeTable, sd.StartDecision, sd.SubmitVerdict, simos.advance, simos.command.catalog, simos.command.submit, simos.fork, simos.map.hex, simos.map.overview, simos.social.population, simos.state.facets, simos.state.resolve, simos.timeline.branches, simos.unit.get, simos.unit.list, unit.ApplyCasualties, unit.AttachUnit, unit.CancelRoute, unit.CreateCommandChain, unit.CreateUnit, unit.DetachUnit, unit.DisbandUnit, unit.MergeFormation, unit.PlaceAt, unit.PlanRoute, unit.PlanSparseRoute, unit.RenameUnit, unit.ReparentSubtree, unit.ReparentUnit, unit.SetFormationOffset, unit.SetRejoinTarget, unit.SetStatus, unit.SetStrength, unit.SplitFormation, unit.UpdateCommandChain]；Registry 共 57 个，未外发 0 个 []
03:26:59.925 INFO  io.mosire.simos.app.gui.GuiServer - GUI 服务器已启动: http://127.0.0.1:45251/（静态 /webui，同源，无 CORS 头）
03:26:59.925 INFO  io.mosire.simos.app.Shell - Shell 装配完成: store=/tmp/junit-2201168516406852616 checkpointInterval=100 codec=4 handler=45 participant=2 resolver=4 facet=2 tool=57 mapId=Map1 bindAddress=127.0.0.1 mcpPort=45833 guiPort=45251 approvalPort=45505
03:26:59.926 WARN  io.mosire.agentlib.tool.ToolCallAuthorizer - 工具内资源断言判否: tool=sd.IssueDirective 拒因=工具对该命名空间的缺省策略是 read-only（调用者未表态），写操作被拒: sd:decision-maker/dm-fra
03:26:59.927 WARN  io.mosire.agentlib.tool.ToolCallAuthorizer - 工具内资源断言判否: tool=sd.SubmitVerdict 拒因=工具对该命名空间的缺省策略是 read-only（调用者未表态），写操作被拒: sd:decision-maker/dm-fra
03:26:59.928 INFO  io.mosire.agentlib.approval.ApprovalHttpEndpoint - 审批 HTTP 面已停止（端口 45505）
03:26:59.928 INFO  io.mosire.agentlib.approval.HttpApprovalChannel - HTTP 审批通道已关闭
03:26:59.993 INFO  io.mosire.agentlib.mcp.AgentToMcpServer - MCP streamable server 已启动: name=simos-shell version=0.1.0-SNAPSHOT 外发工具 57 个 [map.CreateRegion, map.DeleteRegion, map.RandomizeRegion, map.RegisterPathwayGroup, map.SetEdge, map.SetTerrain, map.UpdateRegion, sd.AddCombatStage, sd.CancelEffect, sd.CommitCombatOutcome, sd.CreateArmy, sd.CreateCombat, sd.CreateDecisionMaker, sd.CreateNation, sd.IssueDirective, sd.PutInfo, sd.RecordCasualties, sd.RegisterEffect, sd.ResetDecisionMakerConversation, sd.RunDecision, sd.SetDecisionMakerAccess, sd.SetDecisionMakerProvider, sd.SetStageOutcomeTable, sd.StartDecision, sd.SubmitVerdict, simos.advance, simos.command.catalog, simos.command.submit, simos.fork, simos.map.hex, simos.map.overview, simos.social.population, simos.state.facets, simos.state.resolve, simos.timeline.branches, simos.unit.get, simos.unit.list, unit.ApplyCasualties, unit.AttachUnit, unit.CancelRoute, unit.CreateCommandChain, unit.CreateUnit, unit.DetachUnit, unit.DisbandUnit, unit.MergeFormation, unit.PlaceAt, unit.PlanRoute, unit.PlanSparseRoute, unit.RenameUnit, unit.ReparentSubtree, unit.ReparentUnit, unit.SetFormationOffset, unit.SetRejoinTarget, unit.SetStatus, unit.SetStrength, unit.SplitFormation, unit.UpdateCommandChain]；Registry 共 57 个，未外发 0 个 []
03:27:00.002 INFO  io.mosire.simos.app.gui.GuiServer - GUI 服务器已启动: http://127.0.0.1:45769/（静态 /webui，同源，无 CORS 头）
03:27:00.003 INFO  io.mosire.simos.app.Shell - Shell 装配完成: store=/tmp/junit-498202233886700098 checkpointInterval=100 codec=4 handler=45 participant=2 resolver=4 facet=2 tool=57 mapId=Map1 bindAddress=127.0.0.1 mcpPort=46177 guiPort=45769 approvalPort=44955
03:27:00.006 WARN  io.mosire.agentlib.tool.ToolCallAuthorizer - 工具内资源断言判否: tool=simos.command.submit 拒因=WRITE map:Map1 不在调用者的可达面内: 调用者可达=Map1/region/701（这是显式表态，不是'未表态'）
03:27:00.007 INFO  io.mosire.agentlib.approval.ApprovalHttpEndpoint - 审批 HTTP 面已停止（端口 44955）
03:27:00.007 INFO  io.mosire.agentlib.approval.HttpApprovalChannel - HTTP 审批通道已关闭
03:27:00.065 INFO  io.mosire.agentlib.mcp.AgentToMcpServer - MCP streamable server 已启动: name=simos-shell version=0.1.0-SNAPSHOT 外发工具 57 个 [map.CreateRegion, map.DeleteRegion, map.RandomizeRegion, map.RegisterPathwayGroup, map.SetEdge, map.SetTerrain, map.UpdateRegion, sd.AddCombatStage, sd.CancelEffect, sd.CommitCombatOutcome, sd.CreateArmy, sd.CreateCombat, sd.CreateDecisionMaker, sd.CreateNation, sd.IssueDirective, sd.PutInfo, sd.RecordCasualties, sd.RegisterEffect, sd.ResetDecisionMakerConversation, sd.RunDecision, sd.SetDecisionMakerAccess, sd.SetDecisionMakerProvider, sd.SetStageOutcomeTable, sd.StartDecision, sd.SubmitVerdict, simos.advance, simos.command.catalog, simos.command.submit, simos.fork, simos.map.hex, simos.map.overview, simos.social.population, simos.state.facets, simos.state.resolve, simos.timeline.branches, simos.unit.get, simos.unit.list, unit.ApplyCasualties, unit.AttachUnit, unit.CancelRoute, unit.CreateCommandChain, unit.CreateUnit, unit.DetachUnit, unit.DisbandUnit, unit.MergeFormation, unit.PlaceAt, unit.PlanRoute, unit.PlanSparseRoute, unit.RenameUnit, unit.ReparentSubtree, unit.ReparentUnit, unit.SetFormationOffset, unit.SetRejoinTarget, unit.SetStatus, unit.SetStrength, unit.SplitFormation, unit.UpdateCommandChain]；Registry 共 57 个，未外发 0 个 []
03:27:00.074 INFO  io.mosire.simos.app.gui.GuiServer - GUI 服务器已启动: http://127.0.0.1:46477/（静态 /webui，同源，无 CORS 头）
03:27:00.074 INFO  io.mosire.simos.app.Shell - Shell 装配完成: store=/tmp/junit-2641482790219377350 checkpointInterval=100 codec=4 handler=45 participant=2 resolver=4 facet=2 tool=57 mapId=Map1 bindAddress=127.0.0.1 mcpPort=45909 guiPort=46477 approvalPort=44749
03:27:00.077 INFO  io.mosire.agentlib.approval.ApprovalHttpEndpoint - 审批 HTTP 面已停止（端口 44749）
03:27:00.077 INFO  io.mosire.agentlib.approval.HttpApprovalChannel - HTTP 审批通道已关闭
03:27:00.144 INFO  io.mosire.agentlib.mcp.AgentToMcpServer - MCP streamable server 已启动: name=simos-shell version=0.1.0-SNAPSHOT 外发工具 57 个 [map.CreateRegion, map.DeleteRegion, map.RandomizeRegion, map.RegisterPathwayGroup, map.SetEdge, map.SetTerrain, map.UpdateRegion, sd.AddCombatStage, sd.CancelEffect, sd.CommitCombatOutcome, sd.CreateArmy, sd.CreateCombat, sd.CreateDecisionMaker, sd.CreateNation, sd.IssueDirective, sd.PutInfo, sd.RecordCasualties, sd.RegisterEffect, sd.ResetDecisionMakerConversation, sd.RunDecision, sd.SetDecisionMakerAccess, sd.SetDecisionMakerProvider, sd.SetStageOutcomeTable, sd.StartDecision, sd.SubmitVerdict, simos.advance, simos.command.catalog, simos.command.submit, simos.fork, simos.map.hex, simos.map.overview, simos.social.population, simos.state.facets, simos.state.resolve, simos.timeline.branches, simos.unit.get, simos.unit.list, unit.ApplyCasualties, unit.AttachUnit, unit.CancelRoute, unit.CreateCommandChain, unit.CreateUnit, unit.DetachUnit, unit.DisbandUnit, unit.MergeFormation, unit.PlaceAt, unit.PlanRoute, unit.PlanSparseRoute, unit.RenameUnit, unit.ReparentSubtree, unit.ReparentUnit, unit.SetFormationOffset, unit.SetRejoinTarget, unit.SetStatus, unit.SetStrength, unit.SplitFormation, unit.UpdateCommandChain]；Registry 共 57 个，未外发 0 个 []
03:27:00.153 INFO  io.mosire.simos.app.gui.GuiServer - GUI 服务器已启动: http://127.0.0.1:46325/（静态 /webui，同源，无 CORS 头）
03:27:00.153 INFO  io.mosire.simos.app.Shell - Shell 装配完成: store=/tmp/junit-17372582986320157065 checkpointInterval=100 codec=4 handler=45 participant=2 resolver=4 facet=2 tool=57 mapId=Map1 bindAddress=127.0.0.1 mcpPort=45545 guiPort=46325 approvalPort=45673
03:27:00.157 INFO  io.mosire.agentlib.approval.ApprovalHttpEndpoint - 审批 HTTP 面已停止（端口 45673）
03:27:00.158 INFO  io.mosire.agentlib.approval.HttpApprovalChannel - HTTP 审批通道已关闭
03:27:00.219 INFO  io.mosire.agentlib.mcp.AgentToMcpServer - MCP streamable server 已启动: name=simos-shell version=0.1.0-SNAPSHOT 外发工具 57 个 [map.CreateRegion, map.DeleteRegion, map.RandomizeRegion, map.RegisterPathwayGroup, map.SetEdge, map.SetTerrain, map.UpdateRegion, sd.AddCombatStage, sd.CancelEffect, sd.CommitCombatOutcome, sd.CreateArmy, sd.CreateCombat, sd.CreateDecisionMaker, sd.CreateNation, sd.IssueDirective, sd.PutInfo, sd.RecordCasualties, sd.RegisterEffect, sd.ResetDecisionMakerConversation, sd.RunDecision, sd.SetDecisionMakerAccess, sd.SetDecisionMakerProvider, sd.SetStageOutcomeTable, sd.StartDecision, sd.SubmitVerdict, simos.advance, simos.command.catalog, simos.command.submit, simos.fork, simos.map.hex, simos.map.overview, simos.social.population, simos.state.facets, simos.state.resolve, simos.timeline.branches, simos.unit.get, simos.unit.list, unit.ApplyCasualties, unit.AttachUnit, unit.CancelRoute, unit.CreateCommandChain, unit.CreateUnit, unit.DetachUnit, unit.DisbandUnit, unit.MergeFormation, unit.PlaceAt, unit.PlanRoute, unit.PlanSparseRoute, unit.RenameUnit, unit.ReparentSubtree, unit.ReparentUnit, unit.SetFormationOffset, unit.SetRejoinTarget, unit.SetStatus, unit.SetStrength, unit.SplitFormation, unit.UpdateCommandChain]；Registry 共 57 个，未外发 0 个 []
03:27:00.228 INFO  io.mosire.simos.app.gui.GuiServer - GUI 服务器已启动: http://127.0.0.1:45843/（静态 /webui，同源，无 CORS 头）
03:27:00.229 INFO  io.mosire.simos.app.Shell - Shell 装配完成: store=/tmp/junit-15532600202217211980 checkpointInterval=100 codec=4 handler=45 participant=2 resolver=4 facet=2 tool=57 mapId=Map1 bindAddress=127.0.0.1 mcpPort=45879 guiPort=45843 approvalPort=45437
03:27:00.231 INFO  io.mosire.agentlib.approval.ApprovalHttpEndpoint - 审批 HTTP 面已停止（端口 45437）
03:27:00.231 INFO  io.mosire.agentlib.approval.HttpApprovalChannel - HTTP 审批通道已关闭
03:27:00.292 INFO  io.mosire.agentlib.mcp.AgentToMcpServer - MCP streamable server 已启动: name=simos-shell version=0.1.0-SNAPSHOT 外发工具 57 个 [map.CreateRegion, map.DeleteRegion, map.RandomizeRegion, map.RegisterPathwayGroup, map.SetEdge, map.SetTerrain, map.UpdateRegion, sd.AddCombatStage, sd.CancelEffect, sd.CommitCombatOutcome, sd.CreateArmy, sd.CreateCombat, sd.CreateDecisionMaker, sd.CreateNation, sd.IssueDirective, sd.PutInfo, sd.RecordCasualties, sd.RegisterEffect, sd.ResetDecisionMakerConversation, sd.RunDecision, sd.SetDecisionMakerAccess, sd.SetDecisionMakerProvider, sd.SetStageOutcomeTable, sd.StartDecision, sd.SubmitVerdict, simos.advance, simos.command.catalog, simos.command.submit, simos.fork, simos.map.hex, simos.map.overview, simos.social.population, simos.state.facets, simos.state.resolve, simos.timeline.branches, simos.unit.get, simos.unit.list, unit.ApplyCasualties, unit.AttachUnit, unit.CancelRoute, unit.CreateCommandChain, unit.CreateUnit, unit.DetachUnit, unit.DisbandUnit, unit.MergeFormation, unit.PlaceAt, unit.PlanRoute, unit.PlanSparseRoute, unit.RenameUnit, unit.ReparentSubtree, unit.ReparentUnit, unit.SetFormationOffset, unit.SetRejoinTarget, unit.SetStatus, unit.SetStrength, unit.SplitFormation, unit.UpdateCommandChain]；Registry 共 57 个，未外发 0 个 []
03:27:00.301 INFO  io.mosire.simos.app.gui.GuiServer - GUI 服务器已启动: http://127.0.0.1:45949/（静态 /webui，同源，无 CORS 头）
03:27:00.301 INFO  io.mosire.simos.app.Shell - Shell 装配完成: store=/tmp/junit-6334774730184641787 checkpointInterval=100 codec=4 handler=45 participant=2 resolver=4 facet=2 tool=57 mapId=Map1 bindAddress=127.0.0.1 mcpPort=46083 guiPort=45949 approvalPort=45841
03:27:00.321 INFO  io.mosire.simos.core.command.CommandBus - 命令提交: type=sd.IssueDirective commandId=d9430121-57ec-4670-96d1-7d53bb25f57a correlationId=d9430121-57ec-4670-96d1-7d53bb25f57a 新坐标=main@2
03:27:00.322 INFO  io.mosire.agentlib.approval.ApprovalHttpEndpoint - 审批 HTTP 面已停止（端口 45841）
03:27:00.323 INFO  io.mosire.agentlib.approval.HttpApprovalChannel - HTTP 审批通道已关闭
03:27:00.388 INFO  io.mosire.agentlib.mcp.AgentToMcpServer - MCP streamable server 已启动: name=simos-shell version=0.1.0-SNAPSHOT 外发工具 57 个 [map.CreateRegion, map.DeleteRegion, map.RandomizeRegion, map.RegisterPathwayGroup, map.SetEdge, map.SetTerrain, map.UpdateRegion, sd.AddCombatStage, sd.CancelEffect, sd.CommitCombatOutcome, sd.CreateArmy, sd.CreateCombat, sd.CreateDecisionMaker, sd.CreateNation, sd.IssueDirective, sd.PutInfo, sd.RecordCasualties, sd.RegisterEffect, sd.ResetDecisionMakerConversation, sd.RunDecision, sd.SetDecisionMakerAccess, sd.SetDecisionMakerProvider, sd.SetStageOutcomeTable, sd.StartDecision, sd.SubmitVerdict, simos.advance, simos.command.catalog, simos.command.submit, simos.fork, simos.map.hex, simos.map.overview, simos.social.population, simos.state.facets, simos.state.resolve, simos.timeline.branches, simos.unit.get, simos.unit.list, unit.ApplyCasualties, unit.AttachUnit, unit.CancelRoute, unit.CreateCommandChain, unit.CreateUnit, unit.DetachUnit, unit.DisbandUnit, unit.MergeFormation, unit.PlaceAt, unit.PlanRoute, unit.PlanSparseRoute, unit.RenameUnit, unit.ReparentSubtree, unit.ReparentUnit, unit.SetFormationOffset, unit.SetRejoinTarget, unit.SetStatus, unit.SetStrength, unit.SplitFormation, unit.UpdateCommandChain]；Registry 共 57 个，未外发 0 个 []
03:27:00.398 INFO  io.mosire.simos.app.gui.GuiServer - GUI 服务器已启动: http://127.0.0.1:44647/（静态 /webui，同源，无 CORS 头）
03:27:00.398 INFO  io.mosire.simos.app.Shell - Shell 装配完成: store=/tmp/junit-4223365548936816157 checkpointInterval=100 codec=4 handler=45 participant=2 resolver=4 facet=2 tool=57 mapId=Map1 bindAddress=127.0.0.1 mcpPort=46465 guiPort=44647 approvalPort=45957
03:27:00.402 INFO  io.mosire.agentlib.approval.ApprovalHttpEndpoint - 审批 HTTP 面已停止（端口 45957）
03:27:00.402 INFO  io.mosire.agentlib.approval.HttpApprovalChannel - HTTP 审批通道已关闭
03:27:00.466 INFO  io.mosire.agentlib.mcp.AgentToMcpServer - MCP streamable server 已启动: name=simos-shell version=0.1.0-SNAPSHOT 外发工具 57 个 [map.CreateRegion, map.DeleteRegion, map.RandomizeRegion, map.RegisterPathwayGroup, map.SetEdge, map.SetTerrain, map.UpdateRegion, sd.AddCombatStage, sd.CancelEffect, sd.CommitCombatOutcome, sd.CreateArmy, sd.CreateCombat, sd.CreateDecisionMaker, sd.CreateNation, sd.IssueDirective, sd.PutInfo, sd.RecordCasualties, sd.RegisterEffect, sd.ResetDecisionMakerConversation, sd.RunDecision, sd.SetDecisionMakerAccess, sd.SetDecisionMakerProvider, sd.SetStageOutcomeTable, sd.StartDecision, sd.SubmitVerdict, simos.advance, simos.command.catalog, simos.command.submit, simos.fork, simos.map.hex, simos.map.overview, simos.social.population, simos.state.facets, simos.state.resolve, simos.timeline.branches, simos.unit.get, simos.unit.list, unit.ApplyCasualties, unit.AttachUnit, unit.CancelRoute, unit.CreateCommandChain, unit.CreateUnit, unit.DetachUnit, unit.DisbandUnit, unit.MergeFormation, unit.PlaceAt, unit.PlanRoute, unit.PlanSparseRoute, unit.RenameUnit, unit.ReparentSubtree, unit.ReparentUnit, unit.SetFormationOffset, unit.SetRejoinTarget, unit.SetStatus, unit.SetStrength, unit.SplitFormation, unit.UpdateCommandChain]；Registry 共 57 个，未外发 0 个 []
03:27:00.470 INFO  io.mosire.simos.app.gui.GuiServer - GUI 服务器已启动: http://127.0.0.1:46363/（静态 /webui，同源，无 CORS 头）
03:27:00.470 INFO  io.mosire.simos.app.Shell - Shell 装配完成: store=/tmp/junit-11565948124315866745 checkpointInterval=100 codec=4 handler=45 participant=2 resolver=4 facet=2 tool=57 mapId=Map1 bindAddress=127.0.0.1 mcpPort=45817 guiPort=46363 approvalPort=46411
03:27:00.478 INFO  io.mosire.simos.core.command.CommandBus - 命令提交: type=sd.IssueDirective commandId=8f53633b-56c9-4a79-9d99-fb301d50eba9 correlationId=8f53633b-56c9-4a79-9d99-fb301d50eba9 新坐标=main@2
03:27:00.479 INFO  io.mosire.agentlib.approval.ApprovalHttpEndpoint - 审批 HTTP 面已停止（端口 46411）
03:27:00.479 INFO  io.mosire.agentlib.approval.HttpApprovalChannel - HTTP 审批通道已关闭
03:27:00.553 INFO  io.mosire.agentlib.mcp.AgentToMcpServer - MCP streamable server 已启动: name=simos-shell version=0.1.0-SNAPSHOT 外发工具 57 个 [map.CreateRegion, map.DeleteRegion, map.RandomizeRegion, map.RegisterPathwayGroup, map.SetEdge, map.SetTerrain, map.UpdateRegion, sd.AddCombatStage, sd.CancelEffect, sd.CommitCombatOutcome, sd.CreateArmy, sd.CreateCombat, sd.CreateDecisionMaker, sd.CreateNation, sd.IssueDirective, sd.PutInfo, sd.RecordCasualties, sd.RegisterEffect, sd.ResetDecisionMakerConversation, sd.RunDecision, sd.SetDecisionMakerAccess, sd.SetDecisionMakerProvider, sd.SetStageOutcomeTable, sd.StartDecision, sd.SubmitVerdict, simos.advance, simos.command.catalog, simos.command.submit, simos.fork, simos.map.hex, simos.map.overview, simos.social.population, simos.state.facets, simos.state.resolve, simos.timeline.branches, simos.unit.get, simos.unit.list, unit.ApplyCasualties, unit.AttachUnit, unit.CancelRoute, unit.CreateCommandChain, unit.CreateUnit, unit.DetachUnit, unit.DisbandUnit, unit.MergeFormation, unit.PlaceAt, unit.PlanRoute, unit.PlanSparseRoute, unit.RenameUnit, unit.ReparentSubtree, unit.ReparentUnit, unit.SetFormationOffset, unit.SetRejoinTarget, unit.SetStatus, unit.SetStrength, unit.SplitFormation, unit.UpdateCommandChain]；Registry 共 57 个，未外发 0 个 []
03:27:00.562 INFO  io.mosire.simos.app.gui.GuiServer - GUI 服务器已启动: http://127.0.0.1:45489/（静态 /webui，同源，无 CORS 头）
03:27:00.562 INFO  io.mosire.simos.app.Shell - Shell 装配完成: store=/tmp/junit-163270473990828265 checkpointInterval=100 codec=4 handler=45 participant=2 resolver=4 facet=2 tool=57 mapId=Map1 bindAddress=127.0.0.1 mcpPort=46471 guiPort=45489 approvalPort=44753
03:27:00.575 INFO  io.mosire.simos.core.command.CommandBus - 命令提交: type=sd.IssueDirective commandId=57c1b73d-da89-4782-80c6-877f7e7713ac correlationId=57c1b73d-da89-4782-80c6-877f7e7713ac 新坐标=main@2
03:27:00.577 INFO  io.mosire.agentlib.approval.ApprovalHttpEndpoint - 审批 HTTP 面已停止（端口 44753）
03:27:00.577 INFO  io.mosire.agentlib.approval.HttpApprovalChannel - HTTP 审批通道已关闭
03:27:00.653 INFO  io.mosire.agentlib.mcp.AgentToMcpServer - MCP streamable server 已启动: name=simos-shell version=0.1.0-SNAPSHOT 外发工具 57 个 [map.CreateRegion, map.DeleteRegion, map.RandomizeRegion, map.RegisterPathwayGroup, map.SetEdge, map.SetTerrain, map.UpdateRegion, sd.AddCombatStage, sd.CancelEffect, sd.CommitCombatOutcome, sd.CreateArmy, sd.CreateCombat, sd.CreateDecisionMaker, sd.CreateNation, sd.IssueDirective, sd.PutInfo, sd.RecordCasualties, sd.RegisterEffect, sd.ResetDecisionMakerConversation, sd.RunDecision, sd.SetDecisionMakerAccess, sd.SetDecisionMakerProvider, sd.SetStageOutcomeTable, sd.StartDecision, sd.SubmitVerdict, simos.advance, simos.command.catalog, simos.command.submit, simos.fork, simos.map.hex, simos.map.overview, simos.social.population, simos.state.facets, simos.state.resolve, simos.timeline.branches, simos.unit.get, simos.unit.list, unit.ApplyCasualties, unit.AttachUnit, unit.CancelRoute, unit.CreateCommandChain, unit.CreateUnit, unit.DetachUnit, unit.DisbandUnit, unit.MergeFormation, unit.PlaceAt, unit.PlanRoute, unit.PlanSparseRoute, unit.RenameUnit, unit.ReparentSubtree, unit.ReparentUnit, unit.SetFormationOffset, unit.SetRejoinTarget, unit.SetStatus, unit.SetStrength, unit.SplitFormation, unit.UpdateCommandChain]；Registry 共 57 个，未外发 0 个 []
03:27:00.661 INFO  io.mosire.simos.app.gui.GuiServer - GUI 服务器已启动: http://127.0.0.1:44929/（静态 /webui，同源，无 CORS 头）
03:27:00.661 INFO  io.mosire.simos.app.Shell - Shell 装配完成: store=/tmp/junit-15221983282774348985 checkpointInterval=100 codec=4 handler=45 participant=2 resolver=4 facet=2 tool=57 mapId=Map1 bindAddress=127.0.0.1 mcpPort=45989 guiPort=44929 approvalPort=45881
03:27:00.666 INFO  io.mosire.agentlib.approval.ApprovalHttpEndpoint - 审批 HTTP 面已停止（端口 45881）
03:27:00.666 INFO  io.mosire.agentlib.approval.HttpApprovalChannel - HTTP 审批通道已关闭
03:27:00.730 INFO  io.mosire.agentlib.mcp.AgentToMcpServer - MCP streamable server 已启动: name=simos-shell version=0.1.0-SNAPSHOT 外发工具 57 个 [map.CreateRegion, map.DeleteRegion, map.RandomizeRegion, map.RegisterPathwayGroup, map.SetEdge, map.SetTerrain, map.UpdateRegion, sd.AddCombatStage, sd.CancelEffect, sd.CommitCombatOutcome, sd.CreateArmy, sd.CreateCombat, sd.CreateDecisionMaker, sd.CreateNation, sd.IssueDirective, sd.PutInfo, sd.RecordCasualties, sd.RegisterEffect, sd.ResetDecisionMakerConversation, sd.RunDecision, sd.SetDecisionMakerAccess, sd.SetDecisionMakerProvider, sd.SetStageOutcomeTable, sd.StartDecision, sd.SubmitVerdict, simos.advance, simos.command.catalog, simos.command.submit, simos.fork, simos.map.hex, simos.map.overview, simos.social.population, simos.state.facets, simos.state.resolve, simos.timeline.branches, simos.unit.get, simos.unit.list, unit.ApplyCasualties, unit.AttachUnit, unit.CancelRoute, unit.CreateCommandChain, unit.CreateUnit, unit.DetachUnit, unit.DisbandUnit, unit.MergeFormation, unit.PlaceAt, unit.PlanRoute, unit.PlanSparseRoute, unit.RenameUnit, unit.ReparentSubtree, unit.ReparentUnit, unit.SetFormationOffset, unit.SetRejoinTarget, unit.SetStatus, unit.SetStrength, unit.SplitFormation, unit.UpdateCommandChain]；Registry 共 57 个，未外发 0 个 []
03:27:00.739 INFO  io.mosire.simos.app.gui.GuiServer - GUI 服务器已启动: http://127.0.0.1:44925/（静态 /webui，同源，无 CORS 头）
03:27:00.740 INFO  io.mosire.simos.app.Shell - Shell 装配完成: store=/tmp/junit-9416016491178919815 checkpointInterval=100 codec=4 handler=45 participant=2 resolver=4 facet=2 tool=57 mapId=Map1 bindAddress=127.0.0.1 mcpPort=46021 guiPort=44925 approvalPort=45809
03:27:00.743 INFO  io.mosire.agentlib.approval.ApprovalHttpEndpoint - 审批 HTTP 面已停止（端口 45809）
03:27:00.743 INFO  io.mosire.agentlib.approval.HttpApprovalChannel - HTTP 审批通道已关闭
03:27:00.810 INFO  io.mosire.agentlib.mcp.AgentToMcpServer - MCP streamable server 已启动: name=simos-shell version=0.1.0-SNAPSHOT 外发工具 57 个 [map.CreateRegion, map.DeleteRegion, map.RandomizeRegion, map.RegisterPathwayGroup, map.SetEdge, map.SetTerrain, map.UpdateRegion, sd.AddCombatStage, sd.CancelEffect, sd.CommitCombatOutcome, sd.CreateArmy, sd.CreateCombat, sd.CreateDecisionMaker, sd.CreateNation, sd.IssueDirective, sd.PutInfo, sd.RecordCasualties, sd.RegisterEffect, sd.ResetDecisionMakerConversation, sd.RunDecision, sd.SetDecisionMakerAccess, sd.SetDecisionMakerProvider, sd.SetStageOutcomeTable, sd.StartDecision, sd.SubmitVerdict, simos.advance, simos.command.catalog, simos.command.submit, simos.fork, simos.map.hex, simos.map.overview, simos.social.population, simos.state.facets, simos.state.resolve, simos.timeline.branches, simos.unit.get, simos.unit.list, unit.ApplyCasualties, unit.AttachUnit, unit.CancelRoute, unit.CreateCommandChain, unit.CreateUnit, unit.DetachUnit, unit.DisbandUnit, unit.MergeFormation, unit.PlaceAt, unit.PlanRoute, unit.PlanSparseRoute, unit.RenameUnit, unit.ReparentSubtree, unit.ReparentUnit, unit.SetFormationOffset, unit.SetRejoinTarget, unit.SetStatus, unit.SetStrength, unit.SplitFormation, unit.UpdateCommandChain]；Registry 共 57 个，未外发 0 个 []
03:27:00.819 INFO  io.mosire.simos.app.gui.GuiServer - GUI 服务器已启动: http://127.0.0.1:44627/（静态 /webui，同源，无 CORS 头）
03:27:00.819 INFO  io.mosire.simos.app.Shell - Shell 装配完成: store=/tmp/junit-7412324547185068836 checkpointInterval=100 codec=4 handler=45 participant=2 resolver=4 facet=2 tool=57 mapId=Map1 bindAddress=127.0.0.1 mcpPort=44969 guiPort=44627 approvalPort=46099
03:27:00.821 INFO  io.mosire.agentlib.approval.ApprovalHttpEndpoint - 审批 HTTP 面已停止（端口 46099）
03:27:00.822 INFO  io.mosire.agentlib.approval.HttpApprovalChannel - HTTP 审批通道已关闭
[INFO] Tests run: 21, Failures: 0, Errors: 0, Skipped: 0, Time elapsed: 1.800 s -- in io.mosire.simos.app.access.DecisionMakerScopeEndToEndTest
[INFO] Running io.mosire.simos.app.access.NationScopeTest
[INFO] Tests run: 9, Failures: 0, Errors: 0, Skipped: 0, Time elapsed: 0.006 s -- in io.mosire.simos.app.access.NationScopeTest
[INFO] Running io.mosire.simos.app.access.ScopeFenceTest
[INFO] Tests run: 5, Failures: 0, Errors: 0, Skipped: 0, Time elapsed: 0.003 s -- in io.mosire.simos.app.access.ScopeFenceTest
[INFO] Running io.mosire.simos.app.access.HexOwnerTest
[INFO] Tests run: 7, Failures: 0, Errors: 0, Skipped: 0, Time elapsed: 0.004 s -- in io.mosire.simos.app.access.HexOwnerTest
[INFO] Running io.mosire.simos.app.access.NeighborNationsTest
[INFO] Tests run: 6, Failures: 0, Errors: 0, Skipped: 0, Time elapsed: 0.004 s -- in io.mosire.simos.app.access.NeighborNationsTest
[INFO] Running io.mosire.simos.app.access.ArmyScopeTest
[INFO] Tests run: 10, Failures: 0, Errors: 0, Skipped: 0, Time elapsed: 0.006 s -- in io.mosire.simos.app.access.ArmyScopeTest
[INFO] Running io.mosire.simos.app.ShellSmokeTest
03:27:00.922 INFO  io.mosire.agentlib.mcp.AgentToMcpServer - MCP streamable server 已启动: name=simos-shell version=0.1.0-SNAPSHOT 外发工具 57 个 [map.CreateRegion, map.DeleteRegion, map.RandomizeRegion, map.RegisterPathwayGroup, map.SetEdge, map.SetTerrain, map.UpdateRegion, sd.AddCombatStage, sd.CancelEffect, sd.CommitCombatOutcome, sd.CreateArmy, sd.CreateCombat, sd.CreateDecisionMaker, sd.CreateNation, sd.IssueDirective, sd.PutInfo, sd.RecordCasualties, sd.RegisterEffect, sd.ResetDecisionMakerConversation, sd.RunDecision, sd.SetDecisionMakerAccess, sd.SetDecisionMakerProvider, sd.SetStageOutcomeTable, sd.StartDecision, sd.SubmitVerdict, simos.advance, simos.command.catalog, simos.command.submit, simos.fork, simos.map.hex, simos.map.overview, simos.social.population, simos.state.facets, simos.state.resolve, simos.timeline.branches, simos.unit.get, simos.unit.list, unit.ApplyCasualties, unit.AttachUnit, unit.CancelRoute, unit.CreateCommandChain, unit.CreateUnit, unit.DetachUnit, unit.DisbandUnit, unit.MergeFormation, unit.PlaceAt, unit.PlanRoute, unit.PlanSparseRoute, unit.RenameUnit, unit.ReparentSubtree, unit.ReparentUnit, unit.SetFormationOffset, unit.SetRejoinTarget, unit.SetStatus, unit.SetStrength, unit.SplitFormation, unit.UpdateCommandChain]；Registry 共 57 个，未外发 0 个 []
03:27:00.932 INFO  io.mosire.simos.app.gui.GuiServer - GUI 服务器已启动: http://127.0.0.1:46029/（静态 /webui，同源，无 CORS 头）
03:27:00.932 INFO  io.mosire.simos.app.Shell - Shell 装配完成: store=/tmp/junit-448693658176280724 checkpointInterval=100 codec=4 handler=45 participant=2 resolver=4 facet=2 tool=57 mapId=Map1 bindAddress=127.0.0.1 mcpPort=44819 guiPort=46029 approvalPort=45535
03:27:00.933 INFO  io.mosire.agentlib.approval.ApprovalHttpEndpoint - 审批 HTTP 面已停止（端口 45535）
03:27:00.933 INFO  io.mosire.agentlib.approval.HttpApprovalChannel - HTTP 审批通道已关闭
03:27:00.993 INFO  io.mosire.agentlib.mcp.AgentToMcpServer - MCP streamable server 已启动: name=simos-shell version=0.1.0-SNAPSHOT 外发工具 57 个 [map.CreateRegion, map.DeleteRegion, map.RandomizeRegion, map.RegisterPathwayGroup, map.SetEdge, map.SetTerrain, map.UpdateRegion, sd.AddCombatStage, sd.CancelEffect, sd.CommitCombatOutcome, sd.CreateArmy, sd.CreateCombat, sd.CreateDecisionMaker, sd.CreateNation, sd.IssueDirective, sd.PutInfo, sd.RecordCasualties, sd.RegisterEffect, sd.ResetDecisionMakerConversation, sd.RunDecision, sd.SetDecisionMakerAccess, sd.SetDecisionMakerProvider, sd.SetStageOutcomeTable, sd.StartDecision, sd.SubmitVerdict, simos.advance, simos.command.catalog, simos.command.submit, simos.fork, simos.map.hex, simos.map.overview, simos.social.population, simos.state.facets, simos.state.resolve, simos.timeline.branches, simos.unit.get, simos.unit.list, unit.ApplyCasualties, unit.AttachUnit, unit.CancelRoute, unit.CreateCommandChain, unit.CreateUnit, unit.DetachUnit, unit.DisbandUnit, unit.MergeFormation, unit.PlaceAt, unit.PlanRoute, unit.PlanSparseRoute, unit.RenameUnit, unit.ReparentSubtree, unit.ReparentUnit, unit.SetFormationOffset, unit.SetRejoinTarget, unit.SetStatus, unit.SetStrength, unit.SplitFormation, unit.UpdateCommandChain]；Registry 共 57 个，未外发 0 个 []
03:27:01.001 INFO  io.mosire.simos.app.gui.GuiServer - GUI 服务器已启动: http://127.0.0.1:45005/（静态 /webui，同源，无 CORS 头）
03:27:01.002 INFO  io.mosire.simos.app.Shell - Shell 装配完成: store=/tmp/junit-3794263903566589926 checkpointInterval=100 codec=4 handler=45 participant=2 resolver=4 facet=2 tool=57 mapId=Map1 bindAddress=127.0.0.1 mcpPort=45013 guiPort=45005 approvalPort=46029
03:27:01.002 INFO  io.mosire.agentlib.approval.ApprovalHttpEndpoint - 审批 HTTP 面已停止（端口 46029）
03:27:01.002 INFO  io.mosire.agentlib.approval.HttpApprovalChannel - HTTP 审批通道已关闭
03:27:01.058 INFO  io.mosire.agentlib.mcp.AgentToMcpServer - MCP streamable server 已启动: name=simos-shell version=0.1.0-SNAPSHOT 外发工具 57 个 [map.CreateRegion, map.DeleteRegion, map.RandomizeRegion, map.RegisterPathwayGroup, map.SetEdge, map.SetTerrain, map.UpdateRegion, sd.AddCombatStage, sd.CancelEffect, sd.CommitCombatOutcome, sd.CreateArmy, sd.CreateCombat, sd.CreateDecisionMaker, sd.CreateNation, sd.IssueDirective, sd.PutInfo, sd.RecordCasualties, sd.RegisterEffect, sd.ResetDecisionMakerConversation, sd.RunDecision, sd.SetDecisionMakerAccess, sd.SetDecisionMakerProvider, sd.SetStageOutcomeTable, sd.StartDecision, sd.SubmitVerdict, simos.advance, simos.command.catalog, simos.command.submit, simos.fork, simos.map.hex, simos.map.overview, simos.social.population, simos.state.facets, simos.state.resolve, simos.timeline.branches, simos.unit.get, simos.unit.list, unit.ApplyCasualties, unit.AttachUnit, unit.CancelRoute, unit.CreateCommandChain, unit.CreateUnit, unit.DetachUnit, unit.DisbandUnit, unit.MergeFormation, unit.PlaceAt, unit.PlanRoute, unit.PlanSparseRoute, unit.RenameUnit, unit.ReparentSubtree, unit.ReparentUnit, unit.SetFormationOffset, unit.SetRejoinTarget, unit.SetStatus, unit.SetStrength, unit.SplitFormation, unit.UpdateCommandChain]；Registry 共 57 个，未外发 0 个 []
03:27:01.067 INFO  io.mosire.simos.app.gui.GuiServer - GUI 服务器已启动: http://127.0.0.1:46341/（静态 /webui，同源，无 CORS 头）
03:27:01.068 INFO  io.mosire.simos.app.Shell - Shell 装配完成: store=/tmp/junit-11627054341579722966 checkpointInterval=100 codec=4 handler=45 participant=2 resolver=4 facet=2 tool=57 mapId=Map1 bindAddress=127.0.0.1 mcpPort=44803 guiPort=46341 approvalPort=46419
03:27:01.084 INFO  io.mosire.simos.core.command.CommandBus - 命令提交: type=unit.RenameUnit commandId=cmd-rename correlationId=corr-rename 新坐标=main@2
03:27:01.093 INFO  io.mosire.agentlib.approval.ApprovalHttpEndpoint - 审批 HTTP 面已停止（端口 46419）
03:27:01.093 INFO  io.mosire.agentlib.approval.HttpApprovalChannel - HTTP 审批通道已关闭
03:27:01.151 INFO  io.mosire.agentlib.mcp.AgentToMcpServer - MCP streamable server 已启动: name=simos-shell version=0.1.0-SNAPSHOT 外发工具 57 个 [map.CreateRegion, map.DeleteRegion, map.RandomizeRegion, map.RegisterPathwayGroup, map.SetEdge, map.SetTerrain, map.UpdateRegion, sd.AddCombatStage, sd.CancelEffect, sd.CommitCombatOutcome, sd.CreateArmy, sd.CreateCombat, sd.CreateDecisionMaker, sd.CreateNation, sd.IssueDirective, sd.PutInfo, sd.RecordCasualties, sd.RegisterEffect, sd.ResetDecisionMakerConversation, sd.RunDecision, sd.SetDecisionMakerAccess, sd.SetDecisionMakerProvider, sd.SetStageOutcomeTable, sd.StartDecision, sd.SubmitVerdict, simos.advance, simos.command.catalog, simos.command.submit, simos.fork, simos.map.hex, simos.map.overview, simos.social.population, simos.state.facets, simos.state.resolve, simos.timeline.branches, simos.unit.get, simos.unit.list, unit.ApplyCasualties, unit.AttachUnit, unit.CancelRoute, unit.CreateCommandChain, unit.CreateUnit, unit.DetachUnit, unit.DisbandUnit, unit.MergeFormation, unit.PlaceAt, unit.PlanRoute, unit.PlanSparseRoute, unit.RenameUnit, unit.ReparentSubtree, unit.ReparentUnit, unit.SetFormationOffset, unit.SetRejoinTarget, unit.SetStatus, unit.SetStrength, unit.SplitFormation, unit.UpdateCommandChain]；Registry 共 57 个，未外发 0 个 []
03:27:01.160 INFO  io.mosire.simos.app.gui.GuiServer - GUI 服务器已启动: http://127.0.0.1:46313/（静态 /webui，同源，无 CORS 头）
03:27:01.160 INFO  io.mosire.simos.app.Shell - Shell 装配完成: store=/tmp/junit-15879114769815541991 checkpointInterval=100 codec=4 handler=45 participant=2 resolver=4 facet=2 tool=57 mapId=Map1 bindAddress=127.0.0.1 mcpPort=44999 guiPort=46313 approvalPort=46657
03:27:01.176 INFO  io.mosire.simos.core.advance.TimeAdvance - 命令提交: type=core.AdvanceTime commandId=cmd-advance correlationId=corr-advance 新坐标=main@2
03:27:01.179 INFO  io.mosire.agentlib.approval.ApprovalHttpEndpoint - 审批 HTTP 面已停止（端口 46657）
03:27:01.180 INFO  io.mosire.agentlib.approval.HttpApprovalChannel - HTTP 审批通道已关闭
[INFO] Tests run: 4, Failures: 0, Errors: 0, Skipped: 0, Time elapsed: 0.343 s -- in io.mosire.simos.app.ShellSmokeTest
[INFO] Running io.mosire.simos.app.decision.DecisionToolDefsTest
[INFO] Tests run: 3, Failures: 0, Errors: 0, Skipped: 0, Time elapsed: 0.005 s -- in io.mosire.simos.app.decision.DecisionToolDefsTest
[INFO] Running io.mosire.simos.app.decision.RunDecisionEndToEndTest
03:27:01.293 INFO  io.mosire.agentlib.mcp.AgentToMcpServer - MCP streamable server 已启动: name=simos-shell version=0.1.0-SNAPSHOT 外发工具 57 个 [map.CreateRegion, map.DeleteRegion, map.RandomizeRegion, map.RegisterPathwayGroup, map.SetEdge, map.SetTerrain, map.UpdateRegion, sd.AddCombatStage, sd.CancelEffect, sd.CommitCombatOutcome, sd.CreateArmy, sd.CreateCombat, sd.CreateDecisionMaker, sd.CreateNation, sd.IssueDirective, sd.PutInfo, sd.RecordCasualties, sd.RegisterEffect, sd.ResetDecisionMakerConversation, sd.RunDecision, sd.SetDecisionMakerAccess, sd.SetDecisionMakerProvider, sd.SetStageOutcomeTable, sd.StartDecision, sd.SubmitVerdict, simos.advance, simos.command.catalog, simos.command.submit, simos.fork, simos.map.hex, simos.map.overview, simos.social.population, simos.state.facets, simos.state.resolve, simos.timeline.branches, simos.unit.get, simos.unit.list, unit.ApplyCasualties, unit.AttachUnit, unit.CancelRoute, unit.CreateCommandChain, unit.CreateUnit, unit.DetachUnit, unit.DisbandUnit, unit.MergeFormation, unit.PlaceAt, unit.PlanRoute, unit.PlanSparseRoute, unit.RenameUnit, unit.ReparentSubtree, unit.ReparentUnit, unit.SetFormationOffset, unit.SetRejoinTarget, unit.SetStatus, unit.SetStrength, unit.SplitFormation, unit.UpdateCommandChain]；Registry 共 57 个，未外发 0 个 []
03:27:01.300 INFO  io.mosire.simos.app.gui.GuiServer - GUI 服务器已启动: http://127.0.0.1:44941/（静态 /webui，同源，无 CORS 头）
03:27:01.300 INFO  io.mosire.simos.app.Shell - Shell 装配完成: store=/tmp/junit-10634380311642281657 checkpointInterval=100 codec=4 handler=45 participant=2 resolver=4 facet=2 tool=57 mapId=Map1 bindAddress=127.0.0.1 mcpPort=45469 guiPort=44941 approvalPort=45545
03:27:01.360 INFO  io.modelcontextprotocol.server.McpAsyncServer - Client initialize request - Protocol: 2025-11-25, Capabilities: ClientCapabilities[experimental=null, roots=null, sampling=null, elicitation=null], Info: Implementation[name=Java SDK MCP Client, title=null, version=0.15.0, description=null, icons=null, websiteUrl=null]
03:27:01.386 INFO  io.modelcontextprotocol.client.LifecycleInitializer - Server response with Protocol: 2025-11-25, Capabilities: ServerCapabilities[completions=null, experimental=null, logging=LoggingCapabilities[], prompts=null, resources=null, tools=ToolCapabilities[listChanged=true]], Info: Implementation[name=simos-shell, title=null, version=0.1.0-SNAPSHOT, description=null, icons=null, websiteUrl=null] and Instructions null
03:27:01.411 INFO  io.mosire.simos.core.command.CommandBus - 命令冲突: type=sd.RunDecision commandId=858105de-c5d5-4834-bf74-9b93101b2b37 correlationId=858105de-c5d5-4834-bf74-9b93101b2b37 真实head=main@1
03:27:01.461 INFO  io.mosire.agentlib.approval.ApprovalHttpEndpoint - 审批 HTTP 面已停止（端口 45545）
03:27:01.461 INFO  io.mosire.agentlib.approval.HttpApprovalChannel - HTTP 审批通道已关闭
03:27:01.532 INFO  io.mosire.agentlib.mcp.AgentToMcpServer - MCP streamable server 已启动: name=simos-shell version=0.1.0-SNAPSHOT 外发工具 57 个 [map.CreateRegion, map.DeleteRegion, map.RandomizeRegion, map.RegisterPathwayGroup, map.SetEdge, map.SetTerrain, map.UpdateRegion, sd.AddCombatStage, sd.CancelEffect, sd.CommitCombatOutcome, sd.CreateArmy, sd.CreateCombat, sd.CreateDecisionMaker, sd.CreateNation, sd.IssueDirective, sd.PutInfo, sd.RecordCasualties, sd.RegisterEffect, sd.ResetDecisionMakerConversation, sd.RunDecision, sd.SetDecisionMakerAccess, sd.SetDecisionMakerProvider, sd.SetStageOutcomeTable, sd.StartDecision, sd.SubmitVerdict, simos.advance, simos.command.catalog, simos.command.submit, simos.fork, simos.map.hex, simos.map.overview, simos.social.population, simos.state.facets, simos.state.resolve, simos.timeline.branches, simos.unit.get, simos.unit.list, unit.ApplyCasualties, unit.AttachUnit, unit.CancelRoute, unit.CreateCommandChain, unit.CreateUnit, unit.DetachUnit, unit.DisbandUnit, unit.MergeFormation, unit.PlaceAt, unit.PlanRoute, unit.PlanSparseRoute, unit.RenameUnit, unit.ReparentSubtree, unit.ReparentUnit, unit.SetFormationOffset, unit.SetRejoinTarget, unit.SetStatus, unit.SetStrength, unit.SplitFormation, unit.UpdateCommandChain]；Registry 共 57 个，未外发 0 个 []
03:27:01.541 INFO  io.mosire.simos.app.gui.GuiServer - GUI 服务器已启动: http://127.0.0.1:44651/（静态 /webui，同源，无 CORS 头）
03:27:01.542 INFO  io.mosire.simos.app.Shell - Shell 装配完成: store=/tmp/junit-5084050021656038203 checkpointInterval=100 codec=4 handler=45 participant=2 resolver=4 facet=2 tool=57 mapId=Map1 bindAddress=127.0.0.1 mcpPort=45233 guiPort=44651 approvalPort=46585
03:27:01.545 INFO  io.modelcontextprotocol.server.McpAsyncServer - Client initialize request - Protocol: 2025-11-25, Capabilities: ClientCapabilities[experimental=null, roots=null, sampling=null, elicitation=null], Info: Implementation[name=Java SDK MCP Client, title=null, version=0.15.0, description=null, icons=null, websiteUrl=null]
03:27:01.547 INFO  io.modelcontextprotocol.client.LifecycleInitializer - Server response with Protocol: 2025-11-25, Capabilities: ServerCapabilities[completions=null, experimental=null, logging=LoggingCapabilities[], prompts=null, resources=null, tools=ToolCapabilities[listChanged=true]], Info: Implementation[name=simos-shell, title=null, version=0.1.0-SNAPSHOT, description=null, icons=null, websiteUrl=null] and Instructions null
03:27:01.553 INFO  io.mosire.agentlib.approval.ApprovalHttpEndpoint - 审批 HTTP 面已停止（端口 46585）
03:27:01.553 INFO  io.mosire.agentlib.approval.HttpApprovalChannel - HTTP 审批通道已关闭
03:27:01.613 INFO  io.mosire.agentlib.mcp.AgentToMcpServer - MCP streamable server 已启动: name=simos-shell version=0.1.0-SNAPSHOT 外发工具 57 个 [map.CreateRegion, map.DeleteRegion, map.RandomizeRegion, map.RegisterPathwayGroup, map.SetEdge, map.SetTerrain, map.UpdateRegion, sd.AddCombatStage, sd.CancelEffect, sd.CommitCombatOutcome, sd.CreateArmy, sd.CreateCombat, sd.CreateDecisionMaker, sd.CreateNation, sd.IssueDirective, sd.PutInfo, sd.RecordCasualties, sd.RegisterEffect, sd.ResetDecisionMakerConversation, sd.RunDecision, sd.SetDecisionMakerAccess, sd.SetDecisionMakerProvider, sd.SetStageOutcomeTable, sd.StartDecision, sd.SubmitVerdict, simos.advance, simos.command.catalog, simos.command.submit, simos.fork, simos.map.hex, simos.map.overview, simos.social.population, simos.state.facets, simos.state.resolve, simos.timeline.branches, simos.unit.get, simos.unit.list, unit.ApplyCasualties, unit.AttachUnit, unit.CancelRoute, unit.CreateCommandChain, unit.CreateUnit, unit.DetachUnit, unit.DisbandUnit, unit.MergeFormation, unit.PlaceAt, unit.PlanRoute, unit.PlanSparseRoute, unit.RenameUnit, unit.ReparentSubtree, unit.ReparentUnit, unit.SetFormationOffset, unit.SetRejoinTarget, unit.SetStatus, unit.SetStrength, unit.SplitFormation, unit.UpdateCommandChain]；Registry 共 57 个，未外发 0 个 []
03:27:01.622 INFO  io.mosire.simos.app.gui.GuiServer - GUI 服务器已启动: http://127.0.0.1:46461/（静态 /webui，同源，无 CORS 头）
03:27:01.622 INFO  io.mosire.simos.app.Shell - Shell 装配完成: store=/tmp/junit-5084050021656038203/unbound checkpointInterval=100 codec=4 handler=45 participant=2 resolver=4 facet=2 tool=57 mapId=Map1 bindAddress=127.0.0.1 mcpPort=45465 guiPort=46461 approvalPort=45649
03:27:01.625 INFO  io.modelcontextprotocol.server.McpAsyncServer - Client initialize request - Protocol: 2025-11-25, Capabilities: ClientCapabilities[experimental=null, roots=null, sampling=null, elicitation=null], Info: Implementation[name=Java SDK MCP Client, title=null, version=0.15.0, description=null, icons=null, websiteUrl=null]
03:27:01.627 INFO  io.modelcontextprotocol.client.LifecycleInitializer - Server response with Protocol: 2025-11-25, Capabilities: ServerCapabilities[completions=null, experimental=null, logging=LoggingCapabilities[], prompts=null, resources=null, tools=ToolCapabilities[listChanged=true]], Info: Implementation[name=simos-shell, title=null, version=0.1.0-SNAPSHOT, description=null, icons=null, websiteUrl=null] and Instructions null
03:27:01.654 INFO  io.mosire.simos.core.command.CommandBus - 命令提交: type=sd.RunDecision commandId=5553355b-f132-4384-baab-4fbd1ced06c3 correlationId=5553355b-f132-4384-baab-4fbd1ced06c3 新坐标=main@2
03:27:01.688 INFO  io.mosire.agentlib.approval.ApprovalHttpEndpoint - 审批 HTTP 面已停止（端口 45649）
03:27:01.689 INFO  io.mosire.agentlib.approval.HttpApprovalChannel - HTTP 审批通道已关闭
03:27:01.743 INFO  io.mosire.agentlib.mcp.AgentToMcpServer - MCP streamable server 已启动: name=simos-shell version=0.1.0-SNAPSHOT 外发工具 57 个 [map.CreateRegion, map.DeleteRegion, map.RandomizeRegion, map.RegisterPathwayGroup, map.SetEdge, map.SetTerrain, map.UpdateRegion, sd.AddCombatStage, sd.CancelEffect, sd.CommitCombatOutcome, sd.CreateArmy, sd.CreateCombat, sd.CreateDecisionMaker, sd.CreateNation, sd.IssueDirective, sd.PutInfo, sd.RecordCasualties, sd.RegisterEffect, sd.ResetDecisionMakerConversation, sd.RunDecision, sd.SetDecisionMakerAccess, sd.SetDecisionMakerProvider, sd.SetStageOutcomeTable, sd.StartDecision, sd.SubmitVerdict, simos.advance, simos.command.catalog, simos.command.submit, simos.fork, simos.map.hex, simos.map.overview, simos.social.population, simos.state.facets, simos.state.resolve, simos.timeline.branches, simos.unit.get, simos.unit.list, unit.ApplyCasualties, unit.AttachUnit, unit.CancelRoute, unit.CreateCommandChain, unit.CreateUnit, unit.DetachUnit, unit.DisbandUnit, unit.MergeFormation, unit.PlaceAt, unit.PlanRoute, unit.PlanSparseRoute, unit.RenameUnit, unit.ReparentSubtree, unit.ReparentUnit, unit.SetFormationOffset, unit.SetRejoinTarget, unit.SetStatus, unit.SetStrength, unit.SplitFormation, unit.UpdateCommandChain]；Registry 共 57 个，未外发 0 个 []
03:27:01.753 INFO  io.mosire.simos.app.gui.GuiServer - GUI 服务器已启动: http://127.0.0.1:44797/（静态 /webui，同源，无 CORS 头）
03:27:01.753 INFO  io.mosire.simos.app.Shell - Shell 装配完成: store=/tmp/junit-14951175225902589419 checkpointInterval=100 codec=4 handler=45 participant=2 resolver=4 facet=2 tool=57 mapId=Map1 bindAddress=127.0.0.1 mcpPort=45837 guiPort=44797 approvalPort=46291
03:27:01.756 INFO  io.modelcontextprotocol.server.McpAsyncServer - Client initialize request - Protocol: 2025-11-25, Capabilities: ClientCapabilities[experimental=null, roots=null, sampling=null, elicitation=null], Info: Implementation[name=Java SDK MCP Client, title=null, version=0.15.0, description=null, icons=null, websiteUrl=null]
03:27:01.757 INFO  io.modelcontextprotocol.client.LifecycleInitializer - Server response with Protocol: 2025-11-25, Capabilities: ServerCapabilities[completions=null, experimental=null, logging=LoggingCapabilities[], prompts=null, resources=null, tools=ToolCapabilities[listChanged=true]], Info: Implementation[name=simos-shell, title=null, version=0.1.0-SNAPSHOT, description=null, icons=null, websiteUrl=null] and Instructions null
03:27:01.777 INFO  io.mosire.simos.core.command.CommandBus - 命令提交: type=sd.RunDecision commandId=466ad974-9066-4770-add5-a63856334e11 correlationId=466ad974-9066-4770-add5-a63856334e11 新坐标=main@2
03:27:01.798 INFO  io.mosire.simos.app.decision.DecisionAgentService - 决策人 agent 一轮完成 decisionMakerId=dm-fra model=unknown llmCalls=2 toolCalls=1 conversationId=decision-maker:dm-fra
03:27:01.828 INFO  io.mosire.simos.core.command.CommandBus - 命令提交: type=sd.RunDecision commandId=c5b6ca08-6af0-4194-a3e9-70c77476a083 correlationId=c5b6ca08-6af0-4194-a3e9-70c77476a083 新坐标=main@3
03:27:01.834 INFO  io.mosire.simos.app.decision.DecisionAgentService - 决策人 agent 一轮完成 decisionMakerId=dm-fra model=unknown llmCalls=1 toolCalls=0 conversationId=decision-maker:dm-fra
03:27:01.874 INFO  io.mosire.agentlib.approval.ApprovalHttpEndpoint - 审批 HTTP 面已停止（端口 46291）
03:27:01.875 INFO  io.mosire.agentlib.approval.HttpApprovalChannel - HTTP 审批通道已关闭
03:27:01.943 INFO  io.mosire.agentlib.mcp.AgentToMcpServer - MCP streamable server 已启动: name=simos-shell version=0.1.0-SNAPSHOT 外发工具 57 个 [map.CreateRegion, map.DeleteRegion, map.RandomizeRegion, map.RegisterPathwayGroup, map.SetEdge, map.SetTerrain, map.UpdateRegion, sd.AddCombatStage, sd.CancelEffect, sd.CommitCombatOutcome, sd.CreateArmy, sd.CreateCombat, sd.CreateDecisionMaker, sd.CreateNation, sd.IssueDirective, sd.PutInfo, sd.RecordCasualties, sd.RegisterEffect, sd.ResetDecisionMakerConversation, sd.RunDecision, sd.SetDecisionMakerAccess, sd.SetDecisionMakerProvider, sd.SetStageOutcomeTable, sd.StartDecision, sd.SubmitVerdict, simos.advance, simos.command.catalog, simos.command.submit, simos.fork, simos.map.hex, simos.map.overview, simos.social.population, simos.state.facets, simos.state.resolve, simos.timeline.branches, simos.unit.get, simos.unit.list, unit.ApplyCasualties, unit.AttachUnit, unit.CancelRoute, unit.CreateCommandChain, unit.CreateUnit, unit.DetachUnit, unit.DisbandUnit, unit.MergeFormation, unit.PlaceAt, unit.PlanRoute, unit.PlanSparseRoute, unit.RenameUnit, unit.ReparentSubtree, unit.ReparentUnit, unit.SetFormationOffset, unit.SetRejoinTarget, unit.SetStatus, unit.SetStrength, unit.SplitFormation, unit.UpdateCommandChain]；Registry 共 57 个，未外发 0 个 []
03:27:01.951 INFO  io.mosire.simos.app.gui.GuiServer - GUI 服务器已启动: http://127.0.0.1:46629/（静态 /webui，同源，无 CORS 头）
03:27:01.952 INFO  io.mosire.simos.app.Shell - Shell 装配完成: store=/tmp/junit-9926200508706865603 checkpointInterval=100 codec=4 handler=45 participant=2 resolver=4 facet=2 tool=57 mapId=Map1 bindAddress=127.0.0.1 mcpPort=45379 guiPort=46629 approvalPort=45125
03:27:01.954 INFO  io.modelcontextprotocol.server.McpAsyncServer - Client initialize request - Protocol: 2025-11-25, Capabilities: ClientCapabilities[experimental=null, roots=null, sampling=null, elicitation=null], Info: Implementation[name=Java SDK MCP Client, title=null, version=0.15.0, description=null, icons=null, websiteUrl=null]
03:27:01.956 INFO  io.modelcontextprotocol.client.LifecycleInitializer - Server response with Protocol: 2025-11-25, Capabilities: ServerCapabilities[completions=null, experimental=null, logging=LoggingCapabilities[], prompts=null, resources=null, tools=ToolCapabilities[listChanged=true]], Info: Implementation[name=simos-shell, title=null, version=0.1.0-SNAPSHOT, description=null, icons=null, websiteUrl=null] and Instructions null
03:27:01.976 INFO  io.mosire.simos.core.command.CommandBus - 命令提交: type=sd.RunDecision commandId=7a76e152-cad5-4ea8-9a4c-6ac3b45abb14 correlationId=7a76e152-cad5-4ea8-9a4c-6ac3b45abb14 新坐标=main@2
03:27:01.993 INFO  io.mosire.simos.core.command.CommandBus - 命令提交: type=sd.IssueDirective commandId=9237ed39-8006-4487-8a4a-a5020bbb6201 correlationId=9237ed39-8006-4487-8a4a-a5020bbb6201 新坐标=main@3
03:27:01.999 INFO  io.mosire.simos.app.decision.DecisionAgentService - 决策人 agent 一轮完成 decisionMakerId=dm-fra model=unknown llmCalls=3 toolCalls=2 conversationId=decision-maker:dm-fra
03:27:02.022 INFO  io.mosire.agentlib.approval.ApprovalHttpEndpoint - 审批 HTTP 面已停止（端口 45125）
03:27:02.022 INFO  io.mosire.agentlib.approval.HttpApprovalChannel - HTTP 审批通道已关闭
03:27:02.080 INFO  io.mosire.agentlib.mcp.AgentToMcpServer - MCP streamable server 已启动: name=simos-shell version=0.1.0-SNAPSHOT 外发工具 57 个 [map.CreateRegion, map.DeleteRegion, map.RandomizeRegion, map.RegisterPathwayGroup, map.SetEdge, map.SetTerrain, map.UpdateRegion, sd.AddCombatStage, sd.CancelEffect, sd.CommitCombatOutcome, sd.CreateArmy, sd.CreateCombat, sd.CreateDecisionMaker, sd.CreateNation, sd.IssueDirective, sd.PutInfo, sd.RecordCasualties, sd.RegisterEffect, sd.ResetDecisionMakerConversation, sd.RunDecision, sd.SetDecisionMakerAccess, sd.SetDecisionMakerProvider, sd.SetStageOutcomeTable, sd.StartDecision, sd.SubmitVerdict, simos.advance, simos.command.catalog, simos.command.submit, simos.fork, simos.map.hex, simos.map.overview, simos.social.population, simos.state.facets, simos.state.resolve, simos.timeline.branches, simos.unit.get, simos.unit.list, unit.ApplyCasualties, unit.AttachUnit, unit.CancelRoute, unit.CreateCommandChain, unit.CreateUnit, unit.DetachUnit, unit.DisbandUnit, unit.MergeFormation, unit.PlaceAt, unit.PlanRoute, unit.PlanSparseRoute, unit.RenameUnit, unit.ReparentSubtree, unit.ReparentUnit, unit.SetFormationOffset, unit.SetRejoinTarget, unit.SetStatus, unit.SetStrength, unit.SplitFormation, unit.UpdateCommandChain]；Registry 共 57 个，未外发 0 个 []
03:27:02.089 INFO  io.mosire.simos.app.gui.GuiServer - GUI 服务器已启动: http://127.0.0.1:44763/（静态 /webui，同源，无 CORS 头）
03:27:02.089 INFO  io.mosire.simos.app.Shell - Shell 装配完成: store=/tmp/junit-5614633256561055692 checkpointInterval=100 codec=4 handler=45 participant=2 resolver=4 facet=2 tool=57 mapId=Map1 bindAddress=127.0.0.1 mcpPort=45879 guiPort=44763 approvalPort=46247
03:27:02.092 INFO  io.modelcontextprotocol.server.McpAsyncServer - Client initialize request - Protocol: 2025-11-25, Capabilities: ClientCapabilities[experimental=null, roots=null, sampling=null, elicitation=null], Info: Implementation[name=Java SDK MCP Client, title=null, version=0.15.0, description=null, icons=null, websiteUrl=null]
03:27:02.093 INFO  io.modelcontextprotocol.client.LifecycleInitializer - Server response with Protocol: 2025-11-25, Capabilities: ServerCapabilities[completions=null, experimental=null, logging=LoggingCapabilities[], prompts=null, resources=null, tools=ToolCapabilities[listChanged=true]], Info: Implementation[name=simos-shell, title=null, version=0.1.0-SNAPSHOT, description=null, icons=null, websiteUrl=null] and Instructions null
03:27:02.097 INFO  io.mosire.agentlib.approval.ApprovalHttpEndpoint - 审批 HTTP 面已停止（端口 46247）
03:27:02.097 INFO  io.mosire.agentlib.approval.HttpApprovalChannel - HTTP 审批通道已关闭
03:27:02.155 INFO  io.mosire.agentlib.mcp.AgentToMcpServer - MCP streamable server 已启动: name=simos-shell version=0.1.0-SNAPSHOT 外发工具 57 个 [map.CreateRegion, map.DeleteRegion, map.RandomizeRegion, map.RegisterPathwayGroup, map.SetEdge, map.SetTerrain, map.UpdateRegion, sd.AddCombatStage, sd.CancelEffect, sd.CommitCombatOutcome, sd.CreateArmy, sd.CreateCombat, sd.CreateDecisionMaker, sd.CreateNation, sd.IssueDirective, sd.PutInfo, sd.RecordCasualties, sd.RegisterEffect, sd.ResetDecisionMakerConversation, sd.RunDecision, sd.SetDecisionMakerAccess, sd.SetDecisionMakerProvider, sd.SetStageOutcomeTable, sd.StartDecision, sd.SubmitVerdict, simos.advance, simos.command.catalog, simos.command.submit, simos.fork, simos.map.hex, simos.map.overview, simos.social.population, simos.state.facets, simos.state.resolve, simos.timeline.branches, simos.unit.get, simos.unit.list, unit.ApplyCasualties, unit.AttachUnit, unit.CancelRoute, unit.CreateCommandChain, unit.CreateUnit, unit.DetachUnit, unit.DisbandUnit, unit.MergeFormation, unit.PlaceAt, unit.PlanRoute, unit.PlanSparseRoute, unit.RenameUnit, unit.ReparentSubtree, unit.ReparentUnit, unit.SetFormationOffset, unit.SetRejoinTarget, unit.SetStatus, unit.SetStrength, unit.SplitFormation, unit.UpdateCommandChain]；Registry 共 57 个，未外发 0 个 []
03:27:02.164 INFO  io.mosire.simos.app.gui.GuiServer - GUI 服务器已启动: http://127.0.0.1:46605/（静态 /webui，同源，无 CORS 头）
03:27:02.165 INFO  io.mosire.simos.app.Shell - Shell 装配完成: store=/tmp/junit-3050182979349609807 checkpointInterval=100 codec=4 handler=45 participant=2 resolver=4 facet=2 tool=57 mapId=Map1 bindAddress=127.0.0.1 mcpPort=46633 guiPort=46605 approvalPort=45903
03:27:02.167 INFO  io.modelcontextprotocol.server.McpAsyncServer - Client initialize request - Protocol: 2025-11-25, Capabilities: ClientCapabilities[experimental=null, roots=null, sampling=null, elicitation=null], Info: Implementation[name=Java SDK MCP Client, title=null, version=0.15.0, description=null, icons=null, websiteUrl=null]
03:27:02.170 INFO  io.modelcontextprotocol.client.LifecycleInitializer - Server response with Protocol: 2025-11-25, Capabilities: ServerCapabilities[completions=null, experimental=null, logging=LoggingCapabilities[], prompts=null, resources=null, tools=ToolCapabilities[listChanged=true]], Info: Implementation[name=simos-shell, title=null, version=0.1.0-SNAPSHOT, description=null, icons=null, websiteUrl=null] and Instructions null
03:27:02.190 INFO  io.mosire.simos.core.command.CommandBus - 命令提交: type=sd.RunDecision commandId=c56d136d-7d7b-44fa-8549-88235cc54bac correlationId=c56d136d-7d7b-44fa-8549-88235cc54bac 新坐标=main@2
03:27:02.293 WARN  io.mosire.simos.app.decision.DecisionAgentService - 决策人 agent 撞上回合预算 decisionMakerId=dm-fra model=unknown llmCalls=20
03:27:02.306 INFO  io.mosire.agentlib.approval.ApprovalHttpEndpoint - 审批 HTTP 面已停止（端口 45903）
03:27:02.307 INFO  io.mosire.agentlib.approval.HttpApprovalChannel - HTTP 审批通道已关闭
[INFO] Tests run: 6, Failures: 0, Errors: 0, Skipped: 0, Time elapsed: 1.116 s -- in io.mosire.simos.app.decision.RunDecisionEndToEndTest
[INFO] Running io.mosire.simos.app.decision.ResetConversationEndToEndTest
03:27:02.365 INFO  io.mosire.agentlib.mcp.AgentToMcpServer - MCP streamable server 已启动: name=simos-shell version=0.1.0-SNAPSHOT 外发工具 57 个 [map.CreateRegion, map.DeleteRegion, map.RandomizeRegion, map.RegisterPathwayGroup, map.SetEdge, map.SetTerrain, map.UpdateRegion, sd.AddCombatStage, sd.CancelEffect, sd.CommitCombatOutcome, sd.CreateArmy, sd.CreateCombat, sd.CreateDecisionMaker, sd.CreateNation, sd.IssueDirective, sd.PutInfo, sd.RecordCasualties, sd.RegisterEffect, sd.ResetDecisionMakerConversation, sd.RunDecision, sd.SetDecisionMakerAccess, sd.SetDecisionMakerProvider, sd.SetStageOutcomeTable, sd.StartDecision, sd.SubmitVerdict, simos.advance, simos.command.catalog, simos.command.submit, simos.fork, simos.map.hex, simos.map.overview, simos.social.population, simos.state.facets, simos.state.resolve, simos.timeline.branches, simos.unit.get, simos.unit.list, unit.ApplyCasualties, unit.AttachUnit, unit.CancelRoute, unit.CreateCommandChain, unit.CreateUnit, unit.DetachUnit, unit.DisbandUnit, unit.MergeFormation, unit.PlaceAt, unit.PlanRoute, unit.PlanSparseRoute, unit.RenameUnit, unit.ReparentSubtree, unit.ReparentUnit, unit.SetFormationOffset, unit.SetRejoinTarget, unit.SetStatus, unit.SetStrength, unit.SplitFormation, unit.UpdateCommandChain]；Registry 共 57 个，未外发 0 个 []
03:27:02.375 INFO  io.mosire.simos.app.gui.GuiServer - GUI 服务器已启动: http://127.0.0.1:45509/（静态 /webui，同源，无 CORS 头）
03:27:02.375 INFO  io.mosire.simos.app.Shell - Shell 装配完成: store=/tmp/junit-17562692447376151386 checkpointInterval=100 codec=4 handler=45 participant=2 resolver=4 facet=2 tool=57 mapId=Map1 bindAddress=127.0.0.1 mcpPort=45885 guiPort=45509 approvalPort=44915
03:27:02.378 INFO  io.modelcontextprotocol.server.McpAsyncServer - Client initialize request - Protocol: 2025-11-25, Capabilities: ClientCapabilities[experimental=null, roots=null, sampling=null, elicitation=null], Info: Implementation[name=Java SDK MCP Client, title=null, version=0.15.0, description=null, icons=null, websiteUrl=null]
03:27:02.379 INFO  io.modelcontextprotocol.client.LifecycleInitializer - Server response with Protocol: 2025-11-25, Capabilities: ServerCapabilities[completions=null, experimental=null, logging=LoggingCapabilities[], prompts=null, resources=null, tools=ToolCapabilities[listChanged=true]], Info: Implementation[name=simos-shell, title=null, version=0.1.0-SNAPSHOT, description=null, icons=null, websiteUrl=null] and Instructions null
03:27:02.401 INFO  io.mosire.simos.core.command.CommandBus - 命令被拒: type=sd.ResetDecisionMakerConversation commandId=eb206ddb-6586-463b-8dbc-75d9d4738757 correlationId=eb206ddb-6586-463b-8dbc-75d9d4738757 原因=决策人不存在: dm-nope
03:27:02.435 INFO  io.mosire.agentlib.approval.ApprovalHttpEndpoint - 审批 HTTP 面已停止（端口 44915）
03:27:02.435 INFO  io.mosire.agentlib.approval.HttpApprovalChannel - HTTP 审批通道已关闭
03:27:02.496 INFO  io.mosire.agentlib.mcp.AgentToMcpServer - MCP streamable server 已启动: name=simos-shell version=0.1.0-SNAPSHOT 外发工具 57 个 [map.CreateRegion, map.DeleteRegion, map.RandomizeRegion, map.RegisterPathwayGroup, map.SetEdge, map.SetTerrain, map.UpdateRegion, sd.AddCombatStage, sd.CancelEffect, sd.CommitCombatOutcome, sd.CreateArmy, sd.CreateCombat, sd.CreateDecisionMaker, sd.CreateNation, sd.IssueDirective, sd.PutInfo, sd.RecordCasualties, sd.RegisterEffect, sd.ResetDecisionMakerConversation, sd.RunDecision, sd.SetDecisionMakerAccess, sd.SetDecisionMakerProvider, sd.SetStageOutcomeTable, sd.StartDecision, sd.SubmitVerdict, simos.advance, simos.command.catalog, simos.command.submit, simos.fork, simos.map.hex, simos.map.overview, simos.social.population, simos.state.facets, simos.state.resolve, simos.timeline.branches, simos.unit.get, simos.unit.list, unit.ApplyCasualties, unit.AttachUnit, unit.CancelRoute, unit.CreateCommandChain, unit.CreateUnit, unit.DetachUnit, unit.DisbandUnit, unit.MergeFormation, unit.PlaceAt, unit.PlanRoute, unit.PlanSparseRoute, unit.RenameUnit, unit.ReparentSubtree, unit.ReparentUnit, unit.SetFormationOffset, unit.SetRejoinTarget, unit.SetStatus, unit.SetStrength, unit.SplitFormation, unit.UpdateCommandChain]；Registry 共 57 个，未外发 0 个 []
03:27:02.506 INFO  io.mosire.simos.app.gui.GuiServer - GUI 服务器已启动: http://127.0.0.1:46175/（静态 /webui，同源，无 CORS 头）
03:27:02.506 INFO  io.mosire.simos.app.Shell - Shell 装配完成: store=/tmp/junit-7373088270678765207 checkpointInterval=100 codec=4 handler=45 participant=2 resolver=4 facet=2 tool=57 mapId=Map1 bindAddress=127.0.0.1 mcpPort=46559 guiPort=46175 approvalPort=46335
03:27:02.509 INFO  io.modelcontextprotocol.server.McpAsyncServer - Client initialize request - Protocol: 2025-11-25, Capabilities: ClientCapabilities[experimental=null, roots=null, sampling=null, elicitation=null], Info: Implementation[name=Java SDK MCP Client, title=null, version=0.15.0, description=null, icons=null, websiteUrl=null]
03:27:02.510 INFO  io.modelcontextprotocol.client.LifecycleInitializer - Server response with Protocol: 2025-11-25, Capabilities: ServerCapabilities[completions=null, experimental=null, logging=LoggingCapabilities[], prompts=null, resources=null, tools=ToolCapabilities[listChanged=true]], Info: Implementation[name=simos-shell, title=null, version=0.1.0-SNAPSHOT, description=null, icons=null, websiteUrl=null] and Instructions null
03:27:02.529 INFO  io.mosire.simos.core.command.CommandBus - 命令提交: type=sd.RunDecision commandId=a02ab3a2-63b5-44c7-91cb-d4ecb62d9834 correlationId=a02ab3a2-63b5-44c7-91cb-d4ecb62d9834 新坐标=main@2
03:27:02.535 INFO  io.mosire.simos.app.decision.DecisionAgentService - 决策人 agent 一轮完成 decisionMakerId=dm-fra model=unknown llmCalls=1 toolCalls=0 conversationId=decision-maker:dm-fra
03:27:02.579 INFO  io.mosire.simos.core.command.CommandBus - 命令提交: type=sd.ResetDecisionMakerConversation commandId=2369cb03-8b9a-48e2-bec2-6d931636b91c correlationId=2369cb03-8b9a-48e2-bec2-6d931636b91c 新坐标=main@3
03:27:02.630 INFO  io.mosire.simos.core.command.CommandBus - 命令提交: type=sd.RunDecision commandId=ff4da3cc-9273-4007-a702-2c1c9bef9a99 correlationId=ff4da3cc-9273-4007-a702-2c1c9bef9a99 新坐标=main@4
03:27:02.637 INFO  io.mosire.simos.app.decision.DecisionAgentService - 决策人 agent 一轮完成 decisionMakerId=dm-fra model=unknown llmCalls=1 toolCalls=0 conversationId=decision-maker#1:dm-fra
03:27:02.680 INFO  io.mosire.simos.core.command.CommandBus - 命令提交: type=sd.RunDecision commandId=99ac3bec-9370-4f21-a505-c5c18fb13229 correlationId=99ac3bec-9370-4f21-a505-c5c18fb13229 新坐标=main@5
03:27:02.684 INFO  io.mosire.simos.app.decision.DecisionAgentService - 决策人 agent 一轮完成 decisionMakerId=dm-fra model=unknown llmCalls=1 toolCalls=0 conversationId=decision-maker#1:dm-fra
03:27:02.723 INFO  io.mosire.agentlib.approval.ApprovalHttpEndpoint - 审批 HTTP 面已停止（端口 46335）
03:27:02.723 INFO  io.mosire.agentlib.approval.HttpApprovalChannel - HTTP 审批通道已关闭
03:27:02.784 INFO  io.mosire.agentlib.mcp.AgentToMcpServer - MCP streamable server 已启动: name=simos-shell version=0.1.0-SNAPSHOT 外发工具 57 个 [map.CreateRegion, map.DeleteRegion, map.RandomizeRegion, map.RegisterPathwayGroup, map.SetEdge, map.SetTerrain, map.UpdateRegion, sd.AddCombatStage, sd.CancelEffect, sd.CommitCombatOutcome, sd.CreateArmy, sd.CreateCombat, sd.CreateDecisionMaker, sd.CreateNation, sd.IssueDirective, sd.PutInfo, sd.RecordCasualties, sd.RegisterEffect, sd.ResetDecisionMakerConversation, sd.RunDecision, sd.SetDecisionMakerAccess, sd.SetDecisionMakerProvider, sd.SetStageOutcomeTable, sd.StartDecision, sd.SubmitVerdict, simos.advance, simos.command.catalog, simos.command.submit, simos.fork, simos.map.hex, simos.map.overview, simos.social.population, simos.state.facets, simos.state.resolve, simos.timeline.branches, simos.unit.get, simos.unit.list, unit.ApplyCasualties, unit.AttachUnit, unit.CancelRoute, unit.CreateCommandChain, unit.CreateUnit, unit.DetachUnit, unit.DisbandUnit, unit.MergeFormation, unit.PlaceAt, unit.PlanRoute, unit.PlanSparseRoute, unit.RenameUnit, unit.ReparentSubtree, unit.ReparentUnit, unit.SetFormationOffset, unit.SetRejoinTarget, unit.SetStatus, unit.SetStrength, unit.SplitFormation, unit.UpdateCommandChain]；Registry 共 57 个，未外发 0 个 []
03:27:02.793 INFO  io.mosire.simos.app.gui.GuiServer - GUI 服务器已启动: http://127.0.0.1:44861/（静态 /webui，同源，无 CORS 头）
03:27:02.794 INFO  io.mosire.simos.app.Shell - Shell 装配完成: store=/tmp/junit-16374423445992295501 checkpointInterval=100 codec=4 handler=45 participant=2 resolver=4 facet=2 tool=57 mapId=Map1 bindAddress=127.0.0.1 mcpPort=45987 guiPort=44861 approvalPort=46053
03:27:02.796 INFO  io.modelcontextprotocol.server.McpAsyncServer - Client initialize request - Protocol: 2025-11-25, Capabilities: ClientCapabilities[experimental=null, roots=null, sampling=null, elicitation=null], Info: Implementation[name=Java SDK MCP Client, title=null, version=0.15.0, description=null, icons=null, websiteUrl=null]
03:27:02.798 INFO  io.modelcontextprotocol.client.LifecycleInitializer - Server response with Protocol: 2025-11-25, Capabilities: ServerCapabilities[completions=null, experimental=null, logging=LoggingCapabilities[], prompts=null, resources=null, tools=ToolCapabilities[listChanged=true]], Info: Implementation[name=simos-shell, title=null, version=0.1.0-SNAPSHOT, description=null, icons=null, websiteUrl=null] and Instructions null
03:27:02.803 INFO  io.mosire.agentlib.approval.ApprovalHttpEndpoint - 审批 HTTP 面已停止（端口 46053）
03:27:02.803 INFO  io.mosire.agentlib.approval.HttpApprovalChannel - HTTP 审批通道已关闭
03:27:02.861 INFO  io.mosire.agentlib.mcp.AgentToMcpServer - MCP streamable server 已启动: name=simos-shell version=0.1.0-SNAPSHOT 外发工具 57 个 [map.CreateRegion, map.DeleteRegion, map.RandomizeRegion, map.RegisterPathwayGroup, map.SetEdge, map.SetTerrain, map.UpdateRegion, sd.AddCombatStage, sd.CancelEffect, sd.CommitCombatOutcome, sd.CreateArmy, sd.CreateCombat, sd.CreateDecisionMaker, sd.CreateNation, sd.IssueDirective, sd.PutInfo, sd.RecordCasualties, sd.RegisterEffect, sd.ResetDecisionMakerConversation, sd.RunDecision, sd.SetDecisionMakerAccess, sd.SetDecisionMakerProvider, sd.SetStageOutcomeTable, sd.StartDecision, sd.SubmitVerdict, simos.advance, simos.command.catalog, simos.command.submit, simos.fork, simos.map.hex, simos.map.overview, simos.social.population, simos.state.facets, simos.state.resolve, simos.timeline.branches, simos.unit.get, simos.unit.list, unit.ApplyCasualties, unit.AttachUnit, unit.CancelRoute, unit.CreateCommandChain, unit.CreateUnit, unit.DetachUnit, unit.DisbandUnit, unit.MergeFormation, unit.PlaceAt, unit.PlanRoute, unit.PlanSparseRoute, unit.RenameUnit, unit.ReparentSubtree, unit.ReparentUnit, unit.SetFormationOffset, unit.SetRejoinTarget, unit.SetStatus, unit.SetStrength, unit.SplitFormation, unit.UpdateCommandChain]；Registry 共 57 个，未外发 0 个 []
03:27:02.870 INFO  io.mosire.simos.app.gui.GuiServer - GUI 服务器已启动: http://127.0.0.1:46093/（静态 /webui，同源，无 CORS 头）
03:27:02.871 INFO  io.mosire.simos.app.Shell - Shell 装配完成: store=/tmp/junit-5474260196309498763 checkpointInterval=100 codec=4 handler=45 participant=2 resolver=4 facet=2 tool=57 mapId=Map1 bindAddress=127.0.0.1 mcpPort=45945 guiPort=46093 approvalPort=45611
03:27:02.873 INFO  io.modelcontextprotocol.server.McpAsyncServer - Client initialize request - Protocol: 2025-11-25, Capabilities: ClientCapabilities[experimental=null, roots=null, sampling=null, elicitation=null], Info: Implementation[name=Java SDK MCP Client, title=null, version=0.15.0, description=null, icons=null, websiteUrl=null]
03:27:02.874 INFO  io.modelcontextprotocol.client.LifecycleInitializer - Server response with Protocol: 2025-11-25, Capabilities: ServerCapabilities[completions=null, experimental=null, logging=LoggingCapabilities[], prompts=null, resources=null, tools=ToolCapabilities[listChanged=true]], Info: Implementation[name=simos-shell, title=null, version=0.1.0-SNAPSHOT, description=null, icons=null, websiteUrl=null] and Instructions null
03:27:02.893 INFO  io.mosire.simos.core.command.CommandBus - 命令提交: type=sd.RunDecision commandId=d13d7f9f-b17e-4225-9555-a07673f377dc correlationId=d13d7f9f-b17e-4225-9555-a07673f377dc 新坐标=main@2
03:27:02.906 INFO  io.mosire.simos.app.decision.DecisionAgentService - 决策人 agent 一轮完成 decisionMakerId=dm-fra model=unknown llmCalls=2 toolCalls=1 conversationId=decision-maker:dm-fra
03:27:02.942 INFO  io.mosire.simos.core.command.CommandBus - 命令提交: type=sd.RunDecision commandId=23fa4d56-d385-48ad-af23-ecd5e4a70dca correlationId=23fa4d56-d385-48ad-af23-ecd5e4a70dca 新坐标=main@3
03:27:02.946 INFO  io.mosire.simos.app.decision.DecisionAgentService - 决策人 agent 一轮完成 decisionMakerId=dm-fra model=unknown llmCalls=1 toolCalls=0 conversationId=decision-maker:dm-fra
03:27:02.994 INFO  io.mosire.simos.core.command.CommandBus - 命令提交: type=sd.ResetDecisionMakerConversation commandId=c1877709-125b-4852-ad48-757355e74135 correlationId=c1877709-125b-4852-ad48-757355e74135 新坐标=main@4
03:27:03.052 INFO  io.mosire.simos.core.command.CommandBus - 命令提交: type=sd.RunDecision commandId=48b93ca8-2656-4c9d-ac11-4e296626ea99 correlationId=48b93ca8-2656-4c9d-ac11-4e296626ea99 新坐标=main@5
03:27:03.058 INFO  io.mosire.simos.app.decision.DecisionAgentService - 决策人 agent 一轮完成 decisionMakerId=dm-fra model=unknown llmCalls=1 toolCalls=0 conversationId=decision-maker#1:dm-fra
03:27:03.094 INFO  io.mosire.agentlib.approval.ApprovalHttpEndpoint - 审批 HTTP 面已停止（端口 45611）
03:27:03.094 INFO  io.mosire.agentlib.approval.HttpApprovalChannel - HTTP 审批通道已关闭
[INFO] Tests run: 4, Failures: 0, Errors: 0, Skipped: 0, Time elapsed: 0.788 s -- in io.mosire.simos.app.decision.ResetConversationEndToEndTest
[INFO] Running io.mosire.simos.app.decision.DecisionAgentRunnerTest
03:27:03.154 INFO  io.mosire.agentlib.mcp.AgentToMcpServer - MCP streamable server 已启动: name=simos-shell version=0.1.0-SNAPSHOT 外发工具 57 个 [map.CreateRegion, map.DeleteRegion, map.RandomizeRegion, map.RegisterPathwayGroup, map.SetEdge, map.SetTerrain, map.UpdateRegion, sd.AddCombatStage, sd.CancelEffect, sd.CommitCombatOutcome, sd.CreateArmy, sd.CreateCombat, sd.CreateDecisionMaker, sd.CreateNation, sd.IssueDirective, sd.PutInfo, sd.RecordCasualties, sd.RegisterEffect, sd.ResetDecisionMakerConversation, sd.RunDecision, sd.SetDecisionMakerAccess, sd.SetDecisionMakerProvider, sd.SetStageOutcomeTable, sd.StartDecision, sd.SubmitVerdict, simos.advance, simos.command.catalog, simos.command.submit, simos.fork, simos.map.hex, simos.map.overview, simos.social.population, simos.state.facets, simos.state.resolve, simos.timeline.branches, simos.unit.get, simos.unit.list, unit.ApplyCasualties, unit.AttachUnit, unit.CancelRoute, unit.CreateCommandChain, unit.CreateUnit, unit.DetachUnit, unit.DisbandUnit, unit.MergeFormation, unit.PlaceAt, unit.PlanRoute, unit.PlanSparseRoute, unit.RenameUnit, unit.ReparentSubtree, unit.ReparentUnit, unit.SetFormationOffset, unit.SetRejoinTarget, unit.SetStatus, unit.SetStrength, unit.SplitFormation, unit.UpdateCommandChain]；Registry 共 57 个，未外发 0 个 []
03:27:03.163 INFO  io.mosire.simos.app.gui.GuiServer - GUI 服务器已启动: http://127.0.0.1:44775/（静态 /webui，同源，无 CORS 头）
03:27:03.163 INFO  io.mosire.simos.app.Shell - Shell 装配完成: store=/tmp/junit-13744782257324122475 checkpointInterval=100 codec=4 handler=45 participant=2 resolver=4 facet=2 tool=57 mapId=Map1 bindAddress=127.0.0.1 mcpPort=46065 guiPort=44775 approvalPort=46157
03:27:03.174 INFO  io.mosire.agentlib.approval.ApprovalHttpEndpoint - 审批 HTTP 面已停止（端口 46157）
03:27:03.176 INFO  io.mosire.agentlib.approval.HttpApprovalChannel - HTTP 审批通道已关闭
03:27:03.232 INFO  io.mosire.agentlib.mcp.AgentToMcpServer - MCP streamable server 已启动: name=simos-shell version=0.1.0-SNAPSHOT 外发工具 57 个 [map.CreateRegion, map.DeleteRegion, map.RandomizeRegion, map.RegisterPathwayGroup, map.SetEdge, map.SetTerrain, map.UpdateRegion, sd.AddCombatStage, sd.CancelEffect, sd.CommitCombatOutcome, sd.CreateArmy, sd.CreateCombat, sd.CreateDecisionMaker, sd.CreateNation, sd.IssueDirective, sd.PutInfo, sd.RecordCasualties, sd.RegisterEffect, sd.ResetDecisionMakerConversation, sd.RunDecision, sd.SetDecisionMakerAccess, sd.SetDecisionMakerProvider, sd.SetStageOutcomeTable, sd.StartDecision, sd.SubmitVerdict, simos.advance, simos.command.catalog, simos.command.submit, simos.fork, simos.map.hex, simos.map.overview, simos.social.population, simos.state.facets, simos.state.resolve, simos.timeline.branches, simos.unit.get, simos.unit.list, unit.ApplyCasualties, unit.AttachUnit, unit.CancelRoute, unit.CreateCommandChain, unit.CreateUnit, unit.DetachUnit, unit.DisbandUnit, unit.MergeFormation, unit.PlaceAt, unit.PlanRoute, unit.PlanSparseRoute, unit.RenameUnit, unit.ReparentSubtree, unit.ReparentUnit, unit.SetFormationOffset, unit.SetRejoinTarget, unit.SetStatus, unit.SetStrength, unit.SplitFormation, unit.UpdateCommandChain]；Registry 共 57 个，未外发 0 个 []
03:27:03.241 INFO  io.mosire.simos.app.gui.GuiServer - GUI 服务器已启动: http://127.0.0.1:44813/（静态 /webui，同源，无 CORS 头）
03:27:03.242 INFO  io.mosire.simos.app.Shell - Shell 装配完成: store=/tmp/junit-2286265893329100908 checkpointInterval=100 codec=4 handler=45 participant=2 resolver=4 facet=2 tool=57 mapId=Map1 bindAddress=127.0.0.1 mcpPort=45615 guiPort=44813 approvalPort=46433
03:27:03.252 INFO  io.mosire.agentlib.approval.ApprovalHttpEndpoint - 审批 HTTP 面已停止（端口 46433）
03:27:03.252 INFO  io.mosire.agentlib.approval.HttpApprovalChannel - HTTP 审批通道已关闭
03:27:03.306 INFO  io.mosire.agentlib.mcp.AgentToMcpServer - MCP streamable server 已启动: name=simos-shell version=0.1.0-SNAPSHOT 外发工具 57 个 [map.CreateRegion, map.DeleteRegion, map.RandomizeRegion, map.RegisterPathwayGroup, map.SetEdge, map.SetTerrain, map.UpdateRegion, sd.AddCombatStage, sd.CancelEffect, sd.CommitCombatOutcome, sd.CreateArmy, sd.CreateCombat, sd.CreateDecisionMaker, sd.CreateNation, sd.IssueDirective, sd.PutInfo, sd.RecordCasualties, sd.RegisterEffect, sd.ResetDecisionMakerConversation, sd.RunDecision, sd.SetDecisionMakerAccess, sd.SetDecisionMakerProvider, sd.SetStageOutcomeTable, sd.StartDecision, sd.SubmitVerdict, simos.advance, simos.command.catalog, simos.command.submit, simos.fork, simos.map.hex, simos.map.overview, simos.social.population, simos.state.facets, simos.state.resolve, simos.timeline.branches, simos.unit.get, simos.unit.list, unit.ApplyCasualties, unit.AttachUnit, unit.CancelRoute, unit.CreateCommandChain, unit.CreateUnit, unit.DetachUnit, unit.DisbandUnit, unit.MergeFormation, unit.PlaceAt, unit.PlanRoute, unit.PlanSparseRoute, unit.RenameUnit, unit.ReparentSubtree, unit.ReparentUnit, unit.SetFormationOffset, unit.SetRejoinTarget, unit.SetStatus, unit.SetStrength, unit.SplitFormation, unit.UpdateCommandChain]；Registry 共 57 个，未外发 0 个 []
03:27:03.316 INFO  io.mosire.simos.app.gui.GuiServer - GUI 服务器已启动: http://127.0.0.1:44949/（静态 /webui，同源，无 CORS 头）
03:27:03.316 INFO  io.mosire.simos.app.Shell - Shell 装配完成: store=/tmp/junit-18298988313012806918 checkpointInterval=100 codec=4 handler=45 participant=2 resolver=4 facet=2 tool=57 mapId=Map1 bindAddress=127.0.0.1 mcpPort=46301 guiPort=44949 approvalPort=45819
03:27:03.362 INFO  io.mosire.simos.core.command.CommandBus - 命令被拒: type=sd.IssueDirective commandId=af1a9c80-41bc-4bce-b25c-81b7dbacff07 correlationId=af1a9c80-41bc-4bce-b25c-81b7dbacff07 原因=决策命令不得自指 sd.*（防无限递归）: sd.RegisterEffect
03:27:03.376 INFO  io.mosire.simos.core.command.CommandBus - 命令提交: type=sd.IssueDirective commandId=39cd6d0e-69c1-4dfb-a830-86dbd88aa4e7 correlationId=39cd6d0e-69c1-4dfb-a830-86dbd88aa4e7 新坐标=main@2
03:27:03.385 INFO  io.mosire.agentlib.approval.ApprovalHttpEndpoint - 审批 HTTP 面已停止（端口 45819）
03:27:03.386 INFO  io.mosire.agentlib.approval.HttpApprovalChannel - HTTP 审批通道已关闭
03:27:03.442 INFO  io.mosire.agentlib.mcp.AgentToMcpServer - MCP streamable server 已启动: name=simos-shell version=0.1.0-SNAPSHOT 外发工具 57 个 [map.CreateRegion, map.DeleteRegion, map.RandomizeRegion, map.RegisterPathwayGroup, map.SetEdge, map.SetTerrain, map.UpdateRegion, sd.AddCombatStage, sd.CancelEffect, sd.CommitCombatOutcome, sd.CreateArmy, sd.CreateCombat, sd.CreateDecisionMaker, sd.CreateNation, sd.IssueDirective, sd.PutInfo, sd.RecordCasualties, sd.RegisterEffect, sd.ResetDecisionMakerConversation, sd.RunDecision, sd.SetDecisionMakerAccess, sd.SetDecisionMakerProvider, sd.SetStageOutcomeTable, sd.StartDecision, sd.SubmitVerdict, simos.advance, simos.command.catalog, simos.command.submit, simos.fork, simos.map.hex, simos.map.overview, simos.social.population, simos.state.facets, simos.state.resolve, simos.timeline.branches, simos.unit.get, simos.unit.list, unit.ApplyCasualties, unit.AttachUnit, unit.CancelRoute, unit.CreateCommandChain, unit.CreateUnit, unit.DetachUnit, unit.DisbandUnit, unit.MergeFormation, unit.PlaceAt, unit.PlanRoute, unit.PlanSparseRoute, unit.RenameUnit, unit.ReparentSubtree, unit.ReparentUnit, unit.SetFormationOffset, unit.SetRejoinTarget, unit.SetStatus, unit.SetStrength, unit.SplitFormation, unit.UpdateCommandChain]；Registry 共 57 个，未外发 0 个 []
03:27:03.452 INFO  io.mosire.simos.app.gui.GuiServer - GUI 服务器已启动: http://127.0.0.1:46203/（静态 /webui，同源，无 CORS 头）
03:27:03.452 INFO  io.mosire.simos.app.Shell - Shell 装配完成: store=/tmp/junit-4099388516147157463 checkpointInterval=100 codec=4 handler=45 participant=2 resolver=4 facet=2 tool=57 mapId=Map1 bindAddress=127.0.0.1 mcpPort=46087 guiPort=46203 approvalPort=45779
03:27:03.473 INFO  io.mosire.agentlib.approval.ApprovalHttpEndpoint - 审批 HTTP 面已停止（端口 45779）
03:27:03.473 INFO  io.mosire.agentlib.approval.HttpApprovalChannel - HTTP 审批通道已关闭
03:27:03.528 INFO  io.mosire.agentlib.mcp.AgentToMcpServer - MCP streamable server 已启动: name=simos-shell version=0.1.0-SNAPSHOT 外发工具 57 个 [map.CreateRegion, map.DeleteRegion, map.RandomizeRegion, map.RegisterPathwayGroup, map.SetEdge, map.SetTerrain, map.UpdateRegion, sd.AddCombatStage, sd.CancelEffect, sd.CommitCombatOutcome, sd.CreateArmy, sd.CreateCombat, sd.CreateDecisionMaker, sd.CreateNation, sd.IssueDirective, sd.PutInfo, sd.RecordCasualties, sd.RegisterEffect, sd.ResetDecisionMakerConversation, sd.RunDecision, sd.SetDecisionMakerAccess, sd.SetDecisionMakerProvider, sd.SetStageOutcomeTable, sd.StartDecision, sd.SubmitVerdict, simos.advance, simos.command.catalog, simos.command.submit, simos.fork, simos.map.hex, simos.map.overview, simos.social.population, simos.state.facets, simos.state.resolve, simos.timeline.branches, simos.unit.get, simos.unit.list, unit.ApplyCasualties, unit.AttachUnit, unit.CancelRoute, unit.CreateCommandChain, unit.CreateUnit, unit.DetachUnit, unit.DisbandUnit, unit.MergeFormation, unit.PlaceAt, unit.PlanRoute, unit.PlanSparseRoute, unit.RenameUnit, unit.ReparentSubtree, unit.ReparentUnit, unit.SetFormationOffset, unit.SetRejoinTarget, unit.SetStatus, unit.SetStrength, unit.SplitFormation, unit.UpdateCommandChain]；Registry 共 57 个，未外发 0 个 []
03:27:03.538 INFO  io.mosire.simos.app.gui.GuiServer - GUI 服务器已启动: http://127.0.0.1:44857/（静态 /webui，同源，无 CORS 头）
03:27:03.538 INFO  io.mosire.simos.app.Shell - Shell 装配完成: store=/tmp/junit-16615839931312377576 checkpointInterval=100 codec=4 handler=45 participant=2 resolver=4 facet=2 tool=57 mapId=Map1 bindAddress=127.0.0.1 mcpPort=45853 guiPort=44857 approvalPort=46307
03:27:03.553 INFO  io.mosire.agentlib.approval.ApprovalHttpEndpoint - 审批 HTTP 面已停止（端口 46307）
03:27:03.553 INFO  io.mosire.agentlib.approval.HttpApprovalChannel - HTTP 审批通道已关闭
03:27:03.608 INFO  io.mosire.agentlib.mcp.AgentToMcpServer - MCP streamable server 已启动: name=simos-shell version=0.1.0-SNAPSHOT 外发工具 57 个 [map.CreateRegion, map.DeleteRegion, map.RandomizeRegion, map.RegisterPathwayGroup, map.SetEdge, map.SetTerrain, map.UpdateRegion, sd.AddCombatStage, sd.CancelEffect, sd.CommitCombatOutcome, sd.CreateArmy, sd.CreateCombat, sd.CreateDecisionMaker, sd.CreateNation, sd.IssueDirective, sd.PutInfo, sd.RecordCasualties, sd.RegisterEffect, sd.ResetDecisionMakerConversation, sd.RunDecision, sd.SetDecisionMakerAccess, sd.SetDecisionMakerProvider, sd.SetStageOutcomeTable, sd.StartDecision, sd.SubmitVerdict, simos.advance, simos.command.catalog, simos.command.submit, simos.fork, simos.map.hex, simos.map.overview, simos.social.population, simos.state.facets, simos.state.resolve, simos.timeline.branches, simos.unit.get, simos.unit.list, unit.ApplyCasualties, unit.AttachUnit, unit.CancelRoute, unit.CreateCommandChain, unit.CreateUnit, unit.DetachUnit, unit.DisbandUnit, unit.MergeFormation, unit.PlaceAt, unit.PlanRoute, unit.PlanSparseRoute, unit.RenameUnit, unit.ReparentSubtree, unit.ReparentUnit, unit.SetFormationOffset, unit.SetRejoinTarget, unit.SetStatus, unit.SetStrength, unit.SplitFormation, unit.UpdateCommandChain]；Registry 共 57 个，未外发 0 个 []
03:27:03.618 INFO  io.mosire.simos.app.gui.GuiServer - GUI 服务器已启动: http://127.0.0.1:44843/（静态 /webui，同源，无 CORS 头）
03:27:03.618 INFO  io.mosire.simos.app.Shell - Shell 装配完成: store=/tmp/junit-5199261697196660042 checkpointInterval=100 codec=4 handler=45 participant=2 resolver=4 facet=2 tool=57 mapId=Map1 bindAddress=127.0.0.1 mcpPort=45761 guiPort=44843 approvalPort=46101
03:27:03.638 INFO  io.mosire.agentlib.approval.ApprovalHttpEndpoint - 审批 HTTP 面已停止（端口 46101）
03:27:03.639 INFO  io.mosire.agentlib.approval.HttpApprovalChannel - HTTP 审批通道已关闭
03:27:03.693 INFO  io.mosire.agentlib.mcp.AgentToMcpServer - MCP streamable server 已启动: name=simos-shell version=0.1.0-SNAPSHOT 外发工具 57 个 [map.CreateRegion, map.DeleteRegion, map.RandomizeRegion, map.RegisterPathwayGroup, map.SetEdge, map.SetTerrain, map.UpdateRegion, sd.AddCombatStage, sd.CancelEffect, sd.CommitCombatOutcome, sd.CreateArmy, sd.CreateCombat, sd.CreateDecisionMaker, sd.CreateNation, sd.IssueDirective, sd.PutInfo, sd.RecordCasualties, sd.RegisterEffect, sd.ResetDecisionMakerConversation, sd.RunDecision, sd.SetDecisionMakerAccess, sd.SetDecisionMakerProvider, sd.SetStageOutcomeTable, sd.StartDecision, sd.SubmitVerdict, simos.advance, simos.command.catalog, simos.command.submit, simos.fork, simos.map.hex, simos.map.overview, simos.social.population, simos.state.facets, simos.state.resolve, simos.timeline.branches, simos.unit.get, simos.unit.list, unit.ApplyCasualties, unit.AttachUnit, unit.CancelRoute, unit.CreateCommandChain, unit.CreateUnit, unit.DetachUnit, unit.DisbandUnit, unit.MergeFormation, unit.PlaceAt, unit.PlanRoute, unit.PlanSparseRoute, unit.RenameUnit, unit.ReparentSubtree, unit.ReparentUnit, unit.SetFormationOffset, unit.SetRejoinTarget, unit.SetStatus, unit.SetStrength, unit.SplitFormation, unit.UpdateCommandChain]；Registry 共 57 个，未外发 0 个 []
03:27:03.702 INFO  io.mosire.simos.app.gui.GuiServer - GUI 服务器已启动: http://127.0.0.1:44847/（静态 /webui，同源，无 CORS 头）
03:27:03.702 INFO  io.mosire.simos.app.Shell - Shell 装配完成: store=/tmp/junit-13328893677642880928 checkpointInterval=100 codec=4 handler=45 participant=2 resolver=4 facet=2 tool=57 mapId=Map1 bindAddress=127.0.0.1 mcpPort=45031 guiPort=44847 approvalPort=45775
03:27:03.717 INFO  io.mosire.agentlib.approval.ApprovalHttpEndpoint - 审批 HTTP 面已停止（端口 45775）
03:27:03.717 INFO  io.mosire.agentlib.approval.HttpApprovalChannel - HTTP 审批通道已关闭
03:27:03.773 INFO  io.mosire.agentlib.mcp.AgentToMcpServer - MCP streamable server 已启动: name=simos-shell version=0.1.0-SNAPSHOT 外发工具 57 个 [map.CreateRegion, map.DeleteRegion, map.RandomizeRegion, map.RegisterPathwayGroup, map.SetEdge, map.SetTerrain, map.UpdateRegion, sd.AddCombatStage, sd.CancelEffect, sd.CommitCombatOutcome, sd.CreateArmy, sd.CreateCombat, sd.CreateDecisionMaker, sd.CreateNation, sd.IssueDirective, sd.PutInfo, sd.RecordCasualties, sd.RegisterEffect, sd.ResetDecisionMakerConversation, sd.RunDecision, sd.SetDecisionMakerAccess, sd.SetDecisionMakerProvider, sd.SetStageOutcomeTable, sd.StartDecision, sd.SubmitVerdict, simos.advance, simos.command.catalog, simos.command.submit, simos.fork, simos.map.hex, simos.map.overview, simos.social.population, simos.state.facets, simos.state.resolve, simos.timeline.branches, simos.unit.get, simos.unit.list, unit.ApplyCasualties, unit.AttachUnit, unit.CancelRoute, unit.CreateCommandChain, unit.CreateUnit, unit.DetachUnit, unit.DisbandUnit, unit.MergeFormation, unit.PlaceAt, unit.PlanRoute, unit.PlanSparseRoute, unit.RenameUnit, unit.ReparentSubtree, unit.ReparentUnit, unit.SetFormationOffset, unit.SetRejoinTarget, unit.SetStatus, unit.SetStrength, unit.SplitFormation, unit.UpdateCommandChain]；Registry 共 57 个，未外发 0 个 []
03:27:03.783 INFO  io.mosire.simos.app.gui.GuiServer - GUI 服务器已启动: http://127.0.0.1:46621/（静态 /webui，同源，无 CORS 头）
03:27:03.783 INFO  io.mosire.simos.app.Shell - Shell 装配完成: store=/tmp/junit-17770393773712914634 checkpointInterval=100 codec=4 handler=45 participant=2 resolver=4 facet=2 tool=57 mapId=Map1 bindAddress=127.0.0.1 mcpPort=45525 guiPort=46621 approvalPort=44817
03:27:03.805 INFO  io.mosire.agentlib.approval.ApprovalHttpEndpoint - 审批 HTTP 面已停止（端口 44817）
03:27:03.805 INFO  io.mosire.agentlib.approval.HttpApprovalChannel - HTTP 审批通道已关闭
03:27:03.862 INFO  io.mosire.agentlib.mcp.AgentToMcpServer - MCP streamable server 已启动: name=simos-shell version=0.1.0-SNAPSHOT 外发工具 57 个 [map.CreateRegion, map.DeleteRegion, map.RandomizeRegion, map.RegisterPathwayGroup, map.SetEdge, map.SetTerrain, map.UpdateRegion, sd.AddCombatStage, sd.CancelEffect, sd.CommitCombatOutcome, sd.CreateArmy, sd.CreateCombat, sd.CreateDecisionMaker, sd.CreateNation, sd.IssueDirective, sd.PutInfo, sd.RecordCasualties, sd.RegisterEffect, sd.ResetDecisionMakerConversation, sd.RunDecision, sd.SetDecisionMakerAccess, sd.SetDecisionMakerProvider, sd.SetStageOutcomeTable, sd.StartDecision, sd.SubmitVerdict, simos.advance, simos.command.catalog, simos.command.submit, simos.fork, simos.map.hex, simos.map.overview, simos.social.population, simos.state.facets, simos.state.resolve, simos.timeline.branches, simos.unit.get, simos.unit.list, unit.ApplyCasualties, unit.AttachUnit, unit.CancelRoute, unit.CreateCommandChain, unit.CreateUnit, unit.DetachUnit, unit.DisbandUnit, unit.MergeFormation, unit.PlaceAt, unit.PlanRoute, unit.PlanSparseRoute, unit.RenameUnit, unit.ReparentSubtree, unit.ReparentUnit, unit.SetFormationOffset, unit.SetRejoinTarget, unit.SetStatus, unit.SetStrength, unit.SplitFormation, unit.UpdateCommandChain]；Registry 共 57 个，未外发 0 个 []
03:27:03.872 INFO  io.mosire.simos.app.gui.GuiServer - GUI 服务器已启动: http://127.0.0.1:46067/（静态 /webui，同源，无 CORS 头）
03:27:03.873 INFO  io.mosire.simos.app.Shell - Shell 装配完成: store=/tmp/junit-18180020005658204927 checkpointInterval=100 codec=4 handler=45 participant=2 resolver=4 facet=2 tool=57 mapId=Map1 bindAddress=127.0.0.1 mcpPort=44979 guiPort=46067 approvalPort=46529
03:27:03.878 INFO  io.mosire.agentlib.approval.ApprovalHttpEndpoint - 审批 HTTP 面已停止（端口 46529）
03:27:03.878 INFO  io.mosire.agentlib.approval.HttpApprovalChannel - HTTP 审批通道已关闭
03:27:03.934 INFO  io.mosire.agentlib.mcp.AgentToMcpServer - MCP streamable server 已启动: name=simos-shell version=0.1.0-SNAPSHOT 外发工具 57 个 [map.CreateRegion, map.DeleteRegion, map.RandomizeRegion, map.RegisterPathwayGroup, map.SetEdge, map.SetTerrain, map.UpdateRegion, sd.AddCombatStage, sd.CancelEffect, sd.CommitCombatOutcome, sd.CreateArmy, sd.CreateCombat, sd.CreateDecisionMaker, sd.CreateNation, sd.IssueDirective, sd.PutInfo, sd.RecordCasualties, sd.RegisterEffect, sd.ResetDecisionMakerConversation, sd.RunDecision, sd.SetDecisionMakerAccess, sd.SetDecisionMakerProvider, sd.SetStageOutcomeTable, sd.StartDecision, sd.SubmitVerdict, simos.advance, simos.command.catalog, simos.command.submit, simos.fork, simos.map.hex, simos.map.overview, simos.social.population, simos.state.facets, simos.state.resolve, simos.timeline.branches, simos.unit.get, simos.unit.list, unit.ApplyCasualties, unit.AttachUnit, unit.CancelRoute, unit.CreateCommandChain, unit.CreateUnit, unit.DetachUnit, unit.DisbandUnit, unit.MergeFormation, unit.PlaceAt, unit.PlanRoute, unit.PlanSparseRoute, unit.RenameUnit, unit.ReparentSubtree, unit.ReparentUnit, unit.SetFormationOffset, unit.SetRejoinTarget, unit.SetStatus, unit.SetStrength, unit.SplitFormation, unit.UpdateCommandChain]；Registry 共 57 个，未外发 0 个 []
03:27:03.944 INFO  io.mosire.simos.app.gui.GuiServer - GUI 服务器已启动: http://127.0.0.1:45867/（静态 /webui，同源，无 CORS 头）
03:27:03.944 INFO  io.mosire.simos.app.Shell - Shell 装配完成: store=/tmp/junit-5732919394946257004 checkpointInterval=100 codec=4 handler=45 participant=2 resolver=4 facet=2 tool=57 mapId=Map1 bindAddress=127.0.0.1 mcpPort=45189 guiPort=45867 approvalPort=46531
03:27:03.949 INFO  io.mosire.agentlib.approval.ApprovalHttpEndpoint - 审批 HTTP 面已停止（端口 46531）
03:27:03.949 INFO  io.mosire.agentlib.approval.HttpApprovalChannel - HTTP 审批通道已关闭
03:27:04.000 INFO  io.mosire.agentlib.mcp.AgentToMcpServer - MCP streamable server 已启动: name=simos-shell version=0.1.0-SNAPSHOT 外发工具 57 个 [map.CreateRegion, map.DeleteRegion, map.RandomizeRegion, map.RegisterPathwayGroup, map.SetEdge, map.SetTerrain, map.UpdateRegion, sd.AddCombatStage, sd.CancelEffect, sd.CommitCombatOutcome, sd.CreateArmy, sd.CreateCombat, sd.CreateDecisionMaker, sd.CreateNation, sd.IssueDirective, sd.PutInfo, sd.RecordCasualties, sd.RegisterEffect, sd.ResetDecisionMakerConversation, sd.RunDecision, sd.SetDecisionMakerAccess, sd.SetDecisionMakerProvider, sd.SetStageOutcomeTable, sd.StartDecision, sd.SubmitVerdict, simos.advance, simos.command.catalog, simos.command.submit, simos.fork, simos.map.hex, simos.map.overview, simos.social.population, simos.state.facets, simos.state.resolve, simos.timeline.branches, simos.unit.get, simos.unit.list, unit.ApplyCasualties, unit.AttachUnit, unit.CancelRoute, unit.CreateCommandChain, unit.CreateUnit, unit.DetachUnit, unit.DisbandUnit, unit.MergeFormation, unit.PlaceAt, unit.PlanRoute, unit.PlanSparseRoute, unit.RenameUnit, unit.ReparentSubtree, unit.ReparentUnit, unit.SetFormationOffset, unit.SetRejoinTarget, unit.SetStatus, unit.SetStrength, unit.SplitFormation, unit.UpdateCommandChain]；Registry 共 57 个，未外发 0 个 []
03:27:04.009 INFO  io.mosire.simos.app.gui.GuiServer - GUI 服务器已启动: http://127.0.0.1:46411/（静态 /webui，同源，无 CORS 头）
03:27:04.009 INFO  io.mosire.simos.app.Shell - Shell 装配完成: store=/tmp/junit-2129841568691324869 checkpointInterval=100 codec=4 handler=45 participant=2 resolver=4 facet=2 tool=57 mapId=Map1 bindAddress=127.0.0.1 mcpPort=46607 guiPort=46411 approvalPort=45017
03:27:04.025 INFO  io.mosire.agentlib.approval.ApprovalHttpEndpoint - 审批 HTTP 面已停止（端口 45017）
03:27:04.025 INFO  io.mosire.agentlib.approval.HttpApprovalChannel - HTTP 审批通道已关闭
03:27:04.085 INFO  io.mosire.agentlib.mcp.AgentToMcpServer - MCP streamable server 已启动: name=simos-shell version=0.1.0-SNAPSHOT 外发工具 57 个 [map.CreateRegion, map.DeleteRegion, map.RandomizeRegion, map.RegisterPathwayGroup, map.SetEdge, map.SetTerrain, map.UpdateRegion, sd.AddCombatStage, sd.CancelEffect, sd.CommitCombatOutcome, sd.CreateArmy, sd.CreateCombat, sd.CreateDecisionMaker, sd.CreateNation, sd.IssueDirective, sd.PutInfo, sd.RecordCasualties, sd.RegisterEffect, sd.ResetDecisionMakerConversation, sd.RunDecision, sd.SetDecisionMakerAccess, sd.SetDecisionMakerProvider, sd.SetStageOutcomeTable, sd.StartDecision, sd.SubmitVerdict, simos.advance, simos.command.catalog, simos.command.submit, simos.fork, simos.map.hex, simos.map.overview, simos.social.population, simos.state.facets, simos.state.resolve, simos.timeline.branches, simos.unit.get, simos.unit.list, unit.ApplyCasualties, unit.AttachUnit, unit.CancelRoute, unit.CreateCommandChain, unit.CreateUnit, unit.DetachUnit, unit.DisbandUnit, unit.MergeFormation, unit.PlaceAt, unit.PlanRoute, unit.PlanSparseRoute, unit.RenameUnit, unit.ReparentSubtree, unit.ReparentUnit, unit.SetFormationOffset, unit.SetRejoinTarget, unit.SetStatus, unit.SetStrength, unit.SplitFormation, unit.UpdateCommandChain]；Registry 共 57 个，未外发 0 个 []
03:27:04.094 INFO  io.mosire.simos.app.gui.GuiServer - GUI 服务器已启动: http://127.0.0.1:46657/（静态 /webui，同源，无 CORS 头）
03:27:04.095 INFO  io.mosire.simos.app.Shell - Shell 装配完成: store=/tmp/junit-18319248379525285028 checkpointInterval=100 codec=4 handler=45 participant=2 resolver=4 facet=2 tool=57 mapId=Map1 bindAddress=127.0.0.1 mcpPort=45291 guiPort=46657 approvalPort=46457
03:27:04.113 INFO  io.mosire.simos.core.command.CommandBus - 命令提交: type=sd.IssueDirective commandId=c93592e1-4c8d-4581-b4b2-f1525da22aa8 correlationId=c93592e1-4c8d-4581-b4b2-f1525da22aa8 新坐标=main@2
03:27:04.124 INFO  io.mosire.agentlib.approval.ApprovalHttpEndpoint - 审批 HTTP 面已停止（端口 46457）
03:27:04.124 INFO  io.mosire.agentlib.approval.HttpApprovalChannel - HTTP 审批通道已关闭
03:27:04.185 INFO  io.mosire.agentlib.mcp.AgentToMcpServer - MCP streamable server 已启动: name=simos-shell version=0.1.0-SNAPSHOT 外发工具 57 个 [map.CreateRegion, map.DeleteRegion, map.RandomizeRegion, map.RegisterPathwayGroup, map.SetEdge, map.SetTerrain, map.UpdateRegion, sd.AddCombatStage, sd.CancelEffect, sd.CommitCombatOutcome, sd.CreateArmy, sd.CreateCombat, sd.CreateDecisionMaker, sd.CreateNation, sd.IssueDirective, sd.PutInfo, sd.RecordCasualties, sd.RegisterEffect, sd.ResetDecisionMakerConversation, sd.RunDecision, sd.SetDecisionMakerAccess, sd.SetDecisionMakerProvider, sd.SetStageOutcomeTable, sd.StartDecision, sd.SubmitVerdict, simos.advance, simos.command.catalog, simos.command.submit, simos.fork, simos.map.hex, simos.map.overview, simos.social.population, simos.state.facets, simos.state.resolve, simos.timeline.branches, simos.unit.get, simos.unit.list, unit.ApplyCasualties, unit.AttachUnit, unit.CancelRoute, unit.CreateCommandChain, unit.CreateUnit, unit.DetachUnit, unit.DisbandUnit, unit.MergeFormation, unit.PlaceAt, unit.PlanRoute, unit.PlanSparseRoute, unit.RenameUnit, unit.ReparentSubtree, unit.ReparentUnit, unit.SetFormationOffset, unit.SetRejoinTarget, unit.SetStatus, unit.SetStrength, unit.SplitFormation, unit.UpdateCommandChain]；Registry 共 57 个，未外发 0 个 []
03:27:04.195 INFO  io.mosire.simos.app.gui.GuiServer - GUI 服务器已启动: http://127.0.0.1:46567/（静态 /webui，同源，无 CORS 头）
03:27:04.195 INFO  io.mosire.simos.app.Shell - Shell 装配完成: store=/tmp/junit-1525593641471331364 checkpointInterval=100 codec=4 handler=45 participant=2 resolver=4 facet=2 tool=57 mapId=Map1 bindAddress=127.0.0.1 mcpPort=46089 guiPort=46567 approvalPort=45999
03:27:04.205 INFO  io.mosire.agentlib.approval.ApprovalHttpEndpoint - 审批 HTTP 面已停止（端口 45999）
03:27:04.205 INFO  io.mosire.agentlib.approval.HttpApprovalChannel - HTTP 审批通道已关闭
03:27:04.259 INFO  io.mosire.agentlib.mcp.AgentToMcpServer - MCP streamable server 已启动: name=simos-shell version=0.1.0-SNAPSHOT 外发工具 57 个 [map.CreateRegion, map.DeleteRegion, map.RandomizeRegion, map.RegisterPathwayGroup, map.SetEdge, map.SetTerrain, map.UpdateRegion, sd.AddCombatStage, sd.CancelEffect, sd.CommitCombatOutcome, sd.CreateArmy, sd.CreateCombat, sd.CreateDecisionMaker, sd.CreateNation, sd.IssueDirective, sd.PutInfo, sd.RecordCasualties, sd.RegisterEffect, sd.ResetDecisionMakerConversation, sd.RunDecision, sd.SetDecisionMakerAccess, sd.SetDecisionMakerProvider, sd.SetStageOutcomeTable, sd.StartDecision, sd.SubmitVerdict, simos.advance, simos.command.catalog, simos.command.submit, simos.fork, simos.map.hex, simos.map.overview, simos.social.population, simos.state.facets, simos.state.resolve, simos.timeline.branches, simos.unit.get, simos.unit.list, unit.ApplyCasualties, unit.AttachUnit, unit.CancelRoute, unit.CreateCommandChain, unit.CreateUnit, unit.DetachUnit, unit.DisbandUnit, unit.MergeFormation, unit.PlaceAt, unit.PlanRoute, unit.PlanSparseRoute, unit.RenameUnit, unit.ReparentSubtree, unit.ReparentUnit, unit.SetFormationOffset, unit.SetRejoinTarget, unit.SetStatus, unit.SetStrength, unit.SplitFormation, unit.UpdateCommandChain]；Registry 共 57 个，未外发 0 个 []
03:27:04.269 INFO  io.mosire.simos.app.gui.GuiServer - GUI 服务器已启动: http://127.0.0.1:45603/（静态 /webui，同源，无 CORS 头）
03:27:04.269 INFO  io.mosire.simos.app.Shell - Shell 装配完成: store=/tmp/junit-7655666370858561109 checkpointInterval=100 codec=4 handler=45 participant=2 resolver=4 facet=2 tool=57 mapId=Map1 bindAddress=127.0.0.1 mcpPort=44831 guiPort=45603 approvalPort=45959
03:27:04.288 INFO  io.mosire.agentlib.approval.ApprovalHttpEndpoint - 审批 HTTP 面已停止（端口 45959）
03:27:04.288 INFO  io.mosire.agentlib.approval.HttpApprovalChannel - HTTP 审批通道已关闭
03:27:04.342 INFO  io.mosire.agentlib.mcp.AgentToMcpServer - MCP streamable server 已启动: name=simos-shell version=0.1.0-SNAPSHOT 外发工具 57 个 [map.CreateRegion, map.DeleteRegion, map.RandomizeRegion, map.RegisterPathwayGroup, map.SetEdge, map.SetTerrain, map.UpdateRegion, sd.AddCombatStage, sd.CancelEffect, sd.CommitCombatOutcome, sd.CreateArmy, sd.CreateCombat, sd.CreateDecisionMaker, sd.CreateNation, sd.IssueDirective, sd.PutInfo, sd.RecordCasualties, sd.RegisterEffect, sd.ResetDecisionMakerConversation, sd.RunDecision, sd.SetDecisionMakerAccess, sd.SetDecisionMakerProvider, sd.SetStageOutcomeTable, sd.StartDecision, sd.SubmitVerdict, simos.advance, simos.command.catalog, simos.command.submit, simos.fork, simos.map.hex, simos.map.overview, simos.social.population, simos.state.facets, simos.state.resolve, simos.timeline.branches, simos.unit.get, simos.unit.list, unit.ApplyCasualties, unit.AttachUnit, unit.CancelRoute, unit.CreateCommandChain, unit.CreateUnit, unit.DetachUnit, unit.DisbandUnit, unit.MergeFormation, unit.PlaceAt, unit.PlanRoute, unit.PlanSparseRoute, unit.RenameUnit, unit.ReparentSubtree, unit.ReparentUnit, unit.SetFormationOffset, unit.SetRejoinTarget, unit.SetStatus, unit.SetStrength, unit.SplitFormation, unit.UpdateCommandChain]；Registry 共 57 个，未外发 0 个 []
03:27:04.352 INFO  io.mosire.simos.app.gui.GuiServer - GUI 服务器已启动: http://127.0.0.1:44857/（静态 /webui，同源，无 CORS 头）
03:27:04.352 INFO  io.mosire.simos.app.Shell - Shell 装配完成: store=/tmp/junit-10775914869848527892 checkpointInterval=100 codec=4 handler=45 participant=2 resolver=4 facet=2 tool=57 mapId=Map1 bindAddress=127.0.0.1 mcpPort=45101 guiPort=44857 approvalPort=46161
03:27:04.366 INFO  io.mosire.agentlib.approval.ApprovalHttpEndpoint - 审批 HTTP 面已停止（端口 46161）
03:27:04.366 INFO  io.mosire.agentlib.approval.HttpApprovalChannel - HTTP 审批通道已关闭
03:27:04.416 INFO  io.mosire.agentlib.mcp.AgentToMcpServer - MCP streamable server 已启动: name=simos-shell version=0.1.0-SNAPSHOT 外发工具 57 个 [map.CreateRegion, map.DeleteRegion, map.RandomizeRegion, map.RegisterPathwayGroup, map.SetEdge, map.SetTerrain, map.UpdateRegion, sd.AddCombatStage, sd.CancelEffect, sd.CommitCombatOutcome, sd.CreateArmy, sd.CreateCombat, sd.CreateDecisionMaker, sd.CreateNation, sd.IssueDirective, sd.PutInfo, sd.RecordCasualties, sd.RegisterEffect, sd.ResetDecisionMakerConversation, sd.RunDecision, sd.SetDecisionMakerAccess, sd.SetDecisionMakerProvider, sd.SetStageOutcomeTable, sd.StartDecision, sd.SubmitVerdict, simos.advance, simos.command.catalog, simos.command.submit, simos.fork, simos.map.hex, simos.map.overview, simos.social.population, simos.state.facets, simos.state.resolve, simos.timeline.branches, simos.unit.get, simos.unit.list, unit.ApplyCasualties, unit.AttachUnit, unit.CancelRoute, unit.CreateCommandChain, unit.CreateUnit, unit.DetachUnit, unit.DisbandUnit, unit.MergeFormation, unit.PlaceAt, unit.PlanRoute, unit.PlanSparseRoute, unit.RenameUnit, unit.ReparentSubtree, unit.ReparentUnit, unit.SetFormationOffset, unit.SetRejoinTarget, unit.SetStatus, unit.SetStrength, unit.SplitFormation, unit.UpdateCommandChain]；Registry 共 57 个，未外发 0 个 []
03:27:04.434 INFO  io.mosire.simos.app.gui.GuiServer - GUI 服务器已启动: http://127.0.0.1:46427/（静态 /webui，同源，无 CORS 头）
03:27:04.435 INFO  io.mosire.simos.app.Shell - Shell 装配完成: store=/tmp/junit-13065210112887788176 checkpointInterval=100 codec=4 handler=45 participant=2 resolver=4 facet=2 tool=57 mapId=Map1 bindAddress=127.0.0.1 mcpPort=44701 guiPort=46427 approvalPort=45793
03:27:04.450 INFO  io.mosire.agentlib.approval.ApprovalHttpEndpoint - 审批 HTTP 面已停止（端口 45793）
03:27:04.450 INFO  io.mosire.agentlib.approval.HttpApprovalChannel - HTTP 审批通道已关闭
03:27:04.500 INFO  io.mosire.agentlib.mcp.AgentToMcpServer - MCP streamable server 已启动: name=simos-shell version=0.1.0-SNAPSHOT 外发工具 57 个 [map.CreateRegion, map.DeleteRegion, map.RandomizeRegion, map.RegisterPathwayGroup, map.SetEdge, map.SetTerrain, map.UpdateRegion, sd.AddCombatStage, sd.CancelEffect, sd.CommitCombatOutcome, sd.CreateArmy, sd.CreateCombat, sd.CreateDecisionMaker, sd.CreateNation, sd.IssueDirective, sd.PutInfo, sd.RecordCasualties, sd.RegisterEffect, sd.ResetDecisionMakerConversation, sd.RunDecision, sd.SetDecisionMakerAccess, sd.SetDecisionMakerProvider, sd.SetStageOutcomeTable, sd.StartDecision, sd.SubmitVerdict, simos.advance, simos.command.catalog, simos.command.submit, simos.fork, simos.map.hex, simos.map.overview, simos.social.population, simos.state.facets, simos.state.resolve, simos.timeline.branches, simos.unit.get, simos.unit.list, unit.ApplyCasualties, unit.AttachUnit, unit.CancelRoute, unit.CreateCommandChain, unit.CreateUnit, unit.DetachUnit, unit.DisbandUnit, unit.MergeFormation, unit.PlaceAt, unit.PlanRoute, unit.PlanSparseRoute, unit.RenameUnit, unit.ReparentSubtree, unit.ReparentUnit, unit.SetFormationOffset, unit.SetRejoinTarget, unit.SetStatus, unit.SetStrength, unit.SplitFormation, unit.UpdateCommandChain]；Registry 共 57 个，未外发 0 个 []
03:27:04.509 INFO  io.mosire.simos.app.gui.GuiServer - GUI 服务器已启动: http://127.0.0.1:46319/（静态 /webui，同源，无 CORS 头）
03:27:04.509 INFO  io.mosire.simos.app.Shell - Shell 装配完成: store=/tmp/junit-10718545629853544809 checkpointInterval=100 codec=4 handler=45 participant=2 resolver=4 facet=2 tool=57 mapId=Map1 bindAddress=127.0.0.1 mcpPort=46595 guiPort=46319 approvalPort=45117
03:27:04.518 INFO  io.mosire.agentlib.approval.ApprovalHttpEndpoint - 审批 HTTP 面已停止（端口 45117）
03:27:04.518 INFO  io.mosire.agentlib.approval.HttpApprovalChannel - HTTP 审批通道已关闭
03:27:04.571 INFO  io.mosire.agentlib.mcp.AgentToMcpServer - MCP streamable server 已启动: name=simos-shell version=0.1.0-SNAPSHOT 外发工具 57 个 [map.CreateRegion, map.DeleteRegion, map.RandomizeRegion, map.RegisterPathwayGroup, map.SetEdge, map.SetTerrain, map.UpdateRegion, sd.AddCombatStage, sd.CancelEffect, sd.CommitCombatOutcome, sd.CreateArmy, sd.CreateCombat, sd.CreateDecisionMaker, sd.CreateNation, sd.IssueDirective, sd.PutInfo, sd.RecordCasualties, sd.RegisterEffect, sd.ResetDecisionMakerConversation, sd.RunDecision, sd.SetDecisionMakerAccess, sd.SetDecisionMakerProvider, sd.SetStageOutcomeTable, sd.StartDecision, sd.SubmitVerdict, simos.advance, simos.command.catalog, simos.command.submit, simos.fork, simos.map.hex, simos.map.overview, simos.social.population, simos.state.facets, simos.state.resolve, simos.timeline.branches, simos.unit.get, simos.unit.list, unit.ApplyCasualties, unit.AttachUnit, unit.CancelRoute, unit.CreateCommandChain, unit.CreateUnit, unit.DetachUnit, unit.DisbandUnit, unit.MergeFormation, unit.PlaceAt, unit.PlanRoute, unit.PlanSparseRoute, unit.RenameUnit, unit.ReparentSubtree, unit.ReparentUnit, unit.SetFormationOffset, unit.SetRejoinTarget, unit.SetStatus, unit.SetStrength, unit.SplitFormation, unit.UpdateCommandChain]；Registry 共 57 个，未外发 0 个 []
03:27:04.581 INFO  io.mosire.simos.app.gui.GuiServer - GUI 服务器已启动: http://127.0.0.1:45479/（静态 /webui，同源，无 CORS 头）
03:27:04.581 INFO  io.mosire.simos.app.Shell - Shell 装配完成: store=/tmp/junit-3712117850245229478 checkpointInterval=100 codec=4 handler=45 participant=2 resolver=4 facet=2 tool=57 mapId=Map1 bindAddress=127.0.0.1 mcpPort=45751 guiPort=45479 approvalPort=45335
03:27:04.587 INFO  io.mosire.agentlib.approval.ApprovalHttpEndpoint - 审批 HTTP 面已停止（端口 45335）
03:27:04.587 INFO  io.mosire.agentlib.approval.HttpApprovalChannel - HTTP 审批通道已关闭
[INFO] Tests run: 18, Failures: 0, Errors: 0, Skipped: 0, Time elapsed: 1.487 s -- in io.mosire.simos.app.decision.DecisionAgentRunnerTest
[INFO] Running io.mosire.simos.app.McpPortTopologyTest
03:27:04.635 INFO  io.mosire.agentlib.mcp.AgentToMcpServer - MCP streamable server 已启动: name=simos-shell version=0.1.0-SNAPSHOT 外发工具 57 个 [map.CreateRegion, map.DeleteRegion, map.RandomizeRegion, map.RegisterPathwayGroup, map.SetEdge, map.SetTerrain, map.UpdateRegion, sd.AddCombatStage, sd.CancelEffect, sd.CommitCombatOutcome, sd.CreateArmy, sd.CreateCombat, sd.CreateDecisionMaker, sd.CreateNation, sd.IssueDirective, sd.PutInfo, sd.RecordCasualties, sd.RegisterEffect, sd.ResetDecisionMakerConversation, sd.RunDecision, sd.SetDecisionMakerAccess, sd.SetDecisionMakerProvider, sd.SetStageOutcomeTable, sd.StartDecision, sd.SubmitVerdict, simos.advance, simos.command.catalog, simos.command.submit, simos.fork, simos.map.hex, simos.map.overview, simos.social.population, simos.state.facets, simos.state.resolve, simos.timeline.branches, simos.unit.get, simos.unit.list, unit.ApplyCasualties, unit.AttachUnit, unit.CancelRoute, unit.CreateCommandChain, unit.CreateUnit, unit.DetachUnit, unit.DisbandUnit, unit.MergeFormation, unit.PlaceAt, unit.PlanRoute, unit.PlanSparseRoute, unit.RenameUnit, unit.ReparentSubtree, unit.ReparentUnit, unit.SetFormationOffset, unit.SetRejoinTarget, unit.SetStatus, unit.SetStrength, unit.SplitFormation, unit.UpdateCommandChain]；Registry 共 57 个，未外发 0 个 []
03:27:04.644 INFO  io.mosire.simos.app.gui.GuiServer - GUI 服务器已启动: http://127.0.0.1:45245/（静态 /webui，同源，无 CORS 头）
03:27:04.645 INFO  io.mosire.simos.app.Shell - Shell 装配完成: store=/tmp/junit-8118281352845900942 checkpointInterval=100 codec=4 handler=45 participant=2 resolver=4 facet=2 tool=57 mapId=Map1 bindAddress=127.0.0.1 mcpPort=45133 guiPort=45245 approvalPort=45941
03:27:04.648 INFO  io.modelcontextprotocol.server.McpAsyncServer - Client initialize request - Protocol: 2025-11-25, Capabilities: ClientCapabilities[experimental=null, roots=null, sampling=null, elicitation=null], Info: Implementation[name=Java SDK MCP Client, title=null, version=0.15.0, description=null, icons=null, websiteUrl=null]
03:27:04.650 INFO  io.modelcontextprotocol.client.LifecycleInitializer - Server response with Protocol: 2025-11-25, Capabilities: ServerCapabilities[completions=null, experimental=null, logging=LoggingCapabilities[], prompts=null, resources=null, tools=ToolCapabilities[listChanged=true]], Info: Implementation[name=simos-shell, title=null, version=0.1.0-SNAPSHOT, description=null, icons=null, websiteUrl=null] and Instructions null
03:27:04.666 INFO  io.mosire.agentlib.approval.ApprovalHttpEndpoint - 审批 HTTP 面已停止（端口 45941）
03:27:04.666 INFO  io.mosire.agentlib.approval.HttpApprovalChannel - HTTP 审批通道已关闭
03:27:04.666 WARN  io.modelcontextprotocol.spec.McpTransport - Error during asynchronous close
java.io.IOException: HTTP/1.1 header parser received no bytes
	at java.net.http/jdk.internal.net.http.common.Utils.wrapWithExtraDetail(Utils.java:412)
	at java.net.http/jdk.internal.net.http.Http1Response$HeadersReader.onReadError(Http1Response.java:590)
	at java.net.http/jdk.internal.net.http.Http1AsyncReceiver.checkForErrors(Http1AsyncReceiver.java:302)
	at java.net.http/jdk.internal.net.http.Http1AsyncReceiver.flush(Http1AsyncReceiver.java:268)
	at java.net.http/jdk.internal.net.http.common.SequentialScheduler$LockingRestartableTask.run(SequentialScheduler.java:182)
	at java.net.http/jdk.internal.net.http.common.SequentialScheduler$CompleteRestartableTask.run(SequentialScheduler.java:149)
	at java.net.http/jdk.internal.net.http.common.SequentialScheduler$SchedulableTask.run(SequentialScheduler.java:207)
	at java.base/java.util.concurrent.ThreadPoolExecutor.runWorker(ThreadPoolExecutor.java:1144)
	at java.base/java.util.concurrent.ThreadPoolExecutor$Worker.run(ThreadPoolExecutor.java:642)
	at java.base/java.lang.Thread.run(Thread.java:1583)
Caused by: java.net.SocketException: Connection reset
	at java.base/sun.nio.ch.SocketChannelImpl.throwConnectionReset(SocketChannelImpl.java:401)
	at java.base/sun.nio.ch.SocketChannelImpl.read(SocketChannelImpl.java:434)
	at java.net.http/jdk.internal.net.http.SocketTube.readAvailable(SocketTube.java:1178)
	at java.net.http/jdk.internal.net.http.SocketTube$InternalReadPublisher$InternalReadSubscription.read(SocketTube.java:841)
	at java.net.http/jdk.internal.net.http.SocketTube$SocketFlowTask.run(SocketTube.java:181)
	at java.net.http/jdk.internal.net.http.common.SequentialScheduler$SchedulableTask.run(SequentialScheduler.java:207)
	at java.net.http/jdk.internal.net.http.common.SequentialScheduler.runOrSchedule(SequentialScheduler.java:280)
	at java.net.http/jdk.internal.net.http.common.SequentialScheduler.runOrSchedule(SequentialScheduler.java:233)
	at java.net.http/jdk.internal.net.http.SocketTube$InternalReadPublisher$InternalReadSubscription.signalReadable(SocketTube.java:782)
	at java.net.http/jdk.internal.net.http.SocketTube$InternalReadPublisher$ReadEvent.signalEvent(SocketTube.java:965)
	at java.net.http/jdk.internal.net.http.SocketTube$SocketFlowEvent.handle(SocketTube.java:253)
	at java.net.http/jdk.internal.net.http.HttpClientImpl$SelectorManager.handleEvent(HttpClientImpl.java:1477)
	at java.net.http/jdk.internal.net.http.HttpClientImpl$SelectorManager.lambda$run$3(HttpClientImpl.java:1422)
	at java.base/java.util.ArrayList.forEach(ArrayList.java:1596)
	at java.net.http/jdk.internal.net.http.HttpClientImpl$SelectorManager.run(HttpClientImpl.java:1422)
03:27:04.724 INFO  io.mosire.agentlib.mcp.AgentToMcpServer - MCP streamable server 已启动: name=simos-shell version=0.1.0-SNAPSHOT 外发工具 57 个 [map.CreateRegion, map.DeleteRegion, map.RandomizeRegion, map.RegisterPathwayGroup, map.SetEdge, map.SetTerrain, map.UpdateRegion, sd.AddCombatStage, sd.CancelEffect, sd.CommitCombatOutcome, sd.CreateArmy, sd.CreateCombat, sd.CreateDecisionMaker, sd.CreateNation, sd.IssueDirective, sd.PutInfo, sd.RecordCasualties, sd.RegisterEffect, sd.ResetDecisionMakerConversation, sd.RunDecision, sd.SetDecisionMakerAccess, sd.SetDecisionMakerProvider, sd.SetStageOutcomeTable, sd.StartDecision, sd.SubmitVerdict, simos.advance, simos.command.catalog, simos.command.submit, simos.fork, simos.map.hex, simos.map.overview, simos.social.population, simos.state.facets, simos.state.resolve, simos.timeline.branches, simos.unit.get, simos.unit.list, unit.ApplyCasualties, unit.AttachUnit, unit.CancelRoute, unit.CreateCommandChain, unit.CreateUnit, unit.DetachUnit, unit.DisbandUnit, unit.MergeFormation, unit.PlaceAt, unit.PlanRoute, unit.PlanSparseRoute, unit.RenameUnit, unit.ReparentSubtree, unit.ReparentUnit, unit.SetFormationOffset, unit.SetRejoinTarget, unit.SetStatus, unit.SetStrength, unit.SplitFormation, unit.UpdateCommandChain]；Registry 共 57 个，未外发 0 个 []
03:27:04.733 INFO  io.mosire.simos.app.gui.GuiServer - GUI 服务器已启动: http://127.0.0.1:45691/（静态 /webui，同源，无 CORS 头）
03:27:04.734 INFO  io.mosire.simos.app.Shell - Shell 装配完成: store=/tmp/junit-7921708660249152424 checkpointInterval=100 codec=4 handler=45 participant=2 resolver=4 facet=2 tool=57 mapId=Map1 bindAddress=127.0.0.1 mcpPort=45521 guiPort=45691 approvalPort=45163
03:27:04.737 INFO  io.modelcontextprotocol.server.McpAsyncServer - Client initialize request - Protocol: 2025-11-25, Capabilities: ClientCapabilities[experimental=null, roots=null, sampling=null, elicitation=null], Info: Implementation[name=Java SDK MCP Client, title=null, version=0.15.0, description=null, icons=null, websiteUrl=null]
03:27:04.738 INFO  io.modelcontextprotocol.client.LifecycleInitializer - Server response with Protocol: 2025-11-25, Capabilities: ServerCapabilities[completions=null, experimental=null, logging=LoggingCapabilities[], prompts=null, resources=null, tools=ToolCapabilities[listChanged=true]], Info: Implementation[name=simos-shell, title=null, version=0.1.0-SNAPSHOT, description=null, icons=null, websiteUrl=null] and Instructions null
03:27:04.744 INFO  io.mosire.agentlib.approval.ApprovalHttpEndpoint - 审批 HTTP 面已停止（端口 45163）
03:27:04.744 INFO  io.mosire.agentlib.approval.HttpApprovalChannel - HTTP 审批通道已关闭
03:27:04.799 INFO  io.mosire.agentlib.mcp.AgentToMcpServer - MCP streamable server 已启动: name=simos-shell version=0.1.0-SNAPSHOT 外发工具 57 个 [map.CreateRegion, map.DeleteRegion, map.RandomizeRegion, map.RegisterPathwayGroup, map.SetEdge, map.SetTerrain, map.UpdateRegion, sd.AddCombatStage, sd.CancelEffect, sd.CommitCombatOutcome, sd.CreateArmy, sd.CreateCombat, sd.CreateDecisionMaker, sd.CreateNation, sd.IssueDirective, sd.PutInfo, sd.RecordCasualties, sd.RegisterEffect, sd.ResetDecisionMakerConversation, sd.RunDecision, sd.SetDecisionMakerAccess, sd.SetDecisionMakerProvider, sd.SetStageOutcomeTable, sd.StartDecision, sd.SubmitVerdict, simos.advance, simos.command.catalog, simos.command.submit, simos.fork, simos.map.hex, simos.map.overview, simos.social.population, simos.state.facets, simos.state.resolve, simos.timeline.branches, simos.unit.get, simos.unit.list, unit.ApplyCasualties, unit.AttachUnit, unit.CancelRoute, unit.CreateCommandChain, unit.CreateUnit, unit.DetachUnit, unit.DisbandUnit, unit.MergeFormation, unit.PlaceAt, unit.PlanRoute, unit.PlanSparseRoute, unit.RenameUnit, unit.ReparentSubtree, unit.ReparentUnit, unit.SetFormationOffset, unit.SetRejoinTarget, unit.SetStatus, unit.SetStrength, unit.SplitFormation, unit.UpdateCommandChain]；Registry 共 57 个，未外发 0 个 []
03:27:04.809 INFO  io.mosire.simos.app.gui.GuiServer - GUI 服务器已启动: http://127.0.0.1:46075/（静态 /webui，同源，无 CORS 头）
03:27:04.810 INFO  io.mosire.simos.app.Shell - Shell 装配完成: store=/tmp/junit-9196614506126137337 checkpointInterval=100 codec=4 handler=45 participant=2 resolver=4 facet=2 tool=57 mapId=Map1 bindAddress=127.0.0.1 mcpPort=46643 guiPort=46075 approvalPort=46247
03:27:04.811 INFO  io.mosire.agentlib.approval.ApprovalHttpEndpoint - 审批 HTTP 面已停止（端口 46247）
03:27:04.811 INFO  io.mosire.agentlib.approval.HttpApprovalChannel - HTTP 审批通道已关闭
03:27:04.859 INFO  io.mosire.agentlib.mcp.AgentToMcpServer - MCP streamable server 已启动: name=simos-shell version=0.1.0-SNAPSHOT 外发工具 57 个 [map.CreateRegion, map.DeleteRegion, map.RandomizeRegion, map.RegisterPathwayGroup, map.SetEdge, map.SetTerrain, map.UpdateRegion, sd.AddCombatStage, sd.CancelEffect, sd.CommitCombatOutcome, sd.CreateArmy, sd.CreateCombat, sd.CreateDecisionMaker, sd.CreateNation, sd.IssueDirective, sd.PutInfo, sd.RecordCasualties, sd.RegisterEffect, sd.ResetDecisionMakerConversation, sd.RunDecision, sd.SetDecisionMakerAccess, sd.SetDecisionMakerProvider, sd.SetStageOutcomeTable, sd.StartDecision, sd.SubmitVerdict, simos.advance, simos.command.catalog, simos.command.submit, simos.fork, simos.map.hex, simos.map.overview, simos.social.population, simos.state.facets, simos.state.resolve, simos.timeline.branches, simos.unit.get, simos.unit.list, unit.ApplyCasualties, unit.AttachUnit, unit.CancelRoute, unit.CreateCommandChain, unit.CreateUnit, unit.DetachUnit, unit.DisbandUnit, unit.MergeFormation, unit.PlaceAt, unit.PlanRoute, unit.PlanSparseRoute, unit.RenameUnit, unit.ReparentSubtree, unit.ReparentUnit, unit.SetFormationOffset, unit.SetRejoinTarget, unit.SetStatus, unit.SetStrength, unit.SplitFormation, unit.UpdateCommandChain]；Registry 共 57 个，未外发 0 个 []
03:27:04.869 INFO  io.mosire.simos.app.gui.GuiServer - GUI 服务器已启动: http://127.0.0.1:45483/（静态 /webui，同源，无 CORS 头）
03:27:04.869 INFO  io.mosire.simos.app.Shell - Shell 装配完成: store=/tmp/junit-17246308495261861633 checkpointInterval=100 codec=4 handler=45 participant=2 resolver=4 facet=2 tool=57 mapId=Map1 bindAddress=127.0.0.1 mcpPort=45181 guiPort=45483 approvalPort=44933
03:27:04.882 INFO  io.mosire.agentlib.approval.ApprovalHttpEndpoint - 审批 HTTP 面已停止（端口 44933）
03:27:04.882 INFO  io.mosire.agentlib.approval.HttpApprovalChannel - HTTP 审批通道已关闭
[INFO] Tests run: 4, Failures: 0, Errors: 0, Skipped: 0, Time elapsed: 0.300 s -- in io.mosire.simos.app.McpPortTopologyTest
[INFO] Running io.mosire.simos.app.ShellApprovalTest
03:27:04.939 INFO  io.mosire.agentlib.mcp.AgentToMcpServer - MCP streamable server 已启动: name=simos-shell version=0.1.0-SNAPSHOT 外发工具 57 个 [map.CreateRegion, map.DeleteRegion, map.RandomizeRegion, map.RegisterPathwayGroup, map.SetEdge, map.SetTerrain, map.UpdateRegion, sd.AddCombatStage, sd.CancelEffect, sd.CommitCombatOutcome, sd.CreateArmy, sd.CreateCombat, sd.CreateDecisionMaker, sd.CreateNation, sd.IssueDirective, sd.PutInfo, sd.RecordCasualties, sd.RegisterEffect, sd.ResetDecisionMakerConversation, sd.RunDecision, sd.SetDecisionMakerAccess, sd.SetDecisionMakerProvider, sd.SetStageOutcomeTable, sd.StartDecision, sd.SubmitVerdict, simos.advance, simos.command.catalog, simos.command.submit, simos.fork, simos.map.hex, simos.map.overview, simos.social.population, simos.state.facets, simos.state.resolve, simos.timeline.branches, simos.unit.get, simos.unit.list, unit.ApplyCasualties, unit.AttachUnit, unit.CancelRoute, unit.CreateCommandChain, unit.CreateUnit, unit.DetachUnit, unit.DisbandUnit, unit.MergeFormation, unit.PlaceAt, unit.PlanRoute, unit.PlanSparseRoute, unit.RenameUnit, unit.ReparentSubtree, unit.ReparentUnit, unit.SetFormationOffset, unit.SetRejoinTarget, unit.SetStatus, unit.SetStrength, unit.SplitFormation, unit.UpdateCommandChain]；Registry 共 57 个，未外发 0 个 []
03:27:04.948 INFO  io.mosire.simos.app.gui.GuiServer - GUI 服务器已启动: http://127.0.0.1:46283/（静态 /webui，同源，无 CORS 头）
03:27:04.949 INFO  io.mosire.simos.app.Shell - Shell 装配完成: store=/tmp/junit-8971276972601652738 checkpointInterval=100 codec=4 handler=45 participant=2 resolver=4 facet=2 tool=57 mapId=Map1 bindAddress=127.0.0.1 mcpPort=44897 guiPort=46283 approvalPort=46003
03:27:04.976 INFO  io.mosire.simos.core.command.CommandBus - 命令提交: type=unit.RenameUnit commandId=477b4e1b-eef2-4648-8011-1cbf543fad03 correlationId=477b4e1b-eef2-4648-8011-1cbf543fad03 新坐标=main@2
03:27:04.982 INFO  io.mosire.agentlib.approval.ApprovalHttpEndpoint - 审批 HTTP 面已停止（端口 46003）
03:27:04.983 INFO  io.mosire.agentlib.approval.HttpApprovalChannel - HTTP 审批通道已关闭
03:27:05.036 INFO  io.mosire.agentlib.mcp.AgentToMcpServer - MCP streamable server 已启动: name=simos-shell version=0.1.0-SNAPSHOT 外发工具 57 个 [map.CreateRegion, map.DeleteRegion, map.RandomizeRegion, map.RegisterPathwayGroup, map.SetEdge, map.SetTerrain, map.UpdateRegion, sd.AddCombatStage, sd.CancelEffect, sd.CommitCombatOutcome, sd.CreateArmy, sd.CreateCombat, sd.CreateDecisionMaker, sd.CreateNation, sd.IssueDirective, sd.PutInfo, sd.RecordCasualties, sd.RegisterEffect, sd.ResetDecisionMakerConversation, sd.RunDecision, sd.SetDecisionMakerAccess, sd.SetDecisionMakerProvider, sd.SetStageOutcomeTable, sd.StartDecision, sd.SubmitVerdict, simos.advance, simos.command.catalog, simos.command.submit, simos.fork, simos.map.hex, simos.map.overview, simos.social.population, simos.state.facets, simos.state.resolve, simos.timeline.branches, simos.unit.get, simos.unit.list, unit.ApplyCasualties, unit.AttachUnit, unit.CancelRoute, unit.CreateCommandChain, unit.CreateUnit, unit.DetachUnit, unit.DisbandUnit, unit.MergeFormation, unit.PlaceAt, unit.PlanRoute, unit.PlanSparseRoute, unit.RenameUnit, unit.ReparentSubtree, unit.ReparentUnit, unit.SetFormationOffset, unit.SetRejoinTarget, unit.SetStatus, unit.SetStrength, unit.SplitFormation, unit.UpdateCommandChain]；Registry 共 57 个，未外发 0 个 []
03:27:05.045 INFO  io.mosire.simos.app.gui.GuiServer - GUI 服务器已启动: http://127.0.0.1:46415/（静态 /webui，同源，无 CORS 头）
03:27:05.045 INFO  io.mosire.simos.app.Shell - Shell 装配完成: store=/tmp/junit-1603660048074701080 checkpointInterval=100 codec=4 handler=45 participant=2 resolver=4 facet=2 tool=57 mapId=Map1 bindAddress=127.0.0.1 mcpPort=46279 guiPort=46415 approvalPort=46391
03:27:05.064 INFO  io.mosire.simos.app.gui.GuiServer - access GET /api/approvals -> 200 2ms remote=127.0.0.1
03:27:05.067 INFO  io.mosire.agentlib.approval.ApprovalHttpEndpoint - 审批面收到人的答复 id=ap-73169f48-ce30-47a0-9cdb-6f6c9db0eb05 decision=approve scope=once
03:27:05.074 INFO  io.mosire.simos.core.command.CommandBus - 命令提交: type=unit.RenameUnit commandId=c8d3ab32-72b2-45cc-9c12-995c77a1c47e correlationId=c8d3ab32-72b2-45cc-9c12-995c77a1c47e 新坐标=main@2
03:27:05.109 INFO  io.mosire.simos.app.gui.GuiServer - access POST /api/approvals/ap-73169f48-ce30-47a0-9cdb-6f6c9db0eb05 -> 200 43ms remote=127.0.0.1
03:27:05.157 INFO  io.mosire.simos.app.gui.GuiServer - access POST /api/approvals/ap-73169f48-ce30-47a0-9cdb-6f6c9db0eb05 -> 409 44ms remote=127.0.0.1
03:27:05.205 INFO  io.mosire.simos.app.gui.GuiServer - access GET /api/approvals -> 200 45ms remote=127.0.0.1
03:27:05.253 INFO  io.mosire.simos.app.gui.GuiServer - access POST /api/approvals/ap-nope -> 404 45ms remote=127.0.0.1
03:27:05.257 INFO  io.mosire.simos.app.gui.GuiServer - access GET /api/approvals/ap-nope -> 405 1ms remote=127.0.0.1
03:27:05.259 INFO  io.mosire.agentlib.approval.ApprovalHttpEndpoint - 审批 HTTP 面已停止（端口 46391）
03:27:05.259 INFO  io.mosire.agentlib.approval.HttpApprovalChannel - HTTP 审批通道已关闭
03:27:05.319 INFO  io.mosire.agentlib.mcp.AgentToMcpServer - MCP streamable server 已启动: name=simos-shell version=0.1.0-SNAPSHOT 外发工具 57 个 [map.CreateRegion, map.DeleteRegion, map.RandomizeRegion, map.RegisterPathwayGroup, map.SetEdge, map.SetTerrain, map.UpdateRegion, sd.AddCombatStage, sd.CancelEffect, sd.CommitCombatOutcome, sd.CreateArmy, sd.CreateCombat, sd.CreateDecisionMaker, sd.CreateNation, sd.IssueDirective, sd.PutInfo, sd.RecordCasualties, sd.RegisterEffect, sd.ResetDecisionMakerConversation, sd.RunDecision, sd.SetDecisionMakerAccess, sd.SetDecisionMakerProvider, sd.SetStageOutcomeTable, sd.StartDecision, sd.SubmitVerdict, simos.advance, simos.command.catalog, simos.command.submit, simos.fork, simos.map.hex, simos.map.overview, simos.social.population, simos.state.facets, simos.state.resolve, simos.timeline.branches, simos.unit.get, simos.unit.list, unit.ApplyCasualties, unit.AttachUnit, unit.CancelRoute, unit.CreateCommandChain, unit.CreateUnit, unit.DetachUnit, unit.DisbandUnit, unit.MergeFormation, unit.PlaceAt, unit.PlanRoute, unit.PlanSparseRoute, unit.RenameUnit, unit.ReparentSubtree, unit.ReparentUnit, unit.SetFormationOffset, unit.SetRejoinTarget, unit.SetStatus, unit.SetStrength, unit.SplitFormation, unit.UpdateCommandChain]；Registry 共 57 个，未外发 0 个 []
03:27:05.328 INFO  io.mosire.simos.app.gui.GuiServer - GUI 服务器已启动: http://127.0.0.1:45031/（静态 /webui，同源，无 CORS 头）
03:27:05.329 INFO  io.mosire.simos.app.Shell - Shell 装配完成: store=/tmp/junit-4540509194071543557 checkpointInterval=100 codec=4 handler=45 participant=2 resolver=4 facet=2 tool=57 mapId=Map1 bindAddress=127.0.0.1 mcpPort=46625 guiPort=45031 approvalPort=46341
03:27:05.339 INFO  io.mosire.simos.app.gui.GuiServer - GUI 服务器已启动: http://127.0.0.1:45947/（静态 /webui，同源，无 CORS 头）
03:27:05.345 INFO  io.mosire.simos.app.gui.GuiServer - access GET /api/approvals -> 502 3ms remote=127.0.0.1
03:27:05.346 INFO  io.mosire.agentlib.approval.ApprovalHttpEndpoint - 审批 HTTP 面已停止（端口 46341）
03:27:05.346 INFO  io.mosire.agentlib.approval.HttpApprovalChannel - HTTP 审批通道已关闭
[INFO] Tests run: 3, Failures: 0, Errors: 0, Skipped: 0, Time elapsed: 0.461 s -- in io.mosire.simos.app.ShellApprovalTest
[INFO] Running io.mosire.simos.app.tools.AccessPathsTest
[INFO] Tests run: 6, Failures: 0, Errors: 0, Skipped: 0, Time elapsed: 0.003 s -- in io.mosire.simos.app.tools.AccessPathsTest
[INFO] Running io.mosire.simos.app.tools.SimosToolsTest
03:27:05.409 INFO  io.mosire.agentlib.mcp.AgentToMcpServer - MCP streamable server 已启动: name=simos-shell version=0.1.0-SNAPSHOT 外发工具 57 个 [map.CreateRegion, map.DeleteRegion, map.RandomizeRegion, map.RegisterPathwayGroup, map.SetEdge, map.SetTerrain, map.UpdateRegion, sd.AddCombatStage, sd.CancelEffect, sd.CommitCombatOutcome, sd.CreateArmy, sd.CreateCombat, sd.CreateDecisionMaker, sd.CreateNation, sd.IssueDirective, sd.PutInfo, sd.RecordCasualties, sd.RegisterEffect, sd.ResetDecisionMakerConversation, sd.RunDecision, sd.SetDecisionMakerAccess, sd.SetDecisionMakerProvider, sd.SetStageOutcomeTable, sd.StartDecision, sd.SubmitVerdict, simos.advance, simos.command.catalog, simos.command.submit, simos.fork, simos.map.hex, simos.map.overview, simos.social.population, simos.state.facets, simos.state.resolve, simos.timeline.branches, simos.unit.get, simos.unit.list, unit.ApplyCasualties, unit.AttachUnit, unit.CancelRoute, unit.CreateCommandChain, unit.CreateUnit, unit.DetachUnit, unit.DisbandUnit, unit.MergeFormation, unit.PlaceAt, unit.PlanRoute, unit.PlanSparseRoute, unit.RenameUnit, unit.ReparentSubtree, unit.ReparentUnit, unit.SetFormationOffset, unit.SetRejoinTarget, unit.SetStatus, unit.SetStrength, unit.SplitFormation, unit.UpdateCommandChain]；Registry 共 57 个，未外发 0 个 []
03:27:05.418 INFO  io.mosire.simos.app.gui.GuiServer - GUI 服务器已启动: http://127.0.0.1:46323/（静态 /webui，同源，无 CORS 头）
03:27:05.419 INFO  io.mosire.simos.app.Shell - Shell 装配完成: store=/tmp/junit-10338981302054332431 checkpointInterval=100 codec=4 handler=45 participant=2 resolver=4 facet=2 tool=57 mapId=Map1 bindAddress=127.0.0.1 mcpPort=46209 guiPort=46323 approvalPort=44627
03:27:05.426 INFO  io.mosire.simos.core.command.CommandBus - 命令被拒: type=unit.SetFormationOffset commandId=ae0befc0-a8e9-4ccf-bf4e-fce492b50bac correlationId=ae0befc0-a8e9-4ccf-bf4e-fce492b50bac 原因=单位不存在: nope
03:27:05.427 INFO  io.mosire.agentlib.approval.ApprovalHttpEndpoint - 审批 HTTP 面已停止（端口 44627）
03:27:05.427 INFO  io.mosire.agentlib.approval.HttpApprovalChannel - HTTP 审批通道已关闭
03:27:05.483 INFO  io.mosire.agentlib.mcp.AgentToMcpServer - MCP streamable server 已启动: name=simos-shell version=0.1.0-SNAPSHOT 外发工具 57 个 [map.CreateRegion, map.DeleteRegion, map.RandomizeRegion, map.RegisterPathwayGroup, map.SetEdge, map.SetTerrain, map.UpdateRegion, sd.AddCombatStage, sd.CancelEffect, sd.CommitCombatOutcome, sd.CreateArmy, sd.CreateCombat, sd.CreateDecisionMaker, sd.CreateNation, sd.IssueDirective, sd.PutInfo, sd.RecordCasualties, sd.RegisterEffect, sd.ResetDecisionMakerConversation, sd.RunDecision, sd.SetDecisionMakerAccess, sd.SetDecisionMakerProvider, sd.SetStageOutcomeTable, sd.StartDecision, sd.SubmitVerdict, simos.advance, simos.command.catalog, simos.command.submit, simos.fork, simos.map.hex, simos.map.overview, simos.social.population, simos.state.facets, simos.state.resolve, simos.timeline.branches, simos.unit.get, simos.unit.list, unit.ApplyCasualties, unit.AttachUnit, unit.CancelRoute, unit.CreateCommandChain, unit.CreateUnit, unit.DetachUnit, unit.DisbandUnit, unit.MergeFormation, unit.PlaceAt, unit.PlanRoute, unit.PlanSparseRoute, unit.RenameUnit, unit.ReparentSubtree, unit.ReparentUnit, unit.SetFormationOffset, unit.SetRejoinTarget, unit.SetStatus, unit.SetStrength, unit.SplitFormation, unit.UpdateCommandChain]；Registry 共 57 个，未外发 0 个 []
03:27:05.493 INFO  io.mosire.simos.app.gui.GuiServer - GUI 服务器已启动: http://127.0.0.1:46563/（静态 /webui，同源，无 CORS 头）
03:27:05.493 INFO  io.mosire.simos.app.Shell - Shell 装配完成: store=/tmp/junit-15066766136137940777 checkpointInterval=100 codec=4 handler=45 participant=2 resolver=4 facet=2 tool=57 mapId=Map1 bindAddress=127.0.0.1 mcpPort=46423 guiPort=46563 approvalPort=45403
03:27:05.499 INFO  io.mosire.simos.core.command.CommandBus - 命令被拒: type=sd.PutInfo commandId=173bfe21-8780-40dc-8b05-95159918f898 correlationId=173bfe21-8780-40dc-8b05-95159918f898 原因=地址至少两段（命名空间 + 根主体）：`nope`
03:27:05.500 INFO  io.mosire.agentlib.approval.ApprovalHttpEndpoint - 审批 HTTP 面已停止（端口 45403）
03:27:05.500 INFO  io.mosire.agentlib.approval.HttpApprovalChannel - HTTP 审批通道已关闭
03:27:05.564 INFO  io.mosire.agentlib.mcp.AgentToMcpServer - MCP streamable server 已启动: name=simos-shell version=0.1.0-SNAPSHOT 外发工具 57 个 [map.CreateRegion, map.DeleteRegion, map.RandomizeRegion, map.RegisterPathwayGroup, map.SetEdge, map.SetTerrain, map.UpdateRegion, sd.AddCombatStage, sd.CancelEffect, sd.CommitCombatOutcome, sd.CreateArmy, sd.CreateCombat, sd.CreateDecisionMaker, sd.CreateNation, sd.IssueDirective, sd.PutInfo, sd.RecordCasualties, sd.RegisterEffect, sd.ResetDecisionMakerConversation, sd.RunDecision, sd.SetDecisionMakerAccess, sd.SetDecisionMakerProvider, sd.SetStageOutcomeTable, sd.StartDecision, sd.SubmitVerdict, simos.advance, simos.command.catalog, simos.command.submit, simos.fork, simos.map.hex, simos.map.overview, simos.social.population, simos.state.facets, simos.state.resolve, simos.timeline.branches, simos.unit.get, simos.unit.list, unit.ApplyCasualties, unit.AttachUnit, unit.CancelRoute, unit.CreateCommandChain, unit.CreateUnit, unit.DetachUnit, unit.DisbandUnit, unit.MergeFormation, unit.PlaceAt, unit.PlanRoute, unit.PlanSparseRoute, unit.RenameUnit, unit.ReparentSubtree, unit.ReparentUnit, unit.SetFormationOffset, unit.SetRejoinTarget, unit.SetStatus, unit.SetStrength, unit.SplitFormation, unit.UpdateCommandChain]；Registry 共 57 个，未外发 0 个 []
03:27:05.574 INFO  io.mosire.simos.app.gui.GuiServer - GUI 服务器已启动: http://127.0.0.1:45887/（静态 /webui，同源，无 CORS 头）
03:27:05.574 INFO  io.mosire.simos.app.Shell - Shell 装配完成: store=/tmp/junit-5495959829306209043 checkpointInterval=100 codec=4 handler=45 participant=2 resolver=4 facet=2 tool=57 mapId=Map1 bindAddress=127.0.0.1 mcpPort=45497 guiPort=45887 approvalPort=46395
03:27:05.579 INFO  io.mosire.simos.core.command.CommandBus - 命令被拒: type=core.Nope commandId=e1f90d6f-9321-481b-8df1-e29f385a04e9 correlationId=e1f90d6f-9321-481b-8df1-e29f385a04e9 原因=未注册的命令类型: core.Nope
03:27:05.580 INFO  io.mosire.agentlib.approval.ApprovalHttpEndpoint - 审批 HTTP 面已停止（端口 46395）
03:27:05.580 INFO  io.mosire.agentlib.approval.HttpApprovalChannel - HTTP 审批通道已关闭
03:27:05.636 INFO  io.mosire.agentlib.mcp.AgentToMcpServer - MCP streamable server 已启动: name=simos-shell version=0.1.0-SNAPSHOT 外发工具 57 个 [map.CreateRegion, map.DeleteRegion, map.RandomizeRegion, map.RegisterPathwayGroup, map.SetEdge, map.SetTerrain, map.UpdateRegion, sd.AddCombatStage, sd.CancelEffect, sd.CommitCombatOutcome, sd.CreateArmy, sd.CreateCombat, sd.CreateDecisionMaker, sd.CreateNation, sd.IssueDirective, sd.PutInfo, sd.RecordCasualties, sd.RegisterEffect, sd.ResetDecisionMakerConversation, sd.RunDecision, sd.SetDecisionMakerAccess, sd.SetDecisionMakerProvider, sd.SetStageOutcomeTable, sd.StartDecision, sd.SubmitVerdict, simos.advance, simos.command.catalog, simos.command.submit, simos.fork, simos.map.hex, simos.map.overview, simos.social.population, simos.state.facets, simos.state.resolve, simos.timeline.branches, simos.unit.get, simos.unit.list, unit.ApplyCasualties, unit.AttachUnit, unit.CancelRoute, unit.CreateCommandChain, unit.CreateUnit, unit.DetachUnit, unit.DisbandUnit, unit.MergeFormation, unit.PlaceAt, unit.PlanRoute, unit.PlanSparseRoute, unit.RenameUnit, unit.ReparentSubtree, unit.ReparentUnit, unit.SetFormationOffset, unit.SetRejoinTarget, unit.SetStatus, unit.SetStrength, unit.SplitFormation, unit.UpdateCommandChain]；Registry 共 57 个，未外发 0 个 []
03:27:05.646 INFO  io.mosire.simos.app.gui.GuiServer - GUI 服务器已启动: http://127.0.0.1:44869/（静态 /webui，同源，无 CORS 头）
03:27:05.646 INFO  io.mosire.simos.app.Shell - Shell 装配完成: store=/tmp/junit-10918300851530476610 checkpointInterval=100 codec=4 handler=45 participant=2 resolver=4 facet=2 tool=57 mapId=Map1 bindAddress=127.0.0.1 mcpPort=45615 guiPort=44869 approvalPort=46579
03:27:05.653 INFO  io.mosire.simos.core.command.CommandBus - 命令被拒: type=unit.RenameUnit commandId=c65a58c0-fe8d-4d18-bb47-23662f9823e9 correlationId=c65a58c0-fe8d-4d18-bb47-23662f9823e9 原因=单位不存在: nope
03:27:05.654 INFO  io.mosire.agentlib.approval.ApprovalHttpEndpoint - 审批 HTTP 面已停止（端口 46579）
03:27:05.654 INFO  io.mosire.agentlib.approval.HttpApprovalChannel - HTTP 审批通道已关闭
03:27:05.712 INFO  io.mosire.agentlib.mcp.AgentToMcpServer - MCP streamable server 已启动: name=simos-shell version=0.1.0-SNAPSHOT 外发工具 57 个 [map.CreateRegion, map.DeleteRegion, map.RandomizeRegion, map.RegisterPathwayGroup, map.SetEdge, map.SetTerrain, map.UpdateRegion, sd.AddCombatStage, sd.CancelEffect, sd.CommitCombatOutcome, sd.CreateArmy, sd.CreateCombat, sd.CreateDecisionMaker, sd.CreateNation, sd.IssueDirective, sd.PutInfo, sd.RecordCasualties, sd.RegisterEffect, sd.ResetDecisionMakerConversation, sd.RunDecision, sd.SetDecisionMakerAccess, sd.SetDecisionMakerProvider, sd.SetStageOutcomeTable, sd.StartDecision, sd.SubmitVerdict, simos.advance, simos.command.catalog, simos.command.submit, simos.fork, simos.map.hex, simos.map.overview, simos.social.population, simos.state.facets, simos.state.resolve, simos.timeline.branches, simos.unit.get, simos.unit.list, unit.ApplyCasualties, unit.AttachUnit, unit.CancelRoute, unit.CreateCommandChain, unit.CreateUnit, unit.DetachUnit, unit.DisbandUnit, unit.MergeFormation, unit.PlaceAt, unit.PlanRoute, unit.PlanSparseRoute, unit.RenameUnit, unit.ReparentSubtree, unit.ReparentUnit, unit.SetFormationOffset, unit.SetRejoinTarget, unit.SetStatus, unit.SetStrength, unit.SplitFormation, unit.UpdateCommandChain]；Registry 共 57 个，未外发 0 个 []
03:27:05.721 INFO  io.mosire.simos.app.gui.GuiServer - GUI 服务器已启动: http://127.0.0.1:45123/（静态 /webui，同源，无 CORS 头）
03:27:05.721 INFO  io.mosire.simos.app.Shell - Shell 装配完成: store=/tmp/junit-6279126105648323112 checkpointInterval=100 codec=4 handler=45 participant=2 resolver=4 facet=2 tool=57 mapId=Map1 bindAddress=127.0.0.1 mcpPort=46275 guiPort=45123 approvalPort=44641
03:27:05.726 INFO  io.mosire.simos.core.command.CommandBus - 命令冲突: type=unit.RenameUnit commandId=15aa5f4f-7d88-43e7-b3e3-a427aa2d404a correlationId=15aa5f4f-7d88-43e7-b3e3-a427aa2d404a 真实head=main@1
03:27:05.727 INFO  io.mosire.agentlib.approval.ApprovalHttpEndpoint - 审批 HTTP 面已停止（端口 44641）
03:27:05.727 INFO  io.mosire.agentlib.approval.HttpApprovalChannel - HTTP 审批通道已关闭
03:27:05.788 INFO  io.mosire.agentlib.mcp.AgentToMcpServer - MCP streamable server 已启动: name=simos-shell version=0.1.0-SNAPSHOT 外发工具 57 个 [map.CreateRegion, map.DeleteRegion, map.RandomizeRegion, map.RegisterPathwayGroup, map.SetEdge, map.SetTerrain, map.UpdateRegion, sd.AddCombatStage, sd.CancelEffect, sd.CommitCombatOutcome, sd.CreateArmy, sd.CreateCombat, sd.CreateDecisionMaker, sd.CreateNation, sd.IssueDirective, sd.PutInfo, sd.RecordCasualties, sd.RegisterEffect, sd.ResetDecisionMakerConversation, sd.RunDecision, sd.SetDecisionMakerAccess, sd.SetDecisionMakerProvider, sd.SetStageOutcomeTable, sd.StartDecision, sd.SubmitVerdict, simos.advance, simos.command.catalog, simos.command.submit, simos.fork, simos.map.hex, simos.map.overview, simos.social.population, simos.state.facets, simos.state.resolve, simos.timeline.branches, simos.unit.get, simos.unit.list, unit.ApplyCasualties, unit.AttachUnit, unit.CancelRoute, unit.CreateCommandChain, unit.CreateUnit, unit.DetachUnit, unit.DisbandUnit, unit.MergeFormation, unit.PlaceAt, unit.PlanRoute, unit.PlanSparseRoute, unit.RenameUnit, unit.ReparentSubtree, unit.ReparentUnit, unit.SetFormationOffset, unit.SetRejoinTarget, unit.SetStatus, unit.SetStrength, unit.SplitFormation, unit.UpdateCommandChain]；Registry 共 57 个，未外发 0 个 []
03:27:05.798 INFO  io.mosire.simos.app.gui.GuiServer - GUI 服务器已启动: http://127.0.0.1:45785/（静态 /webui，同源，无 CORS 头）
03:27:05.798 INFO  io.mosire.simos.app.Shell - Shell 装配完成: store=/tmp/junit-1755602051459585696 checkpointInterval=100 codec=4 handler=45 participant=2 resolver=4 facet=2 tool=57 mapId=Map1 bindAddress=127.0.0.1 mcpPort=45051 guiPort=45785 approvalPort=45713
03:27:05.804 INFO  io.mosire.simos.core.command.CommandBus - 命令被拒: type=unit.SetStatus commandId=975896d5-19a6-429f-9e0c-55bee3562c8b correlationId=975896d5-19a6-429f-9e0c-55bee3562c8b 原因=字段 status 不是合法状态: NOT_A_STATUS
03:27:05.805 INFO  io.mosire.agentlib.approval.ApprovalHttpEndpoint - 审批 HTTP 面已停止（端口 45713）
03:27:05.805 INFO  io.mosire.agentlib.approval.HttpApprovalChannel - HTTP 审批通道已关闭
03:27:05.860 INFO  io.mosire.agentlib.mcp.AgentToMcpServer - MCP streamable server 已启动: name=simos-shell version=0.1.0-SNAPSHOT 外发工具 57 个 [map.CreateRegion, map.DeleteRegion, map.RandomizeRegion, map.RegisterPathwayGroup, map.SetEdge, map.SetTerrain, map.UpdateRegion, sd.AddCombatStage, sd.CancelEffect, sd.CommitCombatOutcome, sd.CreateArmy, sd.CreateCombat, sd.CreateDecisionMaker, sd.CreateNation, sd.IssueDirective, sd.PutInfo, sd.RecordCasualties, sd.RegisterEffect, sd.ResetDecisionMakerConversation, sd.RunDecision, sd.SetDecisionMakerAccess, sd.SetDecisionMakerProvider, sd.SetStageOutcomeTable, sd.StartDecision, sd.SubmitVerdict, simos.advance, simos.command.catalog, simos.command.submit, simos.fork, simos.map.hex, simos.map.overview, simos.social.population, simos.state.facets, simos.state.resolve, simos.timeline.branches, simos.unit.get, simos.unit.list, unit.ApplyCasualties, unit.AttachUnit, unit.CancelRoute, unit.CreateCommandChain, unit.CreateUnit, unit.DetachUnit, unit.DisbandUnit, unit.MergeFormation, unit.PlaceAt, unit.PlanRoute, unit.PlanSparseRoute, unit.RenameUnit, unit.ReparentSubtree, unit.ReparentUnit, unit.SetFormationOffset, unit.SetRejoinTarget, unit.SetStatus, unit.SetStrength, unit.SplitFormation, unit.UpdateCommandChain]；Registry 共 57 个，未外发 0 个 []
03:27:05.870 INFO  io.mosire.simos.app.gui.GuiServer - GUI 服务器已启动: http://127.0.0.1:44819/（静态 /webui，同源，无 CORS 头）
03:27:05.870 INFO  io.mosire.simos.app.Shell - Shell 装配完成: store=/tmp/junit-13221756738744946072 checkpointInterval=100 codec=4 handler=45 participant=2 resolver=4 facet=2 tool=57 mapId=Map1 bindAddress=127.0.0.1 mcpPort=44973 guiPort=44819 approvalPort=45723
03:27:05.877 INFO  io.mosire.simos.core.command.CommandBus - 命令被拒: type=map.UpdateRegion commandId=de8c59b1-2366-4201-b78a-0f23f1faf636 correlationId=de8c59b1-2366-4201-b78a-0f23f1faf636 原因=map.UpdateRegion 必须至少给 hexes 与 meta 之一
03:27:05.877 INFO  io.mosire.agentlib.approval.ApprovalHttpEndpoint - 审批 HTTP 面已停止（端口 45723）
03:27:05.877 INFO  io.mosire.agentlib.approval.HttpApprovalChannel - HTTP 审批通道已关闭
03:27:05.940 INFO  io.mosire.agentlib.mcp.AgentToMcpServer - MCP streamable server 已启动: name=simos-shell version=0.1.0-SNAPSHOT 外发工具 57 个 [map.CreateRegion, map.DeleteRegion, map.RandomizeRegion, map.RegisterPathwayGroup, map.SetEdge, map.SetTerrain, map.UpdateRegion, sd.AddCombatStage, sd.CancelEffect, sd.CommitCombatOutcome, sd.CreateArmy, sd.CreateCombat, sd.CreateDecisionMaker, sd.CreateNation, sd.IssueDirective, sd.PutInfo, sd.RecordCasualties, sd.RegisterEffect, sd.ResetDecisionMakerConversation, sd.RunDecision, sd.SetDecisionMakerAccess, sd.SetDecisionMakerProvider, sd.SetStageOutcomeTable, sd.StartDecision, sd.SubmitVerdict, simos.advance, simos.command.catalog, simos.command.submit, simos.fork, simos.map.hex, simos.map.overview, simos.social.population, simos.state.facets, simos.state.resolve, simos.timeline.branches, simos.unit.get, simos.unit.list, unit.ApplyCasualties, unit.AttachUnit, unit.CancelRoute, unit.CreateCommandChain, unit.CreateUnit, unit.DetachUnit, unit.DisbandUnit, unit.MergeFormation, unit.PlaceAt, unit.PlanRoute, unit.PlanSparseRoute, unit.RenameUnit, unit.ReparentSubtree, unit.ReparentUnit, unit.SetFormationOffset, unit.SetRejoinTarget, unit.SetStatus, unit.SetStrength, unit.SplitFormation, unit.UpdateCommandChain]；Registry 共 57 个，未外发 0 个 []
03:27:05.949 INFO  io.mosire.simos.app.gui.GuiServer - GUI 服务器已启动: http://127.0.0.1:46491/（静态 /webui，同源，无 CORS 头）
03:27:05.950 INFO  io.mosire.simos.app.Shell - Shell 装配完成: store=/tmp/junit-7696744575327535602 checkpointInterval=100 codec=4 handler=45 participant=2 resolver=4 facet=2 tool=57 mapId=Map1 bindAddress=127.0.0.1 mcpPort=46465 guiPort=46491 approvalPort=45091
03:27:05.958 INFO  io.mosire.simos.core.command.CommandBus - 命令被拒: type=map.RandomizeRegion commandId=981d61d2-f52c-4f06-9043-dc56ea41b620 correlationId=981d61d2-f52c-4f06-9043-dc56ea41b620 原因=hexes 不得为空：一条 map.RandomizeRegion 至少要选一格
03:27:05.959 INFO  io.mosire.agentlib.approval.ApprovalHttpEndpoint - 审批 HTTP 面已停止（端口 45091）
03:27:05.959 INFO  io.mosire.agentlib.approval.HttpApprovalChannel - HTTP 审批通道已关闭
03:27:06.018 INFO  io.mosire.agentlib.mcp.AgentToMcpServer - MCP streamable server 已启动: name=simos-shell version=0.1.0-SNAPSHOT 外发工具 57 个 [map.CreateRegion, map.DeleteRegion, map.RandomizeRegion, map.RegisterPathwayGroup, map.SetEdge, map.SetTerrain, map.UpdateRegion, sd.AddCombatStage, sd.CancelEffect, sd.CommitCombatOutcome, sd.CreateArmy, sd.CreateCombat, sd.CreateDecisionMaker, sd.CreateNation, sd.IssueDirective, sd.PutInfo, sd.RecordCasualties, sd.RegisterEffect, sd.ResetDecisionMakerConversation, sd.RunDecision, sd.SetDecisionMakerAccess, sd.SetDecisionMakerProvider, sd.SetStageOutcomeTable, sd.StartDecision, sd.SubmitVerdict, simos.advance, simos.command.catalog, simos.command.submit, simos.fork, simos.map.hex, simos.map.overview, simos.social.population, simos.state.facets, simos.state.resolve, simos.timeline.branches, simos.unit.get, simos.unit.list, unit.ApplyCasualties, unit.AttachUnit, unit.CancelRoute, unit.CreateCommandChain, unit.CreateUnit, unit.DetachUnit, unit.DisbandUnit, unit.MergeFormation, unit.PlaceAt, unit.PlanRoute, unit.PlanSparseRoute, unit.RenameUnit, unit.ReparentSubtree, unit.ReparentUnit, unit.SetFormationOffset, unit.SetRejoinTarget, unit.SetStatus, unit.SetStrength, unit.SplitFormation, unit.UpdateCommandChain]；Registry 共 57 个，未外发 0 个 []
03:27:06.028 INFO  io.mosire.simos.app.gui.GuiServer - GUI 服务器已启动: http://127.0.0.1:46501/（静态 /webui，同源，无 CORS 头）
03:27:06.029 INFO  io.mosire.simos.app.Shell - Shell 装配完成: store=/tmp/junit-11163675583921311147 checkpointInterval=100 codec=4 handler=45 participant=2 resolver=4 facet=2 tool=57 mapId=Map1 bindAddress=127.0.0.1 mcpPort=45067 guiPort=46501 approvalPort=44853
03:27:06.037 INFO  io.mosire.simos.core.command.CommandBus - 命令提交: type=sd.CreateCombat commandId=57692b0d-abe5-4f97-bf80-ae7bc70a5006 correlationId=57692b0d-abe5-4f97-bf80-ae7bc70a5006 新坐标=main@2
03:27:06.049 INFO  io.mosire.simos.core.command.CommandBus - 命令提交: type=sd.AddCombatStage commandId=8f62257e-b223-43f5-9111-3ffab7e13853 correlationId=8f62257e-b223-43f5-9111-3ffab7e13853 新坐标=main@3
03:27:06.056 INFO  io.mosire.simos.core.command.CommandBus - 命令被拒: type=sd.RegisterEffect commandId=be52616b-1bfb-4538-8c63-1737d07bd9c4 correlationId=be52616b-1bfb-4538-8c63-1737d07bd9c4 原因=action 引用的阶段不存在: s-nope
03:27:06.057 INFO  io.mosire.agentlib.approval.ApprovalHttpEndpoint - 审批 HTTP 面已停止（端口 44853）
03:27:06.057 INFO  io.mosire.agentlib.approval.HttpApprovalChannel - HTTP 审批通道已关闭
03:27:06.122 INFO  io.mosire.agentlib.mcp.AgentToMcpServer - MCP streamable server 已启动: name=simos-shell version=0.1.0-SNAPSHOT 外发工具 57 个 [map.CreateRegion, map.DeleteRegion, map.RandomizeRegion, map.RegisterPathwayGroup, map.SetEdge, map.SetTerrain, map.UpdateRegion, sd.AddCombatStage, sd.CancelEffect, sd.CommitCombatOutcome, sd.CreateArmy, sd.CreateCombat, sd.CreateDecisionMaker, sd.CreateNation, sd.IssueDirective, sd.PutInfo, sd.RecordCasualties, sd.RegisterEffect, sd.ResetDecisionMakerConversation, sd.RunDecision, sd.SetDecisionMakerAccess, sd.SetDecisionMakerProvider, sd.SetStageOutcomeTable, sd.StartDecision, sd.SubmitVerdict, simos.advance, simos.command.catalog, simos.command.submit, simos.fork, simos.map.hex, simos.map.overview, simos.social.population, simos.state.facets, simos.state.resolve, simos.timeline.branches, simos.unit.get, simos.unit.list, unit.ApplyCasualties, unit.AttachUnit, unit.CancelRoute, unit.CreateCommandChain, unit.CreateUnit, unit.DetachUnit, unit.DisbandUnit, unit.MergeFormation, unit.PlaceAt, unit.PlanRoute, unit.PlanSparseRoute, unit.RenameUnit, unit.ReparentSubtree, unit.ReparentUnit, unit.SetFormationOffset, unit.SetRejoinTarget, unit.SetStatus, unit.SetStrength, unit.SplitFormation, unit.UpdateCommandChain]；Registry 共 57 个，未外发 0 个 []
03:27:06.131 INFO  io.mosire.simos.app.gui.GuiServer - GUI 服务器已启动: http://127.0.0.1:45739/（静态 /webui，同源，无 CORS 头）
03:27:06.131 INFO  io.mosire.simos.app.Shell - Shell 装配完成: store=/tmp/junit-13744950952690921711 checkpointInterval=100 codec=4 handler=45 participant=2 resolver=4 facet=2 tool=57 mapId=Map1 bindAddress=127.0.0.1 mcpPort=45903 guiPort=45739 approvalPort=45635
03:27:06.138 INFO  io.mosire.simos.core.command.CommandBus - 命令被拒: type=sd.AddCombatStage commandId=2b25eb11-0a61-484b-b609-cd615df09609 correlationId=2b25eb11-0a61-484b-b609-cd615df09609 原因=交战不存在: c-nope
03:27:06.139 INFO  io.mosire.agentlib.approval.ApprovalHttpEndpoint - 审批 HTTP 面已停止（端口 45635）
03:27:06.139 INFO  io.mosire.agentlib.approval.HttpApprovalChannel - HTTP 审批通道已关闭
03:27:06.202 INFO  io.mosire.agentlib.mcp.AgentToMcpServer - MCP streamable server 已启动: name=simos-shell version=0.1.0-SNAPSHOT 外发工具 57 个 [map.CreateRegion, map.DeleteRegion, map.RandomizeRegion, map.RegisterPathwayGroup, map.SetEdge, map.SetTerrain, map.UpdateRegion, sd.AddCombatStage, sd.CancelEffect, sd.CommitCombatOutcome, sd.CreateArmy, sd.CreateCombat, sd.CreateDecisionMaker, sd.CreateNation, sd.IssueDirective, sd.PutInfo, sd.RecordCasualties, sd.RegisterEffect, sd.ResetDecisionMakerConversation, sd.RunDecision, sd.SetDecisionMakerAccess, sd.SetDecisionMakerProvider, sd.SetStageOutcomeTable, sd.StartDecision, sd.SubmitVerdict, simos.advance, simos.command.catalog, simos.command.submit, simos.fork, simos.map.hex, simos.map.overview, simos.social.population, simos.state.facets, simos.state.resolve, simos.timeline.branches, simos.unit.get, simos.unit.list, unit.ApplyCasualties, unit.AttachUnit, unit.CancelRoute, unit.CreateCommandChain, unit.CreateUnit, unit.DetachUnit, unit.DisbandUnit, unit.MergeFormation, unit.PlaceAt, unit.PlanRoute, unit.PlanSparseRoute, unit.RenameUnit, unit.ReparentSubtree, unit.ReparentUnit, unit.SetFormationOffset, unit.SetRejoinTarget, unit.SetStatus, unit.SetStrength, unit.SplitFormation, unit.UpdateCommandChain]；Registry 共 57 个，未外发 0 个 []
03:27:06.212 INFO  io.mosire.simos.app.gui.GuiServer - GUI 服务器已启动: http://127.0.0.1:46181/（静态 /webui，同源，无 CORS 头）
03:27:06.212 INFO  io.mosire.simos.app.Shell - Shell 装配完成: store=/tmp/junit-1604961142110132712 checkpointInterval=100 codec=4 handler=45 participant=2 resolver=4 facet=2 tool=57 mapId=Map1 bindAddress=127.0.0.1 mcpPort=46085 guiPort=46181 approvalPort=45381
03:27:06.225 INFO  io.mosire.simos.core.command.CommandBus - 命令提交: type=sd.CreateCombat commandId=8766753c-dd69-4456-ba94-9ac761b1fde9 correlationId=8766753c-dd69-4456-ba94-9ac761b1fde9 新坐标=main@2
03:27:06.229 INFO  io.mosire.simos.core.command.CommandBus - 命令被拒: type=sd.CreateCombat commandId=15c99f3a-8fb8-483f-9d80-c05338c27005 correlationId=15c99f3a-8fb8-483f-9d80-c05338c27005 原因=交战已存在: c1
03:27:06.230 INFO  io.mosire.agentlib.approval.ApprovalHttpEndpoint - 审批 HTTP 面已停止（端口 45381）
03:27:06.230 INFO  io.mosire.agentlib.approval.HttpApprovalChannel - HTTP 审批通道已关闭
03:27:06.290 INFO  io.mosire.agentlib.mcp.AgentToMcpServer - MCP streamable server 已启动: name=simos-shell version=0.1.0-SNAPSHOT 外发工具 57 个 [map.CreateRegion, map.DeleteRegion, map.RandomizeRegion, map.RegisterPathwayGroup, map.SetEdge, map.SetTerrain, map.UpdateRegion, sd.AddCombatStage, sd.CancelEffect, sd.CommitCombatOutcome, sd.CreateArmy, sd.CreateCombat, sd.CreateDecisionMaker, sd.CreateNation, sd.IssueDirective, sd.PutInfo, sd.RecordCasualties, sd.RegisterEffect, sd.ResetDecisionMakerConversation, sd.RunDecision, sd.SetDecisionMakerAccess, sd.SetDecisionMakerProvider, sd.SetStageOutcomeTable, sd.StartDecision, sd.SubmitVerdict, simos.advance, simos.command.catalog, simos.command.submit, simos.fork, simos.map.hex, simos.map.overview, simos.social.population, simos.state.facets, simos.state.resolve, simos.timeline.branches, simos.unit.get, simos.unit.list, unit.ApplyCasualties, unit.AttachUnit, unit.CancelRoute, unit.CreateCommandChain, unit.CreateUnit, unit.DetachUnit, unit.DisbandUnit, unit.MergeFormation, unit.PlaceAt, unit.PlanRoute, unit.PlanSparseRoute, unit.RenameUnit, unit.ReparentSubtree, unit.ReparentUnit, unit.SetFormationOffset, unit.SetRejoinTarget, unit.SetStatus, unit.SetStrength, unit.SplitFormation, unit.UpdateCommandChain]；Registry 共 57 个，未外发 0 个 []
03:27:06.299 INFO  io.mosire.simos.app.gui.GuiServer - GUI 服务器已启动: http://127.0.0.1:46249/（静态 /webui，同源，无 CORS 头）
03:27:06.299 INFO  io.mosire.simos.app.Shell - Shell 装配完成: store=/tmp/junit-12945097520395648023 checkpointInterval=100 codec=4 handler=45 participant=2 resolver=4 facet=2 tool=57 mapId=Map1 bindAddress=127.0.0.1 mcpPort=46197 guiPort=46249 approvalPort=45477
03:27:06.305 INFO  io.mosire.simos.core.command.CommandBus - 命令被拒: type=unit.PlanRoute commandId=96b50d49-5f48-4e52-8f28-843146a382b2 correlationId=96b50d49-5f48-4e52-8f28-843146a382b2 原因=waypoints 至少两个（总纲：多个路径点，最低两个）
03:27:06.307 INFO  io.mosire.agentlib.approval.ApprovalHttpEndpoint - 审批 HTTP 面已停止（端口 45477）
03:27:06.307 INFO  io.mosire.agentlib.approval.HttpApprovalChannel - HTTP 审批通道已关闭
03:27:06.364 INFO  io.mosire.agentlib.mcp.AgentToMcpServer - MCP streamable server 已启动: name=simos-shell version=0.1.0-SNAPSHOT 外发工具 57 个 [map.CreateRegion, map.DeleteRegion, map.RandomizeRegion, map.RegisterPathwayGroup, map.SetEdge, map.SetTerrain, map.UpdateRegion, sd.AddCombatStage, sd.CancelEffect, sd.CommitCombatOutcome, sd.CreateArmy, sd.CreateCombat, sd.CreateDecisionMaker, sd.CreateNation, sd.IssueDirective, sd.PutInfo, sd.RecordCasualties, sd.RegisterEffect, sd.ResetDecisionMakerConversation, sd.RunDecision, sd.SetDecisionMakerAccess, sd.SetDecisionMakerProvider, sd.SetStageOutcomeTable, sd.StartDecision, sd.SubmitVerdict, simos.advance, simos.command.catalog, simos.command.submit, simos.fork, simos.map.hex, simos.map.overview, simos.social.population, simos.state.facets, simos.state.resolve, simos.timeline.branches, simos.unit.get, simos.unit.list, unit.ApplyCasualties, unit.AttachUnit, unit.CancelRoute, unit.CreateCommandChain, unit.CreateUnit, unit.DetachUnit, unit.DisbandUnit, unit.MergeFormation, unit.PlaceAt, unit.PlanRoute, unit.PlanSparseRoute, unit.RenameUnit, unit.ReparentSubtree, unit.ReparentUnit, unit.SetFormationOffset, unit.SetRejoinTarget, unit.SetStatus, unit.SetStrength, unit.SplitFormation, unit.UpdateCommandChain]；Registry 共 57 个，未外发 0 个 []
03:27:06.374 INFO  io.mosire.simos.app.gui.GuiServer - GUI 服务器已启动: http://127.0.0.1:45141/（静态 /webui，同源，无 CORS 头）
03:27:06.374 INFO  io.mosire.simos.app.Shell - Shell 装配完成: store=/tmp/junit-12816540335947984658 checkpointInterval=100 codec=4 handler=45 participant=2 resolver=4 facet=2 tool=57 mapId=Map1 bindAddress=127.0.0.1 mcpPort=46095 guiPort=45141 approvalPort=46005
03:27:06.376 INFO  io.mosire.agentlib.approval.ApprovalHttpEndpoint - 审批 HTTP 面已停止（端口 46005）
03:27:06.376 INFO  io.mosire.agentlib.approval.HttpApprovalChannel - HTTP 审批通道已关闭
03:27:06.435 INFO  io.mosire.agentlib.mcp.AgentToMcpServer - MCP streamable server 已启动: name=simos-shell version=0.1.0-SNAPSHOT 外发工具 57 个 [map.CreateRegion, map.DeleteRegion, map.RandomizeRegion, map.RegisterPathwayGroup, map.SetEdge, map.SetTerrain, map.UpdateRegion, sd.AddCombatStage, sd.CancelEffect, sd.CommitCombatOutcome, sd.CreateArmy, sd.CreateCombat, sd.CreateDecisionMaker, sd.CreateNation, sd.IssueDirective, sd.PutInfo, sd.RecordCasualties, sd.RegisterEffect, sd.ResetDecisionMakerConversation, sd.RunDecision, sd.SetDecisionMakerAccess, sd.SetDecisionMakerProvider, sd.SetStageOutcomeTable, sd.StartDecision, sd.SubmitVerdict, simos.advance, simos.command.catalog, simos.command.submit, simos.fork, simos.map.hex, simos.map.overview, simos.social.population, simos.state.facets, simos.state.resolve, simos.timeline.branches, simos.unit.get, simos.unit.list, unit.ApplyCasualties, unit.AttachUnit, unit.CancelRoute, unit.CreateCommandChain, unit.CreateUnit, unit.DetachUnit, unit.DisbandUnit, unit.MergeFormation, unit.PlaceAt, unit.PlanRoute, unit.PlanSparseRoute, unit.RenameUnit, unit.ReparentSubtree, unit.ReparentUnit, unit.SetFormationOffset, unit.SetRejoinTarget, unit.SetStatus, unit.SetStrength, unit.SplitFormation, unit.UpdateCommandChain]；Registry 共 57 个，未外发 0 个 []
03:27:06.445 INFO  io.mosire.simos.app.gui.GuiServer - GUI 服务器已启动: http://127.0.0.1:45437/（静态 /webui，同源，无 CORS 头）
03:27:06.445 INFO  io.mosire.simos.app.Shell - Shell 装配完成: store=/tmp/junit-4473526300605516245 checkpointInterval=100 codec=4 handler=45 participant=2 resolver=4 facet=2 tool=57 mapId=Map1 bindAddress=127.0.0.1 mcpPort=46121 guiPort=45437 approvalPort=44643
03:27:06.452 INFO  io.mosire.simos.core.command.CommandBus - 命令被拒: type=map.SetEdge commandId=7e5ffabb-888e-418b-834a-d9dcbeda80b6 correlationId=7e5ffabb-888e-418b-834a-d9dcbeda80b6 原因=未知连通性类型: not_registered
03:27:06.453 INFO  io.mosire.agentlib.approval.ApprovalHttpEndpoint - 审批 HTTP 面已停止（端口 44643）
03:27:06.453 INFO  io.mosire.agentlib.approval.HttpApprovalChannel - HTTP 审批通道已关闭
03:27:06.515 INFO  io.mosire.agentlib.mcp.AgentToMcpServer - MCP streamable server 已启动: name=simos-shell version=0.1.0-SNAPSHOT 外发工具 57 个 [map.CreateRegion, map.DeleteRegion, map.RandomizeRegion, map.RegisterPathwayGroup, map.SetEdge, map.SetTerrain, map.UpdateRegion, sd.AddCombatStage, sd.CancelEffect, sd.CommitCombatOutcome, sd.CreateArmy, sd.CreateCombat, sd.CreateDecisionMaker, sd.CreateNation, sd.IssueDirective, sd.PutInfo, sd.RecordCasualties, sd.RegisterEffect, sd.ResetDecisionMakerConversation, sd.RunDecision, sd.SetDecisionMakerAccess, sd.SetDecisionMakerProvider, sd.SetStageOutcomeTable, sd.StartDecision, sd.SubmitVerdict, simos.advance, simos.command.catalog, simos.command.submit, simos.fork, simos.map.hex, simos.map.overview, simos.social.population, simos.state.facets, simos.state.resolve, simos.timeline.branches, simos.unit.get, simos.unit.list, unit.ApplyCasualties, unit.AttachUnit, unit.CancelRoute, unit.CreateCommandChain, unit.CreateUnit, unit.DetachUnit, unit.DisbandUnit, unit.MergeFormation, unit.PlaceAt, unit.PlanRoute, unit.PlanSparseRoute, unit.RenameUnit, unit.ReparentSubtree, unit.ReparentUnit, unit.SetFormationOffset, unit.SetRejoinTarget, unit.SetStatus, unit.SetStrength, unit.SplitFormation, unit.UpdateCommandChain]；Registry 共 57 个，未外发 0 个 []
03:27:06.525 INFO  io.mosire.simos.app.gui.GuiServer - GUI 服务器已启动: http://127.0.0.1:45653/（静态 /webui，同源，无 CORS 头）
03:27:06.525 INFO  io.mosire.simos.app.Shell - Shell 装配完成: store=/tmp/junit-6014975144162234607 checkpointInterval=100 codec=4 handler=45 participant=2 resolver=4 facet=2 tool=57 mapId=Map1 bindAddress=127.0.0.1 mcpPort=44989 guiPort=45653 approvalPort=45647
03:27:06.531 INFO  io.mosire.simos.core.command.CommandBus - 命令被拒: type=unit.UpdateCommandChain commandId=669c6cd3-928b-49dc-b183-bcc1ee9dfa73 correlationId=669c6cd3-928b-49dc-b183-bcc1ee9dfa73 原因=链不存在: nope
03:27:06.532 INFO  io.mosire.agentlib.approval.ApprovalHttpEndpoint - 审批 HTTP 面已停止（端口 45647）
03:27:06.532 INFO  io.mosire.agentlib.approval.HttpApprovalChannel - HTTP 审批通道已关闭
03:27:06.589 INFO  io.mosire.agentlib.mcp.AgentToMcpServer - MCP streamable server 已启动: name=simos-shell version=0.1.0-SNAPSHOT 外发工具 57 个 [map.CreateRegion, map.DeleteRegion, map.RandomizeRegion, map.RegisterPathwayGroup, map.SetEdge, map.SetTerrain, map.UpdateRegion, sd.AddCombatStage, sd.CancelEffect, sd.CommitCombatOutcome, sd.CreateArmy, sd.CreateCombat, sd.CreateDecisionMaker, sd.CreateNation, sd.IssueDirective, sd.PutInfo, sd.RecordCasualties, sd.RegisterEffect, sd.ResetDecisionMakerConversation, sd.RunDecision, sd.SetDecisionMakerAccess, sd.SetDecisionMakerProvider, sd.SetStageOutcomeTable, sd.StartDecision, sd.SubmitVerdict, simos.advance, simos.command.catalog, simos.command.submit, simos.fork, simos.map.hex, simos.map.overview, simos.social.population, simos.state.facets, simos.state.resolve, simos.timeline.branches, simos.unit.get, simos.unit.list, unit.ApplyCasualties, unit.AttachUnit, unit.CancelRoute, unit.CreateCommandChain, unit.CreateUnit, unit.DetachUnit, unit.DisbandUnit, unit.MergeFormation, unit.PlaceAt, unit.PlanRoute, unit.PlanSparseRoute, unit.RenameUnit, unit.ReparentSubtree, unit.ReparentUnit, unit.SetFormationOffset, unit.SetRejoinTarget, unit.SetStatus, unit.SetStrength, unit.SplitFormation, unit.UpdateCommandChain]；Registry 共 57 个，未外发 0 个 []
03:27:06.598 INFO  io.mosire.simos.app.gui.GuiServer - GUI 服务器已启动: http://127.0.0.1:46221/（静态 /webui，同源，无 CORS 头）
03:27:06.598 INFO  io.mosire.simos.app.Shell - Shell 装配完成: store=/tmp/junit-18028574447255212498 checkpointInterval=100 codec=4 handler=45 participant=2 resolver=4 facet=2 tool=57 mapId=Map1 bindAddress=127.0.0.1 mcpPort=46411 guiPort=46221 approvalPort=45977
03:27:06.605 INFO  io.mosire.simos.core.command.CommandBus - 命令提交: type=unit.CreateCommandChain commandId=00bd58f9-3abb-45e9-bcdc-6bf9199a710c correlationId=00bd58f9-3abb-45e9-bcdc-6bf9199a710c 新坐标=main@2
03:27:06.610 INFO  io.mosire.simos.core.command.CommandBus - 命令被拒: type=unit.CreateCommandChain commandId=3779ccf2-6e5c-4054-ab82-d7071a59ba8c correlationId=3779ccf2-6e5c-4054-ab82-d7071a59ba8c 原因=链 id 已存在: c-1
03:27:06.611 INFO  io.mosire.agentlib.approval.ApprovalHttpEndpoint - 审批 HTTP 面已停止（端口 45977）
03:27:06.611 INFO  io.mosire.agentlib.approval.HttpApprovalChannel - HTTP 审批通道已关闭
03:27:06.669 INFO  io.mosire.agentlib.mcp.AgentToMcpServer - MCP streamable server 已启动: name=simos-shell version=0.1.0-SNAPSHOT 外发工具 57 个 [map.CreateRegion, map.DeleteRegion, map.RandomizeRegion, map.RegisterPathwayGroup, map.SetEdge, map.SetTerrain, map.UpdateRegion, sd.AddCombatStage, sd.CancelEffect, sd.CommitCombatOutcome, sd.CreateArmy, sd.CreateCombat, sd.CreateDecisionMaker, sd.CreateNation, sd.IssueDirective, sd.PutInfo, sd.RecordCasualties, sd.RegisterEffect, sd.ResetDecisionMakerConversation, sd.RunDecision, sd.SetDecisionMakerAccess, sd.SetDecisionMakerProvider, sd.SetStageOutcomeTable, sd.StartDecision, sd.SubmitVerdict, simos.advance, simos.command.catalog, simos.command.submit, simos.fork, simos.map.hex, simos.map.overview, simos.social.population, simos.state.facets, simos.state.resolve, simos.timeline.branches, simos.unit.get, simos.unit.list, unit.ApplyCasualties, unit.AttachUnit, unit.CancelRoute, unit.CreateCommandChain, unit.CreateUnit, unit.DetachUnit, unit.DisbandUnit, unit.MergeFormation, unit.PlaceAt, unit.PlanRoute, unit.PlanSparseRoute, unit.RenameUnit, unit.ReparentSubtree, unit.ReparentUnit, unit.SetFormationOffset, unit.SetRejoinTarget, unit.SetStatus, unit.SetStrength, unit.SplitFormation, unit.UpdateCommandChain]；Registry 共 57 个，未外发 0 个 []
03:27:06.678 INFO  io.mosire.simos.app.gui.GuiServer - GUI 服务器已启动: http://127.0.0.1:45553/（静态 /webui，同源，无 CORS 头）
03:27:06.678 INFO  io.mosire.simos.app.Shell - Shell 装配完成: store=/tmp/junit-3141408194586113192 checkpointInterval=100 codec=4 handler=45 participant=2 resolver=4 facet=2 tool=57 mapId=Map1 bindAddress=127.0.0.1 mcpPort=44769 guiPort=45553 approvalPort=45101
03:27:06.684 INFO  io.mosire.simos.core.command.CommandBus - 命令提交: type=sd.CreateCombat commandId=9db0ec9f-444b-4163-a2ee-c7b29441ba3a correlationId=9db0ec9f-444b-4163-a2ee-c7b29441ba3a 新坐标=main@2
03:27:06.687 INFO  io.mosire.simos.core.command.CommandBus - 命令提交: type=sd.AddCombatStage commandId=a3d8241b-e8b3-4bfb-8a77-f09e20690241 correlationId=a3d8241b-e8b3-4bfb-8a77-f09e20690241 新坐标=main@3
03:27:06.691 INFO  io.mosire.simos.core.command.CommandBus - 命令被拒: type=sd.RecordCasualties commandId=0eced653-5af9-4c10-acdf-764999ed97cf correlationId=0eced653-5af9-4c10-acdf-764999ed97cf 原因=未知装备键: 没这个装备
03:27:06.692 INFO  io.mosire.agentlib.approval.ApprovalHttpEndpoint - 审批 HTTP 面已停止（端口 45101）
03:27:06.692 INFO  io.mosire.agentlib.approval.HttpApprovalChannel - HTTP 审批通道已关闭
03:27:06.756 INFO  io.mosire.agentlib.mcp.AgentToMcpServer - MCP streamable server 已启动: name=simos-shell version=0.1.0-SNAPSHOT 外发工具 57 个 [map.CreateRegion, map.DeleteRegion, map.RandomizeRegion, map.RegisterPathwayGroup, map.SetEdge, map.SetTerrain, map.UpdateRegion, sd.AddCombatStage, sd.CancelEffect, sd.CommitCombatOutcome, sd.CreateArmy, sd.CreateCombat, sd.CreateDecisionMaker, sd.CreateNation, sd.IssueDirective, sd.PutInfo, sd.RecordCasualties, sd.RegisterEffect, sd.ResetDecisionMakerConversation, sd.RunDecision, sd.SetDecisionMakerAccess, sd.SetDecisionMakerProvider, sd.SetStageOutcomeTable, sd.StartDecision, sd.SubmitVerdict, simos.advance, simos.command.catalog, simos.command.submit, simos.fork, simos.map.hex, simos.map.overview, simos.social.population, simos.state.facets, simos.state.resolve, simos.timeline.branches, simos.unit.get, simos.unit.list, unit.ApplyCasualties, unit.AttachUnit, unit.CancelRoute, unit.CreateCommandChain, unit.CreateUnit, unit.DetachUnit, unit.DisbandUnit, unit.MergeFormation, unit.PlaceAt, unit.PlanRoute, unit.PlanSparseRoute, unit.RenameUnit, unit.ReparentSubtree, unit.ReparentUnit, unit.SetFormationOffset, unit.SetRejoinTarget, unit.SetStatus, unit.SetStrength, unit.SplitFormation, unit.UpdateCommandChain]；Registry 共 57 个，未外发 0 个 []
03:27:06.765 INFO  io.mosire.simos.app.gui.GuiServer - GUI 服务器已启动: http://127.0.0.1:45311/（静态 /webui，同源，无 CORS 头）
03:27:06.766 INFO  io.mosire.simos.app.Shell - Shell 装配完成: store=/tmp/junit-14598387969839134934 checkpointInterval=100 codec=4 handler=45 participant=2 resolver=4 facet=2 tool=57 mapId=Map1 bindAddress=127.0.0.1 mcpPort=44713 guiPort=45311 approvalPort=44625
03:27:06.767 INFO  io.mosire.agentlib.approval.ApprovalHttpEndpoint - 审批 HTTP 面已停止（端口 44625）
03:27:06.767 INFO  io.mosire.agentlib.approval.HttpApprovalChannel - HTTP 审批通道已关闭
03:27:06.827 INFO  io.mosire.agentlib.mcp.AgentToMcpServer - MCP streamable server 已启动: name=simos-shell version=0.1.0-SNAPSHOT 外发工具 57 个 [map.CreateRegion, map.DeleteRegion, map.RandomizeRegion, map.RegisterPathwayGroup, map.SetEdge, map.SetTerrain, map.UpdateRegion, sd.AddCombatStage, sd.CancelEffect, sd.CommitCombatOutcome, sd.CreateArmy, sd.CreateCombat, sd.CreateDecisionMaker, sd.CreateNation, sd.IssueDirective, sd.PutInfo, sd.RecordCasualties, sd.RegisterEffect, sd.ResetDecisionMakerConversation, sd.RunDecision, sd.SetDecisionMakerAccess, sd.SetDecisionMakerProvider, sd.SetStageOutcomeTable, sd.StartDecision, sd.SubmitVerdict, simos.advance, simos.command.catalog, simos.command.submit, simos.fork, simos.map.hex, simos.map.overview, simos.social.population, simos.state.facets, simos.state.resolve, simos.timeline.branches, simos.unit.get, simos.unit.list, unit.ApplyCasualties, unit.AttachUnit, unit.CancelRoute, unit.CreateCommandChain, unit.CreateUnit, unit.DetachUnit, unit.DisbandUnit, unit.MergeFormation, unit.PlaceAt, unit.PlanRoute, unit.PlanSparseRoute, unit.RenameUnit, unit.ReparentSubtree, unit.ReparentUnit, unit.SetFormationOffset, unit.SetRejoinTarget, unit.SetStatus, unit.SetStrength, unit.SplitFormation, unit.UpdateCommandChain]；Registry 共 57 个，未外发 0 个 []
03:27:06.837 INFO  io.mosire.simos.app.gui.GuiServer - GUI 服务器已启动: http://127.0.0.1:45743/（静态 /webui，同源，无 CORS 头）
03:27:06.837 INFO  io.mosire.simos.app.Shell - Shell 装配完成: store=/tmp/junit-3458559503769550127 checkpointInterval=100 codec=4 handler=45 participant=2 resolver=4 facet=2 tool=57 mapId=Map1 bindAddress=127.0.0.1 mcpPort=46517 guiPort=45743 approvalPort=44847
03:27:06.843 INFO  io.mosire.simos.core.command.CommandBus - 命令被拒: type=unit.CreateUnit commandId=9088dc89-5855-42e3-bb27-8d41d9c10c6a correlationId=9088dc89-5855-42e3-bb27-8d41d9c10c6a 原因=单位 id 已存在: u-1
03:27:06.844 INFO  io.mosire.agentlib.approval.ApprovalHttpEndpoint - 审批 HTTP 面已停止（端口 44847）
03:27:06.845 INFO  io.mosire.agentlib.approval.HttpApprovalChannel - HTTP 审批通道已关闭
03:27:06.902 INFO  io.mosire.agentlib.mcp.AgentToMcpServer - MCP streamable server 已启动: name=simos-shell version=0.1.0-SNAPSHOT 外发工具 57 个 [map.CreateRegion, map.DeleteRegion, map.RandomizeRegion, map.RegisterPathwayGroup, map.SetEdge, map.SetTerrain, map.UpdateRegion, sd.AddCombatStage, sd.CancelEffect, sd.CommitCombatOutcome, sd.CreateArmy, sd.CreateCombat, sd.CreateDecisionMaker, sd.CreateNation, sd.IssueDirective, sd.PutInfo, sd.RecordCasualties, sd.RegisterEffect, sd.ResetDecisionMakerConversation, sd.RunDecision, sd.SetDecisionMakerAccess, sd.SetDecisionMakerProvider, sd.SetStageOutcomeTable, sd.StartDecision, sd.SubmitVerdict, simos.advance, simos.command.catalog, simos.command.submit, simos.fork, simos.map.hex, simos.map.overview, simos.social.population, simos.state.facets, simos.state.resolve, simos.timeline.branches, simos.unit.get, simos.unit.list, unit.ApplyCasualties, unit.AttachUnit, unit.CancelRoute, unit.CreateCommandChain, unit.CreateUnit, unit.DetachUnit, unit.DisbandUnit, unit.MergeFormation, unit.PlaceAt, unit.PlanRoute, unit.PlanSparseRoute, unit.RenameUnit, unit.ReparentSubtree, unit.ReparentUnit, unit.SetFormationOffset, unit.SetRejoinTarget, unit.SetStatus, unit.SetStrength, unit.SplitFormation, unit.UpdateCommandChain]；Registry 共 57 个，未外发 0 个 []
03:27:06.912 INFO  io.mosire.simos.app.gui.GuiServer - GUI 服务器已启动: http://127.0.0.1:44737/（静态 /webui，同源，无 CORS 头）
03:27:06.912 INFO  io.mosire.simos.app.Shell - Shell 装配完成: store=/tmp/junit-17685718261558901517 checkpointInterval=100 codec=4 handler=45 participant=2 resolver=4 facet=2 tool=57 mapId=Map1 bindAddress=127.0.0.1 mcpPort=44883 guiPort=44737 approvalPort=44853
03:27:06.919 INFO  io.mosire.simos.core.command.CommandBus - 命令提交: type=sd.CreateCombat commandId=d4da874b-eed3-446f-ae45-fa1df7d79253 correlationId=d4da874b-eed3-446f-ae45-fa1df7d79253 新坐标=main@2
03:27:06.923 INFO  io.mosire.simos.core.command.CommandBus - 命令提交: type=sd.AddCombatStage commandId=a61a66fa-254a-4790-b7ad-4570b82e6aaf correlationId=a61a66fa-254a-4790-b7ad-4570b82e6aaf 新坐标=main@3
03:27:06.926 INFO  io.mosire.simos.core.command.CommandBus - 命令被拒: type=sd.CommitCombatOutcome commandId=03e10943-98ca-436c-ba44-b36a35d86f47 correlationId=03e10943-98ca-436c-ba44-b36a35d86f47 原因=结局不在该阶段的 outcomeTable 里（N2）: opt-b 不属于 s1
03:27:06.927 INFO  io.mosire.agentlib.approval.ApprovalHttpEndpoint - 审批 HTTP 面已停止（端口 44853）
03:27:06.927 INFO  io.mosire.agentlib.approval.HttpApprovalChannel - HTTP 审批通道已关闭
03:27:06.984 INFO  io.mosire.agentlib.mcp.AgentToMcpServer - MCP streamable server 已启动: name=simos-shell version=0.1.0-SNAPSHOT 外发工具 57 个 [map.CreateRegion, map.DeleteRegion, map.RandomizeRegion, map.RegisterPathwayGroup, map.SetEdge, map.SetTerrain, map.UpdateRegion, sd.AddCombatStage, sd.CancelEffect, sd.CommitCombatOutcome, sd.CreateArmy, sd.CreateCombat, sd.CreateDecisionMaker, sd.CreateNation, sd.IssueDirective, sd.PutInfo, sd.RecordCasualties, sd.RegisterEffect, sd.ResetDecisionMakerConversation, sd.RunDecision, sd.SetDecisionMakerAccess, sd.SetDecisionMakerProvider, sd.SetStageOutcomeTable, sd.StartDecision, sd.SubmitVerdict, simos.advance, simos.command.catalog, simos.command.submit, simos.fork, simos.map.hex, simos.map.overview, simos.social.population, simos.state.facets, simos.state.resolve, simos.timeline.branches, simos.unit.get, simos.unit.list, unit.ApplyCasualties, unit.AttachUnit, unit.CancelRoute, unit.CreateCommandChain, unit.CreateUnit, unit.DetachUnit, unit.DisbandUnit, unit.MergeFormation, unit.PlaceAt, unit.PlanRoute, unit.PlanSparseRoute, unit.RenameUnit, unit.ReparentSubtree, unit.ReparentUnit, unit.SetFormationOffset, unit.SetRejoinTarget, unit.SetStatus, unit.SetStrength, unit.SplitFormation, unit.UpdateCommandChain]；Registry 共 57 个，未外发 0 个 []
03:27:06.993 INFO  io.mosire.simos.app.gui.GuiServer - GUI 服务器已启动: http://127.0.0.1:44859/（静态 /webui，同源，无 CORS 头）
03:27:06.993 INFO  io.mosire.simos.app.Shell - Shell 装配完成: store=/tmp/junit-434349303467212145 checkpointInterval=100 codec=4 handler=45 participant=2 resolver=4 facet=2 tool=57 mapId=Map1 bindAddress=127.0.0.1 mcpPort=46291 guiPort=44859 approvalPort=46363
03:27:06.994 INFO  io.mosire.agentlib.approval.ApprovalHttpEndpoint - 审批 HTTP 面已停止（端口 46363）
03:27:06.995 INFO  io.mosire.agentlib.approval.HttpApprovalChannel - HTTP 审批通道已关闭
03:27:07.049 INFO  io.mosire.agentlib.mcp.AgentToMcpServer - MCP streamable server 已启动: name=simos-shell version=0.1.0-SNAPSHOT 外发工具 57 个 [map.CreateRegion, map.DeleteRegion, map.RandomizeRegion, map.RegisterPathwayGroup, map.SetEdge, map.SetTerrain, map.UpdateRegion, sd.AddCombatStage, sd.CancelEffect, sd.CommitCombatOutcome, sd.CreateArmy, sd.CreateCombat, sd.CreateDecisionMaker, sd.CreateNation, sd.IssueDirective, sd.PutInfo, sd.RecordCasualties, sd.RegisterEffect, sd.ResetDecisionMakerConversation, sd.RunDecision, sd.SetDecisionMakerAccess, sd.SetDecisionMakerProvider, sd.SetStageOutcomeTable, sd.StartDecision, sd.SubmitVerdict, simos.advance, simos.command.catalog, simos.command.submit, simos.fork, simos.map.hex, simos.map.overview, simos.social.population, simos.state.facets, simos.state.resolve, simos.timeline.branches, simos.unit.get, simos.unit.list, unit.ApplyCasualties, unit.AttachUnit, unit.CancelRoute, unit.CreateCommandChain, unit.CreateUnit, unit.DetachUnit, unit.DisbandUnit, unit.MergeFormation, unit.PlaceAt, unit.PlanRoute, unit.PlanSparseRoute, unit.RenameUnit, unit.ReparentSubtree, unit.ReparentUnit, unit.SetFormationOffset, unit.SetRejoinTarget, unit.SetStatus, unit.SetStrength, unit.SplitFormation, unit.UpdateCommandChain]；Registry 共 57 个，未外发 0 个 []
03:27:07.058 INFO  io.mosire.simos.app.gui.GuiServer - GUI 服务器已启动: http://127.0.0.1:45499/（静态 /webui，同源，无 CORS 头）
03:27:07.058 INFO  io.mosire.simos.app.Shell - Shell 装配完成: store=/tmp/junit-7193938611799106326 checkpointInterval=100 codec=4 handler=45 participant=2 resolver=4 facet=2 tool=57 mapId=Map1 bindAddress=127.0.0.1 mcpPort=44717 guiPort=45499 approvalPort=46179
03:27:07.059 INFO  io.mosire.agentlib.approval.ApprovalHttpEndpoint - 审批 HTTP 面已停止（端口 46179）
03:27:07.059 INFO  io.mosire.agentlib.approval.HttpApprovalChannel - HTTP 审批通道已关闭
03:27:07.113 INFO  io.mosire.agentlib.mcp.AgentToMcpServer - MCP streamable server 已启动: name=simos-shell version=0.1.0-SNAPSHOT 外发工具 57 个 [map.CreateRegion, map.DeleteRegion, map.RandomizeRegion, map.RegisterPathwayGroup, map.SetEdge, map.SetTerrain, map.UpdateRegion, sd.AddCombatStage, sd.CancelEffect, sd.CommitCombatOutcome, sd.CreateArmy, sd.CreateCombat, sd.CreateDecisionMaker, sd.CreateNation, sd.IssueDirective, sd.PutInfo, sd.RecordCasualties, sd.RegisterEffect, sd.ResetDecisionMakerConversation, sd.RunDecision, sd.SetDecisionMakerAccess, sd.SetDecisionMakerProvider, sd.SetStageOutcomeTable, sd.StartDecision, sd.SubmitVerdict, simos.advance, simos.command.catalog, simos.command.submit, simos.fork, simos.map.hex, simos.map.overview, simos.social.population, simos.state.facets, simos.state.resolve, simos.timeline.branches, simos.unit.get, simos.unit.list, unit.ApplyCasualties, unit.AttachUnit, unit.CancelRoute, unit.CreateCommandChain, unit.CreateUnit, unit.DetachUnit, unit.DisbandUnit, unit.MergeFormation, unit.PlaceAt, unit.PlanRoute, unit.PlanSparseRoute, unit.RenameUnit, unit.ReparentSubtree, unit.ReparentUnit, unit.SetFormationOffset, unit.SetRejoinTarget, unit.SetStatus, unit.SetStrength, unit.SplitFormation, unit.UpdateCommandChain]；Registry 共 57 个，未外发 0 个 []
03:27:07.122 INFO  io.mosire.simos.app.gui.GuiServer - GUI 服务器已启动: http://127.0.0.1:45171/（静态 /webui，同源，无 CORS 头）
03:27:07.122 INFO  io.mosire.simos.app.Shell - Shell 装配完成: store=/tmp/junit-15391320173817822154 checkpointInterval=100 codec=4 handler=45 participant=2 resolver=4 facet=2 tool=57 mapId=Map1 bindAddress=127.0.0.1 mcpPort=45801 guiPort=45171 approvalPort=44829
03:27:07.129 INFO  io.mosire.simos.core.command.CommandBus - 命令提交: type=unit.PlanRoute commandId=01579c7a-ccc7-4394-972a-112ebde9d8b4 correlationId=01579c7a-ccc7-4394-972a-112ebde9d8b4 新坐标=main@2
03:27:07.131 INFO  io.mosire.agentlib.approval.ApprovalHttpEndpoint - 审批 HTTP 面已停止（端口 44829）
03:27:07.131 INFO  io.mosire.agentlib.approval.HttpApprovalChannel - HTTP 审批通道已关闭
03:27:07.188 INFO  io.mosire.agentlib.mcp.AgentToMcpServer - MCP streamable server 已启动: name=simos-shell version=0.1.0-SNAPSHOT 外发工具 57 个 [map.CreateRegion, map.DeleteRegion, map.RandomizeRegion, map.RegisterPathwayGroup, map.SetEdge, map.SetTerrain, map.UpdateRegion, sd.AddCombatStage, sd.CancelEffect, sd.CommitCombatOutcome, sd.CreateArmy, sd.CreateCombat, sd.CreateDecisionMaker, sd.CreateNation, sd.IssueDirective, sd.PutInfo, sd.RecordCasualties, sd.RegisterEffect, sd.ResetDecisionMakerConversation, sd.RunDecision, sd.SetDecisionMakerAccess, sd.SetDecisionMakerProvider, sd.SetStageOutcomeTable, sd.StartDecision, sd.SubmitVerdict, simos.advance, simos.command.catalog, simos.command.submit, simos.fork, simos.map.hex, simos.map.overview, simos.social.population, simos.state.facets, simos.state.resolve, simos.timeline.branches, simos.unit.get, simos.unit.list, unit.ApplyCasualties, unit.AttachUnit, unit.CancelRoute, unit.CreateCommandChain, unit.CreateUnit, unit.DetachUnit, unit.DisbandUnit, unit.MergeFormation, unit.PlaceAt, unit.PlanRoute, unit.PlanSparseRoute, unit.RenameUnit, unit.ReparentSubtree, unit.ReparentUnit, unit.SetFormationOffset, unit.SetRejoinTarget, unit.SetStatus, unit.SetStrength, unit.SplitFormation, unit.UpdateCommandChain]；Registry 共 57 个，未外发 0 个 []
03:27:07.197 INFO  io.mosire.simos.app.gui.GuiServer - GUI 服务器已启动: http://127.0.0.1:45693/（静态 /webui，同源，无 CORS 头）
03:27:07.197 INFO  io.mosire.simos.app.Shell - Shell 装配完成: store=/tmp/junit-11875697417449948282 checkpointInterval=100 codec=4 handler=45 participant=2 resolver=4 facet=2 tool=57 mapId=Map1 bindAddress=127.0.0.1 mcpPort=44799 guiPort=45693 approvalPort=44979
03:27:07.203 INFO  io.mosire.simos.core.command.CommandBus - 命令被拒: type=sd.SetDecisionMakerProvider commandId=c25c5160-fbc4-4091-86a0-ad2f8ba8d202 correlationId=c25c5160-fbc4-4091-86a0-ad2f8ba8d202 原因=决策人不存在: dm-nope
03:27:07.204 INFO  io.mosire.agentlib.approval.ApprovalHttpEndpoint - 审批 HTTP 面已停止（端口 44979）
03:27:07.204 INFO  io.mosire.agentlib.approval.HttpApprovalChannel - HTTP 审批通道已关闭
03:27:07.260 INFO  io.mosire.agentlib.mcp.AgentToMcpServer - MCP streamable server 已启动: name=simos-shell version=0.1.0-SNAPSHOT 外发工具 57 个 [map.CreateRegion, map.DeleteRegion, map.RandomizeRegion, map.RegisterPathwayGroup, map.SetEdge, map.SetTerrain, map.UpdateRegion, sd.AddCombatStage, sd.CancelEffect, sd.CommitCombatOutcome, sd.CreateArmy, sd.CreateCombat, sd.CreateDecisionMaker, sd.CreateNation, sd.IssueDirective, sd.PutInfo, sd.RecordCasualties, sd.RegisterEffect, sd.ResetDecisionMakerConversation, sd.RunDecision, sd.SetDecisionMakerAccess, sd.SetDecisionMakerProvider, sd.SetStageOutcomeTable, sd.StartDecision, sd.SubmitVerdict, simos.advance, simos.command.catalog, simos.command.submit, simos.fork, simos.map.hex, simos.map.overview, simos.social.population, simos.state.facets, simos.state.resolve, simos.timeline.branches, simos.unit.get, simos.unit.list, unit.ApplyCasualties, unit.AttachUnit, unit.CancelRoute, unit.CreateCommandChain, unit.CreateUnit, unit.DetachUnit, unit.DisbandUnit, unit.MergeFormation, unit.PlaceAt, unit.PlanRoute, unit.PlanSparseRoute, unit.RenameUnit, unit.ReparentSubtree, unit.ReparentUnit, unit.SetFormationOffset, unit.SetRejoinTarget, unit.SetStatus, unit.SetStrength, unit.SplitFormation, unit.UpdateCommandChain]；Registry 共 57 个，未外发 0 个 []
03:27:07.270 INFO  io.mosire.simos.app.gui.GuiServer - GUI 服务器已启动: http://127.0.0.1:46635/（静态 /webui，同源，无 CORS 头）
03:27:07.270 INFO  io.mosire.simos.app.Shell - Shell 装配完成: store=/tmp/junit-7211711377511674415 checkpointInterval=100 codec=4 handler=45 participant=2 resolver=4 facet=2 tool=57 mapId=Map1 bindAddress=127.0.0.1 mcpPort=45453 guiPort=46635 approvalPort=44695
03:27:07.280 INFO  io.mosire.simos.core.command.CommandBus - 命令提交: type=map.CreateRegion commandId=3c96ed9a-04d1-490f-8e4c-195f9f843810 correlationId=3c96ed9a-04d1-490f-8e4c-195f9f843810 新坐标=main@2
03:27:07.293 INFO  io.mosire.simos.core.command.CommandBus - 命令被拒: type=map.CreateRegion commandId=f6b6e51e-b628-435b-ba37-bb179d8ab1fd correlationId=f6b6e51e-b628-435b-ba37-bb179d8ab1fd 原因=区域已存在: t1-region
03:27:07.294 INFO  io.mosire.agentlib.approval.ApprovalHttpEndpoint - 审批 HTTP 面已停止（端口 44695）
03:27:07.294 INFO  io.mosire.agentlib.approval.HttpApprovalChannel - HTTP 审批通道已关闭
03:27:07.358 INFO  io.mosire.agentlib.mcp.AgentToMcpServer - MCP streamable server 已启动: name=simos-shell version=0.1.0-SNAPSHOT 外发工具 57 个 [map.CreateRegion, map.DeleteRegion, map.RandomizeRegion, map.RegisterPathwayGroup, map.SetEdge, map.SetTerrain, map.UpdateRegion, sd.AddCombatStage, sd.CancelEffect, sd.CommitCombatOutcome, sd.CreateArmy, sd.CreateCombat, sd.CreateDecisionMaker, sd.CreateNation, sd.IssueDirective, sd.PutInfo, sd.RecordCasualties, sd.RegisterEffect, sd.ResetDecisionMakerConversation, sd.RunDecision, sd.SetDecisionMakerAccess, sd.SetDecisionMakerProvider, sd.SetStageOutcomeTable, sd.StartDecision, sd.SubmitVerdict, simos.advance, simos.command.catalog, simos.command.submit, simos.fork, simos.map.hex, simos.map.overview, simos.social.population, simos.state.facets, simos.state.resolve, simos.timeline.branches, simos.unit.get, simos.unit.list, unit.ApplyCasualties, unit.AttachUnit, unit.CancelRoute, unit.CreateCommandChain, unit.CreateUnit, unit.DetachUnit, unit.DisbandUnit, unit.MergeFormation, unit.PlaceAt, unit.PlanRoute, unit.PlanSparseRoute, unit.RenameUnit, unit.ReparentSubtree, unit.ReparentUnit, unit.SetFormationOffset, unit.SetRejoinTarget, unit.SetStatus, unit.SetStrength, unit.SplitFormation, unit.UpdateCommandChain]；Registry 共 57 个，未外发 0 个 []
03:27:07.362 INFO  io.mosire.simos.app.gui.GuiServer - GUI 服务器已启动: http://127.0.0.1:45709/（静态 /webui，同源，无 CORS 头）
03:27:07.362 INFO  io.mosire.simos.app.Shell - Shell 装配完成: store=/tmp/junit-12055412763728122077 checkpointInterval=100 codec=4 handler=45 participant=2 resolver=4 facet=2 tool=57 mapId=Map1 bindAddress=127.0.0.1 mcpPort=45481 guiPort=45709 approvalPort=46079
03:27:07.368 INFO  io.mosire.simos.core.command.CommandBus - 命令被拒: type=unit.SetStrength commandId=69cb06af-babd-4d52-a641-d0e91a43a13f correlationId=69cb06af-babd-4d52-a641-d0e91a43a13f 原因=member 必须 ≥ 0: -1
03:27:07.369 INFO  io.mosire.agentlib.approval.ApprovalHttpEndpoint - 审批 HTTP 面已停止（端口 46079）
03:27:07.369 INFO  io.mosire.agentlib.approval.HttpApprovalChannel - HTTP 审批通道已关闭
03:27:07.432 INFO  io.mosire.agentlib.mcp.AgentToMcpServer - MCP streamable server 已启动: name=simos-shell version=0.1.0-SNAPSHOT 外发工具 57 个 [map.CreateRegion, map.DeleteRegion, map.RandomizeRegion, map.RegisterPathwayGroup, map.SetEdge, map.SetTerrain, map.UpdateRegion, sd.AddCombatStage, sd.CancelEffect, sd.CommitCombatOutcome, sd.CreateArmy, sd.CreateCombat, sd.CreateDecisionMaker, sd.CreateNation, sd.IssueDirective, sd.PutInfo, sd.RecordCasualties, sd.RegisterEffect, sd.ResetDecisionMakerConversation, sd.RunDecision, sd.SetDecisionMakerAccess, sd.SetDecisionMakerProvider, sd.SetStageOutcomeTable, sd.StartDecision, sd.SubmitVerdict, simos.advance, simos.command.catalog, simos.command.submit, simos.fork, simos.map.hex, simos.map.overview, simos.social.population, simos.state.facets, simos.state.resolve, simos.timeline.branches, simos.unit.get, simos.unit.list, unit.ApplyCasualties, unit.AttachUnit, unit.CancelRoute, unit.CreateCommandChain, unit.CreateUnit, unit.DetachUnit, unit.DisbandUnit, unit.MergeFormation, unit.PlaceAt, unit.PlanRoute, unit.PlanSparseRoute, unit.RenameUnit, unit.ReparentSubtree, unit.ReparentUnit, unit.SetFormationOffset, unit.SetRejoinTarget, unit.SetStatus, unit.SetStrength, unit.SplitFormation, unit.UpdateCommandChain]；Registry 共 57 个，未外发 0 个 []
03:27:07.441 INFO  io.mosire.simos.app.gui.GuiServer - GUI 服务器已启动: http://127.0.0.1:45929/（静态 /webui，同源，无 CORS 头）
03:27:07.441 INFO  io.mosire.simos.app.Shell - Shell 装配完成: store=/tmp/junit-10996111976895930391 checkpointInterval=100 codec=4 handler=45 participant=2 resolver=4 facet=2 tool=57 mapId=Map1 bindAddress=127.0.0.1 mcpPort=44673 guiPort=45929 approvalPort=45329
03:27:07.447 INFO  io.mosire.simos.core.command.CommandBus - 命令被拒: type=unit.SplitFormation commandId=0c1643fb-8bd3-44c3-8fc7-06f85aad2c25 correlationId=0c1643fb-8bd3-44c3-8fc7-06f85aad2c25 原因=subUnitIds 不得为空：拆分命令至少要指名一个目标
03:27:07.448 INFO  io.mosire.agentlib.approval.ApprovalHttpEndpoint - 审批 HTTP 面已停止（端口 45329）
03:27:07.448 INFO  io.mosire.agentlib.approval.HttpApprovalChannel - HTTP 审批通道已关闭
03:27:07.505 INFO  io.mosire.agentlib.mcp.AgentToMcpServer - MCP streamable server 已启动: name=simos-shell version=0.1.0-SNAPSHOT 外发工具 57 个 [map.CreateRegion, map.DeleteRegion, map.RandomizeRegion, map.RegisterPathwayGroup, map.SetEdge, map.SetTerrain, map.UpdateRegion, sd.AddCombatStage, sd.CancelEffect, sd.CommitCombatOutcome, sd.CreateArmy, sd.CreateCombat, sd.CreateDecisionMaker, sd.CreateNation, sd.IssueDirective, sd.PutInfo, sd.RecordCasualties, sd.RegisterEffect, sd.ResetDecisionMakerConversation, sd.RunDecision, sd.SetDecisionMakerAccess, sd.SetDecisionMakerProvider, sd.SetStageOutcomeTable, sd.StartDecision, sd.SubmitVerdict, simos.advance, simos.command.catalog, simos.command.submit, simos.fork, simos.map.hex, simos.map.overview, simos.social.population, simos.state.facets, simos.state.resolve, simos.timeline.branches, simos.unit.get, simos.unit.list, unit.ApplyCasualties, unit.AttachUnit, unit.CancelRoute, unit.CreateCommandChain, unit.CreateUnit, unit.DetachUnit, unit.DisbandUnit, unit.MergeFormation, unit.PlaceAt, unit.PlanRoute, unit.PlanSparseRoute, unit.RenameUnit, unit.ReparentSubtree, unit.ReparentUnit, unit.SetFormationOffset, unit.SetRejoinTarget, unit.SetStatus, unit.SetStrength, unit.SplitFormation, unit.UpdateCommandChain]；Registry 共 57 个，未外发 0 个 []
03:27:07.514 INFO  io.mosire.simos.app.gui.GuiServer - GUI 服务器已启动: http://127.0.0.1:44723/（静态 /webui，同源，无 CORS 头）
03:27:07.514 INFO  io.mosire.simos.app.Shell - Shell 装配完成: store=/tmp/junit-14764223965342519129 checkpointInterval=100 codec=4 handler=45 participant=2 resolver=4 facet=2 tool=57 mapId=Map1 bindAddress=127.0.0.1 mcpPort=46197 guiPort=44723 approvalPort=46513
03:27:07.520 INFO  io.mosire.simos.core.command.CommandBus - 命令提交: type=map.CreateRegion commandId=93ee5bfe-213f-4805-b1aa-ed887a1b23d3 correlationId=93ee5bfe-213f-4805-b1aa-ed887a1b23d3 新坐标=main@2
03:27:07.524 INFO  io.mosire.simos.core.command.CommandBus - 命令提交: type=sd.CreateNation commandId=8ae5a899-63f5-410a-8181-28813fa3d8ba correlationId=8ae5a899-63f5-410a-8181-28813fa3d8ba 新坐标=main@3
03:27:07.528 INFO  io.mosire.simos.core.command.CommandBus - 命令被拒: type=sd.CreateDecisionMaker commandId=f83f0be4-10c6-48c7-8d0e-feda34131e45 correlationId=f83f0be4-10c6-48c7-8d0e-feda34131e45 原因=allowedTools 不得含通用写 simos.command.submit（N9：决策 Agent 只用窄工具）
03:27:07.529 INFO  io.mosire.agentlib.approval.ApprovalHttpEndpoint - 审批 HTTP 面已停止（端口 46513）
03:27:07.529 INFO  io.mosire.agentlib.approval.HttpApprovalChannel - HTTP 审批通道已关闭
03:27:07.590 INFO  io.mosire.agentlib.mcp.AgentToMcpServer - MCP streamable server 已启动: name=simos-shell version=0.1.0-SNAPSHOT 外发工具 57 个 [map.CreateRegion, map.DeleteRegion, map.RandomizeRegion, map.RegisterPathwayGroup, map.SetEdge, map.SetTerrain, map.UpdateRegion, sd.AddCombatStage, sd.CancelEffect, sd.CommitCombatOutcome, sd.CreateArmy, sd.CreateCombat, sd.CreateDecisionMaker, sd.CreateNation, sd.IssueDirective, sd.PutInfo, sd.RecordCasualties, sd.RegisterEffect, sd.ResetDecisionMakerConversation, sd.RunDecision, sd.SetDecisionMakerAccess, sd.SetDecisionMakerProvider, sd.SetStageOutcomeTable, sd.StartDecision, sd.SubmitVerdict, simos.advance, simos.command.catalog, simos.command.submit, simos.fork, simos.map.hex, simos.map.overview, simos.social.population, simos.state.facets, simos.state.resolve, simos.timeline.branches, simos.unit.get, simos.unit.list, unit.ApplyCasualties, unit.AttachUnit, unit.CancelRoute, unit.CreateCommandChain, unit.CreateUnit, unit.DetachUnit, unit.DisbandUnit, unit.MergeFormation, unit.PlaceAt, unit.PlanRoute, unit.PlanSparseRoute, unit.RenameUnit, unit.ReparentSubtree, unit.ReparentUnit, unit.SetFormationOffset, unit.SetRejoinTarget, unit.SetStatus, unit.SetStrength, unit.SplitFormation, unit.UpdateCommandChain]；Registry 共 57 个，未外发 0 个 []
03:27:07.599 INFO  io.mosire.simos.app.gui.GuiServer - GUI 服务器已启动: http://127.0.0.1:44759/（静态 /webui，同源，无 CORS 头）
03:27:07.599 INFO  io.mosire.simos.app.Shell - Shell 装配完成: store=/tmp/junit-6949499645287245553 checkpointInterval=100 codec=4 handler=45 participant=2 resolver=4 facet=2 tool=57 mapId=Map1 bindAddress=127.0.0.1 mcpPort=46389 guiPort=44759 approvalPort=46439
03:27:07.603 INFO  io.mosire.agentlib.approval.ApprovalHttpEndpoint - 审批 HTTP 面已停止（端口 46439）
03:27:07.603 INFO  io.mosire.agentlib.approval.HttpApprovalChannel - HTTP 审批通道已关闭
03:27:07.668 INFO  io.mosire.agentlib.mcp.AgentToMcpServer - MCP streamable server 已启动: name=simos-shell version=0.1.0-SNAPSHOT 外发工具 57 个 [map.CreateRegion, map.DeleteRegion, map.RandomizeRegion, map.RegisterPathwayGroup, map.SetEdge, map.SetTerrain, map.UpdateRegion, sd.AddCombatStage, sd.CancelEffect, sd.CommitCombatOutcome, sd.CreateArmy, sd.CreateCombat, sd.CreateDecisionMaker, sd.CreateNation, sd.IssueDirective, sd.PutInfo, sd.RecordCasualties, sd.RegisterEffect, sd.ResetDecisionMakerConversation, sd.RunDecision, sd.SetDecisionMakerAccess, sd.SetDecisionMakerProvider, sd.SetStageOutcomeTable, sd.StartDecision, sd.SubmitVerdict, simos.advance, simos.command.catalog, simos.command.submit, simos.fork, simos.map.hex, simos.map.overview, simos.social.population, simos.state.facets, simos.state.resolve, simos.timeline.branches, simos.unit.get, simos.unit.list, unit.ApplyCasualties, unit.AttachUnit, unit.CancelRoute, unit.CreateCommandChain, unit.CreateUnit, unit.DetachUnit, unit.DisbandUnit, unit.MergeFormation, unit.PlaceAt, unit.PlanRoute, unit.PlanSparseRoute, unit.RenameUnit, unit.ReparentSubtree, unit.ReparentUnit, unit.SetFormationOffset, unit.SetRejoinTarget, unit.SetStatus, unit.SetStrength, unit.SplitFormation, unit.UpdateCommandChain]；Registry 共 57 个，未外发 0 个 []
03:27:07.677 INFO  io.mosire.simos.app.gui.GuiServer - GUI 服务器已启动: http://127.0.0.1:45263/（静态 /webui，同源，无 CORS 头）
03:27:07.677 INFO  io.mosire.simos.app.Shell - Shell 装配完成: store=/tmp/junit-9295564014817495871 checkpointInterval=100 codec=4 handler=45 participant=2 resolver=4 facet=2 tool=57 mapId=Map1 bindAddress=127.0.0.1 mcpPort=46281 guiPort=45263 approvalPort=45561
03:27:07.687 INFO  io.mosire.simos.core.command.CommandBus - 命令被拒: type=unit.DetachUnit commandId=c8e67b53-045f-4724-954e-9290e6623cea correlationId=c8e67b53-045f-4724-954e-9290e6623cea 原因=单位 u-1 在 SimosTimestamp[tick=7, calendarLabel=Optional.empty] 已是根单位：没有可脱离的父
03:27:07.688 INFO  io.mosire.agentlib.approval.ApprovalHttpEndpoint - 审批 HTTP 面已停止（端口 45561）
03:27:07.688 INFO  io.mosire.agentlib.approval.HttpApprovalChannel - HTTP 审批通道已关闭
03:27:07.745 INFO  io.mosire.agentlib.mcp.AgentToMcpServer - MCP streamable server 已启动: name=simos-shell version=0.1.0-SNAPSHOT 外发工具 57 个 [map.CreateRegion, map.DeleteRegion, map.RandomizeRegion, map.RegisterPathwayGroup, map.SetEdge, map.SetTerrain, map.UpdateRegion, sd.AddCombatStage, sd.CancelEffect, sd.CommitCombatOutcome, sd.CreateArmy, sd.CreateCombat, sd.CreateDecisionMaker, sd.CreateNation, sd.IssueDirective, sd.PutInfo, sd.RecordCasualties, sd.RegisterEffect, sd.ResetDecisionMakerConversation, sd.RunDecision, sd.SetDecisionMakerAccess, sd.SetDecisionMakerProvider, sd.SetStageOutcomeTable, sd.StartDecision, sd.SubmitVerdict, simos.advance, simos.command.catalog, simos.command.submit, simos.fork, simos.map.hex, simos.map.overview, simos.social.population, simos.state.facets, simos.state.resolve, simos.timeline.branches, simos.unit.get, simos.unit.list, unit.ApplyCasualties, unit.AttachUnit, unit.CancelRoute, unit.CreateCommandChain, unit.CreateUnit, unit.DetachUnit, unit.DisbandUnit, unit.MergeFormation, unit.PlaceAt, unit.PlanRoute, unit.PlanSparseRoute, unit.RenameUnit, unit.ReparentSubtree, unit.ReparentUnit, unit.SetFormationOffset, unit.SetRejoinTarget, unit.SetStatus, unit.SetStrength, unit.SplitFormation, unit.UpdateCommandChain]；Registry 共 57 个，未外发 0 个 []
03:27:07.755 INFO  io.mosire.simos.app.gui.GuiServer - GUI 服务器已启动: http://127.0.0.1:46381/（静态 /webui，同源，无 CORS 头）
03:27:07.755 INFO  io.mosire.simos.app.Shell - Shell 装配完成: store=/tmp/junit-15882043120924014848 checkpointInterval=100 codec=4 handler=45 participant=2 resolver=4 facet=2 tool=57 mapId=Map1 bindAddress=127.0.0.1 mcpPort=45173 guiPort=46381 approvalPort=46073
03:27:07.761 INFO  io.mosire.simos.core.command.CommandBus - 命令被拒: type=unit.ApplyCasualties commandId=ec48ee22-ea12-47a0-ba8c-c1d1bd3be96f correlationId=ec48ee22-ea12-47a0-ba8c-c1d1bd3be96f 原因=未知装备键: 没这个装备
03:27:07.762 INFO  io.mosire.agentlib.approval.ApprovalHttpEndpoint - 审批 HTTP 面已停止（端口 46073）
03:27:07.762 INFO  io.mosire.agentlib.approval.HttpApprovalChannel - HTTP 审批通道已关闭
03:27:07.816 INFO  io.mosire.agentlib.mcp.AgentToMcpServer - MCP streamable server 已启动: name=simos-shell version=0.1.0-SNAPSHOT 外发工具 57 个 [map.CreateRegion, map.DeleteRegion, map.RandomizeRegion, map.RegisterPathwayGroup, map.SetEdge, map.SetTerrain, map.UpdateRegion, sd.AddCombatStage, sd.CancelEffect, sd.CommitCombatOutcome, sd.CreateArmy, sd.CreateCombat, sd.CreateDecisionMaker, sd.CreateNation, sd.IssueDirective, sd.PutInfo, sd.RecordCasualties, sd.RegisterEffect, sd.ResetDecisionMakerConversation, sd.RunDecision, sd.SetDecisionMakerAccess, sd.SetDecisionMakerProvider, sd.SetStageOutcomeTable, sd.StartDecision, sd.SubmitVerdict, simos.advance, simos.command.catalog, simos.command.submit, simos.fork, simos.map.hex, simos.map.overview, simos.social.population, simos.state.facets, simos.state.resolve, simos.timeline.branches, simos.unit.get, simos.unit.list, unit.ApplyCasualties, unit.AttachUnit, unit.CancelRoute, unit.CreateCommandChain, unit.CreateUnit, unit.DetachUnit, unit.DisbandUnit, unit.MergeFormation, unit.PlaceAt, unit.PlanRoute, unit.PlanSparseRoute, unit.RenameUnit, unit.ReparentSubtree, unit.ReparentUnit, unit.SetFormationOffset, unit.SetRejoinTarget, unit.SetStatus, unit.SetStrength, unit.SplitFormation, unit.UpdateCommandChain]；Registry 共 57 个，未外发 0 个 []
03:27:07.826 INFO  io.mosire.simos.app.gui.GuiServer - GUI 服务器已启动: http://127.0.0.1:46053/（静态 /webui，同源，无 CORS 头）
03:27:07.826 INFO  io.mosire.simos.app.Shell - Shell 装配完成: store=/tmp/junit-12198061836656133894 checkpointInterval=100 codec=4 handler=45 participant=2 resolver=4 facet=2 tool=57 mapId=Map1 bindAddress=127.0.0.1 mcpPort=45487 guiPort=46053 approvalPort=44981
03:27:07.832 INFO  io.mosire.simos.core.command.CommandBus - 命令提交: type=unit.CreateUnit commandId=584ca64e-e8e5-4642-a82e-4613f7aa82bb correlationId=584ca64e-e8e5-4642-a82e-4613f7aa82bb 新坐标=main@2
03:27:07.835 INFO  io.mosire.simos.core.command.CommandBus - 命令被拒: type=unit.MergeFormation commandId=acf36803-2a71-4601-b034-558cc1a1412f correlationId=acf36803-2a71-4601-b034-558cc1a1412f 原因=单位 u-2 在 SimosTimestamp[tick=7, calendarLabel=Optional.empty] 位于 1_2，与 u-1 的 1_1 不同格：只有同格才能合体
03:27:07.836 INFO  io.mosire.agentlib.approval.ApprovalHttpEndpoint - 审批 HTTP 面已停止（端口 44981）
03:27:07.836 INFO  io.mosire.agentlib.approval.HttpApprovalChannel - HTTP 审批通道已关闭
03:27:07.896 INFO  io.mosire.agentlib.mcp.AgentToMcpServer - MCP streamable server 已启动: name=simos-shell version=0.1.0-SNAPSHOT 外发工具 57 个 [map.CreateRegion, map.DeleteRegion, map.RandomizeRegion, map.RegisterPathwayGroup, map.SetEdge, map.SetTerrain, map.UpdateRegion, sd.AddCombatStage, sd.CancelEffect, sd.CommitCombatOutcome, sd.CreateArmy, sd.CreateCombat, sd.CreateDecisionMaker, sd.CreateNation, sd.IssueDirective, sd.PutInfo, sd.RecordCasualties, sd.RegisterEffect, sd.ResetDecisionMakerConversation, sd.RunDecision, sd.SetDecisionMakerAccess, sd.SetDecisionMakerProvider, sd.SetStageOutcomeTable, sd.StartDecision, sd.SubmitVerdict, simos.advance, simos.command.catalog, simos.command.submit, simos.fork, simos.map.hex, simos.map.overview, simos.social.population, simos.state.facets, simos.state.resolve, simos.timeline.branches, simos.unit.get, simos.unit.list, unit.ApplyCasualties, unit.AttachUnit, unit.CancelRoute, unit.CreateCommandChain, unit.CreateUnit, unit.DetachUnit, unit.DisbandUnit, unit.MergeFormation, unit.PlaceAt, unit.PlanRoute, unit.PlanSparseRoute, unit.RenameUnit, unit.ReparentSubtree, unit.ReparentUnit, unit.SetFormationOffset, unit.SetRejoinTarget, unit.SetStatus, unit.SetStrength, unit.SplitFormation, unit.UpdateCommandChain]；Registry 共 57 个，未外发 0 个 []
03:27:07.905 INFO  io.mosire.simos.app.gui.GuiServer - GUI 服务器已启动: http://127.0.0.1:46471/（静态 /webui，同源，无 CORS 头）
03:27:07.906 INFO  io.mosire.simos.app.Shell - Shell 装配完成: store=/tmp/junit-4607710303808474254 checkpointInterval=100 codec=4 handler=45 participant=2 resolver=4 facet=2 tool=57 mapId=Map1 bindAddress=127.0.0.1 mcpPort=45635 guiPort=46471 approvalPort=45629
03:27:07.911 INFO  io.mosire.simos.core.command.CommandBus - 命令被拒: type=map.DeleteRegion commandId=6fc21553-b599-4e1c-a9d1-57ef1ee5f388 correlationId=6fc21553-b599-4e1c-a9d1-57ef1ee5f388 原因=区域不存在: 没有这个区域
03:27:07.912 INFO  io.mosire.agentlib.approval.ApprovalHttpEndpoint - 审批 HTTP 面已停止（端口 45629）
03:27:07.912 INFO  io.mosire.agentlib.approval.HttpApprovalChannel - HTTP 审批通道已关闭
03:27:07.968 INFO  io.mosire.agentlib.mcp.AgentToMcpServer - MCP streamable server 已启动: name=simos-shell version=0.1.0-SNAPSHOT 外发工具 57 个 [map.CreateRegion, map.DeleteRegion, map.RandomizeRegion, map.RegisterPathwayGroup, map.SetEdge, map.SetTerrain, map.UpdateRegion, sd.AddCombatStage, sd.CancelEffect, sd.CommitCombatOutcome, sd.CreateArmy, sd.CreateCombat, sd.CreateDecisionMaker, sd.CreateNation, sd.IssueDirective, sd.PutInfo, sd.RecordCasualties, sd.RegisterEffect, sd.ResetDecisionMakerConversation, sd.RunDecision, sd.SetDecisionMakerAccess, sd.SetDecisionMakerProvider, sd.SetStageOutcomeTable, sd.StartDecision, sd.SubmitVerdict, simos.advance, simos.command.catalog, simos.command.submit, simos.fork, simos.map.hex, simos.map.overview, simos.social.population, simos.state.facets, simos.state.resolve, simos.timeline.branches, simos.unit.get, simos.unit.list, unit.ApplyCasualties, unit.AttachUnit, unit.CancelRoute, unit.CreateCommandChain, unit.CreateUnit, unit.DetachUnit, unit.DisbandUnit, unit.MergeFormation, unit.PlaceAt, unit.PlanRoute, unit.PlanSparseRoute, unit.RenameUnit, unit.ReparentSubtree, unit.ReparentUnit, unit.SetFormationOffset, unit.SetRejoinTarget, unit.SetStatus, unit.SetStrength, unit.SplitFormation, unit.UpdateCommandChain]；Registry 共 57 个，未外发 0 个 []
03:27:07.978 INFO  io.mosire.simos.app.gui.GuiServer - GUI 服务器已启动: http://127.0.0.1:46365/（静态 /webui，同源，无 CORS 头）
03:27:07.978 INFO  io.mosire.simos.app.Shell - Shell 装配完成: store=/tmp/junit-17206035058234081760 checkpointInterval=100 codec=4 handler=45 participant=2 resolver=4 facet=2 tool=57 mapId=Map1 bindAddress=127.0.0.1 mcpPort=46655 guiPort=46365 approvalPort=45355
03:27:07.985 INFO  io.mosire.simos.core.command.CommandBus - 命令被拒: type=unit.PlanSparseRoute commandId=d4d8c527-d5dd-42b3-b58d-fd5d50daf687 correlationId=d4d8c527-d5dd-42b3-b58d-fd5d50daf687 原因=稀疏路线的段不可达: 1_2 → 5_5
03:27:07.985 INFO  io.mosire.agentlib.approval.ApprovalHttpEndpoint - 审批 HTTP 面已停止（端口 45355）
03:27:07.986 INFO  io.mosire.agentlib.approval.HttpApprovalChannel - HTTP 审批通道已关闭
03:27:08.049 INFO  io.mosire.agentlib.mcp.AgentToMcpServer - MCP streamable server 已启动: name=simos-shell version=0.1.0-SNAPSHOT 外发工具 57 个 [map.CreateRegion, map.DeleteRegion, map.RandomizeRegion, map.RegisterPathwayGroup, map.SetEdge, map.SetTerrain, map.UpdateRegion, sd.AddCombatStage, sd.CancelEffect, sd.CommitCombatOutcome, sd.CreateArmy, sd.CreateCombat, sd.CreateDecisionMaker, sd.CreateNation, sd.IssueDirective, sd.PutInfo, sd.RecordCasualties, sd.RegisterEffect, sd.ResetDecisionMakerConversation, sd.RunDecision, sd.SetDecisionMakerAccess, sd.SetDecisionMakerProvider, sd.SetStageOutcomeTable, sd.StartDecision, sd.SubmitVerdict, simos.advance, simos.command.catalog, simos.command.submit, simos.fork, simos.map.hex, simos.map.overview, simos.social.population, simos.state.facets, simos.state.resolve, simos.timeline.branches, simos.unit.get, simos.unit.list, unit.ApplyCasualties, unit.AttachUnit, unit.CancelRoute, unit.CreateCommandChain, unit.CreateUnit, unit.DetachUnit, unit.DisbandUnit, unit.MergeFormation, unit.PlaceAt, unit.PlanRoute, unit.PlanSparseRoute, unit.RenameUnit, unit.ReparentSubtree, unit.ReparentUnit, unit.SetFormationOffset, unit.SetRejoinTarget, unit.SetStatus, unit.SetStrength, unit.SplitFormation, unit.UpdateCommandChain]；Registry 共 57 个，未外发 0 个 []
03:27:08.059 INFO  io.mosire.simos.app.gui.GuiServer - GUI 服务器已启动: http://127.0.0.1:44785/（静态 /webui，同源，无 CORS 头）
03:27:08.059 INFO  io.mosire.simos.app.Shell - Shell 装配完成: store=/tmp/junit-13338344829374121936 checkpointInterval=100 codec=4 handler=45 participant=2 resolver=4 facet=2 tool=57 mapId=Map1 bindAddress=127.0.0.1 mcpPort=44775 guiPort=44785 approvalPort=46377
03:27:08.060 INFO  io.mosire.agentlib.approval.ApprovalHttpEndpoint - 审批 HTTP 面已停止（端口 46377）
03:27:08.061 INFO  io.mosire.agentlib.approval.HttpApprovalChannel - HTTP 审批通道已关闭
03:27:08.116 INFO  io.mosire.agentlib.mcp.AgentToMcpServer - MCP streamable server 已启动: name=simos-shell version=0.1.0-SNAPSHOT 外发工具 57 个 [map.CreateRegion, map.DeleteRegion, map.RandomizeRegion, map.RegisterPathwayGroup, map.SetEdge, map.SetTerrain, map.UpdateRegion, sd.AddCombatStage, sd.CancelEffect, sd.CommitCombatOutcome, sd.CreateArmy, sd.CreateCombat, sd.CreateDecisionMaker, sd.CreateNation, sd.IssueDirective, sd.PutInfo, sd.RecordCasualties, sd.RegisterEffect, sd.ResetDecisionMakerConversation, sd.RunDecision, sd.SetDecisionMakerAccess, sd.SetDecisionMakerProvider, sd.SetStageOutcomeTable, sd.StartDecision, sd.SubmitVerdict, simos.advance, simos.command.catalog, simos.command.submit, simos.fork, simos.map.hex, simos.map.overview, simos.social.population, simos.state.facets, simos.state.resolve, simos.timeline.branches, simos.unit.get, simos.unit.list, unit.ApplyCasualties, unit.AttachUnit, unit.CancelRoute, unit.CreateCommandChain, unit.CreateUnit, unit.DetachUnit, unit.DisbandUnit, unit.MergeFormation, unit.PlaceAt, unit.PlanRoute, unit.PlanSparseRoute, unit.RenameUnit, unit.ReparentSubtree, unit.ReparentUnit, unit.SetFormationOffset, unit.SetRejoinTarget, unit.SetStatus, unit.SetStrength, unit.SplitFormation, unit.UpdateCommandChain]；Registry 共 57 个，未外发 0 个 []
03:27:08.125 INFO  io.mosire.simos.app.gui.GuiServer - GUI 服务器已启动: http://127.0.0.1:46543/（静态 /webui，同源，无 CORS 头）
03:27:08.125 INFO  io.mosire.simos.app.Shell - Shell 装配完成: store=/tmp/junit-12461035360431369300 checkpointInterval=100 codec=4 handler=45 participant=2 resolver=4 facet=2 tool=57 mapId=Map1 bindAddress=127.0.0.1 mcpPort=46119 guiPort=46543 approvalPort=44915
03:27:08.126 INFO  io.mosire.agentlib.approval.ApprovalHttpEndpoint - 审批 HTTP 面已停止（端口 44915）
03:27:08.126 INFO  io.mosire.agentlib.approval.HttpApprovalChannel - HTTP 审批通道已关闭
03:27:08.180 INFO  io.mosire.agentlib.mcp.AgentToMcpServer - MCP streamable server 已启动: name=simos-shell version=0.1.0-SNAPSHOT 外发工具 57 个 [map.CreateRegion, map.DeleteRegion, map.RandomizeRegion, map.RegisterPathwayGroup, map.SetEdge, map.SetTerrain, map.UpdateRegion, sd.AddCombatStage, sd.CancelEffect, sd.CommitCombatOutcome, sd.CreateArmy, sd.CreateCombat, sd.CreateDecisionMaker, sd.CreateNation, sd.IssueDirective, sd.PutInfo, sd.RecordCasualties, sd.RegisterEffect, sd.ResetDecisionMakerConversation, sd.RunDecision, sd.SetDecisionMakerAccess, sd.SetDecisionMakerProvider, sd.SetStageOutcomeTable, sd.StartDecision, sd.SubmitVerdict, simos.advance, simos.command.catalog, simos.command.submit, simos.fork, simos.map.hex, simos.map.overview, simos.social.population, simos.state.facets, simos.state.resolve, simos.timeline.branches, simos.unit.get, simos.unit.list, unit.ApplyCasualties, unit.AttachUnit, unit.CancelRoute, unit.CreateCommandChain, unit.CreateUnit, unit.DetachUnit, unit.DisbandUnit, unit.MergeFormation, unit.PlaceAt, unit.PlanRoute, unit.PlanSparseRoute, unit.RenameUnit, unit.ReparentSubtree, unit.ReparentUnit, unit.SetFormationOffset, unit.SetRejoinTarget, unit.SetStatus, unit.SetStrength, unit.SplitFormation, unit.UpdateCommandChain]；Registry 共 57 个，未外发 0 个 []
03:27:08.189 INFO  io.mosire.simos.app.gui.GuiServer - GUI 服务器已启动: http://127.0.0.1:44993/（静态 /webui，同源，无 CORS 头）
03:27:08.189 INFO  io.mosire.simos.app.Shell - Shell 装配完成: store=/tmp/junit-7924025621418897074 checkpointInterval=100 codec=4 handler=45 participant=2 resolver=4 facet=2 tool=57 mapId=Map1 bindAddress=127.0.0.1 mcpPort=46611 guiPort=44993 approvalPort=46629
03:27:08.194 INFO  io.mosire.simos.core.command.CommandBus - 命令被拒: type=unit.CancelRoute commandId=50141fbf-ab82-4f3f-9550-a25ef11a37b6 correlationId=50141fbf-ab82-4f3f-9550-a25ef11a37b6 原因=单位不存在: nope
03:27:08.195 INFO  io.mosire.agentlib.approval.ApprovalHttpEndpoint - 审批 HTTP 面已停止（端口 46629）
03:27:08.195 INFO  io.mosire.agentlib.approval.HttpApprovalChannel - HTTP 审批通道已关闭
03:27:08.250 INFO  io.mosire.agentlib.mcp.AgentToMcpServer - MCP streamable server 已启动: name=simos-shell version=0.1.0-SNAPSHOT 外发工具 57 个 [map.CreateRegion, map.DeleteRegion, map.RandomizeRegion, map.RegisterPathwayGroup, map.SetEdge, map.SetTerrain, map.UpdateRegion, sd.AddCombatStage, sd.CancelEffect, sd.CommitCombatOutcome, sd.CreateArmy, sd.CreateCombat, sd.CreateDecisionMaker, sd.CreateNation, sd.IssueDirective, sd.PutInfo, sd.RecordCasualties, sd.RegisterEffect, sd.ResetDecisionMakerConversation, sd.RunDecision, sd.SetDecisionMakerAccess, sd.SetDecisionMakerProvider, sd.SetStageOutcomeTable, sd.StartDecision, sd.SubmitVerdict, simos.advance, simos.command.catalog, simos.command.submit, simos.fork, simos.map.hex, simos.map.overview, simos.social.population, simos.state.facets, simos.state.resolve, simos.timeline.branches, simos.unit.get, simos.unit.list, unit.ApplyCasualties, unit.AttachUnit, unit.CancelRoute, unit.CreateCommandChain, unit.CreateUnit, unit.DetachUnit, unit.DisbandUnit, unit.MergeFormation, unit.PlaceAt, unit.PlanRoute, unit.PlanSparseRoute, unit.RenameUnit, unit.ReparentSubtree, unit.ReparentUnit, unit.SetFormationOffset, unit.SetRejoinTarget, unit.SetStatus, unit.SetStrength, unit.SplitFormation, unit.UpdateCommandChain]；Registry 共 57 个，未外发 0 个 []
03:27:08.260 INFO  io.mosire.simos.app.gui.GuiServer - GUI 服务器已启动: http://127.0.0.1:46613/（静态 /webui，同源，无 CORS 头）
03:27:08.260 INFO  io.mosire.simos.app.Shell - Shell 装配完成: store=/tmp/junit-6295320321239163435 checkpointInterval=100 codec=4 handler=45 participant=2 resolver=4 facet=2 tool=57 mapId=Map1 bindAddress=127.0.0.1 mcpPort=46549 guiPort=46613 approvalPort=45627
03:27:08.261 INFO  io.mosire.agentlib.approval.ApprovalHttpEndpoint - 审批 HTTP 面已停止（端口 45627）
03:27:08.261 INFO  io.mosire.agentlib.approval.HttpApprovalChannel - HTTP 审批通道已关闭
03:27:08.322 INFO  io.mosire.agentlib.mcp.AgentToMcpServer - MCP streamable server 已启动: name=simos-shell version=0.1.0-SNAPSHOT 外发工具 57 个 [map.CreateRegion, map.DeleteRegion, map.RandomizeRegion, map.RegisterPathwayGroup, map.SetEdge, map.SetTerrain, map.UpdateRegion, sd.AddCombatStage, sd.CancelEffect, sd.CommitCombatOutcome, sd.CreateArmy, sd.CreateCombat, sd.CreateDecisionMaker, sd.CreateNation, sd.IssueDirective, sd.PutInfo, sd.RecordCasualties, sd.RegisterEffect, sd.ResetDecisionMakerConversation, sd.RunDecision, sd.SetDecisionMakerAccess, sd.SetDecisionMakerProvider, sd.SetStageOutcomeTable, sd.StartDecision, sd.SubmitVerdict, simos.advance, simos.command.catalog, simos.command.submit, simos.fork, simos.map.hex, simos.map.overview, simos.social.population, simos.state.facets, simos.state.resolve, simos.timeline.branches, simos.unit.get, simos.unit.list, unit.ApplyCasualties, unit.AttachUnit, unit.CancelRoute, unit.CreateCommandChain, unit.CreateUnit, unit.DetachUnit, unit.DisbandUnit, unit.MergeFormation, unit.PlaceAt, unit.PlanRoute, unit.PlanSparseRoute, unit.RenameUnit, unit.ReparentSubtree, unit.ReparentUnit, unit.SetFormationOffset, unit.SetRejoinTarget, unit.SetStatus, unit.SetStrength, unit.SplitFormation, unit.UpdateCommandChain]；Registry 共 57 个，未外发 0 个 []
03:27:08.332 INFO  io.mosire.simos.app.gui.GuiServer - GUI 服务器已启动: http://127.0.0.1:45075/（静态 /webui，同源，无 CORS 头）
03:27:08.332 INFO  io.mosire.simos.app.Shell - Shell 装配完成: store=/tmp/junit-7478397924000020235 checkpointInterval=100 codec=4 handler=45 participant=2 resolver=4 facet=2 tool=57 mapId=Map1 bindAddress=127.0.0.1 mcpPort=46029 guiPort=45075 approvalPort=44731
03:27:08.338 INFO  io.mosire.simos.core.command.CommandBus - 命令被拒: type=sd.CancelEffect commandId=d585fcdd-5c18-42eb-9468-d552bbe65a36 correlationId=d585fcdd-5c18-42eb-9468-d552bbe65a36 原因=效果不存在: e-nope
03:27:08.339 INFO  io.mosire.agentlib.approval.ApprovalHttpEndpoint - 审批 HTTP 面已停止（端口 44731）
03:27:08.339 INFO  io.mosire.agentlib.approval.HttpApprovalChannel - HTTP 审批通道已关闭
03:27:08.402 INFO  io.mosire.agentlib.mcp.AgentToMcpServer - MCP streamable server 已启动: name=simos-shell version=0.1.0-SNAPSHOT 外发工具 57 个 [map.CreateRegion, map.DeleteRegion, map.RandomizeRegion, map.RegisterPathwayGroup, map.SetEdge, map.SetTerrain, map.UpdateRegion, sd.AddCombatStage, sd.CancelEffect, sd.CommitCombatOutcome, sd.CreateArmy, sd.CreateCombat, sd.CreateDecisionMaker, sd.CreateNation, sd.IssueDirective, sd.PutInfo, sd.RecordCasualties, sd.RegisterEffect, sd.ResetDecisionMakerConversation, sd.RunDecision, sd.SetDecisionMakerAccess, sd.SetDecisionMakerProvider, sd.SetStageOutcomeTable, sd.StartDecision, sd.SubmitVerdict, simos.advance, simos.command.catalog, simos.command.submit, simos.fork, simos.map.hex, simos.map.overview, simos.social.population, simos.state.facets, simos.state.resolve, simos.timeline.branches, simos.unit.get, simos.unit.list, unit.ApplyCasualties, unit.AttachUnit, unit.CancelRoute, unit.CreateCommandChain, unit.CreateUnit, unit.DetachUnit, unit.DisbandUnit, unit.MergeFormation, unit.PlaceAt, unit.PlanRoute, unit.PlanSparseRoute, unit.RenameUnit, unit.ReparentSubtree, unit.ReparentUnit, unit.SetFormationOffset, unit.SetRejoinTarget, unit.SetStatus, unit.SetStrength, unit.SplitFormation, unit.UpdateCommandChain]；Registry 共 57 个，未外发 0 个 []
03:27:08.411 INFO  io.mosire.simos.app.gui.GuiServer - GUI 服务器已启动: http://127.0.0.1:46597/（静态 /webui，同源，无 CORS 头）
03:27:08.411 INFO  io.mosire.simos.app.Shell - Shell 装配完成: store=/tmp/junit-13806883328077843554 checkpointInterval=100 codec=4 handler=45 participant=2 resolver=4 facet=2 tool=57 mapId=Map1 bindAddress=127.0.0.1 mcpPort=46343 guiPort=46597 approvalPort=46253
03:27:08.418 INFO  io.mosire.simos.core.advance.TimeAdvance - 命令提交: type=core.AdvanceTime commandId=3329fbf5-b60d-4702-861c-4cde3560091b correlationId=3329fbf5-b60d-4702-861c-4cde3560091b 新坐标=main@2
03:27:08.425 INFO  io.mosire.agentlib.approval.ApprovalHttpEndpoint - 审批 HTTP 面已停止（端口 46253）
03:27:08.425 INFO  io.mosire.agentlib.approval.HttpApprovalChannel - HTTP 审批通道已关闭
03:27:08.483 INFO  io.mosire.agentlib.mcp.AgentToMcpServer - MCP streamable server 已启动: name=simos-shell version=0.1.0-SNAPSHOT 外发工具 57 个 [map.CreateRegion, map.DeleteRegion, map.RandomizeRegion, map.RegisterPathwayGroup, map.SetEdge, map.SetTerrain, map.UpdateRegion, sd.AddCombatStage, sd.CancelEffect, sd.CommitCombatOutcome, sd.CreateArmy, sd.CreateCombat, sd.CreateDecisionMaker, sd.CreateNation, sd.IssueDirective, sd.PutInfo, sd.RecordCasualties, sd.RegisterEffect, sd.ResetDecisionMakerConversation, sd.RunDecision, sd.SetDecisionMakerAccess, sd.SetDecisionMakerProvider, sd.SetStageOutcomeTable, sd.StartDecision, sd.SubmitVerdict, simos.advance, simos.command.catalog, simos.command.submit, simos.fork, simos.map.hex, simos.map.overview, simos.social.population, simos.state.facets, simos.state.resolve, simos.timeline.branches, simos.unit.get, simos.unit.list, unit.ApplyCasualties, unit.AttachUnit, unit.CancelRoute, unit.CreateCommandChain, unit.CreateUnit, unit.DetachUnit, unit.DisbandUnit, unit.MergeFormation, unit.PlaceAt, unit.PlanRoute, unit.PlanSparseRoute, unit.RenameUnit, unit.ReparentSubtree, unit.ReparentUnit, unit.SetFormationOffset, unit.SetRejoinTarget, unit.SetStatus, unit.SetStrength, unit.SplitFormation, unit.UpdateCommandChain]；Registry 共 57 个，未外发 0 个 []
03:27:08.493 INFO  io.mosire.simos.app.gui.GuiServer - GUI 服务器已启动: http://127.0.0.1:46003/（静态 /webui，同源，无 CORS 头）
03:27:08.493 INFO  io.mosire.simos.app.Shell - Shell 装配完成: store=/tmp/junit-14116088383611082143 checkpointInterval=100 codec=4 handler=45 participant=2 resolver=4 facet=2 tool=57 mapId=Map1 bindAddress=127.0.0.1 mcpPort=46513 guiPort=46003 approvalPort=45965
03:27:08.496 INFO  io.mosire.agentlib.approval.ApprovalHttpEndpoint - 审批 HTTP 面已停止（端口 45965）
03:27:08.496 INFO  io.mosire.agentlib.approval.HttpApprovalChannel - HTTP 审批通道已关闭
03:27:08.552 INFO  io.mosire.agentlib.mcp.AgentToMcpServer - MCP streamable server 已启动: name=simos-shell version=0.1.0-SNAPSHOT 外发工具 57 个 [map.CreateRegion, map.DeleteRegion, map.RandomizeRegion, map.RegisterPathwayGroup, map.SetEdge, map.SetTerrain, map.UpdateRegion, sd.AddCombatStage, sd.CancelEffect, sd.CommitCombatOutcome, sd.CreateArmy, sd.CreateCombat, sd.CreateDecisionMaker, sd.CreateNation, sd.IssueDirective, sd.PutInfo, sd.RecordCasualties, sd.RegisterEffect, sd.ResetDecisionMakerConversation, sd.RunDecision, sd.SetDecisionMakerAccess, sd.SetDecisionMakerProvider, sd.SetStageOutcomeTable, sd.StartDecision, sd.SubmitVerdict, simos.advance, simos.command.catalog, simos.command.submit, simos.fork, simos.map.hex, simos.map.overview, simos.social.population, simos.state.facets, simos.state.resolve, simos.timeline.branches, simos.unit.get, simos.unit.list, unit.ApplyCasualties, unit.AttachUnit, unit.CancelRoute, unit.CreateCommandChain, unit.CreateUnit, unit.DetachUnit, unit.DisbandUnit, unit.MergeFormation, unit.PlaceAt, unit.PlanRoute, unit.PlanSparseRoute, unit.RenameUnit, unit.ReparentSubtree, unit.ReparentUnit, unit.SetFormationOffset, unit.SetRejoinTarget, unit.SetStatus, unit.SetStrength, unit.SplitFormation, unit.UpdateCommandChain]；Registry 共 57 个，未外发 0 个 []
03:27:08.562 INFO  io.mosire.simos.app.gui.GuiServer - GUI 服务器已启动: http://127.0.0.1:45229/（静态 /webui，同源，无 CORS 头）
03:27:08.562 INFO  io.mosire.simos.app.Shell - Shell 装配完成: store=/tmp/junit-10784615913532984988 checkpointInterval=100 codec=4 handler=45 participant=2 resolver=4 facet=2 tool=57 mapId=Map1 bindAddress=127.0.0.1 mcpPort=45787 guiPort=45229 approvalPort=46537
03:27:08.563 INFO  io.mosire.agentlib.approval.ApprovalHttpEndpoint - 审批 HTTP 面已停止（端口 46537）
03:27:08.563 INFO  io.mosire.agentlib.approval.HttpApprovalChannel - HTTP 审批通道已关闭
03:27:08.620 INFO  io.mosire.agentlib.mcp.AgentToMcpServer - MCP streamable server 已启动: name=simos-shell version=0.1.0-SNAPSHOT 外发工具 57 个 [map.CreateRegion, map.DeleteRegion, map.RandomizeRegion, map.RegisterPathwayGroup, map.SetEdge, map.SetTerrain, map.UpdateRegion, sd.AddCombatStage, sd.CancelEffect, sd.CommitCombatOutcome, sd.CreateArmy, sd.CreateCombat, sd.CreateDecisionMaker, sd.CreateNation, sd.IssueDirective, sd.PutInfo, sd.RecordCasualties, sd.RegisterEffect, sd.ResetDecisionMakerConversation, sd.RunDecision, sd.SetDecisionMakerAccess, sd.SetDecisionMakerProvider, sd.SetStageOutcomeTable, sd.StartDecision, sd.SubmitVerdict, simos.advance, simos.command.catalog, simos.command.submit, simos.fork, simos.map.hex, simos.map.overview, simos.social.population, simos.state.facets, simos.state.resolve, simos.timeline.branches, simos.unit.get, simos.unit.list, unit.ApplyCasualties, unit.AttachUnit, unit.CancelRoute, unit.CreateCommandChain, unit.CreateUnit, unit.DetachUnit, unit.DisbandUnit, unit.MergeFormation, unit.PlaceAt, unit.PlanRoute, unit.PlanSparseRoute, unit.RenameUnit, unit.ReparentSubtree, unit.ReparentUnit, unit.SetFormationOffset, unit.SetRejoinTarget, unit.SetStatus, unit.SetStrength, unit.SplitFormation, unit.UpdateCommandChain]；Registry 共 57 个，未外发 0 个 []
03:27:08.629 INFO  io.mosire.simos.app.gui.GuiServer - GUI 服务器已启动: http://127.0.0.1:46259/（静态 /webui，同源，无 CORS 头）
03:27:08.629 INFO  io.mosire.simos.app.Shell - Shell 装配完成: store=/tmp/junit-15504695672018330844 checkpointInterval=100 codec=4 handler=45 participant=2 resolver=4 facet=2 tool=57 mapId=Map1 bindAddress=127.0.0.1 mcpPort=44681 guiPort=46259 approvalPort=45599
03:27:08.635 INFO  io.mosire.simos.core.command.CommandBus - 命令被拒: type=unit.ReparentSubtree commandId=682e9d14-0815-4ba9-aceb-1762ff02db00 correlationId=682e9d14-0815-4ba9-aceb-1762ff02db00 原因=新父 u-1 落在 u-1 的子树内（含自身）：会成环
03:27:08.635 INFO  io.mosire.agentlib.approval.ApprovalHttpEndpoint - 审批 HTTP 面已停止（端口 45599）
03:27:08.636 INFO  io.mosire.agentlib.approval.HttpApprovalChannel - HTTP 审批通道已关闭
03:27:08.695 INFO  io.mosire.agentlib.mcp.AgentToMcpServer - MCP streamable server 已启动: name=simos-shell version=0.1.0-SNAPSHOT 外发工具 57 个 [map.CreateRegion, map.DeleteRegion, map.RandomizeRegion, map.RegisterPathwayGroup, map.SetEdge, map.SetTerrain, map.UpdateRegion, sd.AddCombatStage, sd.CancelEffect, sd.CommitCombatOutcome, sd.CreateArmy, sd.CreateCombat, sd.CreateDecisionMaker, sd.CreateNation, sd.IssueDirective, sd.PutInfo, sd.RecordCasualties, sd.RegisterEffect, sd.ResetDecisionMakerConversation, sd.RunDecision, sd.SetDecisionMakerAccess, sd.SetDecisionMakerProvider, sd.SetStageOutcomeTable, sd.StartDecision, sd.SubmitVerdict, simos.advance, simos.command.catalog, simos.command.submit, simos.fork, simos.map.hex, simos.map.overview, simos.social.population, simos.state.facets, simos.state.resolve, simos.timeline.branches, simos.unit.get, simos.unit.list, unit.ApplyCasualties, unit.AttachUnit, unit.CancelRoute, unit.CreateCommandChain, unit.CreateUnit, unit.DetachUnit, unit.DisbandUnit, unit.MergeFormation, unit.PlaceAt, unit.PlanRoute, unit.PlanSparseRoute, unit.RenameUnit, unit.ReparentSubtree, unit.ReparentUnit, unit.SetFormationOffset, unit.SetRejoinTarget, unit.SetStatus, unit.SetStrength, unit.SplitFormation, unit.UpdateCommandChain]；Registry 共 57 个，未外发 0 个 []
03:27:08.705 INFO  io.mosire.simos.app.gui.GuiServer - GUI 服务器已启动: http://127.0.0.1:46137/（静态 /webui，同源，无 CORS 头）
03:27:08.705 INFO  io.mosire.simos.app.Shell - Shell 装配完成: store=/tmp/junit-618531389681051345 checkpointInterval=100 codec=4 handler=45 participant=2 resolver=4 facet=2 tool=57 mapId=Map1 bindAddress=127.0.0.1 mcpPort=46467 guiPort=46137 approvalPort=46577
03:27:08.711 INFO  io.mosire.simos.core.command.CommandBus - 命令被拒: type=unit.AttachUnit commandId=570933a1-eeea-4ea4-9310-78d65aaab150 correlationId=570933a1-eeea-4ea4-9310-78d65aaab150 原因=父单位 u-1 落在 u-1 的子树内（含自身）：会成环
03:27:08.712 INFO  io.mosire.agentlib.approval.ApprovalHttpEndpoint - 审批 HTTP 面已停止（端口 46577）
03:27:08.712 INFO  io.mosire.agentlib.approval.HttpApprovalChannel - HTTP 审批通道已关闭
03:27:08.777 INFO  io.mosire.agentlib.mcp.AgentToMcpServer - MCP streamable server 已启动: name=simos-shell version=0.1.0-SNAPSHOT 外发工具 57 个 [map.CreateRegion, map.DeleteRegion, map.RandomizeRegion, map.RegisterPathwayGroup, map.SetEdge, map.SetTerrain, map.UpdateRegion, sd.AddCombatStage, sd.CancelEffect, sd.CommitCombatOutcome, sd.CreateArmy, sd.CreateCombat, sd.CreateDecisionMaker, sd.CreateNation, sd.IssueDirective, sd.PutInfo, sd.RecordCasualties, sd.RegisterEffect, sd.ResetDecisionMakerConversation, sd.RunDecision, sd.SetDecisionMakerAccess, sd.SetDecisionMakerProvider, sd.SetStageOutcomeTable, sd.StartDecision, sd.SubmitVerdict, simos.advance, simos.command.catalog, simos.command.submit, simos.fork, simos.map.hex, simos.map.overview, simos.social.population, simos.state.facets, simos.state.resolve, simos.timeline.branches, simos.unit.get, simos.unit.list, unit.ApplyCasualties, unit.AttachUnit, unit.CancelRoute, unit.CreateCommandChain, unit.CreateUnit, unit.DetachUnit, unit.DisbandUnit, unit.MergeFormation, unit.PlaceAt, unit.PlanRoute, unit.PlanSparseRoute, unit.RenameUnit, unit.ReparentSubtree, unit.ReparentUnit, unit.SetFormationOffset, unit.SetRejoinTarget, unit.SetStatus, unit.SetStrength, unit.SplitFormation, unit.UpdateCommandChain]；Registry 共 57 个，未外发 0 个 []
03:27:08.786 INFO  io.mosire.simos.app.gui.GuiServer - GUI 服务器已启动: http://127.0.0.1:45525/（静态 /webui，同源，无 CORS 头）
03:27:08.786 INFO  io.mosire.simos.app.Shell - Shell 装配完成: store=/tmp/junit-9981160013666608101 checkpointInterval=100 codec=4 handler=45 participant=2 resolver=4 facet=2 tool=57 mapId=Map1 bindAddress=127.0.0.1 mcpPort=46437 guiPort=45525 approvalPort=44951
03:27:08.793 INFO  io.mosire.simos.core.command.CommandBus - 命令提交: type=unit.RenameUnit commandId=16c1df4d-a844-4c30-8c34-55a95cc3f994 correlationId=16c1df4d-a844-4c30-8c34-55a95cc3f994 新坐标=main@2
03:27:08.799 INFO  io.mosire.agentlib.approval.ApprovalHttpEndpoint - 审批 HTTP 面已停止（端口 44951）
03:27:08.799 INFO  io.mosire.agentlib.approval.HttpApprovalChannel - HTTP 审批通道已关闭
03:27:08.854 INFO  io.mosire.agentlib.mcp.AgentToMcpServer - MCP streamable server 已启动: name=simos-shell version=0.1.0-SNAPSHOT 外发工具 57 个 [map.CreateRegion, map.DeleteRegion, map.RandomizeRegion, map.RegisterPathwayGroup, map.SetEdge, map.SetTerrain, map.UpdateRegion, sd.AddCombatStage, sd.CancelEffect, sd.CommitCombatOutcome, sd.CreateArmy, sd.CreateCombat, sd.CreateDecisionMaker, sd.CreateNation, sd.IssueDirective, sd.PutInfo, sd.RecordCasualties, sd.RegisterEffect, sd.ResetDecisionMakerConversation, sd.RunDecision, sd.SetDecisionMakerAccess, sd.SetDecisionMakerProvider, sd.SetStageOutcomeTable, sd.StartDecision, sd.SubmitVerdict, simos.advance, simos.command.catalog, simos.command.submit, simos.fork, simos.map.hex, simos.map.overview, simos.social.population, simos.state.facets, simos.state.resolve, simos.timeline.branches, simos.unit.get, simos.unit.list, unit.ApplyCasualties, unit.AttachUnit, unit.CancelRoute, unit.CreateCommandChain, unit.CreateUnit, unit.DetachUnit, unit.DisbandUnit, unit.MergeFormation, unit.PlaceAt, unit.PlanRoute, unit.PlanSparseRoute, unit.RenameUnit, unit.ReparentSubtree, unit.ReparentUnit, unit.SetFormationOffset, unit.SetRejoinTarget, unit.SetStatus, unit.SetStrength, unit.SplitFormation, unit.UpdateCommandChain]；Registry 共 57 个，未外发 0 个 []
03:27:08.864 INFO  io.mosire.simos.app.gui.GuiServer - GUI 服务器已启动: http://127.0.0.1:45783/（静态 /webui，同源，无 CORS 头）
03:27:08.864 INFO  io.mosire.simos.app.Shell - Shell 装配完成: store=/tmp/junit-11345752324818486438 checkpointInterval=100 codec=4 handler=45 participant=2 resolver=4 facet=2 tool=57 mapId=Map1 bindAddress=127.0.0.1 mcpPort=45821 guiPort=45783 approvalPort=46503
03:27:08.870 INFO  io.mosire.simos.core.command.CommandBus - 命令被拒: type=sd.CreateArmy commandId=cdcf53a5-9abc-4de3-bf28-f0e0ca3f386c correlationId=cdcf53a5-9abc-4de3-bf28-f0e0ca3f386c 原因=nationId 不存在: 没有这个国家
03:27:08.871 INFO  io.mosire.agentlib.approval.ApprovalHttpEndpoint - 审批 HTTP 面已停止（端口 46503）
03:27:08.871 INFO  io.mosire.agentlib.approval.HttpApprovalChannel - HTTP 审批通道已关闭
03:27:08.926 INFO  io.mosire.agentlib.mcp.AgentToMcpServer - MCP streamable server 已启动: name=simos-shell version=0.1.0-SNAPSHOT 外发工具 57 个 [map.CreateRegion, map.DeleteRegion, map.RandomizeRegion, map.RegisterPathwayGroup, map.SetEdge, map.SetTerrain, map.UpdateRegion, sd.AddCombatStage, sd.CancelEffect, sd.CommitCombatOutcome, sd.CreateArmy, sd.CreateCombat, sd.CreateDecisionMaker, sd.CreateNation, sd.IssueDirective, sd.PutInfo, sd.RecordCasualties, sd.RegisterEffect, sd.ResetDecisionMakerConversation, sd.RunDecision, sd.SetDecisionMakerAccess, sd.SetDecisionMakerProvider, sd.SetStageOutcomeTable, sd.StartDecision, sd.SubmitVerdict, simos.advance, simos.command.catalog, simos.command.submit, simos.fork, simos.map.hex, simos.map.overview, simos.social.population, simos.state.facets, simos.state.resolve, simos.timeline.branches, simos.unit.get, simos.unit.list, unit.ApplyCasualties, unit.AttachUnit, unit.CancelRoute, unit.CreateCommandChain, unit.CreateUnit, unit.DetachUnit, unit.DisbandUnit, unit.MergeFormation, unit.PlaceAt, unit.PlanRoute, unit.PlanSparseRoute, unit.RenameUnit, unit.ReparentSubtree, unit.ReparentUnit, unit.SetFormationOffset, unit.SetRejoinTarget, unit.SetStatus, unit.SetStrength, unit.SplitFormation, unit.UpdateCommandChain]；Registry 共 57 个，未外发 0 个 []
03:27:08.936 INFO  io.mosire.simos.app.gui.GuiServer - GUI 服务器已启动: http://127.0.0.1:46221/（静态 /webui，同源，无 CORS 头）
03:27:08.936 INFO  io.mosire.simos.app.Shell - Shell 装配完成: store=/tmp/junit-10216332539093489125 checkpointInterval=100 codec=4 handler=45 participant=2 resolver=4 facet=2 tool=57 mapId=Map1 bindAddress=127.0.0.1 mcpPort=44655 guiPort=46221 approvalPort=45845
03:27:08.944 INFO  io.mosire.simos.core.command.CommandBus - 命令被拒: type=map.SetTerrain commandId=65c7bff2-5432-4fad-ba12-2a2fa6b402fe correlationId=65c7bff2-5432-4fad-ba12-2a2fa6b402fe 原因=未知地形类型: not_a_terrain
03:27:08.945 INFO  io.mosire.agentlib.approval.ApprovalHttpEndpoint - 审批 HTTP 面已停止（端口 45845）
03:27:08.945 INFO  io.mosire.agentlib.approval.HttpApprovalChannel - HTTP 审批通道已关闭
03:27:09.002 INFO  io.mosire.agentlib.mcp.AgentToMcpServer - MCP streamable server 已启动: name=simos-shell version=0.1.0-SNAPSHOT 外发工具 57 个 [map.CreateRegion, map.DeleteRegion, map.RandomizeRegion, map.RegisterPathwayGroup, map.SetEdge, map.SetTerrain, map.UpdateRegion, sd.AddCombatStage, sd.CancelEffect, sd.CommitCombatOutcome, sd.CreateArmy, sd.CreateCombat, sd.CreateDecisionMaker, sd.CreateNation, sd.IssueDirective, sd.PutInfo, sd.RecordCasualties, sd.RegisterEffect, sd.ResetDecisionMakerConversation, sd.RunDecision, sd.SetDecisionMakerAccess, sd.SetDecisionMakerProvider, sd.SetStageOutcomeTable, sd.StartDecision, sd.SubmitVerdict, simos.advance, simos.command.catalog, simos.command.submit, simos.fork, simos.map.hex, simos.map.overview, simos.social.population, simos.state.facets, simos.state.resolve, simos.timeline.branches, simos.unit.get, simos.unit.list, unit.ApplyCasualties, unit.AttachUnit, unit.CancelRoute, unit.CreateCommandChain, unit.CreateUnit, unit.DetachUnit, unit.DisbandUnit, unit.MergeFormation, unit.PlaceAt, unit.PlanRoute, unit.PlanSparseRoute, unit.RenameUnit, unit.ReparentSubtree, unit.ReparentUnit, unit.SetFormationOffset, unit.SetRejoinTarget, unit.SetStatus, unit.SetStrength, unit.SplitFormation, unit.UpdateCommandChain]；Registry 共 57 个，未外发 0 个 []
03:27:09.012 INFO  io.mosire.simos.app.gui.GuiServer - GUI 服务器已启动: http://127.0.0.1:45853/（静态 /webui，同源，无 CORS 头）
03:27:09.012 INFO  io.mosire.simos.app.Shell - Shell 装配完成: store=/tmp/junit-489991008132563414 checkpointInterval=100 codec=4 handler=45 participant=2 resolver=4 facet=2 tool=57 mapId=Map1 bindAddress=127.0.0.1 mcpPort=46217 guiPort=45853 approvalPort=46209
03:27:09.018 INFO  io.mosire.simos.core.command.CommandBus - 命令被拒: type=map.RegisterPathwayGroup commandId=72dac99b-1472-43e4-b25f-5e73049e40c4 correlationId=72dac99b-1472-43e4-b25f-5e73049e40c4 原因=color 必须是 #RRGGBB 形式: red
03:27:09.019 INFO  io.mosire.agentlib.approval.ApprovalHttpEndpoint - 审批 HTTP 面已停止（端口 46209）
03:27:09.019 INFO  io.mosire.agentlib.approval.HttpApprovalChannel - HTTP 审批通道已关闭
03:27:09.081 INFO  io.mosire.agentlib.mcp.AgentToMcpServer - MCP streamable server 已启动: name=simos-shell version=0.1.0-SNAPSHOT 外发工具 57 个 [map.CreateRegion, map.DeleteRegion, map.RandomizeRegion, map.RegisterPathwayGroup, map.SetEdge, map.SetTerrain, map.UpdateRegion, sd.AddCombatStage, sd.CancelEffect, sd.CommitCombatOutcome, sd.CreateArmy, sd.CreateCombat, sd.CreateDecisionMaker, sd.CreateNation, sd.IssueDirective, sd.PutInfo, sd.RecordCasualties, sd.RegisterEffect, sd.ResetDecisionMakerConversation, sd.RunDecision, sd.SetDecisionMakerAccess, sd.SetDecisionMakerProvider, sd.SetStageOutcomeTable, sd.StartDecision, sd.SubmitVerdict, simos.advance, simos.command.catalog, simos.command.submit, simos.fork, simos.map.hex, simos.map.overview, simos.social.population, simos.state.facets, simos.state.resolve, simos.timeline.branches, simos.unit.get, simos.unit.list, unit.ApplyCasualties, unit.AttachUnit, unit.CancelRoute, unit.CreateCommandChain, unit.CreateUnit, unit.DetachUnit, unit.DisbandUnit, unit.MergeFormation, unit.PlaceAt, unit.PlanRoute, unit.PlanSparseRoute, unit.RenameUnit, unit.ReparentSubtree, unit.ReparentUnit, unit.SetFormationOffset, unit.SetRejoinTarget, unit.SetStatus, unit.SetStrength, unit.SplitFormation, unit.UpdateCommandChain]；Registry 共 57 个，未外发 0 个 []
03:27:09.092 INFO  io.mosire.simos.app.gui.GuiServer - GUI 服务器已启动: http://127.0.0.1:44969/（静态 /webui，同源，无 CORS 头）
03:27:09.092 INFO  io.mosire.simos.app.Shell - Shell 装配完成: store=/tmp/junit-16259720513706125051 checkpointInterval=100 codec=4 handler=45 participant=2 resolver=4 facet=2 tool=57 mapId=Map1 bindAddress=127.0.0.1 mcpPort=45487 guiPort=44969 approvalPort=46629
03:27:09.097 INFO  io.mosire.simos.core.command.CommandBus - 命令被拒: type=unit.PlaceAt commandId=5af01544-38c6-4f78-8c0a-5c12afcd058d correlationId=5af01544-38c6-4f78-8c0a-5c12afcd058d 原因=单位不存在: nope
03:27:09.098 INFO  io.mosire.agentlib.approval.ApprovalHttpEndpoint - 审批 HTTP 面已停止（端口 46629）
03:27:09.098 INFO  io.mosire.agentlib.approval.HttpApprovalChannel - HTTP 审批通道已关闭
03:27:09.153 INFO  io.mosire.agentlib.mcp.AgentToMcpServer - MCP streamable server 已启动: name=simos-shell version=0.1.0-SNAPSHOT 外发工具 57 个 [map.CreateRegion, map.DeleteRegion, map.RandomizeRegion, map.RegisterPathwayGroup, map.SetEdge, map.SetTerrain, map.UpdateRegion, sd.AddCombatStage, sd.CancelEffect, sd.CommitCombatOutcome, sd.CreateArmy, sd.CreateCombat, sd.CreateDecisionMaker, sd.CreateNation, sd.IssueDirective, sd.PutInfo, sd.RecordCasualties, sd.RegisterEffect, sd.ResetDecisionMakerConversation, sd.RunDecision, sd.SetDecisionMakerAccess, sd.SetDecisionMakerProvider, sd.SetStageOutcomeTable, sd.StartDecision, sd.SubmitVerdict, simos.advance, simos.command.catalog, simos.command.submit, simos.fork, simos.map.hex, simos.map.overview, simos.social.population, simos.state.facets, simos.state.resolve, simos.timeline.branches, simos.unit.get, simos.unit.list, unit.ApplyCasualties, unit.AttachUnit, unit.CancelRoute, unit.CreateCommandChain, unit.CreateUnit, unit.DetachUnit, unit.DisbandUnit, unit.MergeFormation, unit.PlaceAt, unit.PlanRoute, unit.PlanSparseRoute, unit.RenameUnit, unit.ReparentSubtree, unit.ReparentUnit, unit.SetFormationOffset, unit.SetRejoinTarget, unit.SetStatus, unit.SetStrength, unit.SplitFormation, unit.UpdateCommandChain]；Registry 共 57 个，未外发 0 个 []
03:27:09.163 INFO  io.mosire.simos.app.gui.GuiServer - GUI 服务器已启动: http://127.0.0.1:45559/（静态 /webui，同源，无 CORS 头）
03:27:09.164 INFO  io.mosire.simos.app.Shell - Shell 装配完成: store=/tmp/junit-18004886032664909182 checkpointInterval=100 codec=4 handler=45 participant=2 resolver=4 facet=2 tool=57 mapId=Map1 bindAddress=127.0.0.1 mcpPort=45417 guiPort=45559 approvalPort=46057
03:27:09.165 INFO  io.mosire.agentlib.approval.ApprovalHttpEndpoint - 审批 HTTP 面已停止（端口 46057）
03:27:09.165 INFO  io.mosire.agentlib.approval.HttpApprovalChannel - HTTP 审批通道已关闭
03:27:09.218 INFO  io.mosire.agentlib.mcp.AgentToMcpServer - MCP streamable server 已启动: name=simos-shell version=0.1.0-SNAPSHOT 外发工具 57 个 [map.CreateRegion, map.DeleteRegion, map.RandomizeRegion, map.RegisterPathwayGroup, map.SetEdge, map.SetTerrain, map.UpdateRegion, sd.AddCombatStage, sd.CancelEffect, sd.CommitCombatOutcome, sd.CreateArmy, sd.CreateCombat, sd.CreateDecisionMaker, sd.CreateNation, sd.IssueDirective, sd.PutInfo, sd.RecordCasualties, sd.RegisterEffect, sd.ResetDecisionMakerConversation, sd.RunDecision, sd.SetDecisionMakerAccess, sd.SetDecisionMakerProvider, sd.SetStageOutcomeTable, sd.StartDecision, sd.SubmitVerdict, simos.advance, simos.command.catalog, simos.command.submit, simos.fork, simos.map.hex, simos.map.overview, simos.social.population, simos.state.facets, simos.state.resolve, simos.timeline.branches, simos.unit.get, simos.unit.list, unit.ApplyCasualties, unit.AttachUnit, unit.CancelRoute, unit.CreateCommandChain, unit.CreateUnit, unit.DetachUnit, unit.DisbandUnit, unit.MergeFormation, unit.PlaceAt, unit.PlanRoute, unit.PlanSparseRoute, unit.RenameUnit, unit.ReparentSubtree, unit.ReparentUnit, unit.SetFormationOffset, unit.SetRejoinTarget, unit.SetStatus, unit.SetStrength, unit.SplitFormation, unit.UpdateCommandChain]；Registry 共 57 个，未外发 0 个 []
03:27:09.228 INFO  io.mosire.simos.app.gui.GuiServer - GUI 服务器已启动: http://127.0.0.1:45937/（静态 /webui，同源，无 CORS 头）
03:27:09.228 INFO  io.mosire.simos.app.Shell - Shell 装配完成: store=/tmp/junit-4651563088570212153 checkpointInterval=100 codec=4 handler=45 participant=2 resolver=4 facet=2 tool=57 mapId=Map1 bindAddress=127.0.0.1 mcpPort=46115 guiPort=45937 approvalPort=45527
03:27:09.234 INFO  io.mosire.simos.core.command.CommandBus - 命令提交: type=sd.CreateCombat commandId=23850efe-1193-4caa-8d61-5722aab412a0 correlationId=23850efe-1193-4caa-8d61-5722aab412a0 新坐标=main@2
03:27:09.237 INFO  io.mosire.simos.core.command.CommandBus - 命令提交: type=sd.AddCombatStage commandId=17f0ac42-976f-448e-ba78-3f79c6db720e correlationId=17f0ac42-976f-448e-ba78-3f79c6db720e 新坐标=main@3
03:27:09.240 INFO  io.mosire.simos.core.command.CommandBus - 命令被拒: type=sd.SetStageOutcomeTable commandId=ee39451f-9228-4f00-b287-d86a63c07521 correlationId=ee39451f-9228-4f00-b287-d86a63c07521 原因=阶段不存在: s-nope
03:27:09.241 INFO  io.mosire.agentlib.approval.ApprovalHttpEndpoint - 审批 HTTP 面已停止（端口 45527）
03:27:09.241 INFO  io.mosire.agentlib.approval.HttpApprovalChannel - HTTP 审批通道已关闭
03:27:09.301 INFO  io.mosire.agentlib.mcp.AgentToMcpServer - MCP streamable server 已启动: name=simos-shell version=0.1.0-SNAPSHOT 外发工具 57 个 [map.CreateRegion, map.DeleteRegion, map.RandomizeRegion, map.RegisterPathwayGroup, map.SetEdge, map.SetTerrain, map.UpdateRegion, sd.AddCombatStage, sd.CancelEffect, sd.CommitCombatOutcome, sd.CreateArmy, sd.CreateCombat, sd.CreateDecisionMaker, sd.CreateNation, sd.IssueDirective, sd.PutInfo, sd.RecordCasualties, sd.RegisterEffect, sd.ResetDecisionMakerConversation, sd.RunDecision, sd.SetDecisionMakerAccess, sd.SetDecisionMakerProvider, sd.SetStageOutcomeTable, sd.StartDecision, sd.SubmitVerdict, simos.advance, simos.command.catalog, simos.command.submit, simos.fork, simos.map.hex, simos.map.overview, simos.social.population, simos.state.facets, simos.state.resolve, simos.timeline.branches, simos.unit.get, simos.unit.list, unit.ApplyCasualties, unit.AttachUnit, unit.CancelRoute, unit.CreateCommandChain, unit.CreateUnit, unit.DetachUnit, unit.DisbandUnit, unit.MergeFormation, unit.PlaceAt, unit.PlanRoute, unit.PlanSparseRoute, unit.RenameUnit, unit.ReparentSubtree, unit.ReparentUnit, unit.SetFormationOffset, unit.SetRejoinTarget, unit.SetStatus, unit.SetStrength, unit.SplitFormation, unit.UpdateCommandChain]；Registry 共 57 个，未外发 0 个 []
03:27:09.310 INFO  io.mosire.simos.app.gui.GuiServer - GUI 服务器已启动: http://127.0.0.1:45313/（静态 /webui，同源，无 CORS 头）
03:27:09.310 INFO  io.mosire.simos.app.Shell - Shell 装配完成: store=/tmp/junit-2036569915444357059 checkpointInterval=100 codec=4 handler=45 participant=2 resolver=4 facet=2 tool=57 mapId=Map1 bindAddress=127.0.0.1 mcpPort=45061 guiPort=45313 approvalPort=46479
03:27:09.317 INFO  io.mosire.simos.core.command.CommandBus - 命令被拒: type=unit.SetRejoinTarget commandId=f3f2cef7-a097-4b01-b321-cba5ec299210 correlationId=f3f2cef7-a097-4b01-b321-cba5ec299210 原因=回归目标不得是自身: u-1
03:27:09.318 INFO  io.mosire.agentlib.approval.ApprovalHttpEndpoint - 审批 HTTP 面已停止（端口 46479）
03:27:09.318 INFO  io.mosire.agentlib.approval.HttpApprovalChannel - HTTP 审批通道已关闭
03:27:09.374 INFO  io.mosire.agentlib.mcp.AgentToMcpServer - MCP streamable server 已启动: name=simos-shell version=0.1.0-SNAPSHOT 外发工具 57 个 [map.CreateRegion, map.DeleteRegion, map.RandomizeRegion, map.RegisterPathwayGroup, map.SetEdge, map.SetTerrain, map.UpdateRegion, sd.AddCombatStage, sd.CancelEffect, sd.CommitCombatOutcome, sd.CreateArmy, sd.CreateCombat, sd.CreateDecisionMaker, sd.CreateNation, sd.IssueDirective, sd.PutInfo, sd.RecordCasualties, sd.RegisterEffect, sd.ResetDecisionMakerConversation, sd.RunDecision, sd.SetDecisionMakerAccess, sd.SetDecisionMakerProvider, sd.SetStageOutcomeTable, sd.StartDecision, sd.SubmitVerdict, simos.advance, simos.command.catalog, simos.command.submit, simos.fork, simos.map.hex, simos.map.overview, simos.social.population, simos.state.facets, simos.state.resolve, simos.timeline.branches, simos.unit.get, simos.unit.list, unit.ApplyCasualties, unit.AttachUnit, unit.CancelRoute, unit.CreateCommandChain, unit.CreateUnit, unit.DetachUnit, unit.DisbandUnit, unit.MergeFormation, unit.PlaceAt, unit.PlanRoute, unit.PlanSparseRoute, unit.RenameUnit, unit.ReparentSubtree, unit.ReparentUnit, unit.SetFormationOffset, unit.SetRejoinTarget, unit.SetStatus, unit.SetStrength, unit.SplitFormation, unit.UpdateCommandChain]；Registry 共 57 个，未外发 0 个 []
03:27:09.384 INFO  io.mosire.simos.app.gui.GuiServer - GUI 服务器已启动: http://127.0.0.1:44917/（静态 /webui，同源，无 CORS 头）
03:27:09.384 INFO  io.mosire.simos.app.Shell - Shell 装配完成: store=/tmp/junit-16631302769758615565 checkpointInterval=100 codec=4 handler=45 participant=2 resolver=4 facet=2 tool=57 mapId=Map1 bindAddress=127.0.0.1 mcpPort=44745 guiPort=44917 approvalPort=44779
03:27:09.387 INFO  io.mosire.agentlib.approval.ApprovalHttpEndpoint - 审批 HTTP 面已停止（端口 44779）
03:27:09.387 INFO  io.mosire.agentlib.approval.HttpApprovalChannel - HTTP 审批通道已关闭
03:27:09.442 INFO  io.mosire.agentlib.mcp.AgentToMcpServer - MCP streamable server 已启动: name=simos-shell version=0.1.0-SNAPSHOT 外发工具 57 个 [map.CreateRegion, map.DeleteRegion, map.RandomizeRegion, map.RegisterPathwayGroup, map.SetEdge, map.SetTerrain, map.UpdateRegion, sd.AddCombatStage, sd.CancelEffect, sd.CommitCombatOutcome, sd.CreateArmy, sd.CreateCombat, sd.CreateDecisionMaker, sd.CreateNation, sd.IssueDirective, sd.PutInfo, sd.RecordCasualties, sd.RegisterEffect, sd.ResetDecisionMakerConversation, sd.RunDecision, sd.SetDecisionMakerAccess, sd.SetDecisionMakerProvider, sd.SetStageOutcomeTable, sd.StartDecision, sd.SubmitVerdict, simos.advance, simos.command.catalog, simos.command.submit, simos.fork, simos.map.hex, simos.map.overview, simos.social.population, simos.state.facets, simos.state.resolve, simos.timeline.branches, simos.unit.get, simos.unit.list, unit.ApplyCasualties, unit.AttachUnit, unit.CancelRoute, unit.CreateCommandChain, unit.CreateUnit, unit.DetachUnit, unit.DisbandUnit, unit.MergeFormation, unit.PlaceAt, unit.PlanRoute, unit.PlanSparseRoute, unit.RenameUnit, unit.ReparentSubtree, unit.ReparentUnit, unit.SetFormationOffset, unit.SetRejoinTarget, unit.SetStatus, unit.SetStrength, unit.SplitFormation, unit.UpdateCommandChain]；Registry 共 57 个，未外发 0 个 []
03:27:09.451 INFO  io.mosire.simos.app.gui.GuiServer - GUI 服务器已启动: http://127.0.0.1:45109/（静态 /webui，同源，无 CORS 头）
03:27:09.451 INFO  io.mosire.simos.app.Shell - Shell 装配完成: store=/tmp/junit-13060291781204339110 checkpointInterval=100 codec=4 handler=45 participant=2 resolver=4 facet=2 tool=57 mapId=Map1 bindAddress=127.0.0.1 mcpPort=45471 guiPort=45109 approvalPort=45579
03:27:09.452 INFO  io.mosire.agentlib.approval.ApprovalHttpEndpoint - 审批 HTTP 面已停止（端口 45579）
03:27:09.452 INFO  io.mosire.agentlib.approval.HttpApprovalChannel - HTTP 审批通道已关闭
03:27:09.505 INFO  io.mosire.agentlib.mcp.AgentToMcpServer - MCP streamable server 已启动: name=simos-shell version=0.1.0-SNAPSHOT 外发工具 57 个 [map.CreateRegion, map.DeleteRegion, map.RandomizeRegion, map.RegisterPathwayGroup, map.SetEdge, map.SetTerrain, map.UpdateRegion, sd.AddCombatStage, sd.CancelEffect, sd.CommitCombatOutcome, sd.CreateArmy, sd.CreateCombat, sd.CreateDecisionMaker, sd.CreateNation, sd.IssueDirective, sd.PutInfo, sd.RecordCasualties, sd.RegisterEffect, sd.ResetDecisionMakerConversation, sd.RunDecision, sd.SetDecisionMakerAccess, sd.SetDecisionMakerProvider, sd.SetStageOutcomeTable, sd.StartDecision, sd.SubmitVerdict, simos.advance, simos.command.catalog, simos.command.submit, simos.fork, simos.map.hex, simos.map.overview, simos.social.population, simos.state.facets, simos.state.resolve, simos.timeline.branches, simos.unit.get, simos.unit.list, unit.ApplyCasualties, unit.AttachUnit, unit.CancelRoute, unit.CreateCommandChain, unit.CreateUnit, unit.DetachUnit, unit.DisbandUnit, unit.MergeFormation, unit.PlaceAt, unit.PlanRoute, unit.PlanSparseRoute, unit.RenameUnit, unit.ReparentSubtree, unit.ReparentUnit, unit.SetFormationOffset, unit.SetRejoinTarget, unit.SetStatus, unit.SetStrength, unit.SplitFormation, unit.UpdateCommandChain]；Registry 共 57 个，未外发 0 个 []
03:27:09.514 INFO  io.mosire.simos.app.gui.GuiServer - GUI 服务器已启动: http://127.0.0.1:45633/（静态 /webui，同源，无 CORS 头）
03:27:09.514 INFO  io.mosire.simos.app.Shell - Shell 装配完成: store=/tmp/junit-5125835903136164091 checkpointInterval=100 codec=4 handler=45 participant=2 resolver=4 facet=2 tool=57 mapId=Map1 bindAddress=127.0.0.1 mcpPort=46569 guiPort=45633 approvalPort=45805
03:27:09.520 INFO  io.mosire.simos.core.command.CommandBus - 命令提交: type=map.CreateRegion commandId=d50f6683-ece5-481d-a66d-472a4e2cd64b correlationId=d50f6683-ece5-481d-a66d-472a4e2cd64b 新坐标=main@2
03:27:09.523 INFO  io.mosire.simos.core.command.CommandBus - 命令被拒: type=sd.CreateNation commandId=e6d9aad9-91a2-450d-86cf-35dbe53b2f79 correlationId=e6d9aad9-91a2-450d-86cf-35dbe53b2f79 原因=Region t3-region 无国家 tag（R13：需以 nation: 开头的 tag）
03:27:09.524 INFO  io.mosire.agentlib.approval.ApprovalHttpEndpoint - 审批 HTTP 面已停止（端口 45805）
03:27:09.524 INFO  io.mosire.agentlib.approval.HttpApprovalChannel - HTTP 审批通道已关闭
03:27:09.580 INFO  io.mosire.agentlib.mcp.AgentToMcpServer - MCP streamable server 已启动: name=simos-shell version=0.1.0-SNAPSHOT 外发工具 57 个 [map.CreateRegion, map.DeleteRegion, map.RandomizeRegion, map.RegisterPathwayGroup, map.SetEdge, map.SetTerrain, map.UpdateRegion, sd.AddCombatStage, sd.CancelEffect, sd.CommitCombatOutcome, sd.CreateArmy, sd.CreateCombat, sd.CreateDecisionMaker, sd.CreateNation, sd.IssueDirective, sd.PutInfo, sd.RecordCasualties, sd.RegisterEffect, sd.ResetDecisionMakerConversation, sd.RunDecision, sd.SetDecisionMakerAccess, sd.SetDecisionMakerProvider, sd.SetStageOutcomeTable, sd.StartDecision, sd.SubmitVerdict, simos.advance, simos.command.catalog, simos.command.submit, simos.fork, simos.map.hex, simos.map.overview, simos.social.population, simos.state.facets, simos.state.resolve, simos.timeline.branches, simos.unit.get, simos.unit.list, unit.ApplyCasualties, unit.AttachUnit, unit.CancelRoute, unit.CreateCommandChain, unit.CreateUnit, unit.DetachUnit, unit.DisbandUnit, unit.MergeFormation, unit.PlaceAt, unit.PlanRoute, unit.PlanSparseRoute, unit.RenameUnit, unit.ReparentSubtree, unit.ReparentUnit, unit.SetFormationOffset, unit.SetRejoinTarget, unit.SetStatus, unit.SetStrength, unit.SplitFormation, unit.UpdateCommandChain]；Registry 共 57 个，未外发 0 个 []
03:27:09.589 INFO  io.mosire.simos.app.gui.GuiServer - GUI 服务器已启动: http://127.0.0.1:45101/（静态 /webui，同源，无 CORS 头）
03:27:09.589 INFO  io.mosire.simos.app.Shell - Shell 装配完成: store=/tmp/junit-14806590899476478953 checkpointInterval=100 codec=4 handler=45 participant=2 resolver=4 facet=2 tool=57 mapId=Map1 bindAddress=127.0.0.1 mcpPort=46247 guiPort=45101 approvalPort=45881
03:27:09.595 INFO  io.mosire.simos.core.command.CommandBus - 命令提交: type=unit.CreateCommandChain commandId=aefc6c8b-6257-42b5-a323-60f08f5349b9 correlationId=aefc6c8b-6257-42b5-a323-60f08f5349b9 新坐标=main@2
03:27:09.598 INFO  io.mosire.simos.core.command.CommandBus - 命令被拒: type=unit.DisbandUnit commandId=a256bca0-7ed7-4cf0-82e9-9c1dc86821f6 correlationId=a256bca0-7ed7-4cf0-82e9-9c1dc86821f6 原因=单位 u-1 仍是链 c-1 的 commander：先改链、再解散
03:27:09.599 INFO  io.mosire.agentlib.approval.ApprovalHttpEndpoint - 审批 HTTP 面已停止（端口 45881）
03:27:09.599 INFO  io.mosire.agentlib.approval.HttpApprovalChannel - HTTP 审批通道已关闭
03:27:09.659 INFO  io.mosire.agentlib.mcp.AgentToMcpServer - MCP streamable server 已启动: name=simos-shell version=0.1.0-SNAPSHOT 外发工具 57 个 [map.CreateRegion, map.DeleteRegion, map.RandomizeRegion, map.RegisterPathwayGroup, map.SetEdge, map.SetTerrain, map.UpdateRegion, sd.AddCombatStage, sd.CancelEffect, sd.CommitCombatOutcome, sd.CreateArmy, sd.CreateCombat, sd.CreateDecisionMaker, sd.CreateNation, sd.IssueDirective, sd.PutInfo, sd.RecordCasualties, sd.RegisterEffect, sd.ResetDecisionMakerConversation, sd.RunDecision, sd.SetDecisionMakerAccess, sd.SetDecisionMakerProvider, sd.SetStageOutcomeTable, sd.StartDecision, sd.SubmitVerdict, simos.advance, simos.command.catalog, simos.command.submit, simos.fork, simos.map.hex, simos.map.overview, simos.social.population, simos.state.facets, simos.state.resolve, simos.timeline.branches, simos.unit.get, simos.unit.list, unit.ApplyCasualties, unit.AttachUnit, unit.CancelRoute, unit.CreateCommandChain, unit.CreateUnit, unit.DetachUnit, unit.DisbandUnit, unit.MergeFormation, unit.PlaceAt, unit.PlanRoute, unit.PlanSparseRoute, unit.RenameUnit, unit.ReparentSubtree, unit.ReparentUnit, unit.SetFormationOffset, unit.SetRejoinTarget, unit.SetStatus, unit.SetStrength, unit.SplitFormation, unit.UpdateCommandChain]；Registry 共 57 个，未外发 0 个 []
03:27:09.669 INFO  io.mosire.simos.app.gui.GuiServer - GUI 服务器已启动: http://127.0.0.1:45829/（静态 /webui，同源，无 CORS 头）
03:27:09.669 INFO  io.mosire.simos.app.Shell - Shell 装配完成: store=/tmp/junit-16890419803146414217 checkpointInterval=100 codec=4 handler=45 participant=2 resolver=4 facet=2 tool=57 mapId=Map1 bindAddress=127.0.0.1 mcpPort=45761 guiPort=45829 approvalPort=46099
03:27:09.672 INFO  io.mosire.agentlib.approval.ApprovalHttpEndpoint - 审批 HTTP 面已停止（端口 46099）
03:27:09.672 INFO  io.mosire.agentlib.approval.HttpApprovalChannel - HTTP 审批通道已关闭
03:27:09.727 INFO  io.mosire.agentlib.mcp.AgentToMcpServer - MCP streamable server 已启动: name=simos-shell version=0.1.0-SNAPSHOT 外发工具 57 个 [map.CreateRegion, map.DeleteRegion, map.RandomizeRegion, map.RegisterPathwayGroup, map.SetEdge, map.SetTerrain, map.UpdateRegion, sd.AddCombatStage, sd.CancelEffect, sd.CommitCombatOutcome, sd.CreateArmy, sd.CreateCombat, sd.CreateDecisionMaker, sd.CreateNation, sd.IssueDirective, sd.PutInfo, sd.RecordCasualties, sd.RegisterEffect, sd.ResetDecisionMakerConversation, sd.RunDecision, sd.SetDecisionMakerAccess, sd.SetDecisionMakerProvider, sd.SetStageOutcomeTable, sd.StartDecision, sd.SubmitVerdict, simos.advance, simos.command.catalog, simos.command.submit, simos.fork, simos.map.hex, simos.map.overview, simos.social.population, simos.state.facets, simos.state.resolve, simos.timeline.branches, simos.unit.get, simos.unit.list, unit.ApplyCasualties, unit.AttachUnit, unit.CancelRoute, unit.CreateCommandChain, unit.CreateUnit, unit.DetachUnit, unit.DisbandUnit, unit.MergeFormation, unit.PlaceAt, unit.PlanRoute, unit.PlanSparseRoute, unit.RenameUnit, unit.ReparentSubtree, unit.ReparentUnit, unit.SetFormationOffset, unit.SetRejoinTarget, unit.SetStatus, unit.SetStrength, unit.SplitFormation, unit.UpdateCommandChain]；Registry 共 57 个，未外发 0 个 []
03:27:09.736 INFO  io.mosire.simos.app.gui.GuiServer - GUI 服务器已启动: http://127.0.0.1:46117/（静态 /webui，同源，无 CORS 头）
03:27:09.736 INFO  io.mosire.simos.app.Shell - Shell 装配完成: store=/tmp/junit-3208026458813780588 checkpointInterval=100 codec=4 handler=45 participant=2 resolver=4 facet=2 tool=57 mapId=Map1 bindAddress=127.0.0.1 mcpPort=46079 guiPort=46117 approvalPort=44895
03:27:09.742 INFO  io.mosire.simos.core.command.CommandBus - 命令被拒: type=unit.ReparentUnit commandId=03776541-aef8-49ec-8e98-121c6446d2f6 correlationId=03776541-aef8-49ec-8e98-121c6446d2f6 原因=父单位不存在: nope
03:27:09.743 INFO  io.mosire.agentlib.approval.ApprovalHttpEndpoint - 审批 HTTP 面已停止（端口 44895）
03:27:09.743 INFO  io.mosire.agentlib.approval.HttpApprovalChannel - HTTP 审批通道已关闭
[INFO] Tests run: 58, Failures: 0, Errors: 0, Skipped: 0, Time elapsed: 4.396 s -- in io.mosire.simos.app.tools.SimosToolsTest
[INFO] Running io.mosire.simos.app.UnitExtensionEndToEndTest
03:27:09.815 INFO  io.mosire.agentlib.mcp.AgentToMcpServer - MCP streamable server 已启动: name=simos-shell version=0.1.0-SNAPSHOT 外发工具 57 个 [map.CreateRegion, map.DeleteRegion, map.RandomizeRegion, map.RegisterPathwayGroup, map.SetEdge, map.SetTerrain, map.UpdateRegion, sd.AddCombatStage, sd.CancelEffect, sd.CommitCombatOutcome, sd.CreateArmy, sd.CreateCombat, sd.CreateDecisionMaker, sd.CreateNation, sd.IssueDirective, sd.PutInfo, sd.RecordCasualties, sd.RegisterEffect, sd.ResetDecisionMakerConversation, sd.RunDecision, sd.SetDecisionMakerAccess, sd.SetDecisionMakerProvider, sd.SetStageOutcomeTable, sd.StartDecision, sd.SubmitVerdict, simos.advance, simos.command.catalog, simos.command.submit, simos.fork, simos.map.hex, simos.map.overview, simos.social.population, simos.state.facets, simos.state.resolve, simos.timeline.branches, simos.unit.get, simos.unit.list, unit.ApplyCasualties, unit.AttachUnit, unit.CancelRoute, unit.CreateCommandChain, unit.CreateUnit, unit.DetachUnit, unit.DisbandUnit, unit.MergeFormation, unit.PlaceAt, unit.PlanRoute, unit.PlanSparseRoute, unit.RenameUnit, unit.ReparentSubtree, unit.ReparentUnit, unit.SetFormationOffset, unit.SetRejoinTarget, unit.SetStatus, unit.SetStrength, unit.SplitFormation, unit.UpdateCommandChain]；Registry 共 57 个，未外发 0 个 []
03:27:09.825 INFO  io.mosire.simos.app.gui.GuiServer - GUI 服务器已启动: http://127.0.0.1:46491/（静态 /webui，同源，无 CORS 头）
03:27:09.826 INFO  io.mosire.simos.app.Shell - Shell 装配完成: store=/tmp/junit-8601580140192501834 checkpointInterval=100 codec=4 handler=45 participant=2 resolver=4 facet=2 tool=57 mapId=Map1 bindAddress=127.0.0.1 mcpPort=46345 guiPort=46491 approvalPort=45789
03:27:09.832 INFO  io.mosire.simos.core.command.CommandBus - 命令提交: type=unit.ApplyCasualties commandId=cmd-unit.ApplyCasualties-1 correlationId=corr-unit.ApplyCasualties-1 新坐标=main@2
03:27:09.835 INFO  io.mosire.agentlib.approval.ApprovalHttpEndpoint - 审批 HTTP 面已停止（端口 45789）
03:27:09.835 INFO  io.mosire.agentlib.approval.HttpApprovalChannel - HTTP 审批通道已关闭
03:27:09.891 INFO  io.mosire.agentlib.mcp.AgentToMcpServer - MCP streamable server 已启动: name=simos-shell version=0.1.0-SNAPSHOT 外发工具 57 个 [map.CreateRegion, map.DeleteRegion, map.RandomizeRegion, map.RegisterPathwayGroup, map.SetEdge, map.SetTerrain, map.UpdateRegion, sd.AddCombatStage, sd.CancelEffect, sd.CommitCombatOutcome, sd.CreateArmy, sd.CreateCombat, sd.CreateDecisionMaker, sd.CreateNation, sd.IssueDirective, sd.PutInfo, sd.RecordCasualties, sd.RegisterEffect, sd.ResetDecisionMakerConversation, sd.RunDecision, sd.SetDecisionMakerAccess, sd.SetDecisionMakerProvider, sd.SetStageOutcomeTable, sd.StartDecision, sd.SubmitVerdict, simos.advance, simos.command.catalog, simos.command.submit, simos.fork, simos.map.hex, simos.map.overview, simos.social.population, simos.state.facets, simos.state.resolve, simos.timeline.branches, simos.unit.get, simos.unit.list, unit.ApplyCasualties, unit.AttachUnit, unit.CancelRoute, unit.CreateCommandChain, unit.CreateUnit, unit.DetachUnit, unit.DisbandUnit, unit.MergeFormation, unit.PlaceAt, unit.PlanRoute, unit.PlanSparseRoute, unit.RenameUnit, unit.ReparentSubtree, unit.ReparentUnit, unit.SetFormationOffset, unit.SetRejoinTarget, unit.SetStatus, unit.SetStrength, unit.SplitFormation, unit.UpdateCommandChain]；Registry 共 57 个，未外发 0 个 []
03:27:09.901 INFO  io.mosire.simos.app.gui.GuiServer - GUI 服务器已启动: http://127.0.0.1:45767/（静态 /webui，同源，无 CORS 头）
03:27:09.901 INFO  io.mosire.simos.app.Shell - Shell 装配完成: store=/tmp/junit-7990912337171869603 checkpointInterval=100 codec=4 handler=45 participant=2 resolver=4 facet=2 tool=57 mapId=Map1 bindAddress=127.0.0.1 mcpPort=46127 guiPort=45767 approvalPort=45139
03:27:09.907 INFO  io.mosire.simos.core.command.CommandBus - 命令提交: type=unit.ReparentSubtree commandId=cmd-unit.ReparentSubtree-1 correlationId=corr-unit.ReparentSubtree-1 新坐标=main@2
03:27:09.909 INFO  io.mosire.agentlib.approval.ApprovalHttpEndpoint - 审批 HTTP 面已停止（端口 45139）
03:27:09.909 INFO  io.mosire.agentlib.approval.HttpApprovalChannel - HTTP 审批通道已关闭
03:27:09.969 INFO  io.mosire.agentlib.mcp.AgentToMcpServer - MCP streamable server 已启动: name=simos-shell version=0.1.0-SNAPSHOT 外发工具 57 个 [map.CreateRegion, map.DeleteRegion, map.RandomizeRegion, map.RegisterPathwayGroup, map.SetEdge, map.SetTerrain, map.UpdateRegion, sd.AddCombatStage, sd.CancelEffect, sd.CommitCombatOutcome, sd.CreateArmy, sd.CreateCombat, sd.CreateDecisionMaker, sd.CreateNation, sd.IssueDirective, sd.PutInfo, sd.RecordCasualties, sd.RegisterEffect, sd.ResetDecisionMakerConversation, sd.RunDecision, sd.SetDecisionMakerAccess, sd.SetDecisionMakerProvider, sd.SetStageOutcomeTable, sd.StartDecision, sd.SubmitVerdict, simos.advance, simos.command.catalog, simos.command.submit, simos.fork, simos.map.hex, simos.map.overview, simos.social.population, simos.state.facets, simos.state.resolve, simos.timeline.branches, simos.unit.get, simos.unit.list, unit.ApplyCasualties, unit.AttachUnit, unit.CancelRoute, unit.CreateCommandChain, unit.CreateUnit, unit.DetachUnit, unit.DisbandUnit, unit.MergeFormation, unit.PlaceAt, unit.PlanRoute, unit.PlanSparseRoute, unit.RenameUnit, unit.ReparentSubtree, unit.ReparentUnit, unit.SetFormationOffset, unit.SetRejoinTarget, unit.SetStatus, unit.SetStrength, unit.SplitFormation, unit.UpdateCommandChain]；Registry 共 57 个，未外发 0 个 []
03:27:09.979 INFO  io.mosire.simos.app.gui.GuiServer - GUI 服务器已启动: http://127.0.0.1:45703/（静态 /webui，同源，无 CORS 头）
03:27:09.979 INFO  io.mosire.simos.app.Shell - Shell 装配完成: store=/tmp/junit-14583793296673670887 checkpointInterval=100 codec=4 handler=45 participant=2 resolver=4 facet=2 tool=57 mapId=Map1 bindAddress=127.0.0.1 mcpPort=45353 guiPort=45703 approvalPort=45903
03:27:09.985 INFO  io.mosire.simos.core.command.CommandBus - 命令提交: type=unit.CreateCommandChain commandId=cmd-unit.CreateCommandChain-1 correlationId=corr-unit.CreateCommandChain-1 新坐标=main@2
03:27:09.989 INFO  io.mosire.simos.core.command.CommandBus - 命令提交: type=unit.CreateCommandChain commandId=cmd-unit.CreateCommandChain-2 correlationId=corr-unit.CreateCommandChain-2 新坐标=main@3
03:27:09.995 INFO  io.mosire.agentlib.approval.ApprovalHttpEndpoint - 审批 HTTP 面已停止（端口 45903）
03:27:09.995 INFO  io.mosire.agentlib.approval.HttpApprovalChannel - HTTP 审批通道已关闭
03:27:10.056 INFO  io.mosire.agentlib.mcp.AgentToMcpServer - MCP streamable server 已启动: name=simos-shell version=0.1.0-SNAPSHOT 外发工具 57 个 [map.CreateRegion, map.DeleteRegion, map.RandomizeRegion, map.RegisterPathwayGroup, map.SetEdge, map.SetTerrain, map.UpdateRegion, sd.AddCombatStage, sd.CancelEffect, sd.CommitCombatOutcome, sd.CreateArmy, sd.CreateCombat, sd.CreateDecisionMaker, sd.CreateNation, sd.IssueDirective, sd.PutInfo, sd.RecordCasualties, sd.RegisterEffect, sd.ResetDecisionMakerConversation, sd.RunDecision, sd.SetDecisionMakerAccess, sd.SetDecisionMakerProvider, sd.SetStageOutcomeTable, sd.StartDecision, sd.SubmitVerdict, simos.advance, simos.command.catalog, simos.command.submit, simos.fork, simos.map.hex, simos.map.overview, simos.social.population, simos.state.facets, simos.state.resolve, simos.timeline.branches, simos.unit.get, simos.unit.list, unit.ApplyCasualties, unit.AttachUnit, unit.CancelRoute, unit.CreateCommandChain, unit.CreateUnit, unit.DetachUnit, unit.DisbandUnit, unit.MergeFormation, unit.PlaceAt, unit.PlanRoute, unit.PlanSparseRoute, unit.RenameUnit, unit.ReparentSubtree, unit.ReparentUnit, unit.SetFormationOffset, unit.SetRejoinTarget, unit.SetStatus, unit.SetStrength, unit.SplitFormation, unit.UpdateCommandChain]；Registry 共 57 个，未外发 0 个 []
03:27:10.066 INFO  io.mosire.simos.app.gui.GuiServer - GUI 服务器已启动: http://127.0.0.1:46423/（静态 /webui，同源，无 CORS 头）
03:27:10.066 INFO  io.mosire.simos.app.Shell - Shell 装配完成: store=/tmp/junit-13155830035029097117 checkpointInterval=100 codec=4 handler=45 participant=2 resolver=4 facet=2 tool=57 mapId=Map1 bindAddress=127.0.0.1 mcpPort=45565 guiPort=46423 approvalPort=45601
03:27:10.072 INFO  io.mosire.simos.core.command.CommandBus - 命令提交: type=unit.SetRejoinTarget commandId=cmd-unit.SetRejoinTarget-1 correlationId=corr-unit.SetRejoinTarget-1 新坐标=main@2
03:27:10.076 INFO  io.mosire.simos.core.command.CommandBus - 命令提交: type=unit.PlaceAt commandId=cmd-unit.PlaceAt-2 correlationId=corr-unit.PlaceAt-2 新坐标=main@3
03:27:10.080 INFO  io.mosire.simos.core.advance.TimeAdvance - 命令提交: type=core.AdvanceTime commandId=cmd-advance correlationId=corr-advance 新坐标=main@4
03:27:10.081 INFO  io.mosire.agentlib.approval.ApprovalHttpEndpoint - 审批 HTTP 面已停止（端口 45601）
03:27:10.082 INFO  io.mosire.agentlib.approval.HttpApprovalChannel - HTTP 审批通道已关闭
03:27:10.135 INFO  io.mosire.agentlib.mcp.AgentToMcpServer - MCP streamable server 已启动: name=simos-shell version=0.1.0-SNAPSHOT 外发工具 57 个 [map.CreateRegion, map.DeleteRegion, map.RandomizeRegion, map.RegisterPathwayGroup, map.SetEdge, map.SetTerrain, map.UpdateRegion, sd.AddCombatStage, sd.CancelEffect, sd.CommitCombatOutcome, sd.CreateArmy, sd.CreateCombat, sd.CreateDecisionMaker, sd.CreateNation, sd.IssueDirective, sd.PutInfo, sd.RecordCasualties, sd.RegisterEffect, sd.ResetDecisionMakerConversation, sd.RunDecision, sd.SetDecisionMakerAccess, sd.SetDecisionMakerProvider, sd.SetStageOutcomeTable, sd.StartDecision, sd.SubmitVerdict, simos.advance, simos.command.catalog, simos.command.submit, simos.fork, simos.map.hex, simos.map.overview, simos.social.population, simos.state.facets, simos.state.resolve, simos.timeline.branches, simos.unit.get, simos.unit.list, unit.ApplyCasualties, unit.AttachUnit, unit.CancelRoute, unit.CreateCommandChain, unit.CreateUnit, unit.DetachUnit, unit.DisbandUnit, unit.MergeFormation, unit.PlaceAt, unit.PlanRoute, unit.PlanSparseRoute, unit.RenameUnit, unit.ReparentSubtree, unit.ReparentUnit, unit.SetFormationOffset, unit.SetRejoinTarget, unit.SetStatus, unit.SetStrength, unit.SplitFormation, unit.UpdateCommandChain]；Registry 共 57 个，未外发 0 个 []
03:27:10.144 INFO  io.mosire.simos.app.gui.GuiServer - GUI 服务器已启动: http://127.0.0.1:44991/（静态 /webui，同源，无 CORS 头）
03:27:10.145 INFO  io.mosire.simos.app.Shell - Shell 装配完成: store=/tmp/junit-6403256889490112051 checkpointInterval=100 codec=4 handler=45 participant=2 resolver=4 facet=2 tool=57 mapId=Map1 bindAddress=127.0.0.1 mcpPort=46271 guiPort=44991 approvalPort=46117
03:27:10.150 INFO  io.mosire.simos.core.command.CommandBus - 命令被拒: type=unit.MergeFormation commandId=cmd-unit.MergeFormation-1 correlationId=corr-unit.MergeFormation-1 原因=单位 u-2 在 SimosTimestamp[tick=7, calendarLabel=Optional.empty] 位于 1_2，与 u-1 的 1_1 不同格：只有同格才能合体
03:27:10.153 INFO  io.mosire.simos.core.command.CommandBus - 命令提交: type=unit.MergeFormation commandId=cmd-unit.MergeFormation-1 correlationId=corr-unit.MergeFormation-1 新坐标=main@2
03:27:10.154 INFO  io.mosire.agentlib.approval.ApprovalHttpEndpoint - 审批 HTTP 面已停止（端口 46117）
03:27:10.154 INFO  io.mosire.agentlib.approval.HttpApprovalChannel - HTTP 审批通道已关闭
03:27:10.209 INFO  io.mosire.agentlib.mcp.AgentToMcpServer - MCP streamable server 已启动: name=simos-shell version=0.1.0-SNAPSHOT 外发工具 57 个 [map.CreateRegion, map.DeleteRegion, map.RandomizeRegion, map.RegisterPathwayGroup, map.SetEdge, map.SetTerrain, map.UpdateRegion, sd.AddCombatStage, sd.CancelEffect, sd.CommitCombatOutcome, sd.CreateArmy, sd.CreateCombat, sd.CreateDecisionMaker, sd.CreateNation, sd.IssueDirective, sd.PutInfo, sd.RecordCasualties, sd.RegisterEffect, sd.ResetDecisionMakerConversation, sd.RunDecision, sd.SetDecisionMakerAccess, sd.SetDecisionMakerProvider, sd.SetStageOutcomeTable, sd.StartDecision, sd.SubmitVerdict, simos.advance, simos.command.catalog, simos.command.submit, simos.fork, simos.map.hex, simos.map.overview, simos.social.population, simos.state.facets, simos.state.resolve, simos.timeline.branches, simos.unit.get, simos.unit.list, unit.ApplyCasualties, unit.AttachUnit, unit.CancelRoute, unit.CreateCommandChain, unit.CreateUnit, unit.DetachUnit, unit.DisbandUnit, unit.MergeFormation, unit.PlaceAt, unit.PlanRoute, unit.PlanSparseRoute, unit.RenameUnit, unit.ReparentSubtree, unit.ReparentUnit, unit.SetFormationOffset, unit.SetRejoinTarget, unit.SetStatus, unit.SetStrength, unit.SplitFormation, unit.UpdateCommandChain]；Registry 共 57 个，未外发 0 个 []
03:27:10.218 INFO  io.mosire.simos.app.gui.GuiServer - GUI 服务器已启动: http://127.0.0.1:45953/（静态 /webui，同源，无 CORS 头）
03:27:10.218 INFO  io.mosire.simos.app.Shell - Shell 装配完成: store=/tmp/junit-9113652293955974749 checkpointInterval=100 codec=4 handler=45 participant=2 resolver=4 facet=2 tool=57 mapId=Map1 bindAddress=127.0.0.1 mcpPort=46571 guiPort=45953 approvalPort=45361
03:27:10.225 INFO  io.mosire.simos.core.command.CommandBus - 命令提交: type=unit.PlanSparseRoute commandId=cmd-unit.PlanSparseRoute-1 correlationId=corr-unit.PlanSparseRoute-1 新坐标=main@2
03:27:10.226 INFO  io.mosire.agentlib.approval.ApprovalHttpEndpoint - 审批 HTTP 面已停止（端口 45361）
03:27:10.226 INFO  io.mosire.agentlib.approval.HttpApprovalChannel - HTTP 审批通道已关闭
[INFO] Tests run: 6, Failures: 0, Errors: 0, Skipped: 0, Time elapsed: 0.481 s -- in io.mosire.simos.app.UnitExtensionEndToEndTest
[INFO] Running io.mosire.simos.app.query.RedactingQueryServiceTest
[INFO] Tests run: 14, Failures: 0, Errors: 0, Skipped: 0, Time elapsed: 0.451 s -- in io.mosire.simos.app.query.RedactingQueryServiceTest
[INFO] Running io.mosire.simos.app.query.QueryServiceTest
03:27:10.737 INFO  io.mosire.agentlib.mcp.AgentToMcpServer - MCP streamable server 已启动: name=simos-shell version=0.1.0-SNAPSHOT 外发工具 57 个 [map.CreateRegion, map.DeleteRegion, map.RandomizeRegion, map.RegisterPathwayGroup, map.SetEdge, map.SetTerrain, map.UpdateRegion, sd.AddCombatStage, sd.CancelEffect, sd.CommitCombatOutcome, sd.CreateArmy, sd.CreateCombat, sd.CreateDecisionMaker, sd.CreateNation, sd.IssueDirective, sd.PutInfo, sd.RecordCasualties, sd.RegisterEffect, sd.ResetDecisionMakerConversation, sd.RunDecision, sd.SetDecisionMakerAccess, sd.SetDecisionMakerProvider, sd.SetStageOutcomeTable, sd.StartDecision, sd.SubmitVerdict, simos.advance, simos.command.catalog, simos.command.submit, simos.fork, simos.map.hex, simos.map.overview, simos.social.population, simos.state.facets, simos.state.resolve, simos.timeline.branches, simos.unit.get, simos.unit.list, unit.ApplyCasualties, unit.AttachUnit, unit.CancelRoute, unit.CreateCommandChain, unit.CreateUnit, unit.DetachUnit, unit.DisbandUnit, unit.MergeFormation, unit.PlaceAt, unit.PlanRoute, unit.PlanSparseRoute, unit.RenameUnit, unit.ReparentSubtree, unit.ReparentUnit, unit.SetFormationOffset, unit.SetRejoinTarget, unit.SetStatus, unit.SetStrength, unit.SplitFormation, unit.UpdateCommandChain]；Registry 共 57 个，未外发 0 个 []
03:27:10.746 INFO  io.mosire.simos.app.gui.GuiServer - GUI 服务器已启动: http://127.0.0.1:45195/（静态 /webui，同源，无 CORS 头）
03:27:10.747 INFO  io.mosire.simos.app.Shell - Shell 装配完成: store=/tmp/junit-13169567709182274528 checkpointInterval=100 codec=4 handler=45 participant=2 resolver=4 facet=2 tool=57 mapId=Map1 bindAddress=127.0.0.1 mcpPort=44833 guiPort=45195 approvalPort=45523
03:27:10.749 INFO  io.mosire.agentlib.approval.ApprovalHttpEndpoint - 审批 HTTP 面已停止（端口 45523）
03:27:10.749 INFO  io.mosire.agentlib.approval.HttpApprovalChannel - HTTP 审批通道已关闭
03:27:10.805 INFO  io.mosire.agentlib.mcp.AgentToMcpServer - MCP streamable server 已启动: name=simos-shell version=0.1.0-SNAPSHOT 外发工具 57 个 [map.CreateRegion, map.DeleteRegion, map.RandomizeRegion, map.RegisterPathwayGroup, map.SetEdge, map.SetTerrain, map.UpdateRegion, sd.AddCombatStage, sd.CancelEffect, sd.CommitCombatOutcome, sd.CreateArmy, sd.CreateCombat, sd.CreateDecisionMaker, sd.CreateNation, sd.IssueDirective, sd.PutInfo, sd.RecordCasualties, sd.RegisterEffect, sd.ResetDecisionMakerConversation, sd.RunDecision, sd.SetDecisionMakerAccess, sd.SetDecisionMakerProvider, sd.SetStageOutcomeTable, sd.StartDecision, sd.SubmitVerdict, simos.advance, simos.command.catalog, simos.command.submit, simos.fork, simos.map.hex, simos.map.overview, simos.social.population, simos.state.facets, simos.state.resolve, simos.timeline.branches, simos.unit.get, simos.unit.list, unit.ApplyCasualties, unit.AttachUnit, unit.CancelRoute, unit.CreateCommandChain, unit.CreateUnit, unit.DetachUnit, unit.DisbandUnit, unit.MergeFormation, unit.PlaceAt, unit.PlanRoute, unit.PlanSparseRoute, unit.RenameUnit, unit.ReparentSubtree, unit.ReparentUnit, unit.SetFormationOffset, unit.SetRejoinTarget, unit.SetStatus, unit.SetStrength, unit.SplitFormation, unit.UpdateCommandChain]；Registry 共 57 个，未外发 0 个 []
03:27:10.814 INFO  io.mosire.simos.app.gui.GuiServer - GUI 服务器已启动: http://127.0.0.1:45699/（静态 /webui，同源，无 CORS 头）
03:27:10.815 INFO  io.mosire.simos.app.Shell - Shell 装配完成: store=/tmp/junit-3582596885137243839 checkpointInterval=100 codec=4 handler=45 participant=2 resolver=4 facet=2 tool=57 mapId=Map1 bindAddress=127.0.0.1 mcpPort=46637 guiPort=45699 approvalPort=45099
03:27:10.825 INFO  io.mosire.simos.core.command.CommandBus - 命令提交: type=unit.RenameUnit commandId=c5d78c28-28e9-4a5e-a340-751aa9d26980 correlationId=c5d78c28-28e9-4a5e-a340-751aa9d26980 新坐标=main@2
03:27:10.828 INFO  io.mosire.simos.core.command.CommandBus - 命令提交: type=unit.RenameUnit commandId=7a7511b0-5a29-4f0f-b9f7-bec8d2cfef6a correlationId=7a7511b0-5a29-4f0f-b9f7-bec8d2cfef6a 新坐标=side@2
03:27:10.830 INFO  io.mosire.agentlib.approval.ApprovalHttpEndpoint - 审批 HTTP 面已停止（端口 45099）
03:27:10.830 INFO  io.mosire.agentlib.approval.HttpApprovalChannel - HTTP 审批通道已关闭
03:27:10.887 INFO  io.mosire.agentlib.mcp.AgentToMcpServer - MCP streamable server 已启动: name=simos-shell version=0.1.0-SNAPSHOT 外发工具 57 个 [map.CreateRegion, map.DeleteRegion, map.RandomizeRegion, map.RegisterPathwayGroup, map.SetEdge, map.SetTerrain, map.UpdateRegion, sd.AddCombatStage, sd.CancelEffect, sd.CommitCombatOutcome, sd.CreateArmy, sd.CreateCombat, sd.CreateDecisionMaker, sd.CreateNation, sd.IssueDirective, sd.PutInfo, sd.RecordCasualties, sd.RegisterEffect, sd.ResetDecisionMakerConversation, sd.RunDecision, sd.SetDecisionMakerAccess, sd.SetDecisionMakerProvider, sd.SetStageOutcomeTable, sd.StartDecision, sd.SubmitVerdict, simos.advance, simos.command.catalog, simos.command.submit, simos.fork, simos.map.hex, simos.map.overview, simos.social.population, simos.state.facets, simos.state.resolve, simos.timeline.branches, simos.unit.get, simos.unit.list, unit.ApplyCasualties, unit.AttachUnit, unit.CancelRoute, unit.CreateCommandChain, unit.CreateUnit, unit.DetachUnit, unit.DisbandUnit, unit.MergeFormation, unit.PlaceAt, unit.PlanRoute, unit.PlanSparseRoute, unit.RenameUnit, unit.ReparentSubtree, unit.ReparentUnit, unit.SetFormationOffset, unit.SetRejoinTarget, unit.SetStatus, unit.SetStrength, unit.SplitFormation, unit.UpdateCommandChain]；Registry 共 57 个，未外发 0 个 []
03:27:10.897 INFO  io.mosire.simos.app.gui.GuiServer - GUI 服务器已启动: http://127.0.0.1:45775/（静态 /webui，同源，无 CORS 头）
03:27:10.897 INFO  io.mosire.simos.app.Shell - Shell 装配完成: store=/tmp/junit-3038153558803401292 checkpointInterval=100 codec=4 handler=45 participant=2 resolver=4 facet=2 tool=57 mapId=Map1 bindAddress=127.0.0.1 mcpPort=46301 guiPort=45775 approvalPort=44865
03:27:10.904 INFO  io.mosire.simos.core.command.CommandBus - 命令提交: type=unit.RenameUnit commandId=5b03c858-c672-40fa-be00-cd97ebe89b09 correlationId=5b03c858-c672-40fa-be00-cd97ebe89b09 新坐标=main@2
03:27:10.905 INFO  io.mosire.agentlib.approval.ApprovalHttpEndpoint - 审批 HTTP 面已停止（端口 44865）
03:27:10.905 INFO  io.mosire.agentlib.approval.HttpApprovalChannel - HTTP 审批通道已关闭
03:27:10.960 INFO  io.mosire.agentlib.mcp.AgentToMcpServer - MCP streamable server 已启动: name=simos-shell version=0.1.0-SNAPSHOT 外发工具 57 个 [map.CreateRegion, map.DeleteRegion, map.RandomizeRegion, map.RegisterPathwayGroup, map.SetEdge, map.SetTerrain, map.UpdateRegion, sd.AddCombatStage, sd.CancelEffect, sd.CommitCombatOutcome, sd.CreateArmy, sd.CreateCombat, sd.CreateDecisionMaker, sd.CreateNation, sd.IssueDirective, sd.PutInfo, sd.RecordCasualties, sd.RegisterEffect, sd.ResetDecisionMakerConversation, sd.RunDecision, sd.SetDecisionMakerAccess, sd.SetDecisionMakerProvider, sd.SetStageOutcomeTable, sd.StartDecision, sd.SubmitVerdict, simos.advance, simos.command.catalog, simos.command.submit, simos.fork, simos.map.hex, simos.map.overview, simos.social.population, simos.state.facets, simos.state.resolve, simos.timeline.branches, simos.unit.get, simos.unit.list, unit.ApplyCasualties, unit.AttachUnit, unit.CancelRoute, unit.CreateCommandChain, unit.CreateUnit, unit.DetachUnit, unit.DisbandUnit, unit.MergeFormation, unit.PlaceAt, unit.PlanRoute, unit.PlanSparseRoute, unit.RenameUnit, unit.ReparentSubtree, unit.ReparentUnit, unit.SetFormationOffset, unit.SetRejoinTarget, unit.SetStatus, unit.SetStrength, unit.SplitFormation, unit.UpdateCommandChain]；Registry 共 57 个，未外发 0 个 []
03:27:10.969 INFO  io.mosire.simos.app.gui.GuiServer - GUI 服务器已启动: http://127.0.0.1:46253/（静态 /webui，同源，无 CORS 头）
03:27:10.970 INFO  io.mosire.simos.app.Shell - Shell 装配完成: store=/tmp/junit-14302615580574186845 checkpointInterval=100 codec=4 handler=45 participant=2 resolver=4 facet=2 tool=57 mapId=Map1 bindAddress=127.0.0.1 mcpPort=46413 guiPort=46253 approvalPort=45533
03:27:10.971 INFO  io.mosire.agentlib.approval.ApprovalHttpEndpoint - 审批 HTTP 面已停止（端口 45533）
03:27:10.972 INFO  io.mosire.agentlib.approval.HttpApprovalChannel - HTTP 审批通道已关闭
03:27:11.034 INFO  io.mosire.agentlib.mcp.AgentToMcpServer - MCP streamable server 已启动: name=simos-shell version=0.1.0-SNAPSHOT 外发工具 57 个 [map.CreateRegion, map.DeleteRegion, map.RandomizeRegion, map.RegisterPathwayGroup, map.SetEdge, map.SetTerrain, map.UpdateRegion, sd.AddCombatStage, sd.CancelEffect, sd.CommitCombatOutcome, sd.CreateArmy, sd.CreateCombat, sd.CreateDecisionMaker, sd.CreateNation, sd.IssueDirective, sd.PutInfo, sd.RecordCasualties, sd.RegisterEffect, sd.ResetDecisionMakerConversation, sd.RunDecision, sd.SetDecisionMakerAccess, sd.SetDecisionMakerProvider, sd.SetStageOutcomeTable, sd.StartDecision, sd.SubmitVerdict, simos.advance, simos.command.catalog, simos.command.submit, simos.fork, simos.map.hex, simos.map.overview, simos.social.population, simos.state.facets, simos.state.resolve, simos.timeline.branches, simos.unit.get, simos.unit.list, unit.ApplyCasualties, unit.AttachUnit, unit.CancelRoute, unit.CreateCommandChain, unit.CreateUnit, unit.DetachUnit, unit.DisbandUnit, unit.MergeFormation, unit.PlaceAt, unit.PlanRoute, unit.PlanSparseRoute, unit.RenameUnit, unit.ReparentSubtree, unit.ReparentUnit, unit.SetFormationOffset, unit.SetRejoinTarget, unit.SetStatus, unit.SetStrength, unit.SplitFormation, unit.UpdateCommandChain]；Registry 共 57 个，未外发 0 个 []
03:27:11.043 INFO  io.mosire.simos.app.gui.GuiServer - GUI 服务器已启动: http://127.0.0.1:45953/（静态 /webui，同源，无 CORS 头）
03:27:11.043 INFO  io.mosire.simos.app.Shell - Shell 装配完成: store=/tmp/junit-18152648971592848508 checkpointInterval=100 codec=4 handler=45 participant=2 resolver=4 facet=2 tool=57 mapId=Map1 bindAddress=127.0.0.1 mcpPort=44757 guiPort=45953 approvalPort=46055
03:27:11.044 INFO  io.mosire.agentlib.approval.ApprovalHttpEndpoint - 审批 HTTP 面已停止（端口 46055）
03:27:11.044 INFO  io.mosire.agentlib.approval.HttpApprovalChannel - HTTP 审批通道已关闭
03:27:11.099 INFO  io.mosire.agentlib.mcp.AgentToMcpServer - MCP streamable server 已启动: name=simos-shell version=0.1.0-SNAPSHOT 外发工具 57 个 [map.CreateRegion, map.DeleteRegion, map.RandomizeRegion, map.RegisterPathwayGroup, map.SetEdge, map.SetTerrain, map.UpdateRegion, sd.AddCombatStage, sd.CancelEffect, sd.CommitCombatOutcome, sd.CreateArmy, sd.CreateCombat, sd.CreateDecisionMaker, sd.CreateNation, sd.IssueDirective, sd.PutInfo, sd.RecordCasualties, sd.RegisterEffect, sd.ResetDecisionMakerConversation, sd.RunDecision, sd.SetDecisionMakerAccess, sd.SetDecisionMakerProvider, sd.SetStageOutcomeTable, sd.StartDecision, sd.SubmitVerdict, simos.advance, simos.command.catalog, simos.command.submit, simos.fork, simos.map.hex, simos.map.overview, simos.social.population, simos.state.facets, simos.state.resolve, simos.timeline.branches, simos.unit.get, simos.unit.list, unit.ApplyCasualties, unit.AttachUnit, unit.CancelRoute, unit.CreateCommandChain, unit.CreateUnit, unit.DetachUnit, unit.DisbandUnit, unit.MergeFormation, unit.PlaceAt, unit.PlanRoute, unit.PlanSparseRoute, unit.RenameUnit, unit.ReparentSubtree, unit.ReparentUnit, unit.SetFormationOffset, unit.SetRejoinTarget, unit.SetStatus, unit.SetStrength, unit.SplitFormation, unit.UpdateCommandChain]；Registry 共 57 个，未外发 0 个 []
03:27:11.108 INFO  io.mosire.simos.app.gui.GuiServer - GUI 服务器已启动: http://127.0.0.1:46111/（静态 /webui，同源，无 CORS 头）
03:27:11.108 INFO  io.mosire.simos.app.Shell - Shell 装配完成: store=/tmp/junit-13738601793985066869 checkpointInterval=100 codec=4 handler=45 participant=2 resolver=4 facet=2 tool=57 mapId=Map1 bindAddress=127.0.0.1 mcpPort=46563 guiPort=46111 approvalPort=46003
03:27:11.109 INFO  io.mosire.agentlib.approval.ApprovalHttpEndpoint - 审批 HTTP 面已停止（端口 46003）
03:27:11.109 INFO  io.mosire.agentlib.approval.HttpApprovalChannel - HTTP 审批通道已关闭
03:27:11.162 INFO  io.mosire.agentlib.mcp.AgentToMcpServer - MCP streamable server 已启动: name=simos-shell version=0.1.0-SNAPSHOT 外发工具 57 个 [map.CreateRegion, map.DeleteRegion, map.RandomizeRegion, map.RegisterPathwayGroup, map.SetEdge, map.SetTerrain, map.UpdateRegion, sd.AddCombatStage, sd.CancelEffect, sd.CommitCombatOutcome, sd.CreateArmy, sd.CreateCombat, sd.CreateDecisionMaker, sd.CreateNation, sd.IssueDirective, sd.PutInfo, sd.RecordCasualties, sd.RegisterEffect, sd.ResetDecisionMakerConversation, sd.RunDecision, sd.SetDecisionMakerAccess, sd.SetDecisionMakerProvider, sd.SetStageOutcomeTable, sd.StartDecision, sd.SubmitVerdict, simos.advance, simos.command.catalog, simos.command.submit, simos.fork, simos.map.hex, simos.map.overview, simos.social.population, simos.state.facets, simos.state.resolve, simos.timeline.branches, simos.unit.get, simos.unit.list, unit.ApplyCasualties, unit.AttachUnit, unit.CancelRoute, unit.CreateCommandChain, unit.CreateUnit, unit.DetachUnit, unit.DisbandUnit, unit.MergeFormation, unit.PlaceAt, unit.PlanRoute, unit.PlanSparseRoute, unit.RenameUnit, unit.ReparentSubtree, unit.ReparentUnit, unit.SetFormationOffset, unit.SetRejoinTarget, unit.SetStatus, unit.SetStrength, unit.SplitFormation, unit.UpdateCommandChain]；Registry 共 57 个，未外发 0 个 []
03:27:11.172 INFO  io.mosire.simos.app.gui.GuiServer - GUI 服务器已启动: http://127.0.0.1:45939/（静态 /webui，同源，无 CORS 头）
03:27:11.172 INFO  io.mosire.simos.app.Shell - Shell 装配完成: store=/tmp/junit-13124005148278028127 checkpointInterval=100 codec=4 handler=45 participant=2 resolver=4 facet=2 tool=57 mapId=Map1 bindAddress=127.0.0.1 mcpPort=44759 guiPort=45939 approvalPort=45287
03:27:11.174 INFO  io.mosire.agentlib.approval.ApprovalHttpEndpoint - 审批 HTTP 面已停止（端口 45287）
03:27:11.174 INFO  io.mosire.agentlib.approval.HttpApprovalChannel - HTTP 审批通道已关闭
03:27:11.228 INFO  io.mosire.agentlib.mcp.AgentToMcpServer - MCP streamable server 已启动: name=simos-shell version=0.1.0-SNAPSHOT 外发工具 57 个 [map.CreateRegion, map.DeleteRegion, map.RandomizeRegion, map.RegisterPathwayGroup, map.SetEdge, map.SetTerrain, map.UpdateRegion, sd.AddCombatStage, sd.CancelEffect, sd.CommitCombatOutcome, sd.CreateArmy, sd.CreateCombat, sd.CreateDecisionMaker, sd.CreateNation, sd.IssueDirective, sd.PutInfo, sd.RecordCasualties, sd.RegisterEffect, sd.ResetDecisionMakerConversation, sd.RunDecision, sd.SetDecisionMakerAccess, sd.SetDecisionMakerProvider, sd.SetStageOutcomeTable, sd.StartDecision, sd.SubmitVerdict, simos.advance, simos.command.catalog, simos.command.submit, simos.fork, simos.map.hex, simos.map.overview, simos.social.population, simos.state.facets, simos.state.resolve, simos.timeline.branches, simos.unit.get, simos.unit.list, unit.ApplyCasualties, unit.AttachUnit, unit.CancelRoute, unit.CreateCommandChain, unit.CreateUnit, unit.DetachUnit, unit.DisbandUnit, unit.MergeFormation, unit.PlaceAt, unit.PlanRoute, unit.PlanSparseRoute, unit.RenameUnit, unit.ReparentSubtree, unit.ReparentUnit, unit.SetFormationOffset, unit.SetRejoinTarget, unit.SetStatus, unit.SetStrength, unit.SplitFormation, unit.UpdateCommandChain]；Registry 共 57 个，未外发 0 个 []
03:27:11.238 INFO  io.mosire.simos.app.gui.GuiServer - GUI 服务器已启动: http://127.0.0.1:45555/（静态 /webui，同源，无 CORS 头）
03:27:11.238 INFO  io.mosire.simos.app.Shell - Shell 装配完成: store=/tmp/junit-14883777623132947480 checkpointInterval=100 codec=4 handler=45 participant=2 resolver=4 facet=2 tool=57 mapId=Map1 bindAddress=127.0.0.1 mcpPort=44953 guiPort=45555 approvalPort=46187
03:27:11.240 INFO  io.mosire.agentlib.approval.ApprovalHttpEndpoint - 审批 HTTP 面已停止（端口 46187）
03:27:11.240 INFO  io.mosire.agentlib.approval.HttpApprovalChannel - HTTP 审批通道已关闭
03:27:11.296 INFO  io.mosire.agentlib.mcp.AgentToMcpServer - MCP streamable server 已启动: name=simos-shell version=0.1.0-SNAPSHOT 外发工具 57 个 [map.CreateRegion, map.DeleteRegion, map.RandomizeRegion, map.RegisterPathwayGroup, map.SetEdge, map.SetTerrain, map.UpdateRegion, sd.AddCombatStage, sd.CancelEffect, sd.CommitCombatOutcome, sd.CreateArmy, sd.CreateCombat, sd.CreateDecisionMaker, sd.CreateNation, sd.IssueDirective, sd.PutInfo, sd.RecordCasualties, sd.RegisterEffect, sd.ResetDecisionMakerConversation, sd.RunDecision, sd.SetDecisionMakerAccess, sd.SetDecisionMakerProvider, sd.SetStageOutcomeTable, sd.StartDecision, sd.SubmitVerdict, simos.advance, simos.command.catalog, simos.command.submit, simos.fork, simos.map.hex, simos.map.overview, simos.social.population, simos.state.facets, simos.state.resolve, simos.timeline.branches, simos.unit.get, simos.unit.list, unit.ApplyCasualties, unit.AttachUnit, unit.CancelRoute, unit.CreateCommandChain, unit.CreateUnit, unit.DetachUnit, unit.DisbandUnit, unit.MergeFormation, unit.PlaceAt, unit.PlanRoute, unit.PlanSparseRoute, unit.RenameUnit, unit.ReparentSubtree, unit.ReparentUnit, unit.SetFormationOffset, unit.SetRejoinTarget, unit.SetStatus, unit.SetStrength, unit.SplitFormation, unit.UpdateCommandChain]；Registry 共 57 个，未外发 0 个 []
03:27:11.306 INFO  io.mosire.simos.app.gui.GuiServer - GUI 服务器已启动: http://127.0.0.1:45211/（静态 /webui，同源，无 CORS 头）
03:27:11.306 INFO  io.mosire.simos.app.Shell - Shell 装配完成: store=/tmp/junit-17697810378305325014 checkpointInterval=100 codec=4 handler=45 participant=2 resolver=4 facet=2 tool=57 mapId=Map1 bindAddress=127.0.0.1 mcpPort=46637 guiPort=45211 approvalPort=44903
03:27:11.308 INFO  io.mosire.agentlib.approval.ApprovalHttpEndpoint - 审批 HTTP 面已停止（端口 44903）
03:27:11.308 INFO  io.mosire.agentlib.approval.HttpApprovalChannel - HTTP 审批通道已关闭
03:27:11.371 INFO  io.mosire.agentlib.mcp.AgentToMcpServer - MCP streamable server 已启动: name=simos-shell version=0.1.0-SNAPSHOT 外发工具 57 个 [map.CreateRegion, map.DeleteRegion, map.RandomizeRegion, map.RegisterPathwayGroup, map.SetEdge, map.SetTerrain, map.UpdateRegion, sd.AddCombatStage, sd.CancelEffect, sd.CommitCombatOutcome, sd.CreateArmy, sd.CreateCombat, sd.CreateDecisionMaker, sd.CreateNation, sd.IssueDirective, sd.PutInfo, sd.RecordCasualties, sd.RegisterEffect, sd.ResetDecisionMakerConversation, sd.RunDecision, sd.SetDecisionMakerAccess, sd.SetDecisionMakerProvider, sd.SetStageOutcomeTable, sd.StartDecision, sd.SubmitVerdict, simos.advance, simos.command.catalog, simos.command.submit, simos.fork, simos.map.hex, simos.map.overview, simos.social.population, simos.state.facets, simos.state.resolve, simos.timeline.branches, simos.unit.get, simos.unit.list, unit.ApplyCasualties, unit.AttachUnit, unit.CancelRoute, unit.CreateCommandChain, unit.CreateUnit, unit.DetachUnit, unit.DisbandUnit, unit.MergeFormation, unit.PlaceAt, unit.PlanRoute, unit.PlanSparseRoute, unit.RenameUnit, unit.ReparentSubtree, unit.ReparentUnit, unit.SetFormationOffset, unit.SetRejoinTarget, unit.SetStatus, unit.SetStrength, unit.SplitFormation, unit.UpdateCommandChain]；Registry 共 57 个，未外发 0 个 []
03:27:11.380 INFO  io.mosire.simos.app.gui.GuiServer - GUI 服务器已启动: http://127.0.0.1:45497/（静态 /webui，同源，无 CORS 头）
03:27:11.380 INFO  io.mosire.simos.app.Shell - Shell 装配完成: store=/tmp/junit-16558084942576069051 checkpointInterval=100 codec=4 handler=45 participant=2 resolver=4 facet=2 tool=57 mapId=Map1 bindAddress=127.0.0.1 mcpPort=44695 guiPort=45497 approvalPort=45333
03:27:11.382 INFO  io.mosire.agentlib.approval.ApprovalHttpEndpoint - 审批 HTTP 面已停止（端口 45333）
03:27:11.382 INFO  io.mosire.agentlib.approval.HttpApprovalChannel - HTTP 审批通道已关闭
03:27:11.442 INFO  io.mosire.agentlib.mcp.AgentToMcpServer - MCP streamable server 已启动: name=simos-shell version=0.1.0-SNAPSHOT 外发工具 57 个 [map.CreateRegion, map.DeleteRegion, map.RandomizeRegion, map.RegisterPathwayGroup, map.SetEdge, map.SetTerrain, map.UpdateRegion, sd.AddCombatStage, sd.CancelEffect, sd.CommitCombatOutcome, sd.CreateArmy, sd.CreateCombat, sd.CreateDecisionMaker, sd.CreateNation, sd.IssueDirective, sd.PutInfo, sd.RecordCasualties, sd.RegisterEffect, sd.ResetDecisionMakerConversation, sd.RunDecision, sd.SetDecisionMakerAccess, sd.SetDecisionMakerProvider, sd.SetStageOutcomeTable, sd.StartDecision, sd.SubmitVerdict, simos.advance, simos.command.catalog, simos.command.submit, simos.fork, simos.map.hex, simos.map.overview, simos.social.population, simos.state.facets, simos.state.resolve, simos.timeline.branches, simos.unit.get, simos.unit.list, unit.ApplyCasualties, unit.AttachUnit, unit.CancelRoute, unit.CreateCommandChain, unit.CreateUnit, unit.DetachUnit, unit.DisbandUnit, unit.MergeFormation, unit.PlaceAt, unit.PlanRoute, unit.PlanSparseRoute, unit.RenameUnit, unit.ReparentSubtree, unit.ReparentUnit, unit.SetFormationOffset, unit.SetRejoinTarget, unit.SetStatus, unit.SetStrength, unit.SplitFormation, unit.UpdateCommandChain]；Registry 共 57 个，未外发 0 个 []
03:27:11.452 INFO  io.mosire.simos.app.gui.GuiServer - GUI 服务器已启动: http://127.0.0.1:45269/（静态 /webui，同源，无 CORS 头）
03:27:11.452 INFO  io.mosire.simos.app.Shell - Shell 装配完成: store=/tmp/junit-6849040540429352488 checkpointInterval=100 codec=4 handler=45 participant=2 resolver=4 facet=2 tool=57 mapId=Map1 bindAddress=127.0.0.1 mcpPort=46155 guiPort=45269 approvalPort=46191
03:27:11.454 INFO  io.mosire.agentlib.approval.ApprovalHttpEndpoint - 审批 HTTP 面已停止（端口 46191）
03:27:11.454 INFO  io.mosire.agentlib.approval.HttpApprovalChannel - HTTP 审批通道已关闭
03:27:11.506 INFO  io.mosire.agentlib.mcp.AgentToMcpServer - MCP streamable server 已启动: name=simos-shell version=0.1.0-SNAPSHOT 外发工具 57 个 [map.CreateRegion, map.DeleteRegion, map.RandomizeRegion, map.RegisterPathwayGroup, map.SetEdge, map.SetTerrain, map.UpdateRegion, sd.AddCombatStage, sd.CancelEffect, sd.CommitCombatOutcome, sd.CreateArmy, sd.CreateCombat, sd.CreateDecisionMaker, sd.CreateNation, sd.IssueDirective, sd.PutInfo, sd.RecordCasualties, sd.RegisterEffect, sd.ResetDecisionMakerConversation, sd.RunDecision, sd.SetDecisionMakerAccess, sd.SetDecisionMakerProvider, sd.SetStageOutcomeTable, sd.StartDecision, sd.SubmitVerdict, simos.advance, simos.command.catalog, simos.command.submit, simos.fork, simos.map.hex, simos.map.overview, simos.social.population, simos.state.facets, simos.state.resolve, simos.timeline.branches, simos.unit.get, simos.unit.list, unit.ApplyCasualties, unit.AttachUnit, unit.CancelRoute, unit.CreateCommandChain, unit.CreateUnit, unit.DetachUnit, unit.DisbandUnit, unit.MergeFormation, unit.PlaceAt, unit.PlanRoute, unit.PlanSparseRoute, unit.RenameUnit, unit.ReparentSubtree, unit.ReparentUnit, unit.SetFormationOffset, unit.SetRejoinTarget, unit.SetStatus, unit.SetStrength, unit.SplitFormation, unit.UpdateCommandChain]；Registry 共 57 个，未外发 0 个 []
03:27:11.516 INFO  io.mosire.simos.app.gui.GuiServer - GUI 服务器已启动: http://127.0.0.1:46463/（静态 /webui，同源，无 CORS 头）
03:27:11.516 INFO  io.mosire.simos.app.Shell - Shell 装配完成: store=/tmp/junit-4344017586364016581 checkpointInterval=100 codec=4 handler=45 participant=2 resolver=4 facet=2 tool=57 mapId=Map1 bindAddress=127.0.0.1 mcpPort=45455 guiPort=46463 approvalPort=45291
03:27:11.517 INFO  io.mosire.agentlib.approval.ApprovalHttpEndpoint - 审批 HTTP 面已停止（端口 45291）
03:27:11.517 INFO  io.mosire.agentlib.approval.HttpApprovalChannel - HTTP 审批通道已关闭
03:27:11.573 INFO  io.mosire.agentlib.mcp.AgentToMcpServer - MCP streamable server 已启动: name=simos-shell version=0.1.0-SNAPSHOT 外发工具 57 个 [map.CreateRegion, map.DeleteRegion, map.RandomizeRegion, map.RegisterPathwayGroup, map.SetEdge, map.SetTerrain, map.UpdateRegion, sd.AddCombatStage, sd.CancelEffect, sd.CommitCombatOutcome, sd.CreateArmy, sd.CreateCombat, sd.CreateDecisionMaker, sd.CreateNation, sd.IssueDirective, sd.PutInfo, sd.RecordCasualties, sd.RegisterEffect, sd.ResetDecisionMakerConversation, sd.RunDecision, sd.SetDecisionMakerAccess, sd.SetDecisionMakerProvider, sd.SetStageOutcomeTable, sd.StartDecision, sd.SubmitVerdict, simos.advance, simos.command.catalog, simos.command.submit, simos.fork, simos.map.hex, simos.map.overview, simos.social.population, simos.state.facets, simos.state.resolve, simos.timeline.branches, simos.unit.get, simos.unit.list, unit.ApplyCasualties, unit.AttachUnit, unit.CancelRoute, unit.CreateCommandChain, unit.CreateUnit, unit.DetachUnit, unit.DisbandUnit, unit.MergeFormation, unit.PlaceAt, unit.PlanRoute, unit.PlanSparseRoute, unit.RenameUnit, unit.ReparentSubtree, unit.ReparentUnit, unit.SetFormationOffset, unit.SetRejoinTarget, unit.SetStatus, unit.SetStrength, unit.SplitFormation, unit.UpdateCommandChain]；Registry 共 57 个，未外发 0 个 []
03:27:11.581 INFO  io.mosire.simos.app.gui.GuiServer - GUI 服务器已启动: http://127.0.0.1:45681/（静态 /webui，同源，无 CORS 头）
03:27:11.581 INFO  io.mosire.simos.app.Shell - Shell 装配完成: store=/tmp/junit-16743964294497052962 checkpointInterval=100 codec=4 handler=45 participant=2 resolver=4 facet=2 tool=57 mapId=Map1 bindAddress=127.0.0.1 mcpPort=45839 guiPort=45681 approvalPort=46541
03:27:11.582 INFO  io.mosire.agentlib.approval.ApprovalHttpEndpoint - 审批 HTTP 面已停止（端口 46541）
03:27:11.582 INFO  io.mosire.agentlib.approval.HttpApprovalChannel - HTTP 审批通道已关闭
03:27:11.636 INFO  io.mosire.agentlib.mcp.AgentToMcpServer - MCP streamable server 已启动: name=simos-shell version=0.1.0-SNAPSHOT 外发工具 57 个 [map.CreateRegion, map.DeleteRegion, map.RandomizeRegion, map.RegisterPathwayGroup, map.SetEdge, map.SetTerrain, map.UpdateRegion, sd.AddCombatStage, sd.CancelEffect, sd.CommitCombatOutcome, sd.CreateArmy, sd.CreateCombat, sd.CreateDecisionMaker, sd.CreateNation, sd.IssueDirective, sd.PutInfo, sd.RecordCasualties, sd.RegisterEffect, sd.ResetDecisionMakerConversation, sd.RunDecision, sd.SetDecisionMakerAccess, sd.SetDecisionMakerProvider, sd.SetStageOutcomeTable, sd.StartDecision, sd.SubmitVerdict, simos.advance, simos.command.catalog, simos.command.submit, simos.fork, simos.map.hex, simos.map.overview, simos.social.population, simos.state.facets, simos.state.resolve, simos.timeline.branches, simos.unit.get, simos.unit.list, unit.ApplyCasualties, unit.AttachUnit, unit.CancelRoute, unit.CreateCommandChain, unit.CreateUnit, unit.DetachUnit, unit.DisbandUnit, unit.MergeFormation, unit.PlaceAt, unit.PlanRoute, unit.PlanSparseRoute, unit.RenameUnit, unit.ReparentSubtree, unit.ReparentUnit, unit.SetFormationOffset, unit.SetRejoinTarget, unit.SetStatus, unit.SetStrength, unit.SplitFormation, unit.UpdateCommandChain]；Registry 共 57 个，未外发 0 个 []
03:27:11.646 INFO  io.mosire.simos.app.gui.GuiServer - GUI 服务器已启动: http://127.0.0.1:46245/（静态 /webui，同源，无 CORS 头）
03:27:11.646 INFO  io.mosire.simos.app.Shell - Shell 装配完成: store=/tmp/junit-1286919429175364821 checkpointInterval=100 codec=4 handler=45 participant=2 resolver=4 facet=2 tool=57 mapId=Map1 bindAddress=127.0.0.1 mcpPort=45237 guiPort=46245 approvalPort=44795
03:27:11.647 INFO  io.mosire.agentlib.approval.ApprovalHttpEndpoint - 审批 HTTP 面已停止（端口 44795）
03:27:11.647 INFO  io.mosire.agentlib.approval.HttpApprovalChannel - HTTP 审批通道已关闭
[INFO] Tests run: 14, Failures: 0, Errors: 0, Skipped: 0, Time elapsed: 0.967 s -- in io.mosire.simos.app.query.QueryServiceTest
[INFO] Running io.mosire.simos.app.SdSetDecisionMakerAccessEndToEndTest
03:27:11.682 INFO  io.mosire.simos.core.command.CommandBus - 命令被拒: type=sd.SetDecisionMakerAccess commandId=cmd-1 correlationId=cmd-1 原因=决策人不存在: ghost
03:27:11.714 INFO  io.mosire.simos.core.command.CommandBus - 命令提交: type=sd.SetDecisionMakerAccess commandId=cmd-1 correlationId=cmd-1 新坐标=main@2
[INFO] Tests run: 2, Failures: 0, Errors: 0, Skipped: 0, Time elapsed: 0.067 s -- in io.mosire.simos.app.SdSetDecisionMakerAccessEndToEndTest
[INFO] Running io.mosire.simos.app.ShellMainSeedGuardTest
[INFO] Tests run: 1, Failures: 0, Errors: 0, Skipped: 0, Time elapsed: 0.001 s -- in io.mosire.simos.app.ShellMainSeedGuardTest
[INFO] Running io.mosire.simos.app.SdPutInfoEndToEndTest
03:27:11.756 INFO  io.mosire.simos.core.command.CommandBus - 命令提交: type=sd.PutInfo commandId=cmd-1 correlationId=cmd-1 新坐标=main@2
03:27:11.795 INFO  io.mosire.simos.core.command.CommandBus - 命令被拒: type=sd.PutInfo commandId=cmd-1 correlationId=cmd-1 原因=地址至少两段（命名空间 + 根主体）：`oops`
03:27:11.830 INFO  io.mosire.simos.core.command.CommandBus - 命令提交: type=sd.PutInfo commandId=cmd-1 correlationId=cmd-1 新坐标=main@2
03:27:11.834 INFO  io.mosire.simos.core.command.CommandBus - 命令提交: type=sd.PutInfo commandId=cmd-2 correlationId=cmd-2 新坐标=main@3
[INFO] Tests run: 3, Failures: 0, Errors: 0, Skipped: 0, Time elapsed: 0.123 s -- in io.mosire.simos.app.SdPutInfoEndToEndTest
[INFO] Running io.mosire.simos.app.ShellLifecycleTest
03:27:11.888 INFO  io.mosire.agentlib.mcp.AgentToMcpServer - MCP streamable server 已启动: name=simos-shell version=0.1.0-SNAPSHOT 外发工具 57 个 [map.CreateRegion, map.DeleteRegion, map.RandomizeRegion, map.RegisterPathwayGroup, map.SetEdge, map.SetTerrain, map.UpdateRegion, sd.AddCombatStage, sd.CancelEffect, sd.CommitCombatOutcome, sd.CreateArmy, sd.CreateCombat, sd.CreateDecisionMaker, sd.CreateNation, sd.IssueDirective, sd.PutInfo, sd.RecordCasualties, sd.RegisterEffect, sd.ResetDecisionMakerConversation, sd.RunDecision, sd.SetDecisionMakerAccess, sd.SetDecisionMakerProvider, sd.SetStageOutcomeTable, sd.StartDecision, sd.SubmitVerdict, simos.advance, simos.command.catalog, simos.command.submit, simos.fork, simos.map.hex, simos.map.overview, simos.social.population, simos.state.facets, simos.state.resolve, simos.timeline.branches, simos.unit.get, simos.unit.list, unit.ApplyCasualties, unit.AttachUnit, unit.CancelRoute, unit.CreateCommandChain, unit.CreateUnit, unit.DetachUnit, unit.DisbandUnit, unit.MergeFormation, unit.PlaceAt, unit.PlanRoute, unit.PlanSparseRoute, unit.RenameUnit, unit.ReparentSubtree, unit.ReparentUnit, unit.SetFormationOffset, unit.SetRejoinTarget, unit.SetStatus, unit.SetStrength, unit.SplitFormation, unit.UpdateCommandChain]；Registry 共 57 个，未外发 0 个 []
03:27:11.898 INFO  io.mosire.simos.app.gui.GuiServer - GUI 服务器已启动: http://127.0.0.1:45169/（静态 /webui，同源，无 CORS 头）
03:27:11.898 INFO  io.mosire.simos.app.Shell - Shell 装配完成: store=/tmp/junit-18065060586970549148 checkpointInterval=100 codec=4 handler=45 participant=2 resolver=4 facet=2 tool=57 mapId=Map1 bindAddress=127.0.0.1 mcpPort=44841 guiPort=45169 approvalPort=45653
03:27:11.899 INFO  io.mosire.agentlib.approval.ApprovalHttpEndpoint - 审批 HTTP 面已停止（端口 45653）
03:27:11.899 INFO  io.mosire.agentlib.approval.HttpApprovalChannel - HTTP 审批通道已关闭
[INFO] Tests run: 1, Failures: 0, Errors: 0, Skipped: 0, Time elapsed: 0.092 s -- in io.mosire.simos.app.ShellLifecycleTest
[INFO] Running io.mosire.simos.app.gui.WebuiAssetsTest
[INFO] Tests run: 8, Failures: 0, Errors: 0, Skipped: 0, Time elapsed: 0.009 s -- in io.mosire.simos.app.gui.WebuiAssetsTest
[INFO] Running io.mosire.simos.app.gui.MapHexEdgesApiTest
03:27:12.010 INFO  io.mosire.agentlib.mcp.AgentToMcpServer - MCP streamable server 已启动: name=simos-shell version=0.1.0-SNAPSHOT 外发工具 57 个 [map.CreateRegion, map.DeleteRegion, map.RandomizeRegion, map.RegisterPathwayGroup, map.SetEdge, map.SetTerrain, map.UpdateRegion, sd.AddCombatStage, sd.CancelEffect, sd.CommitCombatOutcome, sd.CreateArmy, sd.CreateCombat, sd.CreateDecisionMaker, sd.CreateNation, sd.IssueDirective, sd.PutInfo, sd.RecordCasualties, sd.RegisterEffect, sd.ResetDecisionMakerConversation, sd.RunDecision, sd.SetDecisionMakerAccess, sd.SetDecisionMakerProvider, sd.SetStageOutcomeTable, sd.StartDecision, sd.SubmitVerdict, simos.advance, simos.command.catalog, simos.command.submit, simos.fork, simos.map.hex, simos.map.overview, simos.social.population, simos.state.facets, simos.state.resolve, simos.timeline.branches, simos.unit.get, simos.unit.list, unit.ApplyCasualties, unit.AttachUnit, unit.CancelRoute, unit.CreateCommandChain, unit.CreateUnit, unit.DetachUnit, unit.DisbandUnit, unit.MergeFormation, unit.PlaceAt, unit.PlanRoute, unit.PlanSparseRoute, unit.RenameUnit, unit.ReparentSubtree, unit.ReparentUnit, unit.SetFormationOffset, unit.SetRejoinTarget, unit.SetStatus, unit.SetStrength, unit.SplitFormation, unit.UpdateCommandChain]；Registry 共 57 个，未外发 0 个 []
03:27:12.019 INFO  io.mosire.simos.app.gui.GuiServer - GUI 服务器已启动: http://127.0.0.1:46313/（静态 /webui，同源，无 CORS 头）
03:27:12.019 INFO  io.mosire.simos.app.Shell - Shell 装配完成: store=/tmp/junit-17295959209126029933 checkpointInterval=100 codec=4 handler=45 participant=2 resolver=4 facet=2 tool=57 mapId=Map1 bindAddress=127.0.0.1 mcpPort=45131 guiPort=46313 approvalPort=46377
03:27:12.025 INFO  io.mosire.simos.app.gui.GuiServer - access GET /api/map/hex -> 200 3ms remote=127.0.0.1
03:27:12.026 INFO  io.mosire.agentlib.approval.ApprovalHttpEndpoint - 审批 HTTP 面已停止（端口 46377）
03:27:12.026 INFO  io.mosire.agentlib.approval.HttpApprovalChannel - HTTP 审批通道已关闭
03:27:12.080 INFO  io.mosire.agentlib.mcp.AgentToMcpServer - MCP streamable server 已启动: name=simos-shell version=0.1.0-SNAPSHOT 外发工具 57 个 [map.CreateRegion, map.DeleteRegion, map.RandomizeRegion, map.RegisterPathwayGroup, map.SetEdge, map.SetTerrain, map.UpdateRegion, sd.AddCombatStage, sd.CancelEffect, sd.CommitCombatOutcome, sd.CreateArmy, sd.CreateCombat, sd.CreateDecisionMaker, sd.CreateNation, sd.IssueDirective, sd.PutInfo, sd.RecordCasualties, sd.RegisterEffect, sd.ResetDecisionMakerConversation, sd.RunDecision, sd.SetDecisionMakerAccess, sd.SetDecisionMakerProvider, sd.SetStageOutcomeTable, sd.StartDecision, sd.SubmitVerdict, simos.advance, simos.command.catalog, simos.command.submit, simos.fork, simos.map.hex, simos.map.overview, simos.social.population, simos.state.facets, simos.state.resolve, simos.timeline.branches, simos.unit.get, simos.unit.list, unit.ApplyCasualties, unit.AttachUnit, unit.CancelRoute, unit.CreateCommandChain, unit.CreateUnit, unit.DetachUnit, unit.DisbandUnit, unit.MergeFormation, unit.PlaceAt, unit.PlanRoute, unit.PlanSparseRoute, unit.RenameUnit, unit.ReparentSubtree, unit.ReparentUnit, unit.SetFormationOffset, unit.SetRejoinTarget, unit.SetStatus, unit.SetStrength, unit.SplitFormation, unit.UpdateCommandChain]；Registry 共 57 个，未外发 0 个 []
03:27:12.090 INFO  io.mosire.simos.app.gui.GuiServer - GUI 服务器已启动: http://127.0.0.1:45201/（静态 /webui，同源，无 CORS 头）
03:27:12.090 INFO  io.mosire.simos.app.Shell - Shell 装配完成: store=/tmp/junit-9448187364921474528 checkpointInterval=100 codec=4 handler=45 participant=2 resolver=4 facet=2 tool=57 mapId=Map1 bindAddress=127.0.0.1 mcpPort=45493 guiPort=45201 approvalPort=45289
03:27:12.093 INFO  io.mosire.simos.app.gui.GuiServer - access GET /api/map/hex -> 200 1ms remote=127.0.0.1
03:27:12.094 INFO  io.mosire.agentlib.approval.ApprovalHttpEndpoint - 审批 HTTP 面已停止（端口 45289）
03:27:12.094 INFO  io.mosire.agentlib.approval.HttpApprovalChannel - HTTP 审批通道已关闭
03:27:12.147 INFO  io.mosire.agentlib.mcp.AgentToMcpServer - MCP streamable server 已启动: name=simos-shell version=0.1.0-SNAPSHOT 外发工具 57 个 [map.CreateRegion, map.DeleteRegion, map.RandomizeRegion, map.RegisterPathwayGroup, map.SetEdge, map.SetTerrain, map.UpdateRegion, sd.AddCombatStage, sd.CancelEffect, sd.CommitCombatOutcome, sd.CreateArmy, sd.CreateCombat, sd.CreateDecisionMaker, sd.CreateNation, sd.IssueDirective, sd.PutInfo, sd.RecordCasualties, sd.RegisterEffect, sd.ResetDecisionMakerConversation, sd.RunDecision, sd.SetDecisionMakerAccess, sd.SetDecisionMakerProvider, sd.SetStageOutcomeTable, sd.StartDecision, sd.SubmitVerdict, simos.advance, simos.command.catalog, simos.command.submit, simos.fork, simos.map.hex, simos.map.overview, simos.social.population, simos.state.facets, simos.state.resolve, simos.timeline.branches, simos.unit.get, simos.unit.list, unit.ApplyCasualties, unit.AttachUnit, unit.CancelRoute, unit.CreateCommandChain, unit.CreateUnit, unit.DetachUnit, unit.DisbandUnit, unit.MergeFormation, unit.PlaceAt, unit.PlanRoute, unit.PlanSparseRoute, unit.RenameUnit, unit.ReparentSubtree, unit.ReparentUnit, unit.SetFormationOffset, unit.SetRejoinTarget, unit.SetStatus, unit.SetStrength, unit.SplitFormation, unit.UpdateCommandChain]；Registry 共 57 个，未外发 0 个 []
03:27:12.157 INFO  io.mosire.simos.app.gui.GuiServer - GUI 服务器已启动: http://127.0.0.1:45881/（静态 /webui，同源，无 CORS 头）
03:27:12.157 INFO  io.mosire.simos.app.Shell - Shell 装配完成: store=/tmp/junit-12168958863110719136 checkpointInterval=100 codec=4 handler=45 participant=2 resolver=4 facet=2 tool=57 mapId=Map1 bindAddress=127.0.0.1 mcpPort=44865 guiPort=45881 approvalPort=45499
03:27:12.160 INFO  io.mosire.simos.app.gui.GuiServer - access GET /api/map/hex -> 200 0ms remote=127.0.0.1
03:27:12.161 INFO  io.mosire.agentlib.approval.ApprovalHttpEndpoint - 审批 HTTP 面已停止（端口 45499）
03:27:12.161 INFO  io.mosire.agentlib.approval.HttpApprovalChannel - HTTP 审批通道已关闭
03:27:12.215 INFO  io.mosire.agentlib.mcp.AgentToMcpServer - MCP streamable server 已启动: name=simos-shell version=0.1.0-SNAPSHOT 外发工具 57 个 [map.CreateRegion, map.DeleteRegion, map.RandomizeRegion, map.RegisterPathwayGroup, map.SetEdge, map.SetTerrain, map.UpdateRegion, sd.AddCombatStage, sd.CancelEffect, sd.CommitCombatOutcome, sd.CreateArmy, sd.CreateCombat, sd.CreateDecisionMaker, sd.CreateNation, sd.IssueDirective, sd.PutInfo, sd.RecordCasualties, sd.RegisterEffect, sd.ResetDecisionMakerConversation, sd.RunDecision, sd.SetDecisionMakerAccess, sd.SetDecisionMakerProvider, sd.SetStageOutcomeTable, sd.StartDecision, sd.SubmitVerdict, simos.advance, simos.command.catalog, simos.command.submit, simos.fork, simos.map.hex, simos.map.overview, simos.social.population, simos.state.facets, simos.state.resolve, simos.timeline.branches, simos.unit.get, simos.unit.list, unit.ApplyCasualties, unit.AttachUnit, unit.CancelRoute, unit.CreateCommandChain, unit.CreateUnit, unit.DetachUnit, unit.DisbandUnit, unit.MergeFormation, unit.PlaceAt, unit.PlanRoute, unit.PlanSparseRoute, unit.RenameUnit, unit.ReparentSubtree, unit.ReparentUnit, unit.SetFormationOffset, unit.SetRejoinTarget, unit.SetStatus, unit.SetStrength, unit.SplitFormation, unit.UpdateCommandChain]；Registry 共 57 个，未外发 0 个 []
03:27:12.225 INFO  io.mosire.simos.app.gui.GuiServer - GUI 服务器已启动: http://127.0.0.1:45277/（静态 /webui，同源，无 CORS 头）
03:27:12.225 INFO  io.mosire.simos.app.Shell - Shell 装配完成: store=/tmp/junit-9947686915018229466 checkpointInterval=100 codec=4 handler=45 participant=2 resolver=4 facet=2 tool=57 mapId=Map1 bindAddress=127.0.0.1 mcpPort=45897 guiPort=45277 approvalPort=44897
03:27:12.228 INFO  io.mosire.simos.app.gui.GuiServer - access GET /api/map/hex -> 200 0ms remote=127.0.0.1
03:27:12.229 INFO  io.mosire.simos.app.gui.GuiServer - access GET /api/map/hex -> 200 0ms remote=127.0.0.1
03:27:12.273 INFO  io.mosire.agentlib.approval.ApprovalHttpEndpoint - 审批 HTTP 面已停止（端口 44897）
03:27:12.273 INFO  io.mosire.agentlib.approval.HttpApprovalChannel - HTTP 审批通道已关闭
[INFO] Tests run: 4, Failures: 0, Errors: 0, Skipped: 0, Time elapsed: 0.335 s -- in io.mosire.simos.app.gui.MapHexEdgesApiTest
[INFO] Running io.mosire.simos.app.gui.SdDecisionMakerApiTest
03:27:12.331 INFO  io.mosire.agentlib.mcp.AgentToMcpServer - MCP streamable server 已启动: name=simos-shell version=0.1.0-SNAPSHOT 外发工具 57 个 [map.CreateRegion, map.DeleteRegion, map.RandomizeRegion, map.RegisterPathwayGroup, map.SetEdge, map.SetTerrain, map.UpdateRegion, sd.AddCombatStage, sd.CancelEffect, sd.CommitCombatOutcome, sd.CreateArmy, sd.CreateCombat, sd.CreateDecisionMaker, sd.CreateNation, sd.IssueDirective, sd.PutInfo, sd.RecordCasualties, sd.RegisterEffect, sd.ResetDecisionMakerConversation, sd.RunDecision, sd.SetDecisionMakerAccess, sd.SetDecisionMakerProvider, sd.SetStageOutcomeTable, sd.StartDecision, sd.SubmitVerdict, simos.advance, simos.command.catalog, simos.command.submit, simos.fork, simos.map.hex, simos.map.overview, simos.social.population, simos.state.facets, simos.state.resolve, simos.timeline.branches, simos.unit.get, simos.unit.list, unit.ApplyCasualties, unit.AttachUnit, unit.CancelRoute, unit.CreateCommandChain, unit.CreateUnit, unit.DetachUnit, unit.DisbandUnit, unit.MergeFormation, unit.PlaceAt, unit.PlanRoute, unit.PlanSparseRoute, unit.RenameUnit, unit.ReparentSubtree, unit.ReparentUnit, unit.SetFormationOffset, unit.SetRejoinTarget, unit.SetStatus, unit.SetStrength, unit.SplitFormation, unit.UpdateCommandChain]；Registry 共 57 个，未外发 0 个 []
03:27:12.341 INFO  io.mosire.simos.app.gui.GuiServer - GUI 服务器已启动: http://127.0.0.1:45661/（静态 /webui，同源，无 CORS 头）
03:27:12.341 INFO  io.mosire.simos.app.Shell - Shell 装配完成: store=/tmp/junit-10090649223475023730 checkpointInterval=100 codec=4 handler=45 participant=2 resolver=4 facet=2 tool=57 mapId=Map1 bindAddress=127.0.0.1 mcpPort=45805 guiPort=45661 approvalPort=46337
03:27:12.348 INFO  io.mosire.simos.app.gui.GuiServer - access GET /api/sd/decision-makers -> 200 5ms remote=127.0.0.1
03:27:12.349 INFO  io.mosire.agentlib.approval.ApprovalHttpEndpoint - 审批 HTTP 面已停止（端口 46337）
03:27:12.349 INFO  io.mosire.agentlib.approval.HttpApprovalChannel - HTTP 审批通道已关闭
03:27:12.407 INFO  io.mosire.agentlib.mcp.AgentToMcpServer - MCP streamable server 已启动: name=simos-shell version=0.1.0-SNAPSHOT 外发工具 57 个 [map.CreateRegion, map.DeleteRegion, map.RandomizeRegion, map.RegisterPathwayGroup, map.SetEdge, map.SetTerrain, map.UpdateRegion, sd.AddCombatStage, sd.CancelEffect, sd.CommitCombatOutcome, sd.CreateArmy, sd.CreateCombat, sd.CreateDecisionMaker, sd.CreateNation, sd.IssueDirective, sd.PutInfo, sd.RecordCasualties, sd.RegisterEffect, sd.ResetDecisionMakerConversation, sd.RunDecision, sd.SetDecisionMakerAccess, sd.SetDecisionMakerProvider, sd.SetStageOutcomeTable, sd.StartDecision, sd.SubmitVerdict, simos.advance, simos.command.catalog, simos.command.submit, simos.fork, simos.map.hex, simos.map.overview, simos.social.population, simos.state.facets, simos.state.resolve, simos.timeline.branches, simos.unit.get, simos.unit.list, unit.ApplyCasualties, unit.AttachUnit, unit.CancelRoute, unit.CreateCommandChain, unit.CreateUnit, unit.DetachUnit, unit.DisbandUnit, unit.MergeFormation, unit.PlaceAt, unit.PlanRoute, unit.PlanSparseRoute, unit.RenameUnit, unit.ReparentSubtree, unit.ReparentUnit, unit.SetFormationOffset, unit.SetRejoinTarget, unit.SetStatus, unit.SetStrength, unit.SplitFormation, unit.UpdateCommandChain]；Registry 共 57 个，未外发 0 个 []
03:27:12.416 INFO  io.mosire.simos.app.gui.GuiServer - GUI 服务器已启动: http://127.0.0.1:45289/（静态 /webui，同源，无 CORS 头）
03:27:12.416 INFO  io.mosire.simos.app.Shell - Shell 装配完成: store=/tmp/junit-17724081400096262499 checkpointInterval=100 codec=4 handler=45 participant=2 resolver=4 facet=2 tool=57 mapId=Map1 bindAddress=127.0.0.1 mcpPort=44943 guiPort=45289 approvalPort=45949
03:27:12.425 INFO  io.mosire.simos.core.command.CommandBus - 命令提交: type=sd.CreateNation commandId=a72782a0-6ce2-4088-98fc-54f80a156847 correlationId=a72782a0-6ce2-4088-98fc-54f80a156847 新坐标=main@2
03:27:12.426 INFO  io.mosire.simos.app.gui.GuiServer - access POST /api/command -> 200 7ms remote=127.0.0.1
03:27:12.432 INFO  io.mosire.simos.core.command.CommandBus - 命令提交: type=sd.CreateArmy commandId=7cdfd9cc-e17a-460f-bef3-474f56154ff0 correlationId=7cdfd9cc-e17a-460f-bef3-474f56154ff0 新坐标=main@3
03:27:12.432 INFO  io.mosire.simos.app.gui.GuiServer - access POST /api/command -> 200 4ms remote=127.0.0.1
03:27:12.483 INFO  io.mosire.simos.core.command.CommandBus - 命令提交: type=sd.CreateDecisionMaker commandId=e87a812f-fd54-4c55-8d11-a767bc2dcab6 correlationId=e87a812f-fd54-4c55-8d11-a767bc2dcab6 新坐标=main@4
03:27:12.483 INFO  io.mosire.simos.app.gui.GuiServer - access POST /api/command -> 200 5ms remote=127.0.0.1
03:27:12.532 INFO  io.mosire.simos.core.command.CommandBus - 命令提交: type=sd.CreateDecisionMaker commandId=709676c7-994c-42df-b3fb-e2f8bd06903c correlationId=709676c7-994c-42df-b3fb-e2f8bd06903c 新坐标=main@5
03:27:12.532 INFO  io.mosire.simos.app.gui.GuiServer - access POST /api/command -> 200 6ms remote=127.0.0.1
03:27:12.583 INFO  io.mosire.simos.core.command.CommandBus - 命令提交: type=sd.SetDecisionMakerAccess commandId=5a5916a1-aa06-44d7-83b8-f522b0c6d4eb correlationId=5a5916a1-aa06-44d7-83b8-f522b0c6d4eb 新坐标=main@6
03:27:12.584 INFO  io.mosire.simos.app.gui.GuiServer - access POST /api/command -> 200 6ms remote=127.0.0.1
03:27:12.636 INFO  io.mosire.simos.core.command.CommandBus - 命令提交: type=sd.SetDecisionMakerProvider commandId=eb0f6f26-cfd3-46ee-8d06-84f80045a766 correlationId=eb0f6f26-cfd3-46ee-8d06-84f80045a766 新坐标=main@7
03:27:12.637 INFO  io.mosire.simos.app.gui.GuiServer - access POST /api/command -> 200 6ms remote=127.0.0.1
03:27:12.684 INFO  io.mosire.simos.app.gui.GuiServer - access GET /api/sd/decision-makers -> 200 2ms remote=127.0.0.1
03:27:12.729 INFO  io.mosire.agentlib.approval.ApprovalHttpEndpoint - 审批 HTTP 面已停止（端口 45949）
03:27:12.729 INFO  io.mosire.agentlib.approval.HttpApprovalChannel - HTTP 审批通道已关闭
03:27:12.790 INFO  io.mosire.agentlib.mcp.AgentToMcpServer - MCP streamable server 已启动: name=simos-shell version=0.1.0-SNAPSHOT 外发工具 57 个 [map.CreateRegion, map.DeleteRegion, map.RandomizeRegion, map.RegisterPathwayGroup, map.SetEdge, map.SetTerrain, map.UpdateRegion, sd.AddCombatStage, sd.CancelEffect, sd.CommitCombatOutcome, sd.CreateArmy, sd.CreateCombat, sd.CreateDecisionMaker, sd.CreateNation, sd.IssueDirective, sd.PutInfo, sd.RecordCasualties, sd.RegisterEffect, sd.ResetDecisionMakerConversation, sd.RunDecision, sd.SetDecisionMakerAccess, sd.SetDecisionMakerProvider, sd.SetStageOutcomeTable, sd.StartDecision, sd.SubmitVerdict, simos.advance, simos.command.catalog, simos.command.submit, simos.fork, simos.map.hex, simos.map.overview, simos.social.population, simos.state.facets, simos.state.resolve, simos.timeline.branches, simos.unit.get, simos.unit.list, unit.ApplyCasualties, unit.AttachUnit, unit.CancelRoute, unit.CreateCommandChain, unit.CreateUnit, unit.DetachUnit, unit.DisbandUnit, unit.MergeFormation, unit.PlaceAt, unit.PlanRoute, unit.PlanSparseRoute, unit.RenameUnit, unit.ReparentSubtree, unit.ReparentUnit, unit.SetFormationOffset, unit.SetRejoinTarget, unit.SetStatus, unit.SetStrength, unit.SplitFormation, unit.UpdateCommandChain]；Registry 共 57 个，未外发 0 个 []
03:27:12.800 INFO  io.mosire.simos.app.gui.GuiServer - GUI 服务器已启动: http://127.0.0.1:45257/（静态 /webui，同源，无 CORS 头）
03:27:12.800 INFO  io.mosire.simos.app.Shell - Shell 装配完成: store=/tmp/junit-5476239503553879661 checkpointInterval=100 codec=4 handler=45 participant=2 resolver=4 facet=2 tool=57 mapId=Map1 bindAddress=127.0.0.1 mcpPort=46605 guiPort=45257 approvalPort=46427
03:27:12.808 INFO  io.mosire.simos.core.command.CommandBus - 命令提交: type=sd.CreateNation commandId=446028ff-b61e-4abc-b14a-412a946fcf62 correlationId=446028ff-b61e-4abc-b14a-412a946fcf62 新坐标=main@2
03:27:12.808 INFO  io.mosire.simos.app.gui.GuiServer - access POST /api/command -> 200 6ms remote=127.0.0.1
03:27:12.813 INFO  io.mosire.simos.core.command.CommandBus - 命令提交: type=sd.CreateArmy commandId=e32edb8c-f641-49ae-951b-3d3afd4249c5 correlationId=e32edb8c-f641-49ae-951b-3d3afd4249c5 新坐标=main@3
03:27:12.813 INFO  io.mosire.simos.app.gui.GuiServer - access POST /api/command -> 200 3ms remote=127.0.0.1
03:27:12.862 INFO  io.mosire.simos.core.command.CommandBus - 命令提交: type=sd.CreateDecisionMaker commandId=0fa0f8db-c8c5-4fcf-bbc2-4569a2833a23 correlationId=0fa0f8db-c8c5-4fcf-bbc2-4569a2833a23 新坐标=main@4
03:27:12.863 INFO  io.mosire.simos.app.gui.GuiServer - access POST /api/command -> 200 5ms remote=127.0.0.1
03:27:12.910 INFO  io.mosire.simos.core.command.CommandBus - 命令提交: type=sd.CreateDecisionMaker commandId=9ff87fe9-9e01-403c-be5f-a6969e6d4db2 correlationId=9ff87fe9-9e01-403c-be5f-a6969e6d4db2 新坐标=main@5
03:27:12.911 INFO  io.mosire.simos.app.gui.GuiServer - access POST /api/command -> 200 5ms remote=127.0.0.1
03:27:12.959 INFO  io.mosire.simos.core.command.CommandBus - 命令提交: type=sd.CreateDecisionMaker commandId=a32c8ad5-3dcc-44e1-b931-a7413f5aca84 correlationId=a32c8ad5-3dcc-44e1-b931-a7413f5aca84 新坐标=main@6
03:27:12.959 INFO  io.mosire.simos.app.gui.GuiServer - access POST /api/command -> 200 5ms remote=127.0.0.1
03:27:13.006 INFO  io.mosire.simos.core.command.CommandBus - 命令提交: type=sd.CreateDecisionMaker commandId=2d4f0f7a-2038-440c-8cda-eb35e1cbd30c correlationId=2d4f0f7a-2038-440c-8cda-eb35e1cbd30c 新坐标=main@7
03:27:13.007 INFO  io.mosire.simos.app.gui.GuiServer - access POST /api/command -> 200 5ms remote=127.0.0.1
03:27:13.059 INFO  io.mosire.simos.core.command.CommandBus - 命令提交: type=sd.IssueDirective commandId=ad3870eb-03d4-4660-9e8a-a0d533d53c9b correlationId=ad3870eb-03d4-4660-9e8a-a0d533d53c9b 新坐标=main@8
03:27:13.059 INFO  io.mosire.simos.app.gui.GuiServer - access POST /api/command -> 200 5ms remote=127.0.0.1
03:27:13.108 INFO  io.mosire.simos.core.command.CommandBus - 命令提交: type=sd.IssueDirective commandId=86c9a5fe-3099-4c28-97b6-e922772d072a correlationId=86c9a5fe-3099-4c28-97b6-e922772d072a 新坐标=main@9
03:27:13.108 INFO  io.mosire.simos.app.gui.GuiServer - access POST /api/command -> 200 7ms remote=127.0.0.1
03:27:13.158 INFO  io.mosire.simos.core.command.CommandBus - 命令提交: type=sd.IssueDirective commandId=f04038d9-3f45-4447-8849-5104cf749446 correlationId=f04038d9-3f45-4447-8849-5104cf749446 新坐标=main@10
03:27:13.158 INFO  io.mosire.simos.app.gui.GuiServer - access POST /api/command -> 200 5ms remote=127.0.0.1
03:27:13.208 INFO  io.mosire.simos.core.command.CommandBus - 命令提交: type=sd.IssueDirective commandId=57892f1a-dc72-4375-90a9-2bad0c6f7191 correlationId=57892f1a-dc72-4375-90a9-2bad0c6f7191 新坐标=main@11
03:27:13.208 INFO  io.mosire.simos.app.gui.GuiServer - access POST /api/command -> 200 6ms remote=127.0.0.1
03:27:13.256 INFO  io.mosire.simos.app.gui.GuiServer - access GET /api/sd/decision-makers/dm-first -> 200 1ms remote=127.0.0.1
03:27:13.297 INFO  io.mosire.agentlib.approval.ApprovalHttpEndpoint - 审批 HTTP 面已停止（端口 46427）
03:27:13.298 INFO  io.mosire.agentlib.approval.HttpApprovalChannel - HTTP 审批通道已关闭
03:27:13.355 INFO  io.mosire.agentlib.mcp.AgentToMcpServer - MCP streamable server 已启动: name=simos-shell version=0.1.0-SNAPSHOT 外发工具 57 个 [map.CreateRegion, map.DeleteRegion, map.RandomizeRegion, map.RegisterPathwayGroup, map.SetEdge, map.SetTerrain, map.UpdateRegion, sd.AddCombatStage, sd.CancelEffect, sd.CommitCombatOutcome, sd.CreateArmy, sd.CreateCombat, sd.CreateDecisionMaker, sd.CreateNation, sd.IssueDirective, sd.PutInfo, sd.RecordCasualties, sd.RegisterEffect, sd.ResetDecisionMakerConversation, sd.RunDecision, sd.SetDecisionMakerAccess, sd.SetDecisionMakerProvider, sd.SetStageOutcomeTable, sd.StartDecision, sd.SubmitVerdict, simos.advance, simos.command.catalog, simos.command.submit, simos.fork, simos.map.hex, simos.map.overview, simos.social.population, simos.state.facets, simos.state.resolve, simos.timeline.branches, simos.unit.get, simos.unit.list, unit.ApplyCasualties, unit.AttachUnit, unit.CancelRoute, unit.CreateCommandChain, unit.CreateUnit, unit.DetachUnit, unit.DisbandUnit, unit.MergeFormation, unit.PlaceAt, unit.PlanRoute, unit.PlanSparseRoute, unit.RenameUnit, unit.ReparentSubtree, unit.ReparentUnit, unit.SetFormationOffset, unit.SetRejoinTarget, unit.SetStatus, unit.SetStrength, unit.SplitFormation, unit.UpdateCommandChain]；Registry 共 57 个，未外发 0 个 []
03:27:13.365 INFO  io.mosire.simos.app.gui.GuiServer - GUI 服务器已启动: http://127.0.0.1:45861/（静态 /webui，同源，无 CORS 头）
03:27:13.365 INFO  io.mosire.simos.app.Shell - Shell 装配完成: store=/tmp/junit-16623268644522747988 checkpointInterval=100 codec=4 handler=45 participant=2 resolver=4 facet=2 tool=57 mapId=Map1 bindAddress=127.0.0.1 mcpPort=45511 guiPort=45861 approvalPort=45103
03:27:13.375 INFO  io.mosire.simos.core.command.CommandBus - 命令提交: type=sd.CreateNation commandId=289a005b-a3cc-499a-a58f-606c31d4356e correlationId=289a005b-a3cc-499a-a58f-606c31d4356e 新坐标=main@2
03:27:13.375 INFO  io.mosire.simos.app.gui.GuiServer - access POST /api/command -> 200 6ms remote=127.0.0.1
03:27:13.380 INFO  io.mosire.simos.core.command.CommandBus - 命令提交: type=sd.CreateArmy commandId=51de70be-51f9-48f1-a0db-bea987f61c63 correlationId=51de70be-51f9-48f1-a0db-bea987f61c63 新坐标=main@3
03:27:13.380 INFO  io.mosire.simos.app.gui.GuiServer - access POST /api/command -> 200 3ms remote=127.0.0.1
03:27:13.430 INFO  io.mosire.simos.core.command.CommandBus - 命令提交: type=sd.CreateDecisionMaker commandId=43924366-d4fb-44c6-ae93-a11d64c66581 correlationId=43924366-d4fb-44c6-ae93-a11d64c66581 新坐标=main@4
03:27:13.430 INFO  io.mosire.simos.app.gui.GuiServer - access POST /api/command -> 200 5ms remote=127.0.0.1
03:27:13.479 INFO  io.mosire.simos.core.command.CommandBus - 命令提交: type=sd.CreateDecisionMaker commandId=dfd6bab8-1dda-4177-b2fb-c26b8f6ba3c0 correlationId=dfd6bab8-1dda-4177-b2fb-c26b8f6ba3c0 新坐标=main@5
03:27:13.479 INFO  io.mosire.simos.app.gui.GuiServer - access POST /api/command -> 200 5ms remote=127.0.0.1
03:27:13.525 INFO  io.mosire.simos.core.command.CommandBus - 命令提交: type=sd.CreateDecisionMaker commandId=d7ffac55-9899-4ab0-91c2-5179ecacac70 correlationId=d7ffac55-9899-4ab0-91c2-5179ecacac70 新坐标=main@6
03:27:13.526 INFO  io.mosire.simos.app.gui.GuiServer - access POST /api/command -> 200 4ms remote=127.0.0.1
03:27:13.574 INFO  io.mosire.simos.core.command.CommandBus - 命令提交: type=sd.CreateDecisionMaker commandId=6d848f1f-78c3-4053-9d45-edc9db5fa59e correlationId=6d848f1f-78c3-4053-9d45-edc9db5fa59e 新坐标=main@7
03:27:13.575 INFO  io.mosire.simos.app.gui.GuiServer - access POST /api/command -> 200 5ms remote=127.0.0.1
03:27:13.622 INFO  io.mosire.simos.core.command.CommandBus - 命令提交: type=sd.IssueDirective commandId=e5f56082-1c67-47b8-a678-48642cf4a57f correlationId=e5f56082-1c67-47b8-a678-48642cf4a57f 新坐标=main@8
03:27:13.622 INFO  io.mosire.simos.app.gui.GuiServer - access POST /api/command -> 200 5ms remote=127.0.0.1
03:27:13.671 INFO  io.mosire.simos.core.command.CommandBus - 命令提交: type=sd.IssueDirective commandId=3656c5d9-b2ce-437f-9ed2-57bf6c1069b6 correlationId=3656c5d9-b2ce-437f-9ed2-57bf6c1069b6 新坐标=main@9
03:27:13.671 INFO  io.mosire.simos.app.gui.GuiServer - access POST /api/command -> 200 4ms remote=127.0.0.1
03:27:13.718 INFO  io.mosire.simos.core.command.CommandBus - 命令提交: type=sd.IssueDirective commandId=13db9d4a-1b4f-4434-a7d6-ad48b21a1e68 correlationId=13db9d4a-1b4f-4434-a7d6-ad48b21a1e68 新坐标=main@10
03:27:13.718 INFO  io.mosire.simos.app.gui.GuiServer - access POST /api/command -> 200 4ms remote=127.0.0.1
03:27:13.767 INFO  io.mosire.simos.core.command.CommandBus - 命令提交: type=sd.IssueDirective commandId=0b2692e2-7d02-4931-a487-2b0be744f2d7 correlationId=0b2692e2-7d02-4931-a487-2b0be744f2d7 新坐标=main@11
03:27:13.767 INFO  io.mosire.simos.app.gui.GuiServer - access POST /api/command -> 200 5ms remote=127.0.0.1
03:27:13.816 INFO  io.mosire.simos.core.advance.TimeAdvance - 命令提交: type=core.AdvanceTime commandId=3608797e-f012-41f0-b70e-0c8f72fbfdb1 correlationId=3608797e-f012-41f0-b70e-0c8f72fbfdb1 新坐标=main@12
03:27:13.816 INFO  io.mosire.simos.app.gui.GuiServer - access POST /api/advance -> 200 5ms remote=127.0.0.1
03:27:13.863 INFO  io.mosire.simos.app.gui.GuiServer - access GET /api/sd/decision-makers/dm-wait -> 200 0ms remote=127.0.0.1
03:27:13.906 INFO  io.mosire.simos.app.gui.GuiServer - access GET /api/sd/decision-makers/dm-first -> 200 0ms remote=127.0.0.1
03:27:13.951 INFO  io.mosire.agentlib.approval.ApprovalHttpEndpoint - 审批 HTTP 面已停止（端口 45103）
03:27:13.951 INFO  io.mosire.agentlib.approval.HttpApprovalChannel - HTTP 审批通道已关闭
03:27:14.016 INFO  io.mosire.agentlib.mcp.AgentToMcpServer - MCP streamable server 已启动: name=simos-shell version=0.1.0-SNAPSHOT 外发工具 57 个 [map.CreateRegion, map.DeleteRegion, map.RandomizeRegion, map.RegisterPathwayGroup, map.SetEdge, map.SetTerrain, map.UpdateRegion, sd.AddCombatStage, sd.CancelEffect, sd.CommitCombatOutcome, sd.CreateArmy, sd.CreateCombat, sd.CreateDecisionMaker, sd.CreateNation, sd.IssueDirective, sd.PutInfo, sd.RecordCasualties, sd.RegisterEffect, sd.ResetDecisionMakerConversation, sd.RunDecision, sd.SetDecisionMakerAccess, sd.SetDecisionMakerProvider, sd.SetStageOutcomeTable, sd.StartDecision, sd.SubmitVerdict, simos.advance, simos.command.catalog, simos.command.submit, simos.fork, simos.map.hex, simos.map.overview, simos.social.population, simos.state.facets, simos.state.resolve, simos.timeline.branches, simos.unit.get, simos.unit.list, unit.ApplyCasualties, unit.AttachUnit, unit.CancelRoute, unit.CreateCommandChain, unit.CreateUnit, unit.DetachUnit, unit.DisbandUnit, unit.MergeFormation, unit.PlaceAt, unit.PlanRoute, unit.PlanSparseRoute, unit.RenameUnit, unit.ReparentSubtree, unit.ReparentUnit, unit.SetFormationOffset, unit.SetRejoinTarget, unit.SetStatus, unit.SetStrength, unit.SplitFormation, unit.UpdateCommandChain]；Registry 共 57 个，未外发 0 个 []
03:27:14.026 INFO  io.mosire.simos.app.gui.GuiServer - GUI 服务器已启动: http://127.0.0.1:46499/（静态 /webui，同源，无 CORS 头）
03:27:14.026 INFO  io.mosire.simos.app.Shell - Shell 装配完成: store=/tmp/junit-8404559815778178485 checkpointInterval=100 codec=4 handler=45 participant=2 resolver=4 facet=2 tool=57 mapId=Map1 bindAddress=127.0.0.1 mcpPort=45781 guiPort=46499 approvalPort=46087
03:27:14.034 INFO  io.mosire.simos.core.command.CommandBus - 命令提交: type=sd.CreateNation commandId=93a42846-3544-44dd-84f7-3a76f452960c correlationId=93a42846-3544-44dd-84f7-3a76f452960c 新坐标=main@2
03:27:14.034 INFO  io.mosire.simos.app.gui.GuiServer - access POST /api/command -> 200 5ms remote=127.0.0.1
03:27:14.038 INFO  io.mosire.simos.core.command.CommandBus - 命令提交: type=sd.CreateArmy commandId=6b2f3bbb-9ec1-4be4-aa23-240bba99ded0 correlationId=6b2f3bbb-9ec1-4be4-aa23-240bba99ded0 新坐标=main@3
03:27:14.038 INFO  io.mosire.simos.app.gui.GuiServer - access POST /api/command -> 200 3ms remote=127.0.0.1
03:27:14.085 INFO  io.mosire.simos.core.command.CommandBus - 命令提交: type=sd.CreateDecisionMaker commandId=350a0233-04a4-43e2-8e3d-94d3ae52e099 correlationId=350a0233-04a4-43e2-8e3d-94d3ae52e099 新坐标=main@4
03:27:14.085 INFO  io.mosire.simos.app.gui.GuiServer - access POST /api/command -> 200 4ms remote=127.0.0.1
03:27:14.134 INFO  io.mosire.simos.core.command.CommandBus - 命令提交: type=sd.CreateDecisionMaker commandId=e92b14d6-d548-473e-964d-0907622fcfc9 correlationId=e92b14d6-d548-473e-964d-0907622fcfc9 新坐标=main@5
03:27:14.134 INFO  io.mosire.simos.app.gui.GuiServer - access POST /api/command -> 200 4ms remote=127.0.0.1
03:27:14.182 INFO  io.mosire.simos.core.command.CommandBus - 命令提交: type=sd.SetDecisionMakerAccess commandId=d5d4bf46-ae37-41c4-aae1-7163bd2d475b correlationId=d5d4bf46-ae37-41c4-aae1-7163bd2d475b 新坐标=main@6
03:27:14.182 INFO  io.mosire.simos.app.gui.GuiServer - access POST /api/command -> 200 4ms remote=127.0.0.1
03:27:14.230 INFO  io.mosire.simos.core.command.CommandBus - 命令提交: type=sd.SetDecisionMakerProvider commandId=b8e786b1-fdc8-4bc7-bd91-9a25e56c6cd1 correlationId=b8e786b1-fdc8-4bc7-bd91-9a25e56c6cd1 新坐标=main@7
03:27:14.230 INFO  io.mosire.simos.app.gui.GuiServer - access POST /api/command -> 200 5ms remote=127.0.0.1
03:27:14.273 INFO  io.mosire.simos.app.gui.GuiServer - access GET /api/sd/decision-makers -> 400 0ms remote=127.0.0.1
03:27:14.318 INFO  io.mosire.agentlib.approval.ApprovalHttpEndpoint - 审批 HTTP 面已停止（端口 46087）
03:27:14.318 INFO  io.mosire.agentlib.approval.HttpApprovalChannel - HTTP 审批通道已关闭
03:27:14.376 INFO  io.mosire.agentlib.mcp.AgentToMcpServer - MCP streamable server 已启动: name=simos-shell version=0.1.0-SNAPSHOT 外发工具 57 个 [map.CreateRegion, map.DeleteRegion, map.RandomizeRegion, map.RegisterPathwayGroup, map.SetEdge, map.SetTerrain, map.UpdateRegion, sd.AddCombatStage, sd.CancelEffect, sd.CommitCombatOutcome, sd.CreateArmy, sd.CreateCombat, sd.CreateDecisionMaker, sd.CreateNation, sd.IssueDirective, sd.PutInfo, sd.RecordCasualties, sd.RegisterEffect, sd.ResetDecisionMakerConversation, sd.RunDecision, sd.SetDecisionMakerAccess, sd.SetDecisionMakerProvider, sd.SetStageOutcomeTable, sd.StartDecision, sd.SubmitVerdict, simos.advance, simos.command.catalog, simos.command.submit, simos.fork, simos.map.hex, simos.map.overview, simos.social.population, simos.state.facets, simos.state.resolve, simos.timeline.branches, simos.unit.get, simos.unit.list, unit.ApplyCasualties, unit.AttachUnit, unit.CancelRoute, unit.CreateCommandChain, unit.CreateUnit, unit.DetachUnit, unit.DisbandUnit, unit.MergeFormation, unit.PlaceAt, unit.PlanRoute, unit.PlanSparseRoute, unit.RenameUnit, unit.ReparentSubtree, unit.ReparentUnit, unit.SetFormationOffset, unit.SetRejoinTarget, unit.SetStatus, unit.SetStrength, unit.SplitFormation, unit.UpdateCommandChain]；Registry 共 57 个，未外发 0 个 []
03:27:14.379 INFO  io.mosire.simos.app.gui.GuiServer - GUI 服务器已启动: http://127.0.0.1:44807/（静态 /webui，同源，无 CORS 头）
03:27:14.379 INFO  io.mosire.simos.app.Shell - Shell 装配完成: store=/tmp/junit-11548435167966337406 checkpointInterval=100 codec=4 handler=45 participant=2 resolver=4 facet=2 tool=57 mapId=Map1 bindAddress=127.0.0.1 mcpPort=44913 guiPort=44807 approvalPort=44667
03:27:14.388 INFO  io.mosire.simos.core.command.CommandBus - 命令提交: type=sd.CreateNation commandId=9cf8bd21-efc5-43e6-8eac-3fe128d432f7 correlationId=9cf8bd21-efc5-43e6-8eac-3fe128d432f7 新坐标=main@2
03:27:14.389 INFO  io.mosire.simos.app.gui.GuiServer - access POST /api/command -> 200 6ms remote=127.0.0.1
03:27:14.393 INFO  io.mosire.simos.core.command.CommandBus - 命令提交: type=sd.CreateArmy commandId=1cd77afd-9903-48f0-aec8-afa20c5995fe correlationId=1cd77afd-9903-48f0-aec8-afa20c5995fe 新坐标=main@3
03:27:14.393 INFO  io.mosire.simos.app.gui.GuiServer - access POST /api/command -> 200 3ms remote=127.0.0.1
03:27:14.442 INFO  io.mosire.simos.core.command.CommandBus - 命令提交: type=sd.CreateDecisionMaker commandId=3521192e-4014-4a2d-bf5e-86cbc6580ffa correlationId=3521192e-4014-4a2d-bf5e-86cbc6580ffa 新坐标=main@4
03:27:14.443 INFO  io.mosire.simos.app.gui.GuiServer - access POST /api/command -> 200 4ms remote=127.0.0.1
03:27:14.489 INFO  io.mosire.simos.core.command.CommandBus - 命令提交: type=sd.CreateDecisionMaker commandId=9c8053fb-1ef7-49e2-af92-46df822db3c1 correlationId=9c8053fb-1ef7-49e2-af92-46df822db3c1 新坐标=main@5
03:27:14.489 INFO  io.mosire.simos.app.gui.GuiServer - access POST /api/command -> 200 3ms remote=127.0.0.1
03:27:14.538 INFO  io.mosire.simos.core.command.CommandBus - 命令提交: type=sd.SetDecisionMakerAccess commandId=e37bdad3-5844-478d-a3b9-7d075ed41eba correlationId=e37bdad3-5844-478d-a3b9-7d075ed41eba 新坐标=main@6
03:27:14.539 INFO  io.mosire.simos.app.gui.GuiServer - access POST /api/command -> 200 4ms remote=127.0.0.1
03:27:14.586 INFO  io.mosire.simos.core.command.CommandBus - 命令提交: type=sd.SetDecisionMakerProvider commandId=0dc53750-f3c5-4df9-94b4-6298fe1764f6 correlationId=0dc53750-f3c5-4df9-94b4-6298fe1764f6 新坐标=main@7
03:27:14.586 INFO  io.mosire.simos.app.gui.GuiServer - access POST /api/command -> 200 4ms remote=127.0.0.1
03:27:14.631 INFO  io.mosire.simos.app.gui.GuiServer - access GET /api/sd/decision-makers -> 400 0ms remote=127.0.0.1
03:27:14.675 INFO  io.mosire.agentlib.approval.ApprovalHttpEndpoint - 审批 HTTP 面已停止（端口 44667）
03:27:14.675 INFO  io.mosire.agentlib.approval.HttpApprovalChannel - HTTP 审批通道已关闭
03:27:14.732 INFO  io.mosire.agentlib.mcp.AgentToMcpServer - MCP streamable server 已启动: name=simos-shell version=0.1.0-SNAPSHOT 外发工具 57 个 [map.CreateRegion, map.DeleteRegion, map.RandomizeRegion, map.RegisterPathwayGroup, map.SetEdge, map.SetTerrain, map.UpdateRegion, sd.AddCombatStage, sd.CancelEffect, sd.CommitCombatOutcome, sd.CreateArmy, sd.CreateCombat, sd.CreateDecisionMaker, sd.CreateNation, sd.IssueDirective, sd.PutInfo, sd.RecordCasualties, sd.RegisterEffect, sd.ResetDecisionMakerConversation, sd.RunDecision, sd.SetDecisionMakerAccess, sd.SetDecisionMakerProvider, sd.SetStageOutcomeTable, sd.StartDecision, sd.SubmitVerdict, simos.advance, simos.command.catalog, simos.command.submit, simos.fork, simos.map.hex, simos.map.overview, simos.social.population, simos.state.facets, simos.state.resolve, simos.timeline.branches, simos.unit.get, simos.unit.list, unit.ApplyCasualties, unit.AttachUnit, unit.CancelRoute, unit.CreateCommandChain, unit.CreateUnit, unit.DetachUnit, unit.DisbandUnit, unit.MergeFormation, unit.PlaceAt, unit.PlanRoute, unit.PlanSparseRoute, unit.RenameUnit, unit.ReparentSubtree, unit.ReparentUnit, unit.SetFormationOffset, unit.SetRejoinTarget, unit.SetStatus, unit.SetStrength, unit.SplitFormation, unit.UpdateCommandChain]；Registry 共 57 个，未外发 0 个 []
03:27:14.742 INFO  io.mosire.simos.app.gui.GuiServer - GUI 服务器已启动: http://127.0.0.1:46367/（静态 /webui，同源，无 CORS 头）
03:27:14.742 INFO  io.mosire.simos.app.Shell - Shell 装配完成: store=/tmp/junit-18292785046367005711 checkpointInterval=100 codec=4 handler=45 participant=2 resolver=4 facet=2 tool=57 mapId=Map1 bindAddress=127.0.0.1 mcpPort=45579 guiPort=46367 approvalPort=46561
03:27:14.752 INFO  io.mosire.simos.core.command.CommandBus - 命令提交: type=sd.CreateNation commandId=62d5951a-cbf1-45e8-8cbf-eeb075b40fa9 correlationId=62d5951a-cbf1-45e8-8cbf-eeb075b40fa9 新坐标=main@2
03:27:14.752 INFO  io.mosire.simos.app.gui.GuiServer - access POST /api/command -> 200 8ms remote=127.0.0.1
03:27:14.758 INFO  io.mosire.simos.core.command.CommandBus - 命令提交: type=sd.CreateArmy commandId=5d5a7db5-d744-488e-8acf-064ea239d802 correlationId=5d5a7db5-d744-488e-8acf-064ea239d802 新坐标=main@3
03:27:14.759 INFO  io.mosire.simos.app.gui.GuiServer - access POST /api/command -> 200 5ms remote=127.0.0.1
03:27:14.806 INFO  io.mosire.simos.core.command.CommandBus - 命令提交: type=sd.CreateDecisionMaker commandId=6f9e8935-07cf-4db9-a821-9983b8a5b085 correlationId=6f9e8935-07cf-4db9-a821-9983b8a5b085 新坐标=main@4
03:27:14.806 INFO  io.mosire.simos.app.gui.GuiServer - access POST /api/command -> 200 4ms remote=127.0.0.1
03:27:14.855 INFO  io.mosire.simos.core.command.CommandBus - 命令提交: type=sd.CreateDecisionMaker commandId=2c3a5b37-02f4-42e9-9248-652fea5ad8ac correlationId=2c3a5b37-02f4-42e9-9248-652fea5ad8ac 新坐标=main@5
03:27:14.855 INFO  io.mosire.simos.app.gui.GuiServer - access POST /api/command -> 200 5ms remote=127.0.0.1
03:27:14.907 INFO  io.mosire.simos.core.command.CommandBus - 命令提交: type=sd.CreateDecisionMaker commandId=2fbb592c-3b97-4483-b7c7-1eccca27f7d9 correlationId=2fbb592c-3b97-4483-b7c7-1eccca27f7d9 新坐标=main@6
03:27:14.907 INFO  io.mosire.simos.app.gui.GuiServer - access POST /api/command -> 200 5ms remote=127.0.0.1
03:27:14.954 INFO  io.mosire.simos.core.command.CommandBus - 命令提交: type=sd.CreateDecisionMaker commandId=999fe310-db75-4d61-8601-1650372b4679 correlationId=999fe310-db75-4d61-8601-1650372b4679 新坐标=main@7
03:27:14.955 INFO  io.mosire.simos.app.gui.GuiServer - access POST /api/command -> 200 5ms remote=127.0.0.1
03:27:15.003 INFO  io.mosire.simos.core.command.CommandBus - 命令提交: type=sd.IssueDirective commandId=1170567c-3b95-476e-8e03-4314cc9159ae correlationId=1170567c-3b95-476e-8e03-4314cc9159ae 新坐标=main@8
03:27:15.003 INFO  io.mosire.simos.app.gui.GuiServer - access POST /api/command -> 200 5ms remote=127.0.0.1
03:27:15.051 INFO  io.mosire.simos.core.command.CommandBus - 命令提交: type=sd.IssueDirective commandId=440cf93c-c1fe-4372-b3f2-3a4e5caf3436 correlationId=440cf93c-c1fe-4372-b3f2-3a4e5caf3436 新坐标=main@9
03:27:15.051 INFO  io.mosire.simos.app.gui.GuiServer - access POST /api/command -> 200 5ms remote=127.0.0.1
03:27:15.098 INFO  io.mosire.simos.core.command.CommandBus - 命令提交: type=sd.IssueDirective commandId=14c01b3e-6202-4c57-a7fd-5d146da123c0 correlationId=14c01b3e-6202-4c57-a7fd-5d146da123c0 新坐标=main@10
03:27:15.098 INFO  io.mosire.simos.app.gui.GuiServer - access POST /api/command -> 200 5ms remote=127.0.0.1
03:27:15.146 INFO  io.mosire.simos.core.command.CommandBus - 命令提交: type=sd.IssueDirective commandId=50e1d1e2-9fbf-4687-a7b8-76ea02dfc46e correlationId=50e1d1e2-9fbf-4687-a7b8-76ea02dfc46e 新坐标=main@11
03:27:15.147 INFO  io.mosire.simos.app.gui.GuiServer - access POST /api/command -> 200 5ms remote=127.0.0.1
03:27:15.191 INFO  io.mosire.simos.app.gui.GuiServer - access GET /api/sd/decision-makers -> 200 1ms remote=127.0.0.1
03:27:15.233 INFO  io.mosire.simos.app.gui.GuiServer - access GET /api/sd/decision-makers/dm-due -> 200 0ms remote=127.0.0.1
03:27:15.277 INFO  io.mosire.simos.app.gui.GuiServer - access GET /api/sd/decision-makers/dm-first -> 200 0ms remote=127.0.0.1
03:27:15.321 INFO  io.mosire.simos.app.gui.GuiServer - access GET /api/sd/decision-makers/dm-max -> 200 0ms remote=127.0.0.1
03:27:15.365 INFO  io.mosire.simos.app.gui.GuiServer - access GET /api/sd/decision-makers/dm-wait -> 200 0ms remote=127.0.0.1
03:27:15.409 INFO  io.mosire.agentlib.approval.ApprovalHttpEndpoint - 审批 HTTP 面已停止（端口 46561）
03:27:15.409 INFO  io.mosire.agentlib.approval.HttpApprovalChannel - HTTP 审批通道已关闭
03:27:15.479 INFO  io.mosire.agentlib.mcp.AgentToMcpServer - MCP streamable server 已启动: name=simos-shell version=0.1.0-SNAPSHOT 外发工具 57 个 [map.CreateRegion, map.DeleteRegion, map.RandomizeRegion, map.RegisterPathwayGroup, map.SetEdge, map.SetTerrain, map.UpdateRegion, sd.AddCombatStage, sd.CancelEffect, sd.CommitCombatOutcome, sd.CreateArmy, sd.CreateCombat, sd.CreateDecisionMaker, sd.CreateNation, sd.IssueDirective, sd.PutInfo, sd.RecordCasualties, sd.RegisterEffect, sd.ResetDecisionMakerConversation, sd.RunDecision, sd.SetDecisionMakerAccess, sd.SetDecisionMakerProvider, sd.SetStageOutcomeTable, sd.StartDecision, sd.SubmitVerdict, simos.advance, simos.command.catalog, simos.command.submit, simos.fork, simos.map.hex, simos.map.overview, simos.social.population, simos.state.facets, simos.state.resolve, simos.timeline.branches, simos.unit.get, simos.unit.list, unit.ApplyCasualties, unit.AttachUnit, unit.CancelRoute, unit.CreateCommandChain, unit.CreateUnit, unit.DetachUnit, unit.DisbandUnit, unit.MergeFormation, unit.PlaceAt, unit.PlanRoute, unit.PlanSparseRoute, unit.RenameUnit, unit.ReparentSubtree, unit.ReparentUnit, unit.SetFormationOffset, unit.SetRejoinTarget, unit.SetStatus, unit.SetStrength, unit.SplitFormation, unit.UpdateCommandChain]；Registry 共 57 个，未外发 0 个 []
03:27:15.489 INFO  io.mosire.simos.app.gui.GuiServer - GUI 服务器已启动: http://127.0.0.1:46555/（静态 /webui，同源，无 CORS 头）
03:27:15.489 INFO  io.mosire.simos.app.Shell - Shell 装配完成: store=/tmp/junit-4896099543986965125 checkpointInterval=100 codec=4 handler=45 participant=2 resolver=4 facet=2 tool=57 mapId=Map1 bindAddress=127.0.0.1 mcpPort=45789 guiPort=46555 approvalPort=45181
03:27:15.499 INFO  io.mosire.simos.core.command.CommandBus - 命令提交: type=sd.CreateNation commandId=d128ad24-fd83-4639-a427-feb272f09cfc correlationId=d128ad24-fd83-4639-a427-feb272f09cfc 新坐标=main@2
03:27:15.499 INFO  io.mosire.simos.app.gui.GuiServer - access POST /api/command -> 200 6ms remote=127.0.0.1
03:27:15.503 INFO  io.mosire.simos.core.command.CommandBus - 命令提交: type=sd.CreateArmy commandId=ce26b602-b4d4-40d0-bd5e-8e8a33df7b15 correlationId=ce26b602-b4d4-40d0-bd5e-8e8a33df7b15 新坐标=main@3
03:27:15.503 INFO  io.mosire.simos.app.gui.GuiServer - access POST /api/command -> 200 3ms remote=127.0.0.1
03:27:15.552 INFO  io.mosire.simos.core.command.CommandBus - 命令提交: type=sd.CreateDecisionMaker commandId=666b70c6-e414-41e7-8756-fe7762bf397a correlationId=666b70c6-e414-41e7-8756-fe7762bf397a 新坐标=main@4
03:27:15.552 INFO  io.mosire.simos.app.gui.GuiServer - access POST /api/command -> 200 5ms remote=127.0.0.1
03:27:15.603 INFO  io.mosire.simos.core.command.CommandBus - 命令提交: type=sd.CreateDecisionMaker commandId=0aa4beaa-39cf-459e-89a8-a7a9dc5681b7 correlationId=0aa4beaa-39cf-459e-89a8-a7a9dc5681b7 新坐标=main@5
03:27:15.604 INFO  io.mosire.simos.app.gui.GuiServer - access POST /api/command -> 200 5ms remote=127.0.0.1
03:27:15.655 INFO  io.mosire.simos.core.command.CommandBus - 命令提交: type=sd.SetDecisionMakerAccess commandId=a4e52640-7af8-4771-8384-9bd38580522a correlationId=a4e52640-7af8-4771-8384-9bd38580522a 新坐标=main@6
03:27:15.655 INFO  io.mosire.simos.app.gui.GuiServer - access POST /api/command -> 200 5ms remote=127.0.0.1
03:27:15.703 INFO  io.mosire.simos.core.command.CommandBus - 命令提交: type=sd.SetDecisionMakerProvider commandId=313ba4db-cd2f-4ee3-b6ea-6dd65ef05d7b correlationId=313ba4db-cd2f-4ee3-b6ea-6dd65ef05d7b 新坐标=main@7
03:27:15.703 INFO  io.mosire.simos.app.gui.GuiServer - access POST /api/command -> 200 4ms remote=127.0.0.1
03:27:15.747 INFO  io.mosire.simos.app.gui.GuiServer - access POST /api/sd/decision-makers -> 405 0ms remote=127.0.0.1
03:27:15.789 INFO  io.mosire.agentlib.approval.ApprovalHttpEndpoint - 审批 HTTP 面已停止（端口 45181）
03:27:15.790 INFO  io.mosire.agentlib.approval.HttpApprovalChannel - HTTP 审批通道已关闭
03:27:15.847 INFO  io.mosire.agentlib.mcp.AgentToMcpServer - MCP streamable server 已启动: name=simos-shell version=0.1.0-SNAPSHOT 外发工具 57 个 [map.CreateRegion, map.DeleteRegion, map.RandomizeRegion, map.RegisterPathwayGroup, map.SetEdge, map.SetTerrain, map.UpdateRegion, sd.AddCombatStage, sd.CancelEffect, sd.CommitCombatOutcome, sd.CreateArmy, sd.CreateCombat, sd.CreateDecisionMaker, sd.CreateNation, sd.IssueDirective, sd.PutInfo, sd.RecordCasualties, sd.RegisterEffect, sd.ResetDecisionMakerConversation, sd.RunDecision, sd.SetDecisionMakerAccess, sd.SetDecisionMakerProvider, sd.SetStageOutcomeTable, sd.StartDecision, sd.SubmitVerdict, simos.advance, simos.command.catalog, simos.command.submit, simos.fork, simos.map.hex, simos.map.overview, simos.social.population, simos.state.facets, simos.state.resolve, simos.timeline.branches, simos.unit.get, simos.unit.list, unit.ApplyCasualties, unit.AttachUnit, unit.CancelRoute, unit.CreateCommandChain, unit.CreateUnit, unit.DetachUnit, unit.DisbandUnit, unit.MergeFormation, unit.PlaceAt, unit.PlanRoute, unit.PlanSparseRoute, unit.RenameUnit, unit.ReparentSubtree, unit.ReparentUnit, unit.SetFormationOffset, unit.SetRejoinTarget, unit.SetStatus, unit.SetStrength, unit.SplitFormation, unit.UpdateCommandChain]；Registry 共 57 个，未外发 0 个 []
03:27:15.857 INFO  io.mosire.simos.app.gui.GuiServer - GUI 服务器已启动: http://127.0.0.1:45807/（静态 /webui，同源，无 CORS 头）
03:27:15.857 INFO  io.mosire.simos.app.Shell - Shell 装配完成: store=/tmp/junit-6381728289713299747 checkpointInterval=100 codec=4 handler=45 participant=2 resolver=4 facet=2 tool=57 mapId=Map1 bindAddress=127.0.0.1 mcpPort=45847 guiPort=45807 approvalPort=46631
03:27:15.864 INFO  io.mosire.simos.core.command.CommandBus - 命令提交: type=sd.CreateNation commandId=0c7b631f-08b5-4f2c-8edc-8f641d2f84c6 correlationId=0c7b631f-08b5-4f2c-8edc-8f641d2f84c6 新坐标=main@2
03:27:15.865 INFO  io.mosire.simos.app.gui.GuiServer - access POST /api/command -> 200 5ms remote=127.0.0.1
03:27:15.869 INFO  io.mosire.simos.core.command.CommandBus - 命令提交: type=sd.CreateArmy commandId=13e1a8d2-100e-4f0a-bd7a-9b285afc1188 correlationId=13e1a8d2-100e-4f0a-bd7a-9b285afc1188 新坐标=main@3
03:27:15.869 INFO  io.mosire.simos.app.gui.GuiServer - access POST /api/command -> 200 3ms remote=127.0.0.1
03:27:15.918 INFO  io.mosire.simos.core.command.CommandBus - 命令提交: type=sd.CreateDecisionMaker commandId=1de05c34-2221-4374-bd0c-c389e9c3eb10 correlationId=1de05c34-2221-4374-bd0c-c389e9c3eb10 新坐标=main@4
03:27:15.918 INFO  io.mosire.simos.app.gui.GuiServer - access POST /api/command -> 200 5ms remote=127.0.0.1
03:27:15.967 INFO  io.mosire.simos.core.command.CommandBus - 命令提交: type=sd.CreateDecisionMaker commandId=6ce7ab7a-0c91-471c-8b20-455a732e561f correlationId=6ce7ab7a-0c91-471c-8b20-455a732e561f 新坐标=main@5
03:27:15.968 INFO  io.mosire.simos.app.gui.GuiServer - access POST /api/command -> 200 5ms remote=127.0.0.1
03:27:16.018 INFO  io.mosire.simos.core.command.CommandBus - 命令提交: type=sd.SetDecisionMakerAccess commandId=e42ff9e4-b989-4bf8-875c-c0c7a6c96638 correlationId=e42ff9e4-b989-4bf8-875c-c0c7a6c96638 新坐标=main@6
03:27:16.018 INFO  io.mosire.simos.app.gui.GuiServer - access POST /api/command -> 200 4ms remote=127.0.0.1
03:27:16.066 INFO  io.mosire.simos.core.command.CommandBus - 命令提交: type=sd.SetDecisionMakerProvider commandId=9990a55e-808c-437d-8248-6356c82add18 correlationId=9990a55e-808c-437d-8248-6356c82add18 新坐标=main@7
03:27:16.066 INFO  io.mosire.simos.app.gui.GuiServer - access POST /api/command -> 200 5ms remote=127.0.0.1
03:27:16.112 INFO  io.mosire.simos.app.gui.GuiServer - access GET /api/sd/decision-makers/dm-nope -> 404 1ms remote=127.0.0.1
03:27:16.157 INFO  io.mosire.agentlib.approval.ApprovalHttpEndpoint - 审批 HTTP 面已停止（端口 46631）
03:27:16.158 INFO  io.mosire.agentlib.approval.HttpApprovalChannel - HTTP 审批通道已关闭
03:27:16.213 INFO  io.mosire.agentlib.mcp.AgentToMcpServer - MCP streamable server 已启动: name=simos-shell version=0.1.0-SNAPSHOT 外发工具 57 个 [map.CreateRegion, map.DeleteRegion, map.RandomizeRegion, map.RegisterPathwayGroup, map.SetEdge, map.SetTerrain, map.UpdateRegion, sd.AddCombatStage, sd.CancelEffect, sd.CommitCombatOutcome, sd.CreateArmy, sd.CreateCombat, sd.CreateDecisionMaker, sd.CreateNation, sd.IssueDirective, sd.PutInfo, sd.RecordCasualties, sd.RegisterEffect, sd.ResetDecisionMakerConversation, sd.RunDecision, sd.SetDecisionMakerAccess, sd.SetDecisionMakerProvider, sd.SetStageOutcomeTable, sd.StartDecision, sd.SubmitVerdict, simos.advance, simos.command.catalog, simos.command.submit, simos.fork, simos.map.hex, simos.map.overview, simos.social.population, simos.state.facets, simos.state.resolve, simos.timeline.branches, simos.unit.get, simos.unit.list, unit.ApplyCasualties, unit.AttachUnit, unit.CancelRoute, unit.CreateCommandChain, unit.CreateUnit, unit.DetachUnit, unit.DisbandUnit, unit.MergeFormation, unit.PlaceAt, unit.PlanRoute, unit.PlanSparseRoute, unit.RenameUnit, unit.ReparentSubtree, unit.ReparentUnit, unit.SetFormationOffset, unit.SetRejoinTarget, unit.SetStatus, unit.SetStrength, unit.SplitFormation, unit.UpdateCommandChain]；Registry 共 57 个，未外发 0 个 []
03:27:16.222 INFO  io.mosire.simos.app.gui.GuiServer - GUI 服务器已启动: http://127.0.0.1:44991/（静态 /webui，同源，无 CORS 头）
03:27:16.222 INFO  io.mosire.simos.app.Shell - Shell 装配完成: store=/tmp/junit-15569658400193794074 checkpointInterval=100 codec=4 handler=45 participant=2 resolver=4 facet=2 tool=57 mapId=Map1 bindAddress=127.0.0.1 mcpPort=46101 guiPort=44991 approvalPort=45029
03:27:16.230 INFO  io.mosire.simos.core.command.CommandBus - 命令提交: type=sd.CreateNation commandId=691c6870-d498-42b1-9126-3a12aae35031 correlationId=691c6870-d498-42b1-9126-3a12aae35031 新坐标=main@2
03:27:16.230 INFO  io.mosire.simos.app.gui.GuiServer - access POST /api/command -> 200 6ms remote=127.0.0.1
03:27:16.234 INFO  io.mosire.simos.core.command.CommandBus - 命令提交: type=sd.CreateArmy commandId=6f2d77bc-c7a4-4ec4-be78-fa1717ec1dcb correlationId=6f2d77bc-c7a4-4ec4-be78-fa1717ec1dcb 新坐标=main@3
03:27:16.234 INFO  io.mosire.simos.app.gui.GuiServer - access POST /api/command -> 200 3ms remote=127.0.0.1
03:27:16.282 INFO  io.mosire.simos.core.command.CommandBus - 命令提交: type=sd.CreateDecisionMaker commandId=a67c8b66-31d5-48d7-9470-e9971959339f correlationId=a67c8b66-31d5-48d7-9470-e9971959339f 新坐标=main@4
03:27:16.283 INFO  io.mosire.simos.app.gui.GuiServer - access POST /api/command -> 200 5ms remote=127.0.0.1
03:27:16.334 INFO  io.mosire.simos.core.command.CommandBus - 命令提交: type=sd.CreateDecisionMaker commandId=14a2379c-84a6-47d6-9562-9aa4476068cd correlationId=14a2379c-84a6-47d6-9562-9aa4476068cd 新坐标=main@5
03:27:16.334 INFO  io.mosire.simos.app.gui.GuiServer - access POST /api/command -> 200 8ms remote=127.0.0.1
03:27:16.382 INFO  io.mosire.simos.core.command.CommandBus - 命令提交: type=sd.SetDecisionMakerAccess commandId=d494c35e-c401-47a5-8624-b9625a482550 correlationId=d494c35e-c401-47a5-8624-b9625a482550 新坐标=main@6
03:27:16.382 INFO  io.mosire.simos.app.gui.GuiServer - access POST /api/command -> 200 4ms remote=127.0.0.1
03:27:16.431 INFO  io.mosire.simos.core.command.CommandBus - 命令提交: type=sd.SetDecisionMakerProvider commandId=f07f84be-ad41-42ca-b844-c007604255bc correlationId=f07f84be-ad41-42ca-b844-c007604255bc 新坐标=main@7
03:27:16.431 INFO  io.mosire.simos.app.gui.GuiServer - access POST /api/command -> 200 5ms remote=127.0.0.1
03:27:16.475 INFO  io.mosire.simos.app.gui.GuiServer - access GET /api/sd/decision-makers -> 200 1ms remote=127.0.0.1
03:27:16.517 INFO  io.mosire.agentlib.approval.ApprovalHttpEndpoint - 审批 HTTP 面已停止（端口 45029）
03:27:16.518 INFO  io.mosire.agentlib.approval.HttpApprovalChannel - HTTP 审批通道已关闭
03:27:16.575 INFO  io.mosire.agentlib.mcp.AgentToMcpServer - MCP streamable server 已启动: name=simos-shell version=0.1.0-SNAPSHOT 外发工具 57 个 [map.CreateRegion, map.DeleteRegion, map.RandomizeRegion, map.RegisterPathwayGroup, map.SetEdge, map.SetTerrain, map.UpdateRegion, sd.AddCombatStage, sd.CancelEffect, sd.CommitCombatOutcome, sd.CreateArmy, sd.CreateCombat, sd.CreateDecisionMaker, sd.CreateNation, sd.IssueDirective, sd.PutInfo, sd.RecordCasualties, sd.RegisterEffect, sd.ResetDecisionMakerConversation, sd.RunDecision, sd.SetDecisionMakerAccess, sd.SetDecisionMakerProvider, sd.SetStageOutcomeTable, sd.StartDecision, sd.SubmitVerdict, simos.advance, simos.command.catalog, simos.command.submit, simos.fork, simos.map.hex, simos.map.overview, simos.social.population, simos.state.facets, simos.state.resolve, simos.timeline.branches, simos.unit.get, simos.unit.list, unit.ApplyCasualties, unit.AttachUnit, unit.CancelRoute, unit.CreateCommandChain, unit.CreateUnit, unit.DetachUnit, unit.DisbandUnit, unit.MergeFormation, unit.PlaceAt, unit.PlanRoute, unit.PlanSparseRoute, unit.RenameUnit, unit.ReparentSubtree, unit.ReparentUnit, unit.SetFormationOffset, unit.SetRejoinTarget, unit.SetStatus, unit.SetStrength, unit.SplitFormation, unit.UpdateCommandChain]；Registry 共 57 个，未外发 0 个 []
03:27:16.585 INFO  io.mosire.simos.app.gui.GuiServer - GUI 服务器已启动: http://127.0.0.1:45663/（静态 /webui，同源，无 CORS 头）
03:27:16.585 INFO  io.mosire.simos.app.Shell - Shell 装配完成: store=/tmp/junit-3571705077491694896 checkpointInterval=100 codec=4 handler=45 participant=2 resolver=4 facet=2 tool=57 mapId=Map1 bindAddress=127.0.0.1 mcpPort=46065 guiPort=45663 approvalPort=45273
03:27:16.593 INFO  io.mosire.simos.core.command.CommandBus - 命令提交: type=sd.CreateNation commandId=bf9dc630-0655-4208-9566-6e8c9a0c0b4a correlationId=bf9dc630-0655-4208-9566-6e8c9a0c0b4a 新坐标=main@2
03:27:16.593 INFO  io.mosire.simos.app.gui.GuiServer - access POST /api/command -> 200 6ms remote=127.0.0.1
03:27:16.598 INFO  io.mosire.simos.core.command.CommandBus - 命令提交: type=sd.CreateArmy commandId=fd165299-6b5c-4e95-a778-e0f040bec933 correlationId=fd165299-6b5c-4e95-a778-e0f040bec933 新坐标=main@3
03:27:16.598 INFO  io.mosire.simos.app.gui.GuiServer - access POST /api/command -> 200 3ms remote=127.0.0.1
03:27:16.648 INFO  io.mosire.simos.core.command.CommandBus - 命令提交: type=sd.CreateDecisionMaker commandId=e51b4dfd-d52f-4080-bbde-39fbc8372b46 correlationId=e51b4dfd-d52f-4080-bbde-39fbc8372b46 新坐标=main@4
03:27:16.648 INFO  io.mosire.simos.app.gui.GuiServer - access POST /api/command -> 200 6ms remote=127.0.0.1
03:27:16.699 INFO  io.mosire.simos.core.command.CommandBus - 命令提交: type=sd.CreateDecisionMaker commandId=fcc52ab2-e0e7-4e4f-b4b9-0eaa77dc3aeb correlationId=fcc52ab2-e0e7-4e4f-b4b9-0eaa77dc3aeb 新坐标=main@5
03:27:16.700 INFO  io.mosire.simos.app.gui.GuiServer - access POST /api/command -> 200 6ms remote=127.0.0.1
03:27:16.752 INFO  io.mosire.simos.core.command.CommandBus - 命令提交: type=sd.SetDecisionMakerAccess commandId=178ecbbe-c1df-4c6e-a50f-77e0f41c809f correlationId=178ecbbe-c1df-4c6e-a50f-77e0f41c809f 新坐标=main@6
03:27:16.752 INFO  io.mosire.simos.app.gui.GuiServer - access POST /api/command -> 200 6ms remote=127.0.0.1
03:27:16.802 INFO  io.mosire.simos.core.command.CommandBus - 命令提交: type=sd.SetDecisionMakerProvider commandId=eb2560f4-e80b-4b08-8c78-c649ebd6fee9 correlationId=eb2560f4-e80b-4b08-8c78-c649ebd6fee9 新坐标=main@7
03:27:16.802 INFO  io.mosire.simos.app.gui.GuiServer - access POST /api/command -> 200 4ms remote=127.0.0.1
03:27:16.846 INFO  io.mosire.simos.app.gui.GuiServer - access GET /api/sd/decision-makers -> 400 0ms remote=127.0.0.1
03:27:16.889 INFO  io.mosire.agentlib.approval.ApprovalHttpEndpoint - 审批 HTTP 面已停止（端口 45273）
03:27:16.889 INFO  io.mosire.agentlib.approval.HttpApprovalChannel - HTTP 审批通道已关闭
03:27:16.948 INFO  io.mosire.agentlib.mcp.AgentToMcpServer - MCP streamable server 已启动: name=simos-shell version=0.1.0-SNAPSHOT 外发工具 57 个 [map.CreateRegion, map.DeleteRegion, map.RandomizeRegion, map.RegisterPathwayGroup, map.SetEdge, map.SetTerrain, map.UpdateRegion, sd.AddCombatStage, sd.CancelEffect, sd.CommitCombatOutcome, sd.CreateArmy, sd.CreateCombat, sd.CreateDecisionMaker, sd.CreateNation, sd.IssueDirective, sd.PutInfo, sd.RecordCasualties, sd.RegisterEffect, sd.ResetDecisionMakerConversation, sd.RunDecision, sd.SetDecisionMakerAccess, sd.SetDecisionMakerProvider, sd.SetStageOutcomeTable, sd.StartDecision, sd.SubmitVerdict, simos.advance, simos.command.catalog, simos.command.submit, simos.fork, simos.map.hex, simos.map.overview, simos.social.population, simos.state.facets, simos.state.resolve, simos.timeline.branches, simos.unit.get, simos.unit.list, unit.ApplyCasualties, unit.AttachUnit, unit.CancelRoute, unit.CreateCommandChain, unit.CreateUnit, unit.DetachUnit, unit.DisbandUnit, unit.MergeFormation, unit.PlaceAt, unit.PlanRoute, unit.PlanSparseRoute, unit.RenameUnit, unit.ReparentSubtree, unit.ReparentUnit, unit.SetFormationOffset, unit.SetRejoinTarget, unit.SetStatus, unit.SetStrength, unit.SplitFormation, unit.UpdateCommandChain]；Registry 共 57 个，未外发 0 个 []
03:27:16.957 INFO  io.mosire.simos.app.gui.GuiServer - GUI 服务器已启动: http://127.0.0.1:44967/（静态 /webui，同源，无 CORS 头）
03:27:16.957 INFO  io.mosire.simos.app.Shell - Shell 装配完成: store=/tmp/junit-13766087690129167264 checkpointInterval=100 codec=4 handler=45 participant=2 resolver=4 facet=2 tool=57 mapId=Map1 bindAddress=127.0.0.1 mcpPort=45473 guiPort=44967 approvalPort=44797
03:27:16.966 INFO  io.mosire.simos.core.command.CommandBus - 命令提交: type=sd.CreateNation commandId=1be7facf-7189-40de-9f98-4f8bb95d0025 correlationId=1be7facf-7189-40de-9f98-4f8bb95d0025 新坐标=main@2
03:27:16.966 INFO  io.mosire.simos.app.gui.GuiServer - access POST /api/command -> 200 6ms remote=127.0.0.1
03:27:16.971 INFO  io.mosire.simos.core.command.CommandBus - 命令提交: type=sd.CreateArmy commandId=c78d1674-7966-46e8-9035-6922bd5e2a2b correlationId=c78d1674-7966-46e8-9035-6922bd5e2a2b 新坐标=main@3
03:27:16.971 INFO  io.mosire.simos.app.gui.GuiServer - access POST /api/command -> 200 3ms remote=127.0.0.1
03:27:17.018 INFO  io.mosire.simos.core.command.CommandBus - 命令提交: type=sd.CreateDecisionMaker commandId=a6dbff11-2315-4419-887f-4965b45e66c4 correlationId=a6dbff11-2315-4419-887f-4965b45e66c4 新坐标=main@4
03:27:17.019 INFO  io.mosire.simos.app.gui.GuiServer - access POST /api/command -> 200 4ms remote=127.0.0.1
03:27:17.066 INFO  io.mosire.simos.core.command.CommandBus - 命令提交: type=sd.CreateDecisionMaker commandId=a4191c88-87c8-4b45-bed7-31fd0985ca8c correlationId=a4191c88-87c8-4b45-bed7-31fd0985ca8c 新坐标=main@5
03:27:17.066 INFO  io.mosire.simos.app.gui.GuiServer - access POST /api/command -> 200 4ms remote=127.0.0.1
03:27:17.115 INFO  io.mosire.simos.core.command.CommandBus - 命令提交: type=sd.CreateDecisionMaker commandId=23f85b1e-34f6-4b89-8dac-102bf7f9cd8e correlationId=23f85b1e-34f6-4b89-8dac-102bf7f9cd8e 新坐标=main@6
03:27:17.115 INFO  io.mosire.simos.app.gui.GuiServer - access POST /api/command -> 200 5ms remote=127.0.0.1
03:27:17.164 INFO  io.mosire.simos.core.command.CommandBus - 命令提交: type=sd.CreateDecisionMaker commandId=8d434f33-08ef-44a8-b77b-cd6b4ecdde4c correlationId=8d434f33-08ef-44a8-b77b-cd6b4ecdde4c 新坐标=main@7
03:27:17.164 INFO  io.mosire.simos.app.gui.GuiServer - access POST /api/command -> 200 6ms remote=127.0.0.1
03:27:17.216 INFO  io.mosire.simos.core.command.CommandBus - 命令提交: type=sd.IssueDirective commandId=d1164fcc-581f-4d69-be6f-a8ee09807d98 correlationId=d1164fcc-581f-4d69-be6f-a8ee09807d98 新坐标=main@8
03:27:17.216 INFO  io.mosire.simos.app.gui.GuiServer - access POST /api/command -> 200 7ms remote=127.0.0.1
03:27:17.268 INFO  io.mosire.simos.core.command.CommandBus - 命令提交: type=sd.IssueDirective commandId=de457fab-3165-456b-b215-041e9930a78d correlationId=de457fab-3165-456b-b215-041e9930a78d 新坐标=main@9
03:27:17.269 INFO  io.mosire.simos.app.gui.GuiServer - access POST /api/command -> 200 6ms remote=127.0.0.1
03:27:17.321 INFO  io.mosire.simos.core.command.CommandBus - 命令提交: type=sd.IssueDirective commandId=b6db8000-397a-4fea-a578-a76c7264b507 correlationId=b6db8000-397a-4fea-a578-a76c7264b507 新坐标=main@10
03:27:17.321 INFO  io.mosire.simos.app.gui.GuiServer - access POST /api/command -> 200 6ms remote=127.0.0.1
03:27:17.370 INFO  io.mosire.simos.core.command.CommandBus - 命令提交: type=sd.IssueDirective commandId=c9408326-6af5-466b-9495-cdfe6e854eb0 correlationId=c9408326-6af5-466b-9495-cdfe6e854eb0 新坐标=main@11
03:27:17.371 INFO  io.mosire.simos.app.gui.GuiServer - access POST /api/command -> 200 5ms remote=127.0.0.1
03:27:17.418 INFO  io.mosire.simos.core.advance.TimeAdvance - 命令提交: type=core.AdvanceTime commandId=5ce7b7d3-5ced-47b5-be9e-e93dc839eb76 correlationId=5ce7b7d3-5ced-47b5-be9e-e93dc839eb76 新坐标=main@12
03:27:17.418 INFO  io.mosire.simos.app.gui.GuiServer - access POST /api/advance -> 200 5ms remote=127.0.0.1
03:27:17.463 INFO  io.mosire.simos.app.gui.GuiServer - access GET /api/sd/decision-makers -> 200 1ms remote=127.0.0.1
03:27:17.505 INFO  io.mosire.agentlib.approval.ApprovalHttpEndpoint - 审批 HTTP 面已停止（端口 44797）
03:27:17.505 INFO  io.mosire.agentlib.approval.HttpApprovalChannel - HTTP 审批通道已关闭
03:27:17.566 INFO  io.mosire.agentlib.mcp.AgentToMcpServer - MCP streamable server 已启动: name=simos-shell version=0.1.0-SNAPSHOT 外发工具 57 个 [map.CreateRegion, map.DeleteRegion, map.RandomizeRegion, map.RegisterPathwayGroup, map.SetEdge, map.SetTerrain, map.UpdateRegion, sd.AddCombatStage, sd.CancelEffect, sd.CommitCombatOutcome, sd.CreateArmy, sd.CreateCombat, sd.CreateDecisionMaker, sd.CreateNation, sd.IssueDirective, sd.PutInfo, sd.RecordCasualties, sd.RegisterEffect, sd.ResetDecisionMakerConversation, sd.RunDecision, sd.SetDecisionMakerAccess, sd.SetDecisionMakerProvider, sd.SetStageOutcomeTable, sd.StartDecision, sd.SubmitVerdict, simos.advance, simos.command.catalog, simos.command.submit, simos.fork, simos.map.hex, simos.map.overview, simos.social.population, simos.state.facets, simos.state.resolve, simos.timeline.branches, simos.unit.get, simos.unit.list, unit.ApplyCasualties, unit.AttachUnit, unit.CancelRoute, unit.CreateCommandChain, unit.CreateUnit, unit.DetachUnit, unit.DisbandUnit, unit.MergeFormation, unit.PlaceAt, unit.PlanRoute, unit.PlanSparseRoute, unit.RenameUnit, unit.ReparentSubtree, unit.ReparentUnit, unit.SetFormationOffset, unit.SetRejoinTarget, unit.SetStatus, unit.SetStrength, unit.SplitFormation, unit.UpdateCommandChain]；Registry 共 57 个，未外发 0 个 []
03:27:17.576 INFO  io.mosire.simos.app.gui.GuiServer - GUI 服务器已启动: http://127.0.0.1:44775/（静态 /webui，同源，无 CORS 头）
03:27:17.577 INFO  io.mosire.simos.app.Shell - Shell 装配完成: store=/tmp/junit-8867187194016845052 checkpointInterval=100 codec=4 handler=45 participant=2 resolver=4 facet=2 tool=57 mapId=Map1 bindAddress=127.0.0.1 mcpPort=46403 guiPort=44775 approvalPort=44811
03:27:17.584 INFO  io.mosire.simos.core.command.CommandBus - 命令提交: type=sd.CreateNation commandId=39ff21ee-0471-4dc7-8aee-96ce5573f54c correlationId=39ff21ee-0471-4dc7-8aee-96ce5573f54c 新坐标=main@2
03:27:17.584 INFO  io.mosire.simos.app.gui.GuiServer - access POST /api/command -> 200 5ms remote=127.0.0.1
03:27:17.589 INFO  io.mosire.simos.core.command.CommandBus - 命令提交: type=sd.CreateArmy commandId=1a2f3e9e-194d-427d-999c-ef323d08a1ef correlationId=1a2f3e9e-194d-427d-999c-ef323d08a1ef 新坐标=main@3
03:27:17.589 INFO  io.mosire.simos.app.gui.GuiServer - access POST /api/command -> 200 3ms remote=127.0.0.1
03:27:17.638 INFO  io.mosire.simos.core.command.CommandBus - 命令提交: type=sd.CreateDecisionMaker commandId=c19bae09-2373-4b43-a896-cdd4e8f8efad correlationId=c19bae09-2373-4b43-a896-cdd4e8f8efad 新坐标=main@4
03:27:17.639 INFO  io.mosire.simos.app.gui.GuiServer - access POST /api/command -> 200 5ms remote=127.0.0.1
03:27:17.686 INFO  io.mosire.simos.core.command.CommandBus - 命令提交: type=sd.CreateDecisionMaker commandId=a71e8e8d-7a62-40a2-84e8-59146f205443 correlationId=a71e8e8d-7a62-40a2-84e8-59146f205443 新坐标=main@5
03:27:17.686 INFO  io.mosire.simos.app.gui.GuiServer - access POST /api/command -> 200 4ms remote=127.0.0.1
03:27:17.734 INFO  io.mosire.simos.core.command.CommandBus - 命令提交: type=sd.SetDecisionMakerAccess commandId=5d1e3727-5fcf-46a5-8093-8c2ff387cfcb correlationId=5d1e3727-5fcf-46a5-8093-8c2ff387cfcb 新坐标=main@6
03:27:17.734 INFO  io.mosire.simos.app.gui.GuiServer - access POST /api/command -> 200 4ms remote=127.0.0.1
03:27:17.782 INFO  io.mosire.simos.core.command.CommandBus - 命令提交: type=sd.SetDecisionMakerProvider commandId=de4617ea-fd84-4fb7-b7f1-abe154bf3675 correlationId=de4617ea-fd84-4fb7-b7f1-abe154bf3675 新坐标=main@7
03:27:17.783 INFO  io.mosire.simos.app.gui.GuiServer - access POST /api/command -> 200 5ms remote=127.0.0.1
03:27:17.827 INFO  io.mosire.simos.app.gui.GuiServer - access GET /api/sd/decision-makers/dm-army -> 200 1ms remote=127.0.0.1
03:27:17.870 INFO  io.mosire.agentlib.approval.ApprovalHttpEndpoint - 审批 HTTP 面已停止（端口 44811）
03:27:17.870 INFO  io.mosire.agentlib.approval.HttpApprovalChannel - HTTP 审批通道已关闭
03:27:17.933 INFO  io.mosire.agentlib.mcp.AgentToMcpServer - MCP streamable server 已启动: name=simos-shell version=0.1.0-SNAPSHOT 外发工具 57 个 [map.CreateRegion, map.DeleteRegion, map.RandomizeRegion, map.RegisterPathwayGroup, map.SetEdge, map.SetTerrain, map.UpdateRegion, sd.AddCombatStage, sd.CancelEffect, sd.CommitCombatOutcome, sd.CreateArmy, sd.CreateCombat, sd.CreateDecisionMaker, sd.CreateNation, sd.IssueDirective, sd.PutInfo, sd.RecordCasualties, sd.RegisterEffect, sd.ResetDecisionMakerConversation, sd.RunDecision, sd.SetDecisionMakerAccess, sd.SetDecisionMakerProvider, sd.SetStageOutcomeTable, sd.StartDecision, sd.SubmitVerdict, simos.advance, simos.command.catalog, simos.command.submit, simos.fork, simos.map.hex, simos.map.overview, simos.social.population, simos.state.facets, simos.state.resolve, simos.timeline.branches, simos.unit.get, simos.unit.list, unit.ApplyCasualties, unit.AttachUnit, unit.CancelRoute, unit.CreateCommandChain, unit.CreateUnit, unit.DetachUnit, unit.DisbandUnit, unit.MergeFormation, unit.PlaceAt, unit.PlanRoute, unit.PlanSparseRoute, unit.RenameUnit, unit.ReparentSubtree, unit.ReparentUnit, unit.SetFormationOffset, unit.SetRejoinTarget, unit.SetStatus, unit.SetStrength, unit.SplitFormation, unit.UpdateCommandChain]；Registry 共 57 个，未外发 0 个 []
03:27:17.940 INFO  io.mosire.simos.app.gui.GuiServer - GUI 服务器已启动: http://127.0.0.1:46093/（静态 /webui，同源，无 CORS 头）
03:27:17.941 INFO  io.mosire.simos.app.Shell - Shell 装配完成: store=/tmp/junit-14953489152681691535 checkpointInterval=100 codec=4 handler=45 participant=2 resolver=4 facet=2 tool=57 mapId=Map1 bindAddress=127.0.0.1 mcpPort=45687 guiPort=46093 approvalPort=46385
03:27:17.948 INFO  io.mosire.simos.core.command.CommandBus - 命令提交: type=sd.CreateNation commandId=7bfb0192-0afb-40f4-aff9-9b070f2d49b7 correlationId=7bfb0192-0afb-40f4-aff9-9b070f2d49b7 新坐标=main@2
03:27:17.948 INFO  io.mosire.simos.app.gui.GuiServer - access POST /api/command -> 200 5ms remote=127.0.0.1
03:27:17.953 INFO  io.mosire.simos.core.command.CommandBus - 命令提交: type=sd.CreateArmy commandId=be374c7b-39b3-435e-bbdf-0af8f67d189b correlationId=be374c7b-39b3-435e-bbdf-0af8f67d189b 新坐标=main@3
03:27:17.953 INFO  io.mosire.simos.app.gui.GuiServer - access POST /api/command -> 200 3ms remote=127.0.0.1
03:27:18.002 INFO  io.mosire.simos.core.command.CommandBus - 命令提交: type=sd.CreateDecisionMaker commandId=f9122ccf-6914-4cb8-a247-1dbe44110f5a correlationId=f9122ccf-6914-4cb8-a247-1dbe44110f5a 新坐标=main@4
03:27:18.003 INFO  io.mosire.simos.app.gui.GuiServer - access POST /api/command -> 200 5ms remote=127.0.0.1
03:27:18.050 INFO  io.mosire.simos.core.command.CommandBus - 命令提交: type=sd.CreateDecisionMaker commandId=d7c051a0-8e40-4c48-b0fd-bd42308b752d correlationId=d7c051a0-8e40-4c48-b0fd-bd42308b752d 新坐标=main@5
03:27:18.051 INFO  io.mosire.simos.app.gui.GuiServer - access POST /api/command -> 200 5ms remote=127.0.0.1
03:27:18.098 INFO  io.mosire.simos.core.command.CommandBus - 命令提交: type=sd.SetDecisionMakerAccess commandId=97bdc240-6782-4a69-8067-6228e82bf540 correlationId=97bdc240-6782-4a69-8067-6228e82bf540 新坐标=main@6
03:27:18.099 INFO  io.mosire.simos.app.gui.GuiServer - access POST /api/command -> 200 4ms remote=127.0.0.1
03:27:18.147 INFO  io.mosire.simos.core.command.CommandBus - 命令提交: type=sd.SetDecisionMakerProvider commandId=96797412-2bca-44eb-b25a-46e7eac92671 correlationId=96797412-2bca-44eb-b25a-46e7eac92671 新坐标=main@7
03:27:18.147 INFO  io.mosire.simos.app.gui.GuiServer - access POST /api/command -> 200 4ms remote=127.0.0.1
03:27:18.191 INFO  io.mosire.simos.app.gui.GuiServer - access GET /api/sd/decision-makers -> 200 1ms remote=127.0.0.1
03:27:18.234 INFO  io.mosire.agentlib.approval.ApprovalHttpEndpoint - 审批 HTTP 面已停止（端口 46385）
03:27:18.234 INFO  io.mosire.agentlib.approval.HttpApprovalChannel - HTTP 审批通道已关闭
03:27:18.292 INFO  io.mosire.agentlib.mcp.AgentToMcpServer - MCP streamable server 已启动: name=simos-shell version=0.1.0-SNAPSHOT 外发工具 57 个 [map.CreateRegion, map.DeleteRegion, map.RandomizeRegion, map.RegisterPathwayGroup, map.SetEdge, map.SetTerrain, map.UpdateRegion, sd.AddCombatStage, sd.CancelEffect, sd.CommitCombatOutcome, sd.CreateArmy, sd.CreateCombat, sd.CreateDecisionMaker, sd.CreateNation, sd.IssueDirective, sd.PutInfo, sd.RecordCasualties, sd.RegisterEffect, sd.ResetDecisionMakerConversation, sd.RunDecision, sd.SetDecisionMakerAccess, sd.SetDecisionMakerProvider, sd.SetStageOutcomeTable, sd.StartDecision, sd.SubmitVerdict, simos.advance, simos.command.catalog, simos.command.submit, simos.fork, simos.map.hex, simos.map.overview, simos.social.population, simos.state.facets, simos.state.resolve, simos.timeline.branches, simos.unit.get, simos.unit.list, unit.ApplyCasualties, unit.AttachUnit, unit.CancelRoute, unit.CreateCommandChain, unit.CreateUnit, unit.DetachUnit, unit.DisbandUnit, unit.MergeFormation, unit.PlaceAt, unit.PlanRoute, unit.PlanSparseRoute, unit.RenameUnit, unit.ReparentSubtree, unit.ReparentUnit, unit.SetFormationOffset, unit.SetRejoinTarget, unit.SetStatus, unit.SetStrength, unit.SplitFormation, unit.UpdateCommandChain]；Registry 共 57 个，未外发 0 个 []
03:27:18.302 INFO  io.mosire.simos.app.gui.GuiServer - GUI 服务器已启动: http://127.0.0.1:45733/（静态 /webui，同源，无 CORS 头）
03:27:18.303 INFO  io.mosire.simos.app.Shell - Shell 装配完成: store=/tmp/junit-17074283762068849853 checkpointInterval=100 codec=4 handler=45 participant=2 resolver=4 facet=2 tool=57 mapId=Map1 bindAddress=127.0.0.1 mcpPort=46377 guiPort=45733 approvalPort=44785
03:27:18.310 INFO  io.mosire.simos.core.command.CommandBus - 命令提交: type=sd.CreateNation commandId=d4cc6e8d-450e-4d6c-bbf5-cf0f0d2a69a3 correlationId=d4cc6e8d-450e-4d6c-bbf5-cf0f0d2a69a3 新坐标=main@2
03:27:18.310 INFO  io.mosire.simos.app.gui.GuiServer - access POST /api/command -> 200 5ms remote=127.0.0.1
03:27:18.315 INFO  io.mosire.simos.core.command.CommandBus - 命令提交: type=sd.CreateArmy commandId=e176ebe9-1345-4737-a398-301be01397fa correlationId=e176ebe9-1345-4737-a398-301be01397fa 新坐标=main@3
03:27:18.315 INFO  io.mosire.simos.app.gui.GuiServer - access POST /api/command -> 200 3ms remote=127.0.0.1
03:27:18.361 INFO  io.mosire.simos.core.command.CommandBus - 命令提交: type=sd.CreateDecisionMaker commandId=a6ab0bbc-c8b5-40ec-a1fe-f331644cca8b correlationId=a6ab0bbc-c8b5-40ec-a1fe-f331644cca8b 新坐标=main@4
03:27:18.361 INFO  io.mosire.simos.app.gui.GuiServer - access POST /api/command -> 200 4ms remote=127.0.0.1
03:27:18.410 INFO  io.mosire.simos.core.command.CommandBus - 命令提交: type=sd.CreateDecisionMaker commandId=d5e87171-ccd0-4d8c-bed5-943fcd309e22 correlationId=d5e87171-ccd0-4d8c-bed5-943fcd309e22 新坐标=main@5
03:27:18.410 INFO  io.mosire.simos.app.gui.GuiServer - access POST /api/command -> 200 4ms remote=127.0.0.1
03:27:18.458 INFO  io.mosire.simos.core.command.CommandBus - 命令提交: type=sd.CreateDecisionMaker commandId=667d1018-71a5-46e6-85b7-f7b5adfec40d correlationId=667d1018-71a5-46e6-85b7-f7b5adfec40d 新坐标=main@6
03:27:18.459 INFO  io.mosire.simos.app.gui.GuiServer - access POST /api/command -> 200 4ms remote=127.0.0.1
03:27:18.506 INFO  io.mosire.simos.core.command.CommandBus - 命令提交: type=sd.CreateDecisionMaker commandId=206879dc-65d3-4246-af84-d502ca16f668 correlationId=206879dc-65d3-4246-af84-d502ca16f668 新坐标=main@7
03:27:18.507 INFO  io.mosire.simos.app.gui.GuiServer - access POST /api/command -> 200 4ms remote=127.0.0.1
03:27:18.553 INFO  io.mosire.simos.core.command.CommandBus - 命令提交: type=sd.IssueDirective commandId=743a347c-982b-4e06-950d-43457b94fe57 correlationId=743a347c-982b-4e06-950d-43457b94fe57 新坐标=main@8
03:27:18.554 INFO  io.mosire.simos.app.gui.GuiServer - access POST /api/command -> 200 4ms remote=127.0.0.1
03:27:18.603 INFO  io.mosire.simos.core.command.CommandBus - 命令提交: type=sd.IssueDirective commandId=3088641c-6f65-4ec9-94f0-94ab916fbd77 correlationId=3088641c-6f65-4ec9-94f0-94ab916fbd77 新坐标=main@9
03:27:18.603 INFO  io.mosire.simos.app.gui.GuiServer - access POST /api/command -> 200 5ms remote=127.0.0.1
03:27:18.654 INFO  io.mosire.simos.core.command.CommandBus - 命令提交: type=sd.IssueDirective commandId=f6a13ff9-b5d6-4528-8023-74a0bb46bed3 correlationId=f6a13ff9-b5d6-4528-8023-74a0bb46bed3 新坐标=main@10
03:27:18.654 INFO  io.mosire.simos.app.gui.GuiServer - access POST /api/command -> 200 9ms remote=127.0.0.1
03:27:18.701 INFO  io.mosire.simos.core.command.CommandBus - 命令提交: type=sd.IssueDirective commandId=83ade3f7-5c79-4215-8e96-0a6c02a09e94 correlationId=83ade3f7-5c79-4215-8e96-0a6c02a09e94 新坐标=main@11
03:27:18.701 INFO  io.mosire.simos.app.gui.GuiServer - access POST /api/command -> 200 4ms remote=127.0.0.1
03:27:18.747 INFO  io.mosire.simos.app.gui.GuiServer - access GET /api/sd/decision-makers/dm-due -> 200 1ms remote=127.0.0.1
03:27:18.794 INFO  io.mosire.simos.core.advance.TimeAdvance - 命令提交: type=core.AdvanceTime commandId=0e8c52aa-ae9f-4149-96e0-b5858b88cb93 correlationId=0e8c52aa-ae9f-4149-96e0-b5858b88cb93 新坐标=main@12
03:27:18.795 INFO  io.mosire.simos.app.gui.GuiServer - access POST /api/advance -> 200 5ms remote=127.0.0.1
03:27:18.839 INFO  io.mosire.simos.app.gui.GuiServer - access GET /api/sd/decision-makers/dm-due -> 200 1ms remote=127.0.0.1
03:27:18.882 INFO  io.mosire.agentlib.approval.ApprovalHttpEndpoint - 审批 HTTP 面已停止（端口 44785）
03:27:18.882 INFO  io.mosire.agentlib.approval.HttpApprovalChannel - HTTP 审批通道已关闭
03:27:18.940 INFO  io.mosire.agentlib.mcp.AgentToMcpServer - MCP streamable server 已启动: name=simos-shell version=0.1.0-SNAPSHOT 外发工具 57 个 [map.CreateRegion, map.DeleteRegion, map.RandomizeRegion, map.RegisterPathwayGroup, map.SetEdge, map.SetTerrain, map.UpdateRegion, sd.AddCombatStage, sd.CancelEffect, sd.CommitCombatOutcome, sd.CreateArmy, sd.CreateCombat, sd.CreateDecisionMaker, sd.CreateNation, sd.IssueDirective, sd.PutInfo, sd.RecordCasualties, sd.RegisterEffect, sd.ResetDecisionMakerConversation, sd.RunDecision, sd.SetDecisionMakerAccess, sd.SetDecisionMakerProvider, sd.SetStageOutcomeTable, sd.StartDecision, sd.SubmitVerdict, simos.advance, simos.command.catalog, simos.command.submit, simos.fork, simos.map.hex, simos.map.overview, simos.social.population, simos.state.facets, simos.state.resolve, simos.timeline.branches, simos.unit.get, simos.unit.list, unit.ApplyCasualties, unit.AttachUnit, unit.CancelRoute, unit.CreateCommandChain, unit.CreateUnit, unit.DetachUnit, unit.DisbandUnit, unit.MergeFormation, unit.PlaceAt, unit.PlanRoute, unit.PlanSparseRoute, unit.RenameUnit, unit.ReparentSubtree, unit.ReparentUnit, unit.SetFormationOffset, unit.SetRejoinTarget, unit.SetStatus, unit.SetStrength, unit.SplitFormation, unit.UpdateCommandChain]；Registry 共 57 个，未外发 0 个 []
03:27:18.950 INFO  io.mosire.simos.app.gui.GuiServer - GUI 服务器已启动: http://127.0.0.1:45235/（静态 /webui，同源，无 CORS 头）
03:27:18.950 INFO  io.mosire.simos.app.Shell - Shell 装配完成: store=/tmp/junit-15113063276379977568 checkpointInterval=100 codec=4 handler=45 participant=2 resolver=4 facet=2 tool=57 mapId=Map1 bindAddress=127.0.0.1 mcpPort=45819 guiPort=45235 approvalPort=46161
03:27:18.957 INFO  io.mosire.simos.core.command.CommandBus - 命令提交: type=sd.CreateNation commandId=22acbf57-0e35-4e6a-95db-dc48f9d931b1 correlationId=22acbf57-0e35-4e6a-95db-dc48f9d931b1 新坐标=main@2
03:27:18.957 INFO  io.mosire.simos.app.gui.GuiServer - access POST /api/command -> 200 5ms remote=127.0.0.1
03:27:18.962 INFO  io.mosire.simos.core.command.CommandBus - 命令提交: type=sd.CreateArmy commandId=17736243-7ea1-4d8c-97c2-a5ab74a2b1f0 correlationId=17736243-7ea1-4d8c-97c2-a5ab74a2b1f0 新坐标=main@3
03:27:18.963 INFO  io.mosire.simos.app.gui.GuiServer - access POST /api/command -> 200 3ms remote=127.0.0.1
03:27:19.010 INFO  io.mosire.simos.core.command.CommandBus - 命令提交: type=sd.CreateDecisionMaker commandId=8a99d1f2-22ba-4919-ac6d-b4538798d863 correlationId=8a99d1f2-22ba-4919-ac6d-b4538798d863 新坐标=main@4
03:27:19.010 INFO  io.mosire.simos.app.gui.GuiServer - access POST /api/command -> 200 5ms remote=127.0.0.1
03:27:19.061 INFO  io.mosire.simos.core.command.CommandBus - 命令提交: type=sd.CreateDecisionMaker commandId=17fa27f8-dc20-47ce-ba81-db7ba453fb56 correlationId=17fa27f8-dc20-47ce-ba81-db7ba453fb56 新坐标=main@5
03:27:19.061 INFO  io.mosire.simos.app.gui.GuiServer - access POST /api/command -> 200 7ms remote=127.0.0.1
03:27:19.110 INFO  io.mosire.simos.core.command.CommandBus - 命令提交: type=sd.CreateDecisionMaker commandId=64ae2d81-f6a6-4ed5-9845-a83188134d9e correlationId=64ae2d81-f6a6-4ed5-9845-a83188134d9e 新坐标=main@6
03:27:19.110 INFO  io.mosire.simos.app.gui.GuiServer - access POST /api/command -> 200 4ms remote=127.0.0.1
03:27:19.158 INFO  io.mosire.simos.core.command.CommandBus - 命令提交: type=sd.CreateDecisionMaker commandId=2d0b7d5a-a349-4ce4-a3f5-1c24d0209a9d correlationId=2d0b7d5a-a349-4ce4-a3f5-1c24d0209a9d 新坐标=main@7
03:27:19.158 INFO  io.mosire.simos.app.gui.GuiServer - access POST /api/command -> 200 4ms remote=127.0.0.1
03:27:19.206 INFO  io.mosire.simos.core.command.CommandBus - 命令提交: type=sd.IssueDirective commandId=e404f71e-e027-4476-bf8f-0a7bb5215bb3 correlationId=e404f71e-e027-4476-bf8f-0a7bb5215bb3 新坐标=main@8
03:27:19.206 INFO  io.mosire.simos.app.gui.GuiServer - access POST /api/command -> 200 4ms remote=127.0.0.1
03:27:19.254 INFO  io.mosire.simos.core.command.CommandBus - 命令提交: type=sd.IssueDirective commandId=2d874d7f-6fb0-4327-a6bf-1952ea9bccc3 correlationId=2d874d7f-6fb0-4327-a6bf-1952ea9bccc3 新坐标=main@9
03:27:19.254 INFO  io.mosire.simos.app.gui.GuiServer - access POST /api/command -> 200 4ms remote=127.0.0.1
03:27:19.302 INFO  io.mosire.simos.core.command.CommandBus - 命令提交: type=sd.IssueDirective commandId=cfdead6b-4482-479a-9ed0-501ad3a1d70a correlationId=cfdead6b-4482-479a-9ed0-501ad3a1d70a 新坐标=main@10
03:27:19.302 INFO  io.mosire.simos.app.gui.GuiServer - access POST /api/command -> 200 4ms remote=127.0.0.1
03:27:19.351 INFO  io.mosire.simos.core.command.CommandBus - 命令提交: type=sd.IssueDirective commandId=b93680ed-0cea-4f94-9a7f-b4e8acbfeaee correlationId=b93680ed-0cea-4f94-9a7f-b4e8acbfeaee 新坐标=main@11
03:27:19.352 INFO  io.mosire.simos.app.gui.GuiServer - access POST /api/command -> 200 5ms remote=127.0.0.1
03:27:19.400 INFO  io.mosire.simos.app.gui.GuiServer - access GET /api/sd/decision-makers/dm-max -> 200 2ms remote=127.0.0.1
03:27:19.445 INFO  io.mosire.agentlib.approval.ApprovalHttpEndpoint - 审批 HTTP 面已停止（端口 46161）
03:27:19.445 INFO  io.mosire.agentlib.approval.HttpApprovalChannel - HTTP 审批通道已关闭
03:27:19.500 INFO  io.mosire.agentlib.mcp.AgentToMcpServer - MCP streamable server 已启动: name=simos-shell version=0.1.0-SNAPSHOT 外发工具 57 个 [map.CreateRegion, map.DeleteRegion, map.RandomizeRegion, map.RegisterPathwayGroup, map.SetEdge, map.SetTerrain, map.UpdateRegion, sd.AddCombatStage, sd.CancelEffect, sd.CommitCombatOutcome, sd.CreateArmy, sd.CreateCombat, sd.CreateDecisionMaker, sd.CreateNation, sd.IssueDirective, sd.PutInfo, sd.RecordCasualties, sd.RegisterEffect, sd.ResetDecisionMakerConversation, sd.RunDecision, sd.SetDecisionMakerAccess, sd.SetDecisionMakerProvider, sd.SetStageOutcomeTable, sd.StartDecision, sd.SubmitVerdict, simos.advance, simos.command.catalog, simos.command.submit, simos.fork, simos.map.hex, simos.map.overview, simos.social.population, simos.state.facets, simos.state.resolve, simos.timeline.branches, simos.unit.get, simos.unit.list, unit.ApplyCasualties, unit.AttachUnit, unit.CancelRoute, unit.CreateCommandChain, unit.CreateUnit, unit.DetachUnit, unit.DisbandUnit, unit.MergeFormation, unit.PlaceAt, unit.PlanRoute, unit.PlanSparseRoute, unit.RenameUnit, unit.ReparentSubtree, unit.ReparentUnit, unit.SetFormationOffset, unit.SetRejoinTarget, unit.SetStatus, unit.SetStrength, unit.SplitFormation, unit.UpdateCommandChain]；Registry 共 57 个，未外发 0 个 []
03:27:19.508 INFO  io.mosire.simos.app.gui.GuiServer - GUI 服务器已启动: http://127.0.0.1:45919/（静态 /webui，同源，无 CORS 头）
03:27:19.509 INFO  io.mosire.simos.app.Shell - Shell 装配完成: store=/tmp/junit-13271925163986390641 checkpointInterval=100 codec=4 handler=45 participant=2 resolver=4 facet=2 tool=57 mapId=Map1 bindAddress=127.0.0.1 mcpPort=46529 guiPort=45919 approvalPort=46197
03:27:19.517 INFO  io.mosire.simos.core.command.CommandBus - 命令提交: type=sd.CreateNation commandId=e3a2956d-ee5f-4d8d-bfa1-7827edef4f25 correlationId=e3a2956d-ee5f-4d8d-bfa1-7827edef4f25 新坐标=main@2
03:27:19.517 INFO  io.mosire.simos.app.gui.GuiServer - access POST /api/command -> 200 6ms remote=127.0.0.1
03:27:19.522 INFO  io.mosire.simos.core.command.CommandBus - 命令提交: type=sd.CreateArmy commandId=39b65189-bd82-4f29-9e1b-4f253b42809e correlationId=39b65189-bd82-4f29-9e1b-4f253b42809e 新坐标=main@3
03:27:19.522 INFO  io.mosire.simos.app.gui.GuiServer - access POST /api/command -> 200 3ms remote=127.0.0.1
03:27:19.569 INFO  io.mosire.simos.core.command.CommandBus - 命令提交: type=sd.CreateDecisionMaker commandId=5cecff0e-e3c0-4b0f-a732-c60a2eb87532 correlationId=5cecff0e-e3c0-4b0f-a732-c60a2eb87532 新坐标=main@4
03:27:19.570 INFO  io.mosire.simos.app.gui.GuiServer - access POST /api/command -> 200 4ms remote=127.0.0.1
03:27:19.617 INFO  io.mosire.simos.core.command.CommandBus - 命令提交: type=sd.CreateDecisionMaker commandId=8cc40e48-2d29-4d58-8749-bba5d993e230 correlationId=8cc40e48-2d29-4d58-8749-bba5d993e230 新坐标=main@5
03:27:19.618 INFO  io.mosire.simos.app.gui.GuiServer - access POST /api/command -> 200 4ms remote=127.0.0.1
03:27:19.666 INFO  io.mosire.simos.core.command.CommandBus - 命令提交: type=sd.SetDecisionMakerAccess commandId=0ea0c3e2-458e-4cfa-9cbd-14ff65e90469 correlationId=0ea0c3e2-458e-4cfa-9cbd-14ff65e90469 新坐标=main@6
03:27:19.666 INFO  io.mosire.simos.app.gui.GuiServer - access POST /api/command -> 200 5ms remote=127.0.0.1
03:27:19.713 INFO  io.mosire.simos.core.command.CommandBus - 命令提交: type=sd.SetDecisionMakerProvider commandId=a260c9da-38aa-437a-9336-739a51ec58a0 correlationId=a260c9da-38aa-437a-9336-739a51ec58a0 新坐标=main@7
03:27:19.714 INFO  io.mosire.simos.app.gui.GuiServer - access POST /api/command -> 200 4ms remote=127.0.0.1
03:27:19.758 INFO  io.mosire.simos.app.gui.GuiServer - access GET /api/sd/decision-makers/dm-nation -> 200 1ms remote=127.0.0.1
03:27:19.801 INFO  io.mosire.agentlib.approval.ApprovalHttpEndpoint - 审批 HTTP 面已停止（端口 46197）
03:27:19.801 INFO  io.mosire.agentlib.approval.HttpApprovalChannel - HTTP 审批通道已关闭
03:27:19.859 INFO  io.mosire.agentlib.mcp.AgentToMcpServer - MCP streamable server 已启动: name=simos-shell version=0.1.0-SNAPSHOT 外发工具 57 个 [map.CreateRegion, map.DeleteRegion, map.RandomizeRegion, map.RegisterPathwayGroup, map.SetEdge, map.SetTerrain, map.UpdateRegion, sd.AddCombatStage, sd.CancelEffect, sd.CommitCombatOutcome, sd.CreateArmy, sd.CreateCombat, sd.CreateDecisionMaker, sd.CreateNation, sd.IssueDirective, sd.PutInfo, sd.RecordCasualties, sd.RegisterEffect, sd.ResetDecisionMakerConversation, sd.RunDecision, sd.SetDecisionMakerAccess, sd.SetDecisionMakerProvider, sd.SetStageOutcomeTable, sd.StartDecision, sd.SubmitVerdict, simos.advance, simos.command.catalog, simos.command.submit, simos.fork, simos.map.hex, simos.map.overview, simos.social.population, simos.state.facets, simos.state.resolve, simos.timeline.branches, simos.unit.get, simos.unit.list, unit.ApplyCasualties, unit.AttachUnit, unit.CancelRoute, unit.CreateCommandChain, unit.CreateUnit, unit.DetachUnit, unit.DisbandUnit, unit.MergeFormation, unit.PlaceAt, unit.PlanRoute, unit.PlanSparseRoute, unit.RenameUnit, unit.ReparentSubtree, unit.ReparentUnit, unit.SetFormationOffset, unit.SetRejoinTarget, unit.SetStatus, unit.SetStrength, unit.SplitFormation, unit.UpdateCommandChain]；Registry 共 57 个，未外发 0 个 []
03:27:19.868 INFO  io.mosire.simos.app.gui.GuiServer - GUI 服务器已启动: http://127.0.0.1:44693/（静态 /webui，同源，无 CORS 头）
03:27:19.868 INFO  io.mosire.simos.app.Shell - Shell 装配完成: store=/tmp/junit-13891057774482679819 checkpointInterval=100 codec=4 handler=45 participant=2 resolver=4 facet=2 tool=57 mapId=Map1 bindAddress=127.0.0.1 mcpPort=44677 guiPort=44693 approvalPort=46423
03:27:19.878 INFO  io.mosire.simos.core.command.CommandBus - 命令提交: type=sd.CreateNation commandId=029d5b4a-0dfd-4751-935e-ec0073b025e3 correlationId=029d5b4a-0dfd-4751-935e-ec0073b025e3 新坐标=main@2
03:27:19.879 INFO  io.mosire.simos.app.gui.GuiServer - access POST /api/command -> 200 8ms remote=127.0.0.1
03:27:19.883 INFO  io.mosire.simos.core.command.CommandBus - 命令提交: type=sd.CreateArmy commandId=3537aaf7-4504-445c-ae2e-ae1f9e5501d9 correlationId=3537aaf7-4504-445c-ae2e-ae1f9e5501d9 新坐标=main@3
03:27:19.883 INFO  io.mosire.simos.app.gui.GuiServer - access POST /api/command -> 200 3ms remote=127.0.0.1
03:27:19.929 INFO  io.mosire.simos.core.command.CommandBus - 命令提交: type=sd.CreateDecisionMaker commandId=dba1e4dd-b4c2-4260-9cf9-cf2f5b8c8584 correlationId=dba1e4dd-b4c2-4260-9cf9-cf2f5b8c8584 新坐标=main@4
03:27:19.930 INFO  io.mosire.simos.app.gui.GuiServer - access POST /api/command -> 200 3ms remote=127.0.0.1
03:27:19.981 INFO  io.mosire.simos.core.command.CommandBus - 命令提交: type=sd.CreateDecisionMaker commandId=dd8d3a79-41b3-4ba9-b7dc-7590d3217113 correlationId=dd8d3a79-41b3-4ba9-b7dc-7590d3217113 新坐标=main@5
03:27:19.982 INFO  io.mosire.simos.app.gui.GuiServer - access POST /api/command -> 200 4ms remote=127.0.0.1
03:27:20.030 INFO  io.mosire.simos.core.command.CommandBus - 命令提交: type=sd.SetDecisionMakerAccess commandId=9944c6cd-ec0b-475e-aefa-f239ba06fe61 correlationId=9944c6cd-ec0b-475e-aefa-f239ba06fe61 新坐标=main@6
03:27:20.030 INFO  io.mosire.simos.app.gui.GuiServer - access POST /api/command -> 200 4ms remote=127.0.0.1
03:27:20.078 INFO  io.mosire.simos.core.command.CommandBus - 命令提交: type=sd.SetDecisionMakerProvider commandId=ec55f269-2018-47ad-bbc0-99a7788803f7 correlationId=ec55f269-2018-47ad-bbc0-99a7788803f7 新坐标=main@7
03:27:20.078 INFO  io.mosire.simos.app.gui.GuiServer - access POST /api/command -> 200 4ms remote=127.0.0.1
03:27:20.122 INFO  io.mosire.simos.app.gui.GuiServer - access GET /api/sd/decision-makers -> 200 1ms remote=127.0.0.1
03:27:20.165 INFO  io.mosire.simos.app.gui.GuiServer - access GET /api/sd/decision-makers -> 200 0ms remote=127.0.0.1
03:27:20.209 INFO  io.mosire.agentlib.approval.ApprovalHttpEndpoint - 审批 HTTP 面已停止（端口 46423）
03:27:20.209 INFO  io.mosire.agentlib.approval.HttpApprovalChannel - HTTP 审批通道已关闭
03:27:20.268 INFO  io.mosire.agentlib.mcp.AgentToMcpServer - MCP streamable server 已启动: name=simos-shell version=0.1.0-SNAPSHOT 外发工具 57 个 [map.CreateRegion, map.DeleteRegion, map.RandomizeRegion, map.RegisterPathwayGroup, map.SetEdge, map.SetTerrain, map.UpdateRegion, sd.AddCombatStage, sd.CancelEffect, sd.CommitCombatOutcome, sd.CreateArmy, sd.CreateCombat, sd.CreateDecisionMaker, sd.CreateNation, sd.IssueDirective, sd.PutInfo, sd.RecordCasualties, sd.RegisterEffect, sd.ResetDecisionMakerConversation, sd.RunDecision, sd.SetDecisionMakerAccess, sd.SetDecisionMakerProvider, sd.SetStageOutcomeTable, sd.StartDecision, sd.SubmitVerdict, simos.advance, simos.command.catalog, simos.command.submit, simos.fork, simos.map.hex, simos.map.overview, simos.social.population, simos.state.facets, simos.state.resolve, simos.timeline.branches, simos.unit.get, simos.unit.list, unit.ApplyCasualties, unit.AttachUnit, unit.CancelRoute, unit.CreateCommandChain, unit.CreateUnit, unit.DetachUnit, unit.DisbandUnit, unit.MergeFormation, unit.PlaceAt, unit.PlanRoute, unit.PlanSparseRoute, unit.RenameUnit, unit.ReparentSubtree, unit.ReparentUnit, unit.SetFormationOffset, unit.SetRejoinTarget, unit.SetStatus, unit.SetStrength, unit.SplitFormation, unit.UpdateCommandChain]；Registry 共 57 个，未外发 0 个 []
03:27:20.278 INFO  io.mosire.simos.app.gui.GuiServer - GUI 服务器已启动: http://127.0.0.1:46629/（静态 /webui，同源，无 CORS 头）
03:27:20.278 INFO  io.mosire.simos.app.Shell - Shell 装配完成: store=/tmp/junit-7125852007845746620 checkpointInterval=100 codec=4 handler=45 participant=2 resolver=4 facet=2 tool=57 mapId=Map1 bindAddress=127.0.0.1 mcpPort=46557 guiPort=46629 approvalPort=44867
03:27:20.285 INFO  io.mosire.simos.core.command.CommandBus - 命令提交: type=sd.CreateNation commandId=fb35ad9c-e876-4d0b-8025-4e890797c36f correlationId=fb35ad9c-e876-4d0b-8025-4e890797c36f 新坐标=main@2
03:27:20.285 INFO  io.mosire.simos.app.gui.GuiServer - access POST /api/command -> 200 5ms remote=127.0.0.1
03:27:20.290 INFO  io.mosire.simos.core.command.CommandBus - 命令提交: type=sd.CreateArmy commandId=22cc656e-a6b2-410d-9eee-af15e6fe9269 correlationId=22cc656e-a6b2-410d-9eee-af15e6fe9269 新坐标=main@3
03:27:20.290 INFO  io.mosire.simos.app.gui.GuiServer - access POST /api/command -> 200 3ms remote=127.0.0.1
03:27:20.338 INFO  io.mosire.simos.core.command.CommandBus - 命令提交: type=sd.CreateDecisionMaker commandId=d3935e3d-1482-4e3b-94c7-6c91cc63ccdb correlationId=d3935e3d-1482-4e3b-94c7-6c91cc63ccdb 新坐标=main@4
03:27:20.338 INFO  io.mosire.simos.app.gui.GuiServer - access POST /api/command -> 200 5ms remote=127.0.0.1
03:27:20.386 INFO  io.mosire.simos.core.command.CommandBus - 命令提交: type=sd.CreateDecisionMaker commandId=5953497f-d719-4ae0-872f-e5065c5e1b3f correlationId=5953497f-d719-4ae0-872f-e5065c5e1b3f 新坐标=main@5
03:27:20.386 INFO  io.mosire.simos.app.gui.GuiServer - access POST /api/command -> 200 4ms remote=127.0.0.1
03:27:20.434 INFO  io.mosire.simos.core.command.CommandBus - 命令提交: type=sd.SetDecisionMakerAccess commandId=1195f478-5ebf-41bd-b0f6-82d578818a94 correlationId=1195f478-5ebf-41bd-b0f6-82d578818a94 新坐标=main@6
03:27:20.434 INFO  io.mosire.simos.app.gui.GuiServer - access POST /api/command -> 200 4ms remote=127.0.0.1
03:27:20.482 INFO  io.mosire.simos.core.command.CommandBus - 命令提交: type=sd.SetDecisionMakerProvider commandId=83ea594e-56fc-4564-9fc6-b7b7dab5b93a correlationId=83ea594e-56fc-4564-9fc6-b7b7dab5b93a 新坐标=main@7
03:27:20.483 INFO  io.mosire.simos.app.gui.GuiServer - access POST /api/command -> 200 5ms remote=127.0.0.1
03:27:20.526 INFO  io.mosire.simos.app.gui.GuiServer - access GET /api/sd/decision-makers -> 200 1ms remote=127.0.0.1
03:27:20.569 INFO  io.mosire.agentlib.approval.ApprovalHttpEndpoint - 审批 HTTP 面已停止（端口 44867）
03:27:20.569 INFO  io.mosire.agentlib.approval.HttpApprovalChannel - HTTP 审批通道已关闭
03:27:20.625 INFO  io.mosire.agentlib.mcp.AgentToMcpServer - MCP streamable server 已启动: name=simos-shell version=0.1.0-SNAPSHOT 外发工具 57 个 [map.CreateRegion, map.DeleteRegion, map.RandomizeRegion, map.RegisterPathwayGroup, map.SetEdge, map.SetTerrain, map.UpdateRegion, sd.AddCombatStage, sd.CancelEffect, sd.CommitCombatOutcome, sd.CreateArmy, sd.CreateCombat, sd.CreateDecisionMaker, sd.CreateNation, sd.IssueDirective, sd.PutInfo, sd.RecordCasualties, sd.RegisterEffect, sd.ResetDecisionMakerConversation, sd.RunDecision, sd.SetDecisionMakerAccess, sd.SetDecisionMakerProvider, sd.SetStageOutcomeTable, sd.StartDecision, sd.SubmitVerdict, simos.advance, simos.command.catalog, simos.command.submit, simos.fork, simos.map.hex, simos.map.overview, simos.social.population, simos.state.facets, simos.state.resolve, simos.timeline.branches, simos.unit.get, simos.unit.list, unit.ApplyCasualties, unit.AttachUnit, unit.CancelRoute, unit.CreateCommandChain, unit.CreateUnit, unit.DetachUnit, unit.DisbandUnit, unit.MergeFormation, unit.PlaceAt, unit.PlanRoute, unit.PlanSparseRoute, unit.RenameUnit, unit.ReparentSubtree, unit.ReparentUnit, unit.SetFormationOffset, unit.SetRejoinTarget, unit.SetStatus, unit.SetStrength, unit.SplitFormation, unit.UpdateCommandChain]；Registry 共 57 个，未外发 0 个 []
03:27:20.634 INFO  io.mosire.simos.app.gui.GuiServer - GUI 服务器已启动: http://127.0.0.1:46287/（静态 /webui，同源，无 CORS 头）
03:27:20.634 INFO  io.mosire.simos.app.Shell - Shell 装配完成: store=/tmp/junit-17968504664788834222 checkpointInterval=100 codec=4 handler=45 participant=2 resolver=4 facet=2 tool=57 mapId=Map1 bindAddress=127.0.0.1 mcpPort=45791 guiPort=46287 approvalPort=45699
03:27:20.642 INFO  io.mosire.simos.core.command.CommandBus - 命令提交: type=sd.CreateNation commandId=68951a0b-22c5-4cc3-ab6c-a830cf9b8a68 correlationId=68951a0b-22c5-4cc3-ab6c-a830cf9b8a68 新坐标=main@2
03:27:20.642 INFO  io.mosire.simos.app.gui.GuiServer - access POST /api/command -> 200 5ms remote=127.0.0.1
03:27:20.649 INFO  io.mosire.simos.core.command.CommandBus - 命令提交: type=sd.CreateArmy commandId=b8c01f83-2ed9-4c49-9abe-eafc619c7d05 correlationId=b8c01f83-2ed9-4c49-9abe-eafc619c7d05 新坐标=main@3
03:27:20.650 INFO  io.mosire.simos.app.gui.GuiServer - access POST /api/command -> 200 6ms remote=127.0.0.1
03:27:20.700 INFO  io.mosire.simos.core.command.CommandBus - 命令提交: type=sd.CreateDecisionMaker commandId=3899bcbb-9016-4bf2-ba4d-afeb10b76103 correlationId=3899bcbb-9016-4bf2-ba4d-afeb10b76103 新坐标=main@4
03:27:20.701 INFO  io.mosire.simos.app.gui.GuiServer - access POST /api/command -> 200 6ms remote=127.0.0.1
03:27:20.751 INFO  io.mosire.simos.core.command.CommandBus - 命令提交: type=sd.CreateDecisionMaker commandId=094ba8c8-c16e-4797-99e0-ffb27398d349 correlationId=094ba8c8-c16e-4797-99e0-ffb27398d349 新坐标=main@5
03:27:20.751 INFO  io.mosire.simos.app.gui.GuiServer - access POST /api/command -> 200 5ms remote=127.0.0.1
03:27:20.799 INFO  io.mosire.simos.core.command.CommandBus - 命令提交: type=sd.SetDecisionMakerAccess commandId=2b421d15-7cb8-40bd-a161-4b0f3ae33d75 correlationId=2b421d15-7cb8-40bd-a161-4b0f3ae33d75 新坐标=main@6
03:27:20.799 INFO  io.mosire.simos.app.gui.GuiServer - access POST /api/command -> 200 5ms remote=127.0.0.1
03:27:20.847 INFO  io.mosire.simos.core.command.CommandBus - 命令提交: type=sd.SetDecisionMakerProvider commandId=f8711d09-1143-47fb-875b-f762a019260a correlationId=f8711d09-1143-47fb-875b-f762a019260a 新坐标=main@7
03:27:20.848 INFO  io.mosire.simos.app.gui.GuiServer - access POST /api/command -> 200 5ms remote=127.0.0.1
03:27:20.891 INFO  io.mosire.simos.app.gui.GuiServer - access GET /api/sd/decision-makers/dm-nation -> 200 0ms remote=127.0.0.1
03:27:20.934 INFO  io.mosire.agentlib.approval.ApprovalHttpEndpoint - 审批 HTTP 面已停止（端口 45699）
03:27:20.934 INFO  io.mosire.agentlib.approval.HttpApprovalChannel - HTTP 审批通道已关闭
[INFO] Tests run: 20, Failures: 0, Errors: 0, Skipped: 0, Time elapsed: 8.663 s -- in io.mosire.simos.app.gui.SdDecisionMakerApiTest
[INFO] Running io.mosire.simos.app.gui.MapOverviewBlocksTest
[INFO] Tests run: 3, Failures: 0, Errors: 0, Skipped: 0, Time elapsed: 0.003 s -- in io.mosire.simos.app.gui.MapOverviewBlocksTest
[INFO] Running io.mosire.simos.app.gui.GuiAccessLogTest
03:27:20.994 INFO  io.mosire.agentlib.mcp.AgentToMcpServer - MCP streamable server 已启动: name=simos-shell version=0.1.0-SNAPSHOT 外发工具 57 个 [map.CreateRegion, map.DeleteRegion, map.RandomizeRegion, map.RegisterPathwayGroup, map.SetEdge, map.SetTerrain, map.UpdateRegion, sd.AddCombatStage, sd.CancelEffect, sd.CommitCombatOutcome, sd.CreateArmy, sd.CreateCombat, sd.CreateDecisionMaker, sd.CreateNation, sd.IssueDirective, sd.PutInfo, sd.RecordCasualties, sd.RegisterEffect, sd.ResetDecisionMakerConversation, sd.RunDecision, sd.SetDecisionMakerAccess, sd.SetDecisionMakerProvider, sd.SetStageOutcomeTable, sd.StartDecision, sd.SubmitVerdict, simos.advance, simos.command.catalog, simos.command.submit, simos.fork, simos.map.hex, simos.map.overview, simos.social.population, simos.state.facets, simos.state.resolve, simos.timeline.branches, simos.unit.get, simos.unit.list, unit.ApplyCasualties, unit.AttachUnit, unit.CancelRoute, unit.CreateCommandChain, unit.CreateUnit, unit.DetachUnit, unit.DisbandUnit, unit.MergeFormation, unit.PlaceAt, unit.PlanRoute, unit.PlanSparseRoute, unit.RenameUnit, unit.ReparentSubtree, unit.ReparentUnit, unit.SetFormationOffset, unit.SetRejoinTarget, unit.SetStatus, unit.SetStrength, unit.SplitFormation, unit.UpdateCommandChain]；Registry 共 57 个，未外发 0 个 []
03:27:21.004 INFO  io.mosire.simos.app.gui.GuiServer - GUI 服务器已启动: http://127.0.0.1:45157/（静态 /webui，同源，无 CORS 头）
03:27:21.004 INFO  io.mosire.simos.app.Shell - Shell 装配完成: store=/tmp/junit-18224247395001019066 checkpointInterval=100 codec=4 handler=45 participant=2 resolver=4 facet=2 tool=57 mapId=Map1 bindAddress=127.0.0.1 mcpPort=46435 guiPort=45157 approvalPort=46475
03:27:21.009 INFO  io.mosire.simos.app.gui.GuiServer - access GET /nope -> 404 0ms remote=127.0.0.1
03:27:21.010 INFO  io.mosire.simos.app.gui.GuiServer - access POST /api/state -> 405 0ms remote=127.0.0.1
03:27:21.056 INFO  io.mosire.agentlib.approval.ApprovalHttpEndpoint - 审批 HTTP 面已停止（端口 46475）
03:27:21.056 INFO  io.mosire.agentlib.approval.HttpApprovalChannel - HTTP 审批通道已关闭
03:27:21.108 INFO  io.mosire.agentlib.mcp.AgentToMcpServer - MCP streamable server 已启动: name=simos-shell version=0.1.0-SNAPSHOT 外发工具 57 个 [map.CreateRegion, map.DeleteRegion, map.RandomizeRegion, map.RegisterPathwayGroup, map.SetEdge, map.SetTerrain, map.UpdateRegion, sd.AddCombatStage, sd.CancelEffect, sd.CommitCombatOutcome, sd.CreateArmy, sd.CreateCombat, sd.CreateDecisionMaker, sd.CreateNation, sd.IssueDirective, sd.PutInfo, sd.RecordCasualties, sd.RegisterEffect, sd.ResetDecisionMakerConversation, sd.RunDecision, sd.SetDecisionMakerAccess, sd.SetDecisionMakerProvider, sd.SetStageOutcomeTable, sd.StartDecision, sd.SubmitVerdict, simos.advance, simos.command.catalog, simos.command.submit, simos.fork, simos.map.hex, simos.map.overview, simos.social.population, simos.state.facets, simos.state.resolve, simos.timeline.branches, simos.unit.get, simos.unit.list, unit.ApplyCasualties, unit.AttachUnit, unit.CancelRoute, unit.CreateCommandChain, unit.CreateUnit, unit.DetachUnit, unit.DisbandUnit, unit.MergeFormation, unit.PlaceAt, unit.PlanRoute, unit.PlanSparseRoute, unit.RenameUnit, unit.ReparentSubtree, unit.ReparentUnit, unit.SetFormationOffset, unit.SetRejoinTarget, unit.SetStatus, unit.SetStrength, unit.SplitFormation, unit.UpdateCommandChain]；Registry 共 57 个，未外发 0 个 []
03:27:21.117 INFO  io.mosire.simos.app.gui.GuiServer - GUI 服务器已启动: http://127.0.0.1:46593/（静态 /webui，同源，无 CORS 头）
03:27:21.117 INFO  io.mosire.simos.app.Shell - Shell 装配完成: store=/tmp/junit-5107038404104642491 checkpointInterval=100 codec=4 handler=45 participant=2 resolver=4 facet=2 tool=57 mapId=Map1 bindAddress=127.0.0.1 mcpPort=45903 guiPort=46593 approvalPort=45603
03:27:21.120 INFO  io.mosire.simos.app.gui.GuiServer - access GET /api/state -> 200 0ms remote=127.0.0.1
03:27:21.121 INFO  io.mosire.agentlib.approval.ApprovalHttpEndpoint - 审批 HTTP 面已停止（端口 45603）
03:27:21.121 INFO  io.mosire.agentlib.approval.HttpApprovalChannel - HTTP 审批通道已关闭
03:27:21.171 INFO  io.mosire.agentlib.mcp.AgentToMcpServer - MCP streamable server 已启动: name=simos-shell version=0.1.0-SNAPSHOT 外发工具 57 个 [map.CreateRegion, map.DeleteRegion, map.RandomizeRegion, map.RegisterPathwayGroup, map.SetEdge, map.SetTerrain, map.UpdateRegion, sd.AddCombatStage, sd.CancelEffect, sd.CommitCombatOutcome, sd.CreateArmy, sd.CreateCombat, sd.CreateDecisionMaker, sd.CreateNation, sd.IssueDirective, sd.PutInfo, sd.RecordCasualties, sd.RegisterEffect, sd.ResetDecisionMakerConversation, sd.RunDecision, sd.SetDecisionMakerAccess, sd.SetDecisionMakerProvider, sd.SetStageOutcomeTable, sd.StartDecision, sd.SubmitVerdict, simos.advance, simos.command.catalog, simos.command.submit, simos.fork, simos.map.hex, simos.map.overview, simos.social.population, simos.state.facets, simos.state.resolve, simos.timeline.branches, simos.unit.get, simos.unit.list, unit.ApplyCasualties, unit.AttachUnit, unit.CancelRoute, unit.CreateCommandChain, unit.CreateUnit, unit.DetachUnit, unit.DisbandUnit, unit.MergeFormation, unit.PlaceAt, unit.PlanRoute, unit.PlanSparseRoute, unit.RenameUnit, unit.ReparentSubtree, unit.ReparentUnit, unit.SetFormationOffset, unit.SetRejoinTarget, unit.SetStatus, unit.SetStrength, unit.SplitFormation, unit.UpdateCommandChain]；Registry 共 57 个，未外发 0 个 []
03:27:21.180 INFO  io.mosire.simos.app.gui.GuiServer - GUI 服务器已启动: http://127.0.0.1:46315/（静态 /webui，同源，无 CORS 头）
03:27:21.180 INFO  io.mosire.simos.app.Shell - Shell 装配完成: store=/tmp/junit-1027697447899498334 checkpointInterval=100 codec=4 handler=45 participant=2 resolver=4 facet=2 tool=57 mapId=Map1 bindAddress=127.0.0.1 mcpPort=45873 guiPort=46315 approvalPort=46419
03:27:21.183 INFO  io.mosire.simos.app.gui.GuiServer - access GET / -> 200 0ms remote=127.0.0.1
03:27:21.184 INFO  io.mosire.simos.app.gui.GuiServer - access GET /api/state -> 200 0ms remote=127.0.0.1
03:27:21.230 INFO  io.mosire.agentlib.approval.ApprovalHttpEndpoint - 审批 HTTP 面已停止（端口 46419）
03:27:21.230 INFO  io.mosire.agentlib.approval.HttpApprovalChannel - HTTP 审批通道已关闭
03:27:21.279 INFO  io.mosire.agentlib.mcp.AgentToMcpServer - MCP streamable server 已启动: name=simos-shell version=0.1.0-SNAPSHOT 外发工具 57 个 [map.CreateRegion, map.DeleteRegion, map.RandomizeRegion, map.RegisterPathwayGroup, map.SetEdge, map.SetTerrain, map.UpdateRegion, sd.AddCombatStage, sd.CancelEffect, sd.CommitCombatOutcome, sd.CreateArmy, sd.CreateCombat, sd.CreateDecisionMaker, sd.CreateNation, sd.IssueDirective, sd.PutInfo, sd.RecordCasualties, sd.RegisterEffect, sd.ResetDecisionMakerConversation, sd.RunDecision, sd.SetDecisionMakerAccess, sd.SetDecisionMakerProvider, sd.SetStageOutcomeTable, sd.StartDecision, sd.SubmitVerdict, simos.advance, simos.command.catalog, simos.command.submit, simos.fork, simos.map.hex, simos.map.overview, simos.social.population, simos.state.facets, simos.state.resolve, simos.timeline.branches, simos.unit.get, simos.unit.list, unit.ApplyCasualties, unit.AttachUnit, unit.CancelRoute, unit.CreateCommandChain, unit.CreateUnit, unit.DetachUnit, unit.DisbandUnit, unit.MergeFormation, unit.PlaceAt, unit.PlanRoute, unit.PlanSparseRoute, unit.RenameUnit, unit.ReparentSubtree, unit.ReparentUnit, unit.SetFormationOffset, unit.SetRejoinTarget, unit.SetStatus, unit.SetStrength, unit.SplitFormation, unit.UpdateCommandChain]；Registry 共 57 个，未外发 0 个 []
03:27:21.288 INFO  io.mosire.simos.app.gui.GuiServer - GUI 服务器已启动: http://127.0.0.1:45827/（静态 /webui，同源，无 CORS 头）
03:27:21.288 INFO  io.mosire.simos.app.Shell - Shell 装配完成: store=/tmp/junit-17415453827128066254 checkpointInterval=100 codec=4 handler=45 participant=2 resolver=4 facet=2 tool=57 mapId=Map1 bindAddress=127.0.0.1 mcpPort=45045 guiPort=45827 approvalPort=45103
03:27:21.290 INFO  io.mosire.simos.app.gui.GuiServer - access GET / -> 200 0ms remote=127.0.0.1
03:27:21.291 INFO  io.mosire.agentlib.approval.ApprovalHttpEndpoint - 审批 HTTP 面已停止（端口 45103）
03:27:21.291 INFO  io.mosire.agentlib.approval.HttpApprovalChannel - HTTP 审批通道已关闭
[INFO] Tests run: 4, Failures: 0, Errors: 0, Skipped: 0, Time elapsed: 0.352 s -- in io.mosire.simos.app.gui.GuiAccessLogTest
[INFO] Running io.mosire.simos.app.gui.GmToolUsageApiTest
03:27:21.342 INFO  io.mosire.agentlib.mcp.AgentToMcpServer - MCP streamable server 已启动: name=simos-shell version=0.1.0-SNAPSHOT 外发工具 57 个 [map.CreateRegion, map.DeleteRegion, map.RandomizeRegion, map.RegisterPathwayGroup, map.SetEdge, map.SetTerrain, map.UpdateRegion, sd.AddCombatStage, sd.CancelEffect, sd.CommitCombatOutcome, sd.CreateArmy, sd.CreateCombat, sd.CreateDecisionMaker, sd.CreateNation, sd.IssueDirective, sd.PutInfo, sd.RecordCasualties, sd.RegisterEffect, sd.ResetDecisionMakerConversation, sd.RunDecision, sd.SetDecisionMakerAccess, sd.SetDecisionMakerProvider, sd.SetStageOutcomeTable, sd.StartDecision, sd.SubmitVerdict, simos.advance, simos.command.catalog, simos.command.submit, simos.fork, simos.map.hex, simos.map.overview, simos.social.population, simos.state.facets, simos.state.resolve, simos.timeline.branches, simos.unit.get, simos.unit.list, unit.ApplyCasualties, unit.AttachUnit, unit.CancelRoute, unit.CreateCommandChain, unit.CreateUnit, unit.DetachUnit, unit.DisbandUnit, unit.MergeFormation, unit.PlaceAt, unit.PlanRoute, unit.PlanSparseRoute, unit.RenameUnit, unit.ReparentSubtree, unit.ReparentUnit, unit.SetFormationOffset, unit.SetRejoinTarget, unit.SetStatus, unit.SetStrength, unit.SplitFormation, unit.UpdateCommandChain]；Registry 共 57 个，未外发 0 个 []
03:27:21.352 INFO  io.mosire.simos.app.gui.GuiServer - GUI 服务器已启动: http://127.0.0.1:44743/（静态 /webui，同源，无 CORS 头）
03:27:21.352 INFO  io.mosire.simos.app.Shell - Shell 装配完成: store=/tmp/junit-10728438157247718909 checkpointInterval=100 codec=4 handler=45 participant=2 resolver=4 facet=2 tool=57 mapId=Map1 bindAddress=127.0.0.1 mcpPort=45275 guiPort=44743 approvalPort=45337
03:27:21.354 INFO  io.mosire.simos.app.gui.GuiServer - access GET /api/gm/tool-usage -> 400 0ms remote=127.0.0.1
03:27:21.355 INFO  io.mosire.agentlib.approval.ApprovalHttpEndpoint - 审批 HTTP 面已停止（端口 45337）
03:27:21.355 INFO  io.mosire.agentlib.approval.HttpApprovalChannel - HTTP 审批通道已关闭
03:27:21.407 INFO  io.mosire.agentlib.mcp.AgentToMcpServer - MCP streamable server 已启动: name=simos-shell version=0.1.0-SNAPSHOT 外发工具 57 个 [map.CreateRegion, map.DeleteRegion, map.RandomizeRegion, map.RegisterPathwayGroup, map.SetEdge, map.SetTerrain, map.UpdateRegion, sd.AddCombatStage, sd.CancelEffect, sd.CommitCombatOutcome, sd.CreateArmy, sd.CreateCombat, sd.CreateDecisionMaker, sd.CreateNation, sd.IssueDirective, sd.PutInfo, sd.RecordCasualties, sd.RegisterEffect, sd.ResetDecisionMakerConversation, sd.RunDecision, sd.SetDecisionMakerAccess, sd.SetDecisionMakerProvider, sd.SetStageOutcomeTable, sd.StartDecision, sd.SubmitVerdict, simos.advance, simos.command.catalog, simos.command.submit, simos.fork, simos.map.hex, simos.map.overview, simos.social.population, simos.state.facets, simos.state.resolve, simos.timeline.branches, simos.unit.get, simos.unit.list, unit.ApplyCasualties, unit.AttachUnit, unit.CancelRoute, unit.CreateCommandChain, unit.CreateUnit, unit.DetachUnit, unit.DisbandUnit, unit.MergeFormation, unit.PlaceAt, unit.PlanRoute, unit.PlanSparseRoute, unit.RenameUnit, unit.ReparentSubtree, unit.ReparentUnit, unit.SetFormationOffset, unit.SetRejoinTarget, unit.SetStatus, unit.SetStrength, unit.SplitFormation, unit.UpdateCommandChain]；Registry 共 57 个，未外发 0 个 []
03:27:21.415 INFO  io.mosire.simos.app.gui.GuiServer - GUI 服务器已启动: http://127.0.0.1:44857/（静态 /webui，同源，无 CORS 头）
03:27:21.415 INFO  io.mosire.simos.app.Shell - Shell 装配完成: store=/tmp/junit-17081633198284338682 checkpointInterval=100 codec=4 handler=45 participant=2 resolver=4 facet=2 tool=57 mapId=Map1 bindAddress=127.0.0.1 mcpPort=46095 guiPort=44857 approvalPort=44629
03:27:21.417 INFO  io.mosire.simos.app.gui.GuiServer - access GET /api/gm/tool-usage -> 200 0ms remote=127.0.0.1
03:27:21.419 INFO  io.mosire.agentlib.approval.ApprovalHttpEndpoint - 审批 HTTP 面已停止（端口 44629）
03:27:21.419 INFO  io.mosire.agentlib.approval.HttpApprovalChannel - HTTP 审批通道已关闭
03:27:21.473 INFO  io.mosire.agentlib.mcp.AgentToMcpServer - MCP streamable server 已启动: name=simos-shell version=0.1.0-SNAPSHOT 外发工具 57 个 [map.CreateRegion, map.DeleteRegion, map.RandomizeRegion, map.RegisterPathwayGroup, map.SetEdge, map.SetTerrain, map.UpdateRegion, sd.AddCombatStage, sd.CancelEffect, sd.CommitCombatOutcome, sd.CreateArmy, sd.CreateCombat, sd.CreateDecisionMaker, sd.CreateNation, sd.IssueDirective, sd.PutInfo, sd.RecordCasualties, sd.RegisterEffect, sd.ResetDecisionMakerConversation, sd.RunDecision, sd.SetDecisionMakerAccess, sd.SetDecisionMakerProvider, sd.SetStageOutcomeTable, sd.StartDecision, sd.SubmitVerdict, simos.advance, simos.command.catalog, simos.command.submit, simos.fork, simos.map.hex, simos.map.overview, simos.social.population, simos.state.facets, simos.state.resolve, simos.timeline.branches, simos.unit.get, simos.unit.list, unit.ApplyCasualties, unit.AttachUnit, unit.CancelRoute, unit.CreateCommandChain, unit.CreateUnit, unit.DetachUnit, unit.DisbandUnit, unit.MergeFormation, unit.PlaceAt, unit.PlanRoute, unit.PlanSparseRoute, unit.RenameUnit, unit.ReparentSubtree, unit.ReparentUnit, unit.SetFormationOffset, unit.SetRejoinTarget, unit.SetStatus, unit.SetStrength, unit.SplitFormation, unit.UpdateCommandChain]；Registry 共 57 个，未外发 0 个 []
03:27:21.476 INFO  io.mosire.simos.app.gui.GuiServer - GUI 服务器已启动: http://127.0.0.1:44841/（静态 /webui，同源，无 CORS 头）
03:27:21.476 INFO  io.mosire.simos.app.Shell - Shell 装配完成: store=/tmp/junit-17541829558749989201 checkpointInterval=100 codec=4 handler=45 participant=2 resolver=4 facet=2 tool=57 mapId=Map1 bindAddress=127.0.0.1 mcpPort=46223 guiPort=44841 approvalPort=45255
03:27:21.479 INFO  io.mosire.simos.app.gui.GuiServer - access GET /api/gm/tool-usage -> 200 0ms remote=127.0.0.1
03:27:21.480 INFO  io.mosire.agentlib.approval.ApprovalHttpEndpoint - 审批 HTTP 面已停止（端口 45255）
03:27:21.480 INFO  io.mosire.agentlib.approval.HttpApprovalChannel - HTTP 审批通道已关闭
03:27:21.534 INFO  io.mosire.agentlib.mcp.AgentToMcpServer - MCP streamable server 已启动: name=simos-shell version=0.1.0-SNAPSHOT 外发工具 57 个 [map.CreateRegion, map.DeleteRegion, map.RandomizeRegion, map.RegisterPathwayGroup, map.SetEdge, map.SetTerrain, map.UpdateRegion, sd.AddCombatStage, sd.CancelEffect, sd.CommitCombatOutcome, sd.CreateArmy, sd.CreateCombat, sd.CreateDecisionMaker, sd.CreateNation, sd.IssueDirective, sd.PutInfo, sd.RecordCasualties, sd.RegisterEffect, sd.ResetDecisionMakerConversation, sd.RunDecision, sd.SetDecisionMakerAccess, sd.SetDecisionMakerProvider, sd.SetStageOutcomeTable, sd.StartDecision, sd.SubmitVerdict, simos.advance, simos.command.catalog, simos.command.submit, simos.fork, simos.map.hex, simos.map.overview, simos.social.population, simos.state.facets, simos.state.resolve, simos.timeline.branches, simos.unit.get, simos.unit.list, unit.ApplyCasualties, unit.AttachUnit, unit.CancelRoute, unit.CreateCommandChain, unit.CreateUnit, unit.DetachUnit, unit.DisbandUnit, unit.MergeFormation, unit.PlaceAt, unit.PlanRoute, unit.PlanSparseRoute, unit.RenameUnit, unit.ReparentSubtree, unit.ReparentUnit, unit.SetFormationOffset, unit.SetRejoinTarget, unit.SetStatus, unit.SetStrength, unit.SplitFormation, unit.UpdateCommandChain]；Registry 共 57 个，未外发 0 个 []
03:27:21.544 INFO  io.mosire.simos.app.gui.GuiServer - GUI 服务器已启动: http://127.0.0.1:44909/（静态 /webui，同源，无 CORS 头）
03:27:21.544 INFO  io.mosire.simos.app.Shell - Shell 装配完成: store=/tmp/junit-11409731784232293453 checkpointInterval=100 codec=4 handler=45 participant=2 resolver=4 facet=2 tool=57 mapId=Map1 bindAddress=127.0.0.1 mcpPort=45897 guiPort=44909 approvalPort=44989
03:27:21.547 INFO  io.mosire.simos.app.gui.GuiServer - access GET /api/gm/tool-usage -> 200 0ms remote=127.0.0.1
03:27:21.548 INFO  io.mosire.agentlib.approval.ApprovalHttpEndpoint - 审批 HTTP 面已停止（端口 44989）
03:27:21.548 INFO  io.mosire.agentlib.approval.HttpApprovalChannel - HTTP 审批通道已关闭
03:27:21.597 INFO  io.mosire.agentlib.mcp.AgentToMcpServer - MCP streamable server 已启动: name=simos-shell version=0.1.0-SNAPSHOT 外发工具 57 个 [map.CreateRegion, map.DeleteRegion, map.RandomizeRegion, map.RegisterPathwayGroup, map.SetEdge, map.SetTerrain, map.UpdateRegion, sd.AddCombatStage, sd.CancelEffect, sd.CommitCombatOutcome, sd.CreateArmy, sd.CreateCombat, sd.CreateDecisionMaker, sd.CreateNation, sd.IssueDirective, sd.PutInfo, sd.RecordCasualties, sd.RegisterEffect, sd.ResetDecisionMakerConversation, sd.RunDecision, sd.SetDecisionMakerAccess, sd.SetDecisionMakerProvider, sd.SetStageOutcomeTable, sd.StartDecision, sd.SubmitVerdict, simos.advance, simos.command.catalog, simos.command.submit, simos.fork, simos.map.hex, simos.map.overview, simos.social.population, simos.state.facets, simos.state.resolve, simos.timeline.branches, simos.unit.get, simos.unit.list, unit.ApplyCasualties, unit.AttachUnit, unit.CancelRoute, unit.CreateCommandChain, unit.CreateUnit, unit.DetachUnit, unit.DisbandUnit, unit.MergeFormation, unit.PlaceAt, unit.PlanRoute, unit.PlanSparseRoute, unit.RenameUnit, unit.ReparentSubtree, unit.ReparentUnit, unit.SetFormationOffset, unit.SetRejoinTarget, unit.SetStatus, unit.SetStrength, unit.SplitFormation, unit.UpdateCommandChain]；Registry 共 57 个，未外发 0 个 []
03:27:21.606 INFO  io.mosire.simos.app.gui.GuiServer - GUI 服务器已启动: http://127.0.0.1:44695/（静态 /webui，同源，无 CORS 头）
03:27:21.607 INFO  io.mosire.simos.app.Shell - Shell 装配完成: store=/tmp/junit-2619065180636596110 checkpointInterval=100 codec=4 handler=45 participant=2 resolver=4 facet=2 tool=57 mapId=Map1 bindAddress=127.0.0.1 mcpPort=45595 guiPort=44695 approvalPort=45603
03:27:21.609 INFO  io.mosire.simos.app.gui.GuiServer - access POST /api/gm/tool-usage -> 405 0ms remote=127.0.0.1
03:27:21.610 INFO  io.mosire.agentlib.approval.ApprovalHttpEndpoint - 审批 HTTP 面已停止（端口 45603）
03:27:21.610 INFO  io.mosire.agentlib.approval.HttpApprovalChannel - HTTP 审批通道已关闭
03:27:21.660 INFO  io.mosire.agentlib.mcp.AgentToMcpServer - MCP streamable server 已启动: name=simos-shell version=0.1.0-SNAPSHOT 外发工具 57 个 [map.CreateRegion, map.DeleteRegion, map.RandomizeRegion, map.RegisterPathwayGroup, map.SetEdge, map.SetTerrain, map.UpdateRegion, sd.AddCombatStage, sd.CancelEffect, sd.CommitCombatOutcome, sd.CreateArmy, sd.CreateCombat, sd.CreateDecisionMaker, sd.CreateNation, sd.IssueDirective, sd.PutInfo, sd.RecordCasualties, sd.RegisterEffect, sd.ResetDecisionMakerConversation, sd.RunDecision, sd.SetDecisionMakerAccess, sd.SetDecisionMakerProvider, sd.SetStageOutcomeTable, sd.StartDecision, sd.SubmitVerdict, simos.advance, simos.command.catalog, simos.command.submit, simos.fork, simos.map.hex, simos.map.overview, simos.social.population, simos.state.facets, simos.state.resolve, simos.timeline.branches, simos.unit.get, simos.unit.list, unit.ApplyCasualties, unit.AttachUnit, unit.CancelRoute, unit.CreateCommandChain, unit.CreateUnit, unit.DetachUnit, unit.DisbandUnit, unit.MergeFormation, unit.PlaceAt, unit.PlanRoute, unit.PlanSparseRoute, unit.RenameUnit, unit.ReparentSubtree, unit.ReparentUnit, unit.SetFormationOffset, unit.SetRejoinTarget, unit.SetStatus, unit.SetStrength, unit.SplitFormation, unit.UpdateCommandChain]；Registry 共 57 个，未外发 0 个 []
03:27:21.669 INFO  io.mosire.simos.app.gui.GuiServer - GUI 服务器已启动: http://127.0.0.1:44625/（静态 /webui，同源，无 CORS 头）
03:27:21.669 INFO  io.mosire.simos.app.Shell - Shell 装配完成: store=/tmp/junit-11133314389476789624 checkpointInterval=100 codec=4 handler=45 participant=2 resolver=4 facet=2 tool=57 mapId=Map1 bindAddress=127.0.0.1 mcpPort=46067 guiPort=44625 approvalPort=44759
03:27:21.671 INFO  io.mosire.simos.app.gui.GuiServer - access GET /api/gm/tool-usage -> 200 0ms remote=127.0.0.1
03:27:21.673 INFO  io.mosire.agentlib.approval.ApprovalHttpEndpoint - 审批 HTTP 面已停止（端口 44759）
03:27:21.673 INFO  io.mosire.agentlib.approval.HttpApprovalChannel - HTTP 审批通道已关闭
03:27:21.722 INFO  io.mosire.agentlib.mcp.AgentToMcpServer - MCP streamable server 已启动: name=simos-shell version=0.1.0-SNAPSHOT 外发工具 57 个 [map.CreateRegion, map.DeleteRegion, map.RandomizeRegion, map.RegisterPathwayGroup, map.SetEdge, map.SetTerrain, map.UpdateRegion, sd.AddCombatStage, sd.CancelEffect, sd.CommitCombatOutcome, sd.CreateArmy, sd.CreateCombat, sd.CreateDecisionMaker, sd.CreateNation, sd.IssueDirective, sd.PutInfo, sd.RecordCasualties, sd.RegisterEffect, sd.ResetDecisionMakerConversation, sd.RunDecision, sd.SetDecisionMakerAccess, sd.SetDecisionMakerProvider, sd.SetStageOutcomeTable, sd.StartDecision, sd.SubmitVerdict, simos.advance, simos.command.catalog, simos.command.submit, simos.fork, simos.map.hex, simos.map.overview, simos.social.population, simos.state.facets, simos.state.resolve, simos.timeline.branches, simos.unit.get, simos.unit.list, unit.ApplyCasualties, unit.AttachUnit, unit.CancelRoute, unit.CreateCommandChain, unit.CreateUnit, unit.DetachUnit, unit.DisbandUnit, unit.MergeFormation, unit.PlaceAt, unit.PlanRoute, unit.PlanSparseRoute, unit.RenameUnit, unit.ReparentSubtree, unit.ReparentUnit, unit.SetFormationOffset, unit.SetRejoinTarget, unit.SetStatus, unit.SetStrength, unit.SplitFormation, unit.UpdateCommandChain]；Registry 共 57 个，未外发 0 个 []
03:27:21.732 INFO  io.mosire.simos.app.gui.GuiServer - GUI 服务器已启动: http://127.0.0.1:45847/（静态 /webui，同源，无 CORS 头）
03:27:21.732 INFO  io.mosire.simos.app.Shell - Shell 装配完成: store=/tmp/junit-5377272803338030708 checkpointInterval=100 codec=4 handler=45 participant=2 resolver=4 facet=2 tool=57 mapId=Map1 bindAddress=127.0.0.1 mcpPort=45659 guiPort=45847 approvalPort=46135
03:27:21.734 INFO  io.mosire.simos.app.gui.GuiServer - access GET /api/gm/tool-usage -> 200 0ms remote=127.0.0.1
03:27:21.735 INFO  io.mosire.agentlib.approval.ApprovalHttpEndpoint - 审批 HTTP 面已停止（端口 46135）
03:27:21.735 INFO  io.mosire.agentlib.approval.HttpApprovalChannel - HTTP 审批通道已关闭
[INFO] Tests run: 7, Failures: 0, Errors: 0, Skipped: 0, Time elapsed: 0.442 s -- in io.mosire.simos.app.gui.GmToolUsageApiTest
[INFO] Running io.mosire.simos.app.gui.GuiApiTest
03:27:21.794 INFO  io.mosire.agentlib.mcp.AgentToMcpServer - MCP streamable server 已启动: name=simos-shell version=0.1.0-SNAPSHOT 外发工具 57 个 [map.CreateRegion, map.DeleteRegion, map.RandomizeRegion, map.RegisterPathwayGroup, map.SetEdge, map.SetTerrain, map.UpdateRegion, sd.AddCombatStage, sd.CancelEffect, sd.CommitCombatOutcome, sd.CreateArmy, sd.CreateCombat, sd.CreateDecisionMaker, sd.CreateNation, sd.IssueDirective, sd.PutInfo, sd.RecordCasualties, sd.RegisterEffect, sd.ResetDecisionMakerConversation, sd.RunDecision, sd.SetDecisionMakerAccess, sd.SetDecisionMakerProvider, sd.SetStageOutcomeTable, sd.StartDecision, sd.SubmitVerdict, simos.advance, simos.command.catalog, simos.command.submit, simos.fork, simos.map.hex, simos.map.overview, simos.social.population, simos.state.facets, simos.state.resolve, simos.timeline.branches, simos.unit.get, simos.unit.list, unit.ApplyCasualties, unit.AttachUnit, unit.CancelRoute, unit.CreateCommandChain, unit.CreateUnit, unit.DetachUnit, unit.DisbandUnit, unit.MergeFormation, unit.PlaceAt, unit.PlanRoute, unit.PlanSparseRoute, unit.RenameUnit, unit.ReparentSubtree, unit.ReparentUnit, unit.SetFormationOffset, unit.SetRejoinTarget, unit.SetStatus, unit.SetStrength, unit.SplitFormation, unit.UpdateCommandChain]；Registry 共 57 个，未外发 0 个 []
03:27:21.803 INFO  io.mosire.simos.app.gui.GuiServer - GUI 服务器已启动: http://127.0.0.1:46439/（静态 /webui，同源，无 CORS 头）
03:27:21.803 INFO  io.mosire.simos.app.Shell - Shell 装配完成: store=/tmp/junit-685736864693076756 checkpointInterval=100 codec=4 handler=45 participant=2 resolver=4 facet=2 tool=57 mapId=Map1 bindAddress=127.0.0.1 mcpPort=45549 guiPort=46439 approvalPort=45459
03:27:21.807 INFO  io.mosire.simos.app.gui.GuiServer - access GET /api/unit/u-1 -> 200 1ms remote=127.0.0.1
03:27:21.809 INFO  io.mosire.simos.app.gui.GuiServer - access GET /api/units -> 200 0ms remote=127.0.0.1
03:27:21.854 INFO  io.mosire.agentlib.approval.ApprovalHttpEndpoint - 审批 HTTP 面已停止（端口 45459）
03:27:21.854 INFO  io.mosire.agentlib.approval.HttpApprovalChannel - HTTP 审批通道已关闭
03:27:21.912 INFO  io.mosire.agentlib.mcp.AgentToMcpServer - MCP streamable server 已启动: name=simos-shell version=0.1.0-SNAPSHOT 外发工具 57 个 [map.CreateRegion, map.DeleteRegion, map.RandomizeRegion, map.RegisterPathwayGroup, map.SetEdge, map.SetTerrain, map.UpdateRegion, sd.AddCombatStage, sd.CancelEffect, sd.CommitCombatOutcome, sd.CreateArmy, sd.CreateCombat, sd.CreateDecisionMaker, sd.CreateNation, sd.IssueDirective, sd.PutInfo, sd.RecordCasualties, sd.RegisterEffect, sd.ResetDecisionMakerConversation, sd.RunDecision, sd.SetDecisionMakerAccess, sd.SetDecisionMakerProvider, sd.SetStageOutcomeTable, sd.StartDecision, sd.SubmitVerdict, simos.advance, simos.command.catalog, simos.command.submit, simos.fork, simos.map.hex, simos.map.overview, simos.social.population, simos.state.facets, simos.state.resolve, simos.timeline.branches, simos.unit.get, simos.unit.list, unit.ApplyCasualties, unit.AttachUnit, unit.CancelRoute, unit.CreateCommandChain, unit.CreateUnit, unit.DetachUnit, unit.DisbandUnit, unit.MergeFormation, unit.PlaceAt, unit.PlanRoute, unit.PlanSparseRoute, unit.RenameUnit, unit.ReparentSubtree, unit.ReparentUnit, unit.SetFormationOffset, unit.SetRejoinTarget, unit.SetStatus, unit.SetStrength, unit.SplitFormation, unit.UpdateCommandChain]；Registry 共 57 个，未外发 0 个 []
03:27:21.922 INFO  io.mosire.simos.app.gui.GuiServer - GUI 服务器已启动: http://127.0.0.1:45865/（静态 /webui，同源，无 CORS 头）
03:27:21.922 INFO  io.mosire.simos.app.Shell - Shell 装配完成: store=/tmp/junit-16054278809784044836 checkpointInterval=100 codec=4 handler=45 participant=2 resolver=4 facet=2 tool=57 mapId=Map1 bindAddress=127.0.0.1 mcpPort=45011 guiPort=45865 approvalPort=46181
03:27:21.925 INFO  io.mosire.simos.app.gui.GuiServer - access GET /api/map/path -> 200 0ms remote=127.0.0.1
03:27:21.926 INFO  io.mosire.agentlib.approval.ApprovalHttpEndpoint - 审批 HTTP 面已停止（端口 46181）
03:27:21.926 INFO  io.mosire.agentlib.approval.HttpApprovalChannel - HTTP 审批通道已关闭
03:27:21.983 INFO  io.mosire.agentlib.mcp.AgentToMcpServer - MCP streamable server 已启动: name=simos-shell version=0.1.0-SNAPSHOT 外发工具 57 个 [map.CreateRegion, map.DeleteRegion, map.RandomizeRegion, map.RegisterPathwayGroup, map.SetEdge, map.SetTerrain, map.UpdateRegion, sd.AddCombatStage, sd.CancelEffect, sd.CommitCombatOutcome, sd.CreateArmy, sd.CreateCombat, sd.CreateDecisionMaker, sd.CreateNation, sd.IssueDirective, sd.PutInfo, sd.RecordCasualties, sd.RegisterEffect, sd.ResetDecisionMakerConversation, sd.RunDecision, sd.SetDecisionMakerAccess, sd.SetDecisionMakerProvider, sd.SetStageOutcomeTable, sd.StartDecision, sd.SubmitVerdict, simos.advance, simos.command.catalog, simos.command.submit, simos.fork, simos.map.hex, simos.map.overview, simos.social.population, simos.state.facets, simos.state.resolve, simos.timeline.branches, simos.unit.get, simos.unit.list, unit.ApplyCasualties, unit.AttachUnit, unit.CancelRoute, unit.CreateCommandChain, unit.CreateUnit, unit.DetachUnit, unit.DisbandUnit, unit.MergeFormation, unit.PlaceAt, unit.PlanRoute, unit.PlanSparseRoute, unit.RenameUnit, unit.ReparentSubtree, unit.ReparentUnit, unit.SetFormationOffset, unit.SetRejoinTarget, unit.SetStatus, unit.SetStrength, unit.SplitFormation, unit.UpdateCommandChain]；Registry 共 57 个，未外发 0 个 []
03:27:21.987 INFO  io.mosire.simos.app.gui.GuiServer - GUI 服务器已启动: http://127.0.0.1:46407/（静态 /webui，同源，无 CORS 头）
03:27:21.987 INFO  io.mosire.simos.app.Shell - Shell 装配完成: store=/tmp/junit-7214500547850431825 checkpointInterval=100 codec=4 handler=45 participant=2 resolver=4 facet=2 tool=57 mapId=Map1 bindAddress=127.0.0.1 mcpPort=44717 guiPort=46407 approvalPort=46575
03:27:21.989 INFO  io.mosire.simos.app.gui.GuiServer - access GET /api/map/overview -> 200 0ms remote=127.0.0.1
03:27:21.990 INFO  io.mosire.agentlib.approval.ApprovalHttpEndpoint - 审批 HTTP 面已停止（端口 46575）
03:27:21.991 INFO  io.mosire.agentlib.approval.HttpApprovalChannel - HTTP 审批通道已关闭
03:27:22.046 INFO  io.mosire.agentlib.mcp.AgentToMcpServer - MCP streamable server 已启动: name=simos-shell version=0.1.0-SNAPSHOT 外发工具 57 个 [map.CreateRegion, map.DeleteRegion, map.RandomizeRegion, map.RegisterPathwayGroup, map.SetEdge, map.SetTerrain, map.UpdateRegion, sd.AddCombatStage, sd.CancelEffect, sd.CommitCombatOutcome, sd.CreateArmy, sd.CreateCombat, sd.CreateDecisionMaker, sd.CreateNation, sd.IssueDirective, sd.PutInfo, sd.RecordCasualties, sd.RegisterEffect, sd.ResetDecisionMakerConversation, sd.RunDecision, sd.SetDecisionMakerAccess, sd.SetDecisionMakerProvider, sd.SetStageOutcomeTable, sd.StartDecision, sd.SubmitVerdict, simos.advance, simos.command.catalog, simos.command.submit, simos.fork, simos.map.hex, simos.map.overview, simos.social.population, simos.state.facets, simos.state.resolve, simos.timeline.branches, simos.unit.get, simos.unit.list, unit.ApplyCasualties, unit.AttachUnit, unit.CancelRoute, unit.CreateCommandChain, unit.CreateUnit, unit.DetachUnit, unit.DisbandUnit, unit.MergeFormation, unit.PlaceAt, unit.PlanRoute, unit.PlanSparseRoute, unit.RenameUnit, unit.ReparentSubtree, unit.ReparentUnit, unit.SetFormationOffset, unit.SetRejoinTarget, unit.SetStatus, unit.SetStrength, unit.SplitFormation, unit.UpdateCommandChain]；Registry 共 57 个，未外发 0 个 []
03:27:22.056 INFO  io.mosire.simos.app.gui.GuiServer - GUI 服务器已启动: http://127.0.0.1:46207/（静态 /webui，同源，无 CORS 头）
03:27:22.056 INFO  io.mosire.simos.app.Shell - Shell 装配完成: store=/tmp/junit-15269511549980132487 checkpointInterval=100 codec=4 handler=45 participant=2 resolver=4 facet=2 tool=57 mapId=Map1 bindAddress=127.0.0.1 mcpPort=45721 guiPort=46207 approvalPort=45413
03:27:22.064 INFO  io.mosire.simos.core.command.CommandBus - 命令提交: type=unit.RenameUnit commandId=36b35e7e-a0d4-430f-9b40-a3451af66825 correlationId=36b35e7e-a0d4-430f-9b40-a3451af66825 新坐标=main@2
03:27:22.064 INFO  io.mosire.simos.app.gui.GuiServer - access POST /api/command -> 200 6ms remote=127.0.0.1
03:27:22.071 INFO  io.mosire.simos.app.gui.GuiServer - access GET /api/unit/u-1 -> 200 0ms remote=127.0.0.1
03:27:22.113 INFO  io.mosire.agentlib.approval.ApprovalHttpEndpoint - 审批 HTTP 面已停止（端口 45413）
03:27:22.113 INFO  io.mosire.agentlib.approval.HttpApprovalChannel - HTTP 审批通道已关闭
03:27:22.174 INFO  io.mosire.agentlib.mcp.AgentToMcpServer - MCP streamable server 已启动: name=simos-shell version=0.1.0-SNAPSHOT 外发工具 57 个 [map.CreateRegion, map.DeleteRegion, map.RandomizeRegion, map.RegisterPathwayGroup, map.SetEdge, map.SetTerrain, map.UpdateRegion, sd.AddCombatStage, sd.CancelEffect, sd.CommitCombatOutcome, sd.CreateArmy, sd.CreateCombat, sd.CreateDecisionMaker, sd.CreateNation, sd.IssueDirective, sd.PutInfo, sd.RecordCasualties, sd.RegisterEffect, sd.ResetDecisionMakerConversation, sd.RunDecision, sd.SetDecisionMakerAccess, sd.SetDecisionMakerProvider, sd.SetStageOutcomeTable, sd.StartDecision, sd.SubmitVerdict, simos.advance, simos.command.catalog, simos.command.submit, simos.fork, simos.map.hex, simos.map.overview, simos.social.population, simos.state.facets, simos.state.resolve, simos.timeline.branches, simos.unit.get, simos.unit.list, unit.ApplyCasualties, unit.AttachUnit, unit.CancelRoute, unit.CreateCommandChain, unit.CreateUnit, unit.DetachUnit, unit.DisbandUnit, unit.MergeFormation, unit.PlaceAt, unit.PlanRoute, unit.PlanSparseRoute, unit.RenameUnit, unit.ReparentSubtree, unit.ReparentUnit, unit.SetFormationOffset, unit.SetRejoinTarget, unit.SetStatus, unit.SetStrength, unit.SplitFormation, unit.UpdateCommandChain]；Registry 共 57 个，未外发 0 个 []
03:27:22.183 INFO  io.mosire.simos.app.gui.GuiServer - GUI 服务器已启动: http://127.0.0.1:45769/（静态 /webui，同源，无 CORS 头）
03:27:22.183 INFO  io.mosire.simos.app.Shell - Shell 装配完成: store=/tmp/junit-12352262922527995666 checkpointInterval=100 codec=4 handler=45 participant=2 resolver=4 facet=2 tool=57 mapId=Map1 bindAddress=127.0.0.1 mcpPort=45437 guiPort=45769 approvalPort=44893
03:27:22.186 INFO  io.mosire.simos.app.gui.GuiServer - access GET /api/map/overview -> 200 1ms remote=127.0.0.1
03:27:22.188 INFO  io.mosire.simos.app.gui.GuiServer - access GET /api/map/overview -> 200 0ms remote=127.0.0.1
03:27:22.233 INFO  io.mosire.agentlib.approval.ApprovalHttpEndpoint - 审批 HTTP 面已停止（端口 44893）
03:27:22.233 INFO  io.mosire.agentlib.approval.HttpApprovalChannel - HTTP 审批通道已关闭
03:27:22.291 INFO  io.mosire.agentlib.mcp.AgentToMcpServer - MCP streamable server 已启动: name=simos-shell version=0.1.0-SNAPSHOT 外发工具 57 个 [map.CreateRegion, map.DeleteRegion, map.RandomizeRegion, map.RegisterPathwayGroup, map.SetEdge, map.SetTerrain, map.UpdateRegion, sd.AddCombatStage, sd.CancelEffect, sd.CommitCombatOutcome, sd.CreateArmy, sd.CreateCombat, sd.CreateDecisionMaker, sd.CreateNation, sd.IssueDirective, sd.PutInfo, sd.RecordCasualties, sd.RegisterEffect, sd.ResetDecisionMakerConversation, sd.RunDecision, sd.SetDecisionMakerAccess, sd.SetDecisionMakerProvider, sd.SetStageOutcomeTable, sd.StartDecision, sd.SubmitVerdict, simos.advance, simos.command.catalog, simos.command.submit, simos.fork, simos.map.hex, simos.map.overview, simos.social.population, simos.state.facets, simos.state.resolve, simos.timeline.branches, simos.unit.get, simos.unit.list, unit.ApplyCasualties, unit.AttachUnit, unit.CancelRoute, unit.CreateCommandChain, unit.CreateUnit, unit.DetachUnit, unit.DisbandUnit, unit.MergeFormation, unit.PlaceAt, unit.PlanRoute, unit.PlanSparseRoute, unit.RenameUnit, unit.ReparentSubtree, unit.ReparentUnit, unit.SetFormationOffset, unit.SetRejoinTarget, unit.SetStatus, unit.SetStrength, unit.SplitFormation, unit.UpdateCommandChain]；Registry 共 57 个，未外发 0 个 []
03:27:22.300 INFO  io.mosire.simos.app.gui.GuiServer - GUI 服务器已启动: http://127.0.0.1:46095/（静态 /webui，同源，无 CORS 头）
03:27:22.300 INFO  io.mosire.simos.app.Shell - Shell 装配完成: store=/tmp/junit-18055706197745683031 checkpointInterval=100 codec=4 handler=45 participant=2 resolver=4 facet=2 tool=57 mapId=Map1 bindAddress=127.0.0.1 mcpPort=46417 guiPort=46095 approvalPort=45953
03:27:22.302 INFO  io.mosire.simos.app.gui.GuiServer - access GET /api/nope -> 404 0ms remote=127.0.0.1
03:27:22.303 INFO  io.mosire.simos.app.gui.GuiServer - access GET /api/command -> 405 0ms remote=127.0.0.1
03:27:22.346 INFO  io.mosire.simos.app.gui.GuiServer - access POST /api/state -> 405 0ms remote=127.0.0.1
03:27:22.394 INFO  io.mosire.simos.app.gui.GuiServer - access POST /api/map/path -> 405 0ms remote=127.0.0.1
03:27:22.438 INFO  io.mosire.agentlib.approval.ApprovalHttpEndpoint - 审批 HTTP 面已停止（端口 45953）
03:27:22.438 INFO  io.mosire.agentlib.approval.HttpApprovalChannel - HTTP 审批通道已关闭
03:27:22.494 INFO  io.mosire.agentlib.mcp.AgentToMcpServer - MCP streamable server 已启动: name=simos-shell version=0.1.0-SNAPSHOT 外发工具 57 个 [map.CreateRegion, map.DeleteRegion, map.RandomizeRegion, map.RegisterPathwayGroup, map.SetEdge, map.SetTerrain, map.UpdateRegion, sd.AddCombatStage, sd.CancelEffect, sd.CommitCombatOutcome, sd.CreateArmy, sd.CreateCombat, sd.CreateDecisionMaker, sd.CreateNation, sd.IssueDirective, sd.PutInfo, sd.RecordCasualties, sd.RegisterEffect, sd.ResetDecisionMakerConversation, sd.RunDecision, sd.SetDecisionMakerAccess, sd.SetDecisionMakerProvider, sd.SetStageOutcomeTable, sd.StartDecision, sd.SubmitVerdict, simos.advance, simos.command.catalog, simos.command.submit, simos.fork, simos.map.hex, simos.map.overview, simos.social.population, simos.state.facets, simos.state.resolve, simos.timeline.branches, simos.unit.get, simos.unit.list, unit.ApplyCasualties, unit.AttachUnit, unit.CancelRoute, unit.CreateCommandChain, unit.CreateUnit, unit.DetachUnit, unit.DisbandUnit, unit.MergeFormation, unit.PlaceAt, unit.PlanRoute, unit.PlanSparseRoute, unit.RenameUnit, unit.ReparentSubtree, unit.ReparentUnit, unit.SetFormationOffset, unit.SetRejoinTarget, unit.SetStatus, unit.SetStrength, unit.SplitFormation, unit.UpdateCommandChain]；Registry 共 57 个，未外发 0 个 []
03:27:22.496 INFO  io.mosire.simos.app.gui.GuiServer - GUI 服务器已启动: http://127.0.0.1:44661/（静态 /webui，同源，无 CORS 头）
03:27:22.496 INFO  io.mosire.simos.app.Shell - Shell 装配完成: store=/tmp/junit-12482160455545967606 checkpointInterval=100 codec=4 handler=45 participant=2 resolver=4 facet=2 tool=57 mapId=Map1 bindAddress=127.0.0.1 mcpPort=45099 guiPort=44661 approvalPort=45221
03:27:22.499 INFO  io.mosire.simos.app.gui.GuiServer - access GET /api/resolve -> 200 0ms remote=127.0.0.1
03:27:22.501 INFO  io.mosire.agentlib.approval.ApprovalHttpEndpoint - 审批 HTTP 面已停止（端口 45221）
03:27:22.501 INFO  io.mosire.agentlib.approval.HttpApprovalChannel - HTTP 审批通道已关闭
03:27:22.551 INFO  io.mosire.agentlib.mcp.AgentToMcpServer - MCP streamable server 已启动: name=simos-shell version=0.1.0-SNAPSHOT 外发工具 57 个 [map.CreateRegion, map.DeleteRegion, map.RandomizeRegion, map.RegisterPathwayGroup, map.SetEdge, map.SetTerrain, map.UpdateRegion, sd.AddCombatStage, sd.CancelEffect, sd.CommitCombatOutcome, sd.CreateArmy, sd.CreateCombat, sd.CreateDecisionMaker, sd.CreateNation, sd.IssueDirective, sd.PutInfo, sd.RecordCasualties, sd.RegisterEffect, sd.ResetDecisionMakerConversation, sd.RunDecision, sd.SetDecisionMakerAccess, sd.SetDecisionMakerProvider, sd.SetStageOutcomeTable, sd.StartDecision, sd.SubmitVerdict, simos.advance, simos.command.catalog, simos.command.submit, simos.fork, simos.map.hex, simos.map.overview, simos.social.population, simos.state.facets, simos.state.resolve, simos.timeline.branches, simos.unit.get, simos.unit.list, unit.ApplyCasualties, unit.AttachUnit, unit.CancelRoute, unit.CreateCommandChain, unit.CreateUnit, unit.DetachUnit, unit.DisbandUnit, unit.MergeFormation, unit.PlaceAt, unit.PlanRoute, unit.PlanSparseRoute, unit.RenameUnit, unit.ReparentSubtree, unit.ReparentUnit, unit.SetFormationOffset, unit.SetRejoinTarget, unit.SetStatus, unit.SetStrength, unit.SplitFormation, unit.UpdateCommandChain]；Registry 共 57 个，未外发 0 个 []
03:27:22.560 INFO  io.mosire.simos.app.gui.GuiServer - GUI 服务器已启动: http://127.0.0.1:45839/（静态 /webui，同源，无 CORS 头）
03:27:22.560 INFO  io.mosire.simos.app.Shell - Shell 装配完成: store=/tmp/junit-8393601383537677597 checkpointInterval=100 codec=4 handler=45 participant=2 resolver=4 facet=2 tool=57 mapId=Map1 bindAddress=127.0.0.1 mcpPort=44707 guiPort=45839 approvalPort=45805
03:27:22.563 INFO  io.mosire.simos.app.gui.GuiServer - access GET /api/facets -> 200 0ms remote=127.0.0.1
03:27:22.564 INFO  io.mosire.agentlib.approval.ApprovalHttpEndpoint - 审批 HTTP 面已停止（端口 45805）
03:27:22.565 INFO  io.mosire.agentlib.approval.HttpApprovalChannel - HTTP 审批通道已关闭
03:27:22.615 INFO  io.mosire.agentlib.mcp.AgentToMcpServer - MCP streamable server 已启动: name=simos-shell version=0.1.0-SNAPSHOT 外发工具 57 个 [map.CreateRegion, map.DeleteRegion, map.RandomizeRegion, map.RegisterPathwayGroup, map.SetEdge, map.SetTerrain, map.UpdateRegion, sd.AddCombatStage, sd.CancelEffect, sd.CommitCombatOutcome, sd.CreateArmy, sd.CreateCombat, sd.CreateDecisionMaker, sd.CreateNation, sd.IssueDirective, sd.PutInfo, sd.RecordCasualties, sd.RegisterEffect, sd.ResetDecisionMakerConversation, sd.RunDecision, sd.SetDecisionMakerAccess, sd.SetDecisionMakerProvider, sd.SetStageOutcomeTable, sd.StartDecision, sd.SubmitVerdict, simos.advance, simos.command.catalog, simos.command.submit, simos.fork, simos.map.hex, simos.map.overview, simos.social.population, simos.state.facets, simos.state.resolve, simos.timeline.branches, simos.unit.get, simos.unit.list, unit.ApplyCasualties, unit.AttachUnit, unit.CancelRoute, unit.CreateCommandChain, unit.CreateUnit, unit.DetachUnit, unit.DisbandUnit, unit.MergeFormation, unit.PlaceAt, unit.PlanRoute, unit.PlanSparseRoute, unit.RenameUnit, unit.ReparentSubtree, unit.ReparentUnit, unit.SetFormationOffset, unit.SetRejoinTarget, unit.SetStatus, unit.SetStrength, unit.SplitFormation, unit.UpdateCommandChain]；Registry 共 57 个，未外发 0 个 []
03:27:22.625 INFO  io.mosire.simos.app.gui.GuiServer - GUI 服务器已启动: http://127.0.0.1:44627/（静态 /webui，同源，无 CORS 头）
03:27:22.625 INFO  io.mosire.simos.app.Shell - Shell 装配完成: store=/tmp/junit-12451903373154346099 checkpointInterval=100 codec=4 handler=45 participant=2 resolver=4 facet=2 tool=57 mapId=Map1 bindAddress=127.0.0.1 mcpPort=46063 guiPort=44627 approvalPort=45141
03:27:22.628 INFO  io.mosire.simos.app.gui.GuiServer - access GET /api/map/hex -> 200 1ms remote=127.0.0.1
03:27:22.629 INFO  io.mosire.simos.app.gui.GuiServer - access GET /api/map/hex -> 200 0ms remote=127.0.0.1
03:27:22.673 INFO  io.mosire.agentlib.approval.ApprovalHttpEndpoint - 审批 HTTP 面已停止（端口 45141）
03:27:22.673 INFO  io.mosire.agentlib.approval.HttpApprovalChannel - HTTP 审批通道已关闭
03:27:22.729 INFO  io.mosire.agentlib.mcp.AgentToMcpServer - MCP streamable server 已启动: name=simos-shell version=0.1.0-SNAPSHOT 外发工具 57 个 [map.CreateRegion, map.DeleteRegion, map.RandomizeRegion, map.RegisterPathwayGroup, map.SetEdge, map.SetTerrain, map.UpdateRegion, sd.AddCombatStage, sd.CancelEffect, sd.CommitCombatOutcome, sd.CreateArmy, sd.CreateCombat, sd.CreateDecisionMaker, sd.CreateNation, sd.IssueDirective, sd.PutInfo, sd.RecordCasualties, sd.RegisterEffect, sd.ResetDecisionMakerConversation, sd.RunDecision, sd.SetDecisionMakerAccess, sd.SetDecisionMakerProvider, sd.SetStageOutcomeTable, sd.StartDecision, sd.SubmitVerdict, simos.advance, simos.command.catalog, simos.command.submit, simos.fork, simos.map.hex, simos.map.overview, simos.social.population, simos.state.facets, simos.state.resolve, simos.timeline.branches, simos.unit.get, simos.unit.list, unit.ApplyCasualties, unit.AttachUnit, unit.CancelRoute, unit.CreateCommandChain, unit.CreateUnit, unit.DetachUnit, unit.DisbandUnit, unit.MergeFormation, unit.PlaceAt, unit.PlanRoute, unit.PlanSparseRoute, unit.RenameUnit, unit.ReparentSubtree, unit.ReparentUnit, unit.SetFormationOffset, unit.SetRejoinTarget, unit.SetStatus, unit.SetStrength, unit.SplitFormation, unit.UpdateCommandChain]；Registry 共 57 个，未外发 0 个 []
03:27:22.738 INFO  io.mosire.simos.app.gui.GuiServer - GUI 服务器已启动: http://127.0.0.1:44851/（静态 /webui，同源，无 CORS 头）
03:27:22.739 INFO  io.mosire.simos.app.Shell - Shell 装配完成: store=/tmp/junit-18002819698019462582 checkpointInterval=100 codec=4 handler=45 participant=2 resolver=4 facet=2 tool=57 mapId=Map1 bindAddress=127.0.0.1 mcpPort=44665 guiPort=44851 approvalPort=45253
03:27:22.742 INFO  io.mosire.simos.app.gui.GuiServer - access GET /api/state -> 200 1ms remote=127.0.0.1
03:27:22.743 INFO  io.mosire.simos.app.gui.GuiServer - access GET /api/map/path -> 200 0ms remote=127.0.0.1
03:27:22.790 INFO  io.mosire.simos.app.gui.GuiServer - access GET /api/map/path -> 200 0ms remote=127.0.0.1
03:27:22.833 INFO  io.mosire.simos.app.gui.GuiServer - access GET /api/state -> 200 0ms remote=127.0.0.1
03:27:22.877 INFO  io.mosire.simos.app.gui.GuiServer - access GET /api/timeline -> 200 0ms remote=127.0.0.1
03:27:22.921 INFO  io.mosire.agentlib.approval.ApprovalHttpEndpoint - 审批 HTTP 面已停止（端口 45253）
03:27:22.922 INFO  io.mosire.agentlib.approval.HttpApprovalChannel - HTTP 审批通道已关闭
03:27:22.981 INFO  io.mosire.agentlib.mcp.AgentToMcpServer - MCP streamable server 已启动: name=simos-shell version=0.1.0-SNAPSHOT 外发工具 57 个 [map.CreateRegion, map.DeleteRegion, map.RandomizeRegion, map.RegisterPathwayGroup, map.SetEdge, map.SetTerrain, map.UpdateRegion, sd.AddCombatStage, sd.CancelEffect, sd.CommitCombatOutcome, sd.CreateArmy, sd.CreateCombat, sd.CreateDecisionMaker, sd.CreateNation, sd.IssueDirective, sd.PutInfo, sd.RecordCasualties, sd.RegisterEffect, sd.ResetDecisionMakerConversation, sd.RunDecision, sd.SetDecisionMakerAccess, sd.SetDecisionMakerProvider, sd.SetStageOutcomeTable, sd.StartDecision, sd.SubmitVerdict, simos.advance, simos.command.catalog, simos.command.submit, simos.fork, simos.map.hex, simos.map.overview, simos.social.population, simos.state.facets, simos.state.resolve, simos.timeline.branches, simos.unit.get, simos.unit.list, unit.ApplyCasualties, unit.AttachUnit, unit.CancelRoute, unit.CreateCommandChain, unit.CreateUnit, unit.DetachUnit, unit.DisbandUnit, unit.MergeFormation, unit.PlaceAt, unit.PlanRoute, unit.PlanSparseRoute, unit.RenameUnit, unit.ReparentSubtree, unit.ReparentUnit, unit.SetFormationOffset, unit.SetRejoinTarget, unit.SetStatus, unit.SetStrength, unit.SplitFormation, unit.UpdateCommandChain]；Registry 共 57 个，未外发 0 个 []
03:27:22.991 INFO  io.mosire.simos.app.gui.GuiServer - GUI 服务器已启动: http://127.0.0.1:44685/（静态 /webui，同源，无 CORS 头）
03:27:22.991 INFO  io.mosire.simos.app.Shell - Shell 装配完成: store=/tmp/junit-4248090438444365017 checkpointInterval=100 codec=4 handler=45 participant=2 resolver=4 facet=2 tool=57 mapId=Map1 bindAddress=127.0.0.1 mcpPort=46295 guiPort=44685 approvalPort=46525
03:27:22.992 INFO  io.mosire.agentlib.approval.ApprovalHttpEndpoint - 审批 HTTP 面已停止（端口 46525）
03:27:22.992 INFO  io.mosire.agentlib.approval.HttpApprovalChannel - HTTP 审批通道已关闭
03:27:23.052 INFO  io.mosire.agentlib.mcp.AgentToMcpServer - MCP streamable server 已启动: name=simos-shell version=0.1.0-SNAPSHOT 外发工具 57 个 [map.CreateRegion, map.DeleteRegion, map.RandomizeRegion, map.RegisterPathwayGroup, map.SetEdge, map.SetTerrain, map.UpdateRegion, sd.AddCombatStage, sd.CancelEffect, sd.CommitCombatOutcome, sd.CreateArmy, sd.CreateCombat, sd.CreateDecisionMaker, sd.CreateNation, sd.IssueDirective, sd.PutInfo, sd.RecordCasualties, sd.RegisterEffect, sd.ResetDecisionMakerConversation, sd.RunDecision, sd.SetDecisionMakerAccess, sd.SetDecisionMakerProvider, sd.SetStageOutcomeTable, sd.StartDecision, sd.SubmitVerdict, simos.advance, simos.command.catalog, simos.command.submit, simos.fork, simos.map.hex, simos.map.overview, simos.social.population, simos.state.facets, simos.state.resolve, simos.timeline.branches, simos.unit.get, simos.unit.list, unit.ApplyCasualties, unit.AttachUnit, unit.CancelRoute, unit.CreateCommandChain, unit.CreateUnit, unit.DetachUnit, unit.DisbandUnit, unit.MergeFormation, unit.PlaceAt, unit.PlanRoute, unit.PlanSparseRoute, unit.RenameUnit, unit.ReparentSubtree, unit.ReparentUnit, unit.SetFormationOffset, unit.SetRejoinTarget, unit.SetStatus, unit.SetStrength, unit.SplitFormation, unit.UpdateCommandChain]；Registry 共 57 个，未外发 0 个 []
03:27:23.062 INFO  io.mosire.simos.app.gui.GuiServer - GUI 服务器已启动: http://127.0.0.1:46311/（静态 /webui，同源，无 CORS 头）
03:27:23.062 INFO  io.mosire.simos.app.Shell - Shell 装配完成: store=/tmp/junit-4639495914215591414 checkpointInterval=100 codec=4 handler=45 participant=2 resolver=4 facet=2 tool=57 mapId=Map1 bindAddress=127.0.0.1 mcpPort=45339 guiPort=46311 approvalPort=44697
03:27:23.065 INFO  io.mosire.simos.app.gui.GuiServer - access GET /api/map/path -> 200 0ms remote=127.0.0.1
03:27:23.073 INFO  io.mosire.simos.core.command.CommandBus - 命令提交: type=unit.PlanRoute commandId=15937f3d-4bad-48ee-b440-2f0129061701 correlationId=15937f3d-4bad-48ee-b440-2f0129061701 新坐标=main@2
03:27:23.073 INFO  io.mosire.simos.app.gui.GuiServer - access POST /api/command -> 200 6ms remote=127.0.0.1
03:27:23.118 INFO  io.mosire.simos.app.gui.GuiServer - access GET /api/unit/u-1 -> 200 1ms remote=127.0.0.1
03:27:23.162 INFO  io.mosire.agentlib.approval.ApprovalHttpEndpoint - 审批 HTTP 面已停止（端口 44697）
03:27:23.162 INFO  io.mosire.agentlib.approval.HttpApprovalChannel - HTTP 审批通道已关闭
03:27:23.224 INFO  io.mosire.agentlib.mcp.AgentToMcpServer - MCP streamable server 已启动: name=simos-shell version=0.1.0-SNAPSHOT 外发工具 57 个 [map.CreateRegion, map.DeleteRegion, map.RandomizeRegion, map.RegisterPathwayGroup, map.SetEdge, map.SetTerrain, map.UpdateRegion, sd.AddCombatStage, sd.CancelEffect, sd.CommitCombatOutcome, sd.CreateArmy, sd.CreateCombat, sd.CreateDecisionMaker, sd.CreateNation, sd.IssueDirective, sd.PutInfo, sd.RecordCasualties, sd.RegisterEffect, sd.ResetDecisionMakerConversation, sd.RunDecision, sd.SetDecisionMakerAccess, sd.SetDecisionMakerProvider, sd.SetStageOutcomeTable, sd.StartDecision, sd.SubmitVerdict, simos.advance, simos.command.catalog, simos.command.submit, simos.fork, simos.map.hex, simos.map.overview, simos.social.population, simos.state.facets, simos.state.resolve, simos.timeline.branches, simos.unit.get, simos.unit.list, unit.ApplyCasualties, unit.AttachUnit, unit.CancelRoute, unit.CreateCommandChain, unit.CreateUnit, unit.DetachUnit, unit.DisbandUnit, unit.MergeFormation, unit.PlaceAt, unit.PlanRoute, unit.PlanSparseRoute, unit.RenameUnit, unit.ReparentSubtree, unit.ReparentUnit, unit.SetFormationOffset, unit.SetRejoinTarget, unit.SetStatus, unit.SetStrength, unit.SplitFormation, unit.UpdateCommandChain]；Registry 共 57 个，未外发 0 个 []
03:27:23.233 INFO  io.mosire.simos.app.gui.GuiServer - GUI 服务器已启动: http://127.0.0.1:45083/（静态 /webui，同源，无 CORS 头）
03:27:23.233 INFO  io.mosire.simos.app.Shell - Shell 装配完成: store=/tmp/junit-8276116850227113098 checkpointInterval=100 codec=4 handler=45 participant=2 resolver=4 facet=2 tool=57 mapId=Map1 bindAddress=127.0.0.1 mcpPort=46359 guiPort=45083 approvalPort=44641
03:27:23.236 INFO  io.mosire.simos.app.gui.GuiServer - access GET /api/map/path -> 200 0ms remote=127.0.0.1
03:27:23.237 INFO  io.mosire.agentlib.approval.ApprovalHttpEndpoint - 审批 HTTP 面已停止（端口 44641）
03:27:23.237 INFO  io.mosire.agentlib.approval.HttpApprovalChannel - HTTP 审批通道已关闭
03:27:23.290 INFO  io.mosire.agentlib.mcp.AgentToMcpServer - MCP streamable server 已启动: name=simos-shell version=0.1.0-SNAPSHOT 外发工具 57 个 [map.CreateRegion, map.DeleteRegion, map.RandomizeRegion, map.RegisterPathwayGroup, map.SetEdge, map.SetTerrain, map.UpdateRegion, sd.AddCombatStage, sd.CancelEffect, sd.CommitCombatOutcome, sd.CreateArmy, sd.CreateCombat, sd.CreateDecisionMaker, sd.CreateNation, sd.IssueDirective, sd.PutInfo, sd.RecordCasualties, sd.RegisterEffect, sd.ResetDecisionMakerConversation, sd.RunDecision, sd.SetDecisionMakerAccess, sd.SetDecisionMakerProvider, sd.SetStageOutcomeTable, sd.StartDecision, sd.SubmitVerdict, simos.advance, simos.command.catalog, simos.command.submit, simos.fork, simos.map.hex, simos.map.overview, simos.social.population, simos.state.facets, simos.state.resolve, simos.timeline.branches, simos.unit.get, simos.unit.list, unit.ApplyCasualties, unit.AttachUnit, unit.CancelRoute, unit.CreateCommandChain, unit.CreateUnit, unit.DetachUnit, unit.DisbandUnit, unit.MergeFormation, unit.PlaceAt, unit.PlanRoute, unit.PlanSparseRoute, unit.RenameUnit, unit.ReparentSubtree, unit.ReparentUnit, unit.SetFormationOffset, unit.SetRejoinTarget, unit.SetStatus, unit.SetStrength, unit.SplitFormation, unit.UpdateCommandChain]；Registry 共 57 个，未外发 0 个 []
03:27:23.299 INFO  io.mosire.simos.app.gui.GuiServer - GUI 服务器已启动: http://127.0.0.1:45799/（静态 /webui，同源，无 CORS 头）
03:27:23.299 INFO  io.mosire.simos.app.Shell - Shell 装配完成: store=/tmp/junit-1394312979442537190 checkpointInterval=100 codec=4 handler=45 participant=2 resolver=4 facet=2 tool=57 mapId=Map1 bindAddress=127.0.0.1 mcpPort=45793 guiPort=45799 approvalPort=45509
03:27:23.302 INFO  io.mosire.simos.app.gui.GuiServer - access GET /api/map/hex -> 200 0ms remote=127.0.0.1
03:27:23.303 INFO  io.mosire.agentlib.approval.ApprovalHttpEndpoint - 审批 HTTP 面已停止（端口 45509）
03:27:23.303 INFO  io.mosire.agentlib.approval.HttpApprovalChannel - HTTP 审批通道已关闭
03:27:23.361 INFO  io.mosire.agentlib.mcp.AgentToMcpServer - MCP streamable server 已启动: name=simos-shell version=0.1.0-SNAPSHOT 外发工具 57 个 [map.CreateRegion, map.DeleteRegion, map.RandomizeRegion, map.RegisterPathwayGroup, map.SetEdge, map.SetTerrain, map.UpdateRegion, sd.AddCombatStage, sd.CancelEffect, sd.CommitCombatOutcome, sd.CreateArmy, sd.CreateCombat, sd.CreateDecisionMaker, sd.CreateNation, sd.IssueDirective, sd.PutInfo, sd.RecordCasualties, sd.RegisterEffect, sd.ResetDecisionMakerConversation, sd.RunDecision, sd.SetDecisionMakerAccess, sd.SetDecisionMakerProvider, sd.SetStageOutcomeTable, sd.StartDecision, sd.SubmitVerdict, simos.advance, simos.command.catalog, simos.command.submit, simos.fork, simos.map.hex, simos.map.overview, simos.social.population, simos.state.facets, simos.state.resolve, simos.timeline.branches, simos.unit.get, simos.unit.list, unit.ApplyCasualties, unit.AttachUnit, unit.CancelRoute, unit.CreateCommandChain, unit.CreateUnit, unit.DetachUnit, unit.DisbandUnit, unit.MergeFormation, unit.PlaceAt, unit.PlanRoute, unit.PlanSparseRoute, unit.RenameUnit, unit.ReparentSubtree, unit.ReparentUnit, unit.SetFormationOffset, unit.SetRejoinTarget, unit.SetStatus, unit.SetStrength, unit.SplitFormation, unit.UpdateCommandChain]；Registry 共 57 个，未外发 0 个 []
03:27:23.370 INFO  io.mosire.simos.app.gui.GuiServer - GUI 服务器已启动: http://127.0.0.1:46059/（静态 /webui，同源，无 CORS 头）
03:27:23.370 INFO  io.mosire.simos.app.Shell - Shell 装配完成: store=/tmp/junit-2852376952630058778 checkpointInterval=100 codec=4 handler=45 participant=2 resolver=4 facet=2 tool=57 mapId=Map1 bindAddress=127.0.0.1 mcpPort=46557 guiPort=46059 approvalPort=45049
03:27:23.373 INFO  io.mosire.simos.app.gui.GuiServer - access GET /api/map/path -> 404 0ms remote=127.0.0.1
03:27:23.374 INFO  io.mosire.agentlib.approval.ApprovalHttpEndpoint - 审批 HTTP 面已停止（端口 45049）
03:27:23.374 INFO  io.mosire.agentlib.approval.HttpApprovalChannel - HTTP 审批通道已关闭
03:27:23.434 INFO  io.mosire.agentlib.mcp.AgentToMcpServer - MCP streamable server 已启动: name=simos-shell version=0.1.0-SNAPSHOT 外发工具 57 个 [map.CreateRegion, map.DeleteRegion, map.RandomizeRegion, map.RegisterPathwayGroup, map.SetEdge, map.SetTerrain, map.UpdateRegion, sd.AddCombatStage, sd.CancelEffect, sd.CommitCombatOutcome, sd.CreateArmy, sd.CreateCombat, sd.CreateDecisionMaker, sd.CreateNation, sd.IssueDirective, sd.PutInfo, sd.RecordCasualties, sd.RegisterEffect, sd.ResetDecisionMakerConversation, sd.RunDecision, sd.SetDecisionMakerAccess, sd.SetDecisionMakerProvider, sd.SetStageOutcomeTable, sd.StartDecision, sd.SubmitVerdict, simos.advance, simos.command.catalog, simos.command.submit, simos.fork, simos.map.hex, simos.map.overview, simos.social.population, simos.state.facets, simos.state.resolve, simos.timeline.branches, simos.unit.get, simos.unit.list, unit.ApplyCasualties, unit.AttachUnit, unit.CancelRoute, unit.CreateCommandChain, unit.CreateUnit, unit.DetachUnit, unit.DisbandUnit, unit.MergeFormation, unit.PlaceAt, unit.PlanRoute, unit.PlanSparseRoute, unit.RenameUnit, unit.ReparentSubtree, unit.ReparentUnit, unit.SetFormationOffset, unit.SetRejoinTarget, unit.SetStatus, unit.SetStrength, unit.SplitFormation, unit.UpdateCommandChain]；Registry 共 57 个，未外发 0 个 []
03:27:23.444 INFO  io.mosire.simos.app.gui.GuiServer - GUI 服务器已启动: http://127.0.0.1:44701/（静态 /webui，同源，无 CORS 头）
03:27:23.444 INFO  io.mosire.simos.app.Shell - Shell 装配完成: store=/tmp/junit-6036943885187419026 checkpointInterval=100 codec=4 handler=45 participant=2 resolver=4 facet=2 tool=57 mapId=Map1 bindAddress=127.0.0.1 mcpPort=45739 guiPort=44701 approvalPort=45849
03:27:23.449 INFO  io.mosire.simos.app.gui.GuiServer - access GET /api/map/overview -> 200 0ms remote=127.0.0.1
03:27:23.451 INFO  io.mosire.agentlib.approval.ApprovalHttpEndpoint - 审批 HTTP 面已停止（端口 45849）
03:27:23.451 INFO  io.mosire.agentlib.approval.HttpApprovalChannel - HTTP 审批通道已关闭
03:27:23.511 INFO  io.mosire.agentlib.mcp.AgentToMcpServer - MCP streamable server 已启动: name=simos-shell version=0.1.0-SNAPSHOT 外发工具 57 个 [map.CreateRegion, map.DeleteRegion, map.RandomizeRegion, map.RegisterPathwayGroup, map.SetEdge, map.SetTerrain, map.UpdateRegion, sd.AddCombatStage, sd.CancelEffect, sd.CommitCombatOutcome, sd.CreateArmy, sd.CreateCombat, sd.CreateDecisionMaker, sd.CreateNation, sd.IssueDirective, sd.PutInfo, sd.RecordCasualties, sd.RegisterEffect, sd.ResetDecisionMakerConversation, sd.RunDecision, sd.SetDecisionMakerAccess, sd.SetDecisionMakerProvider, sd.SetStageOutcomeTable, sd.StartDecision, sd.SubmitVerdict, simos.advance, simos.command.catalog, simos.command.submit, simos.fork, simos.map.hex, simos.map.overview, simos.social.population, simos.state.facets, simos.state.resolve, simos.timeline.branches, simos.unit.get, simos.unit.list, unit.ApplyCasualties, unit.AttachUnit, unit.CancelRoute, unit.CreateCommandChain, unit.CreateUnit, unit.DetachUnit, unit.DisbandUnit, unit.MergeFormation, unit.PlaceAt, unit.PlanRoute, unit.PlanSparseRoute, unit.RenameUnit, unit.ReparentSubtree, unit.ReparentUnit, unit.SetFormationOffset, unit.SetRejoinTarget, unit.SetStatus, unit.SetStrength, unit.SplitFormation, unit.UpdateCommandChain]；Registry 共 57 个，未外发 0 个 []
03:27:23.521 INFO  io.mosire.simos.app.gui.GuiServer - GUI 服务器已启动: http://127.0.0.1:45483/（静态 /webui，同源，无 CORS 头）
03:27:23.521 INFO  io.mosire.simos.app.Shell - Shell 装配完成: store=/tmp/junit-14631476958770332889 checkpointInterval=100 codec=4 handler=45 participant=2 resolver=4 facet=2 tool=57 mapId=Map1 bindAddress=127.0.0.1 mcpPort=46601 guiPort=45483 approvalPort=46387
03:27:23.524 INFO  io.mosire.simos.app.gui.GuiServer - access GET /api/units -> 200 0ms remote=127.0.0.1
03:27:23.525 INFO  io.mosire.simos.app.gui.GuiServer - access GET /api/unit/u-1 -> 200 0ms remote=127.0.0.1
03:27:23.569 INFO  io.mosire.agentlib.approval.ApprovalHttpEndpoint - 审批 HTTP 面已停止（端口 46387）
03:27:23.569 INFO  io.mosire.agentlib.approval.HttpApprovalChannel - HTTP 审批通道已关闭
03:27:23.624 INFO  io.mosire.agentlib.mcp.AgentToMcpServer - MCP streamable server 已启动: name=simos-shell version=0.1.0-SNAPSHOT 外发工具 57 个 [map.CreateRegion, map.DeleteRegion, map.RandomizeRegion, map.RegisterPathwayGroup, map.SetEdge, map.SetTerrain, map.UpdateRegion, sd.AddCombatStage, sd.CancelEffect, sd.CommitCombatOutcome, sd.CreateArmy, sd.CreateCombat, sd.CreateDecisionMaker, sd.CreateNation, sd.IssueDirective, sd.PutInfo, sd.RecordCasualties, sd.RegisterEffect, sd.ResetDecisionMakerConversation, sd.RunDecision, sd.SetDecisionMakerAccess, sd.SetDecisionMakerProvider, sd.SetStageOutcomeTable, sd.StartDecision, sd.SubmitVerdict, simos.advance, simos.command.catalog, simos.command.submit, simos.fork, simos.map.hex, simos.map.overview, simos.social.population, simos.state.facets, simos.state.resolve, simos.timeline.branches, simos.unit.get, simos.unit.list, unit.ApplyCasualties, unit.AttachUnit, unit.CancelRoute, unit.CreateCommandChain, unit.CreateUnit, unit.DetachUnit, unit.DisbandUnit, unit.MergeFormation, unit.PlaceAt, unit.PlanRoute, unit.PlanSparseRoute, unit.RenameUnit, unit.ReparentSubtree, unit.ReparentUnit, unit.SetFormationOffset, unit.SetRejoinTarget, unit.SetStatus, unit.SetStrength, unit.SplitFormation, unit.UpdateCommandChain]；Registry 共 57 个，未外发 0 个 []
03:27:23.633 INFO  io.mosire.simos.app.gui.GuiServer - GUI 服务器已启动: http://127.0.0.1:45893/（静态 /webui，同源，无 CORS 头）
03:27:23.633 INFO  io.mosire.simos.app.Shell - Shell 装配完成: store=/tmp/junit-14996259266139831493 checkpointInterval=100 codec=4 handler=45 participant=2 resolver=4 facet=2 tool=57 mapId=Map1 bindAddress=127.0.0.1 mcpPort=45059 guiPort=45893 approvalPort=46497
03:27:23.636 INFO  io.mosire.simos.app.gui.GuiServer - access GET /api/map/hex -> 200 1ms remote=127.0.0.1
03:27:23.637 INFO  io.mosire.agentlib.approval.ApprovalHttpEndpoint - 审批 HTTP 面已停止（端口 46497）
03:27:23.637 INFO  io.mosire.agentlib.approval.HttpApprovalChannel - HTTP 审批通道已关闭
03:27:23.695 INFO  io.mosire.agentlib.mcp.AgentToMcpServer - MCP streamable server 已启动: name=simos-shell version=0.1.0-SNAPSHOT 外发工具 57 个 [map.CreateRegion, map.DeleteRegion, map.RandomizeRegion, map.RegisterPathwayGroup, map.SetEdge, map.SetTerrain, map.UpdateRegion, sd.AddCombatStage, sd.CancelEffect, sd.CommitCombatOutcome, sd.CreateArmy, sd.CreateCombat, sd.CreateDecisionMaker, sd.CreateNation, sd.IssueDirective, sd.PutInfo, sd.RecordCasualties, sd.RegisterEffect, sd.ResetDecisionMakerConversation, sd.RunDecision, sd.SetDecisionMakerAccess, sd.SetDecisionMakerProvider, sd.SetStageOutcomeTable, sd.StartDecision, sd.SubmitVerdict, simos.advance, simos.command.catalog, simos.command.submit, simos.fork, simos.map.hex, simos.map.overview, simos.social.population, simos.state.facets, simos.state.resolve, simos.timeline.branches, simos.unit.get, simos.unit.list, unit.ApplyCasualties, unit.AttachUnit, unit.CancelRoute, unit.CreateCommandChain, unit.CreateUnit, unit.DetachUnit, unit.DisbandUnit, unit.MergeFormation, unit.PlaceAt, unit.PlanRoute, unit.PlanSparseRoute, unit.RenameUnit, unit.ReparentSubtree, unit.ReparentUnit, unit.SetFormationOffset, unit.SetRejoinTarget, unit.SetStatus, unit.SetStrength, unit.SplitFormation, unit.UpdateCommandChain]；Registry 共 57 个，未外发 0 个 []
03:27:23.705 INFO  io.mosire.simos.app.gui.GuiServer - GUI 服务器已启动: http://127.0.0.1:46419/（静态 /webui，同源，无 CORS 头）
03:27:23.705 INFO  io.mosire.simos.app.Shell - Shell 装配完成: store=/tmp/junit-13306421964722057847 checkpointInterval=100 codec=4 handler=45 participant=2 resolver=4 facet=2 tool=57 mapId=Map1 bindAddress=127.0.0.1 mcpPort=46089 guiPort=46419 approvalPort=46241
03:27:23.714 INFO  io.mosire.simos.app.gui.GuiServer - access GET /api/timeline -> 200 0ms remote=127.0.0.1
03:27:23.716 INFO  io.mosire.simos.app.gui.GuiServer - access GET /api/timeline -> 200 0ms remote=127.0.0.1
03:27:23.762 INFO  io.mosire.simos.app.gui.GuiServer - access GET /api/timeline -> 404 0ms remote=127.0.0.1
03:27:23.806 INFO  io.mosire.agentlib.approval.ApprovalHttpEndpoint - 审批 HTTP 面已停止（端口 46241）
03:27:23.806 INFO  io.mosire.agentlib.approval.HttpApprovalChannel - HTTP 审批通道已关闭
03:27:23.863 INFO  io.mosire.agentlib.mcp.AgentToMcpServer - MCP streamable server 已启动: name=simos-shell version=0.1.0-SNAPSHOT 外发工具 57 个 [map.CreateRegion, map.DeleteRegion, map.RandomizeRegion, map.RegisterPathwayGroup, map.SetEdge, map.SetTerrain, map.UpdateRegion, sd.AddCombatStage, sd.CancelEffect, sd.CommitCombatOutcome, sd.CreateArmy, sd.CreateCombat, sd.CreateDecisionMaker, sd.CreateNation, sd.IssueDirective, sd.PutInfo, sd.RecordCasualties, sd.RegisterEffect, sd.ResetDecisionMakerConversation, sd.RunDecision, sd.SetDecisionMakerAccess, sd.SetDecisionMakerProvider, sd.SetStageOutcomeTable, sd.StartDecision, sd.SubmitVerdict, simos.advance, simos.command.catalog, simos.command.submit, simos.fork, simos.map.hex, simos.map.overview, simos.social.population, simos.state.facets, simos.state.resolve, simos.timeline.branches, simos.unit.get, simos.unit.list, unit.ApplyCasualties, unit.AttachUnit, unit.CancelRoute, unit.CreateCommandChain, unit.CreateUnit, unit.DetachUnit, unit.DisbandUnit, unit.MergeFormation, unit.PlaceAt, unit.PlanRoute, unit.PlanSparseRoute, unit.RenameUnit, unit.ReparentSubtree, unit.ReparentUnit, unit.SetFormationOffset, unit.SetRejoinTarget, unit.SetStatus, unit.SetStrength, unit.SplitFormation, unit.UpdateCommandChain]；Registry 共 57 个，未外发 0 个 []
03:27:23.872 INFO  io.mosire.simos.app.gui.GuiServer - GUI 服务器已启动: http://127.0.0.1:45263/（静态 /webui，同源，无 CORS 头）
03:27:23.872 INFO  io.mosire.simos.app.Shell - Shell 装配完成: store=/tmp/junit-2170093349220405199 checkpointInterval=100 codec=4 handler=45 participant=2 resolver=4 facet=2 tool=57 mapId=Map1 bindAddress=127.0.0.1 mcpPort=45297 guiPort=45263 approvalPort=44765
03:27:23.880 INFO  io.mosire.simos.core.command.CommandBus - 命令提交: type=unit.PlanRoute commandId=232c9094-c429-4523-81a3-63d176829726 correlationId=232c9094-c429-4523-81a3-63d176829726 新坐标=main@2
03:27:23.880 INFO  io.mosire.simos.app.gui.GuiServer - access POST /api/command -> 200 5ms remote=127.0.0.1
03:27:23.882 INFO  io.mosire.simos.app.gui.GuiServer - access GET /api/unit/u-1 -> 200 0ms remote=127.0.0.1
03:27:23.925 INFO  io.mosire.simos.app.gui.GuiServer - access GET /api/units -> 200 0ms remote=127.0.0.1
03:27:23.970 INFO  io.mosire.agentlib.approval.ApprovalHttpEndpoint - 审批 HTTP 面已停止（端口 44765）
03:27:23.970 INFO  io.mosire.agentlib.approval.HttpApprovalChannel - HTTP 审批通道已关闭
03:27:24.029 INFO  io.mosire.agentlib.mcp.AgentToMcpServer - MCP streamable server 已启动: name=simos-shell version=0.1.0-SNAPSHOT 外发工具 57 个 [map.CreateRegion, map.DeleteRegion, map.RandomizeRegion, map.RegisterPathwayGroup, map.SetEdge, map.SetTerrain, map.UpdateRegion, sd.AddCombatStage, sd.CancelEffect, sd.CommitCombatOutcome, sd.CreateArmy, sd.CreateCombat, sd.CreateDecisionMaker, sd.CreateNation, sd.IssueDirective, sd.PutInfo, sd.RecordCasualties, sd.RegisterEffect, sd.ResetDecisionMakerConversation, sd.RunDecision, sd.SetDecisionMakerAccess, sd.SetDecisionMakerProvider, sd.SetStageOutcomeTable, sd.StartDecision, sd.SubmitVerdict, simos.advance, simos.command.catalog, simos.command.submit, simos.fork, simos.map.hex, simos.map.overview, simos.social.population, simos.state.facets, simos.state.resolve, simos.timeline.branches, simos.unit.get, simos.unit.list, unit.ApplyCasualties, unit.AttachUnit, unit.CancelRoute, unit.CreateCommandChain, unit.CreateUnit, unit.DetachUnit, unit.DisbandUnit, unit.MergeFormation, unit.PlaceAt, unit.PlanRoute, unit.PlanSparseRoute, unit.RenameUnit, unit.ReparentSubtree, unit.ReparentUnit, unit.SetFormationOffset, unit.SetRejoinTarget, unit.SetStatus, unit.SetStrength, unit.SplitFormation, unit.UpdateCommandChain]；Registry 共 57 个，未外发 0 个 []
03:27:24.040 INFO  io.mosire.simos.app.gui.GuiServer - GUI 服务器已启动: http://127.0.0.1:45583/（静态 /webui，同源，无 CORS 头）
03:27:24.040 INFO  io.mosire.simos.app.Shell - Shell 装配完成: store=/tmp/junit-15325338462817872485 checkpointInterval=100 codec=4 handler=45 participant=2 resolver=4 facet=2 tool=57 mapId=Map1 bindAddress=127.0.0.1 mcpPort=45231 guiPort=45583 approvalPort=45529
03:27:24.043 INFO  io.mosire.simos.app.gui.GuiServer - access GET /api/state -> 200 0ms remote=127.0.0.1
03:27:24.043 INFO  io.mosire.agentlib.approval.ApprovalHttpEndpoint - 审批 HTTP 面已停止（端口 45529）
03:27:24.044 INFO  io.mosire.agentlib.approval.HttpApprovalChannel - HTTP 审批通道已关闭
03:27:24.098 INFO  io.mosire.agentlib.mcp.AgentToMcpServer - MCP streamable server 已启动: name=simos-shell version=0.1.0-SNAPSHOT 外发工具 57 个 [map.CreateRegion, map.DeleteRegion, map.RandomizeRegion, map.RegisterPathwayGroup, map.SetEdge, map.SetTerrain, map.UpdateRegion, sd.AddCombatStage, sd.CancelEffect, sd.CommitCombatOutcome, sd.CreateArmy, sd.CreateCombat, sd.CreateDecisionMaker, sd.CreateNation, sd.IssueDirective, sd.PutInfo, sd.RecordCasualties, sd.RegisterEffect, sd.ResetDecisionMakerConversation, sd.RunDecision, sd.SetDecisionMakerAccess, sd.SetDecisionMakerProvider, sd.SetStageOutcomeTable, sd.StartDecision, sd.SubmitVerdict, simos.advance, simos.command.catalog, simos.command.submit, simos.fork, simos.map.hex, simos.map.overview, simos.social.population, simos.state.facets, simos.state.resolve, simos.timeline.branches, simos.unit.get, simos.unit.list, unit.ApplyCasualties, unit.AttachUnit, unit.CancelRoute, unit.CreateCommandChain, unit.CreateUnit, unit.DetachUnit, unit.DisbandUnit, unit.MergeFormation, unit.PlaceAt, unit.PlanRoute, unit.PlanSparseRoute, unit.RenameUnit, unit.ReparentSubtree, unit.ReparentUnit, unit.SetFormationOffset, unit.SetRejoinTarget, unit.SetStatus, unit.SetStrength, unit.SplitFormation, unit.UpdateCommandChain]；Registry 共 57 个，未外发 0 个 []
03:27:24.108 INFO  io.mosire.simos.app.gui.GuiServer - GUI 服务器已启动: http://127.0.0.1:46529/（静态 /webui，同源，无 CORS 头）
03:27:24.108 INFO  io.mosire.simos.app.Shell - Shell 装配完成: store=/tmp/junit-17012210680349340423 checkpointInterval=100 codec=4 handler=45 participant=2 resolver=4 facet=2 tool=57 mapId=Map1 bindAddress=127.0.0.1 mcpPort=45867 guiPort=46529 approvalPort=45571
03:27:24.110 INFO  io.mosire.simos.app.gui.GuiServer - access GET /api/social/population -> 200 0ms remote=127.0.0.1
03:27:24.111 INFO  io.mosire.agentlib.approval.ApprovalHttpEndpoint - 审批 HTTP 面已停止（端口 45571）
03:27:24.111 INFO  io.mosire.agentlib.approval.HttpApprovalChannel - HTTP 审批通道已关闭
03:27:24.164 INFO  io.mosire.agentlib.mcp.AgentToMcpServer - MCP streamable server 已启动: name=simos-shell version=0.1.0-SNAPSHOT 外发工具 57 个 [map.CreateRegion, map.DeleteRegion, map.RandomizeRegion, map.RegisterPathwayGroup, map.SetEdge, map.SetTerrain, map.UpdateRegion, sd.AddCombatStage, sd.CancelEffect, sd.CommitCombatOutcome, sd.CreateArmy, sd.CreateCombat, sd.CreateDecisionMaker, sd.CreateNation, sd.IssueDirective, sd.PutInfo, sd.RecordCasualties, sd.RegisterEffect, sd.ResetDecisionMakerConversation, sd.RunDecision, sd.SetDecisionMakerAccess, sd.SetDecisionMakerProvider, sd.SetStageOutcomeTable, sd.StartDecision, sd.SubmitVerdict, simos.advance, simos.command.catalog, simos.command.submit, simos.fork, simos.map.hex, simos.map.overview, simos.social.population, simos.state.facets, simos.state.resolve, simos.timeline.branches, simos.unit.get, simos.unit.list, unit.ApplyCasualties, unit.AttachUnit, unit.CancelRoute, unit.CreateCommandChain, unit.CreateUnit, unit.DetachUnit, unit.DisbandUnit, unit.MergeFormation, unit.PlaceAt, unit.PlanRoute, unit.PlanSparseRoute, unit.RenameUnit, unit.ReparentSubtree, unit.ReparentUnit, unit.SetFormationOffset, unit.SetRejoinTarget, unit.SetStatus, unit.SetStrength, unit.SplitFormation, unit.UpdateCommandChain]；Registry 共 57 个，未外发 0 个 []
03:27:24.174 INFO  io.mosire.simos.app.gui.GuiServer - GUI 服务器已启动: http://127.0.0.1:45665/（静态 /webui，同源，无 CORS 头）
03:27:24.174 INFO  io.mosire.simos.app.Shell - Shell 装配完成: store=/tmp/junit-8044517998449796690 checkpointInterval=100 codec=4 handler=45 participant=2 resolver=4 facet=2 tool=57 mapId=Map1 bindAddress=127.0.0.1 mcpPort=46517 guiPort=45665 approvalPort=45369
03:27:24.178 INFO  io.mosire.simos.app.gui.GuiServer - access GET /api/approvals -> 200 2ms remote=127.0.0.1
03:27:24.220 INFO  io.mosire.simos.app.gui.GuiServer - access POST /api/approvals/ap-nope -> 404 41ms remote=127.0.0.1
03:27:24.266 INFO  io.mosire.simos.app.gui.GuiServer - access GET /api/approvals/ap-nope -> 405 0ms remote=127.0.0.1
03:27:24.267 INFO  io.mosire.agentlib.approval.ApprovalHttpEndpoint - 审批 HTTP 面已停止（端口 45369）
03:27:24.267 INFO  io.mosire.agentlib.approval.HttpApprovalChannel - HTTP 审批通道已关闭
03:27:24.327 INFO  io.mosire.agentlib.mcp.AgentToMcpServer - MCP streamable server 已启动: name=simos-shell version=0.1.0-SNAPSHOT 外发工具 57 个 [map.CreateRegion, map.DeleteRegion, map.RandomizeRegion, map.RegisterPathwayGroup, map.SetEdge, map.SetTerrain, map.UpdateRegion, sd.AddCombatStage, sd.CancelEffect, sd.CommitCombatOutcome, sd.CreateArmy, sd.CreateCombat, sd.CreateDecisionMaker, sd.CreateNation, sd.IssueDirective, sd.PutInfo, sd.RecordCasualties, sd.RegisterEffect, sd.ResetDecisionMakerConversation, sd.RunDecision, sd.SetDecisionMakerAccess, sd.SetDecisionMakerProvider, sd.SetStageOutcomeTable, sd.StartDecision, sd.SubmitVerdict, simos.advance, simos.command.catalog, simos.command.submit, simos.fork, simos.map.hex, simos.map.overview, simos.social.population, simos.state.facets, simos.state.resolve, simos.timeline.branches, simos.unit.get, simos.unit.list, unit.ApplyCasualties, unit.AttachUnit, unit.CancelRoute, unit.CreateCommandChain, unit.CreateUnit, unit.DetachUnit, unit.DisbandUnit, unit.MergeFormation, unit.PlaceAt, unit.PlanRoute, unit.PlanSparseRoute, unit.RenameUnit, unit.ReparentSubtree, unit.ReparentUnit, unit.SetFormationOffset, unit.SetRejoinTarget, unit.SetStatus, unit.SetStrength, unit.SplitFormation, unit.UpdateCommandChain]；Registry 共 57 个，未外发 0 个 []
03:27:24.337 INFO  io.mosire.simos.app.gui.GuiServer - GUI 服务器已启动: http://127.0.0.1:44855/（静态 /webui，同源，无 CORS 头）
03:27:24.337 INFO  io.mosire.simos.app.Shell - Shell 装配完成: store=/tmp/junit-7644989856717241910 checkpointInterval=100 codec=4 handler=45 participant=2 resolver=4 facet=2 tool=57 mapId=Map1 bindAddress=127.0.0.1 mcpPort=45705 guiPort=44855 approvalPort=45455
03:27:24.340 INFO  io.mosire.simos.app.gui.GuiServer - access GET /api/map/overview -> 200 0ms remote=127.0.0.1
03:27:24.342 INFO  io.mosire.simos.app.gui.GuiServer - access GET /api/map/hex -> 200 0ms remote=127.0.0.1
03:27:24.386 INFO  io.mosire.agentlib.approval.ApprovalHttpEndpoint - 审批 HTTP 面已停止（端口 45455）
03:27:24.386 INFO  io.mosire.agentlib.approval.HttpApprovalChannel - HTTP 审批通道已关闭
03:27:24.443 INFO  io.mosire.agentlib.mcp.AgentToMcpServer - MCP streamable server 已启动: name=simos-shell version=0.1.0-SNAPSHOT 外发工具 57 个 [map.CreateRegion, map.DeleteRegion, map.RandomizeRegion, map.RegisterPathwayGroup, map.SetEdge, map.SetTerrain, map.UpdateRegion, sd.AddCombatStage, sd.CancelEffect, sd.CommitCombatOutcome, sd.CreateArmy, sd.CreateCombat, sd.CreateDecisionMaker, sd.CreateNation, sd.IssueDirective, sd.PutInfo, sd.RecordCasualties, sd.RegisterEffect, sd.ResetDecisionMakerConversation, sd.RunDecision, sd.SetDecisionMakerAccess, sd.SetDecisionMakerProvider, sd.SetStageOutcomeTable, sd.StartDecision, sd.SubmitVerdict, simos.advance, simos.command.catalog, simos.command.submit, simos.fork, simos.map.hex, simos.map.overview, simos.social.population, simos.state.facets, simos.state.resolve, simos.timeline.branches, simos.unit.get, simos.unit.list, unit.ApplyCasualties, unit.AttachUnit, unit.CancelRoute, unit.CreateCommandChain, unit.CreateUnit, unit.DetachUnit, unit.DisbandUnit, unit.MergeFormation, unit.PlaceAt, unit.PlanRoute, unit.PlanSparseRoute, unit.RenameUnit, unit.ReparentSubtree, unit.ReparentUnit, unit.SetFormationOffset, unit.SetRejoinTarget, unit.SetStatus, unit.SetStrength, unit.SplitFormation, unit.UpdateCommandChain]；Registry 共 57 个，未外发 0 个 []
03:27:24.453 INFO  io.mosire.simos.app.gui.GuiServer - GUI 服务器已启动: http://127.0.0.1:44893/（静态 /webui，同源，无 CORS 头）
03:27:24.453 INFO  io.mosire.simos.app.Shell - Shell 装配完成: store=/tmp/junit-13525432587268481808 checkpointInterval=100 codec=4 handler=45 participant=2 resolver=4 facet=2 tool=57 mapId=Map1 bindAddress=127.0.0.1 mcpPort=45569 guiPort=44893 approvalPort=45429
03:27:24.455 INFO  io.mosire.simos.app.gui.GuiServer - access GET / -> 200 0ms remote=127.0.0.1
03:27:24.457 INFO  io.mosire.simos.app.gui.GuiServer - access GET /nope -> 404 0ms remote=127.0.0.1
03:27:24.501 INFO  io.mosire.agentlib.approval.ApprovalHttpEndpoint - 审批 HTTP 面已停止（端口 45429）
03:27:24.501 INFO  io.mosire.agentlib.approval.HttpApprovalChannel - HTTP 审批通道已关闭
03:27:24.555 INFO  io.mosire.agentlib.mcp.AgentToMcpServer - MCP streamable server 已启动: name=simos-shell version=0.1.0-SNAPSHOT 外发工具 57 个 [map.CreateRegion, map.DeleteRegion, map.RandomizeRegion, map.RegisterPathwayGroup, map.SetEdge, map.SetTerrain, map.UpdateRegion, sd.AddCombatStage, sd.CancelEffect, sd.CommitCombatOutcome, sd.CreateArmy, sd.CreateCombat, sd.CreateDecisionMaker, sd.CreateNation, sd.IssueDirective, sd.PutInfo, sd.RecordCasualties, sd.RegisterEffect, sd.ResetDecisionMakerConversation, sd.RunDecision, sd.SetDecisionMakerAccess, sd.SetDecisionMakerProvider, sd.SetStageOutcomeTable, sd.StartDecision, sd.SubmitVerdict, simos.advance, simos.command.catalog, simos.command.submit, simos.fork, simos.map.hex, simos.map.overview, simos.social.population, simos.state.facets, simos.state.resolve, simos.timeline.branches, simos.unit.get, simos.unit.list, unit.ApplyCasualties, unit.AttachUnit, unit.CancelRoute, unit.CreateCommandChain, unit.CreateUnit, unit.DetachUnit, unit.DisbandUnit, unit.MergeFormation, unit.PlaceAt, unit.PlanRoute, unit.PlanSparseRoute, unit.RenameUnit, unit.ReparentSubtree, unit.ReparentUnit, unit.SetFormationOffset, unit.SetRejoinTarget, unit.SetStatus, unit.SetStrength, unit.SplitFormation, unit.UpdateCommandChain]；Registry 共 57 个，未外发 0 个 []
03:27:24.565 INFO  io.mosire.simos.app.gui.GuiServer - GUI 服务器已启动: http://127.0.0.1:45571/（静态 /webui，同源，无 CORS 头）
03:27:24.565 INFO  io.mosire.simos.app.Shell - Shell 装配完成: store=/tmp/junit-1424515323245617465 checkpointInterval=100 codec=4 handler=45 participant=2 resolver=4 facet=2 tool=57 mapId=Map1 bindAddress=127.0.0.1 mcpPort=45729 guiPort=45571 approvalPort=45047
03:27:24.568 INFO  io.mosire.simos.app.gui.GuiServer - access GET /api/map/region/r-1 -> 200 1ms remote=127.0.0.1
03:27:24.570 INFO  io.mosire.simos.app.gui.GuiServer - access GET /api/map/region/r-ghost -> 404 0ms remote=127.0.0.1
03:27:24.613 INFO  io.mosire.agentlib.approval.ApprovalHttpEndpoint - 审批 HTTP 面已停止（端口 45047）
03:27:24.613 INFO  io.mosire.agentlib.approval.HttpApprovalChannel - HTTP 审批通道已关闭
03:27:24.673 INFO  io.mosire.agentlib.mcp.AgentToMcpServer - MCP streamable server 已启动: name=simos-shell version=0.1.0-SNAPSHOT 外发工具 57 个 [map.CreateRegion, map.DeleteRegion, map.RandomizeRegion, map.RegisterPathwayGroup, map.SetEdge, map.SetTerrain, map.UpdateRegion, sd.AddCombatStage, sd.CancelEffect, sd.CommitCombatOutcome, sd.CreateArmy, sd.CreateCombat, sd.CreateDecisionMaker, sd.CreateNation, sd.IssueDirective, sd.PutInfo, sd.RecordCasualties, sd.RegisterEffect, sd.ResetDecisionMakerConversation, sd.RunDecision, sd.SetDecisionMakerAccess, sd.SetDecisionMakerProvider, sd.SetStageOutcomeTable, sd.StartDecision, sd.SubmitVerdict, simos.advance, simos.command.catalog, simos.command.submit, simos.fork, simos.map.hex, simos.map.overview, simos.social.population, simos.state.facets, simos.state.resolve, simos.timeline.branches, simos.unit.get, simos.unit.list, unit.ApplyCasualties, unit.AttachUnit, unit.CancelRoute, unit.CreateCommandChain, unit.CreateUnit, unit.DetachUnit, unit.DisbandUnit, unit.MergeFormation, unit.PlaceAt, unit.PlanRoute, unit.PlanSparseRoute, unit.RenameUnit, unit.ReparentSubtree, unit.ReparentUnit, unit.SetFormationOffset, unit.SetRejoinTarget, unit.SetStatus, unit.SetStrength, unit.SplitFormation, unit.UpdateCommandChain]；Registry 共 57 个，未外发 0 个 []
03:27:24.681 INFO  io.mosire.simos.app.gui.GuiServer - GUI 服务器已启动: http://127.0.0.1:46123/（静态 /webui，同源，无 CORS 头）
03:27:24.681 INFO  io.mosire.simos.app.Shell - Shell 装配完成: store=/tmp/junit-1068884667727261685 checkpointInterval=100 codec=4 handler=45 participant=2 resolver=4 facet=2 tool=57 mapId=Map1 bindAddress=127.0.0.1 mcpPort=46627 guiPort=46123 approvalPort=44993
03:27:24.683 INFO  io.mosire.simos.app.gui.GuiServer - access GET /api/map/hex -> 200 0ms remote=127.0.0.1
03:27:24.684 INFO  io.mosire.agentlib.approval.ApprovalHttpEndpoint - 审批 HTTP 面已停止（端口 44993）
03:27:24.684 INFO  io.mosire.agentlib.approval.HttpApprovalChannel - HTTP 审批通道已关闭
[INFO] Tests run: 27, Failures: 0, Errors: 0, Skipped: 0, Time elapsed: 2.947 s -- in io.mosire.simos.app.gui.GuiApiTest
[INFO] Running io.mosire.simos.app.gui.RedactionApiTest
03:27:24.740 INFO  io.mosire.agentlib.mcp.AgentToMcpServer - MCP streamable server 已启动: name=simos-shell version=0.1.0-SNAPSHOT 外发工具 57 个 [map.CreateRegion, map.DeleteRegion, map.RandomizeRegion, map.RegisterPathwayGroup, map.SetEdge, map.SetTerrain, map.UpdateRegion, sd.AddCombatStage, sd.CancelEffect, sd.CommitCombatOutcome, sd.CreateArmy, sd.CreateCombat, sd.CreateDecisionMaker, sd.CreateNation, sd.IssueDirective, sd.PutInfo, sd.RecordCasualties, sd.RegisterEffect, sd.ResetDecisionMakerConversation, sd.RunDecision, sd.SetDecisionMakerAccess, sd.SetDecisionMakerProvider, sd.SetStageOutcomeTable, sd.StartDecision, sd.SubmitVerdict, simos.advance, simos.command.catalog, simos.command.submit, simos.fork, simos.map.hex, simos.map.overview, simos.social.population, simos.state.facets, simos.state.resolve, simos.timeline.branches, simos.unit.get, simos.unit.list, unit.ApplyCasualties, unit.AttachUnit, unit.CancelRoute, unit.CreateCommandChain, unit.CreateUnit, unit.DetachUnit, unit.DisbandUnit, unit.MergeFormation, unit.PlaceAt, unit.PlanRoute, unit.PlanSparseRoute, unit.RenameUnit, unit.ReparentSubtree, unit.ReparentUnit, unit.SetFormationOffset, unit.SetRejoinTarget, unit.SetStatus, unit.SetStrength, unit.SplitFormation, unit.UpdateCommandChain]；Registry 共 57 个，未外发 0 个 []
03:27:24.750 INFO  io.mosire.simos.app.gui.GuiServer - GUI 服务器已启动: http://127.0.0.1:45171/（静态 /webui，同源，无 CORS 头）
03:27:24.750 INFO  io.mosire.simos.app.Shell - Shell 装配完成: store=/tmp/junit-6951379496982630568 checkpointInterval=100 codec=4 handler=45 participant=2 resolver=4 facet=2 tool=57 mapId=Map1 bindAddress=127.0.0.1 mcpPort=44733 guiPort=45171 approvalPort=46359
03:27:24.754 INFO  io.mosire.simos.app.gui.GuiServer - access GET /api/map/hex -> 404 1ms remote=127.0.0.1
03:27:24.755 INFO  io.mosire.simos.app.gui.GuiServer - access GET /api/map/hex -> 200 0ms remote=127.0.0.1
03:27:24.797 INFO  io.mosire.agentlib.approval.ApprovalHttpEndpoint - 审批 HTTP 面已停止（端口 46359）
03:27:24.797 INFO  io.mosire.agentlib.approval.HttpApprovalChannel - HTTP 审批通道已关闭
03:27:24.855 INFO  io.mosire.agentlib.mcp.AgentToMcpServer - MCP streamable server 已启动: name=simos-shell version=0.1.0-SNAPSHOT 外发工具 57 个 [map.CreateRegion, map.DeleteRegion, map.RandomizeRegion, map.RegisterPathwayGroup, map.SetEdge, map.SetTerrain, map.UpdateRegion, sd.AddCombatStage, sd.CancelEffect, sd.CommitCombatOutcome, sd.CreateArmy, sd.CreateCombat, sd.CreateDecisionMaker, sd.CreateNation, sd.IssueDirective, sd.PutInfo, sd.RecordCasualties, sd.RegisterEffect, sd.ResetDecisionMakerConversation, sd.RunDecision, sd.SetDecisionMakerAccess, sd.SetDecisionMakerProvider, sd.SetStageOutcomeTable, sd.StartDecision, sd.SubmitVerdict, simos.advance, simos.command.catalog, simos.command.submit, simos.fork, simos.map.hex, simos.map.overview, simos.social.population, simos.state.facets, simos.state.resolve, simos.timeline.branches, simos.unit.get, simos.unit.list, unit.ApplyCasualties, unit.AttachUnit, unit.CancelRoute, unit.CreateCommandChain, unit.CreateUnit, unit.DetachUnit, unit.DisbandUnit, unit.MergeFormation, unit.PlaceAt, unit.PlanRoute, unit.PlanSparseRoute, unit.RenameUnit, unit.ReparentSubtree, unit.ReparentUnit, unit.SetFormationOffset, unit.SetRejoinTarget, unit.SetStatus, unit.SetStrength, unit.SplitFormation, unit.UpdateCommandChain]；Registry 共 57 个，未外发 0 个 []
03:27:24.864 INFO  io.mosire.simos.app.gui.GuiServer - GUI 服务器已启动: http://127.0.0.1:44635/（静态 /webui，同源，无 CORS 头）
03:27:24.864 INFO  io.mosire.simos.app.Shell - Shell 装配完成: store=/tmp/junit-11243863274811113152 checkpointInterval=100 codec=4 handler=45 participant=2 resolver=4 facet=2 tool=57 mapId=Map1 bindAddress=127.0.0.1 mcpPort=45513 guiPort=44635 approvalPort=45949
03:27:24.867 INFO  io.mosire.simos.app.gui.GuiServer - access GET /api/state -> 200 1ms remote=127.0.0.1
03:27:24.868 INFO  io.mosire.simos.app.gui.GuiServer - access GET /api/state -> 200 0ms remote=127.0.0.1
03:27:24.913 INFO  io.mosire.agentlib.approval.ApprovalHttpEndpoint - 审批 HTTP 面已停止（端口 45949）
03:27:24.913 INFO  io.mosire.agentlib.approval.HttpApprovalChannel - HTTP 审批通道已关闭
03:27:24.967 INFO  io.mosire.agentlib.mcp.AgentToMcpServer - MCP streamable server 已启动: name=simos-shell version=0.1.0-SNAPSHOT 外发工具 57 个 [map.CreateRegion, map.DeleteRegion, map.RandomizeRegion, map.RegisterPathwayGroup, map.SetEdge, map.SetTerrain, map.UpdateRegion, sd.AddCombatStage, sd.CancelEffect, sd.CommitCombatOutcome, sd.CreateArmy, sd.CreateCombat, sd.CreateDecisionMaker, sd.CreateNation, sd.IssueDirective, sd.PutInfo, sd.RecordCasualties, sd.RegisterEffect, sd.ResetDecisionMakerConversation, sd.RunDecision, sd.SetDecisionMakerAccess, sd.SetDecisionMakerProvider, sd.SetStageOutcomeTable, sd.StartDecision, sd.SubmitVerdict, simos.advance, simos.command.catalog, simos.command.submit, simos.fork, simos.map.hex, simos.map.overview, simos.social.population, simos.state.facets, simos.state.resolve, simos.timeline.branches, simos.unit.get, simos.unit.list, unit.ApplyCasualties, unit.AttachUnit, unit.CancelRoute, unit.CreateCommandChain, unit.CreateUnit, unit.DetachUnit, unit.DisbandUnit, unit.MergeFormation, unit.PlaceAt, unit.PlanRoute, unit.PlanSparseRoute, unit.RenameUnit, unit.ReparentSubtree, unit.ReparentUnit, unit.SetFormationOffset, unit.SetRejoinTarget, unit.SetStatus, unit.SetStrength, unit.SplitFormation, unit.UpdateCommandChain]；Registry 共 57 个，未外发 0 个 []
03:27:24.977 INFO  io.mosire.simos.app.gui.GuiServer - GUI 服务器已启动: http://127.0.0.1:46185/（静态 /webui，同源，无 CORS 头）
03:27:24.977 INFO  io.mosire.simos.app.Shell - Shell 装配完成: store=/tmp/junit-12626493948625943772 checkpointInterval=100 codec=4 handler=45 participant=2 resolver=4 facet=2 tool=57 mapId=Map1 bindAddress=127.0.0.1 mcpPort=45509 guiPort=46185 approvalPort=45841
03:27:24.980 INFO  io.mosire.simos.app.gui.GuiServer - access GET /api/units -> 200 1ms remote=127.0.0.1
03:27:24.981 INFO  io.mosire.simos.app.gui.GuiServer - access GET /api/units -> 200 0ms remote=127.0.0.1
03:27:25.025 INFO  io.mosire.agentlib.approval.ApprovalHttpEndpoint - 审批 HTTP 面已停止（端口 45841）
03:27:25.025 INFO  io.mosire.agentlib.approval.HttpApprovalChannel - HTTP 审批通道已关闭
03:27:25.084 INFO  io.mosire.agentlib.mcp.AgentToMcpServer - MCP streamable server 已启动: name=simos-shell version=0.1.0-SNAPSHOT 外发工具 57 个 [map.CreateRegion, map.DeleteRegion, map.RandomizeRegion, map.RegisterPathwayGroup, map.SetEdge, map.SetTerrain, map.UpdateRegion, sd.AddCombatStage, sd.CancelEffect, sd.CommitCombatOutcome, sd.CreateArmy, sd.CreateCombat, sd.CreateDecisionMaker, sd.CreateNation, sd.IssueDirective, sd.PutInfo, sd.RecordCasualties, sd.RegisterEffect, sd.ResetDecisionMakerConversation, sd.RunDecision, sd.SetDecisionMakerAccess, sd.SetDecisionMakerProvider, sd.SetStageOutcomeTable, sd.StartDecision, sd.SubmitVerdict, simos.advance, simos.command.catalog, simos.command.submit, simos.fork, simos.map.hex, simos.map.overview, simos.social.population, simos.state.facets, simos.state.resolve, simos.timeline.branches, simos.unit.get, simos.unit.list, unit.ApplyCasualties, unit.AttachUnit, unit.CancelRoute, unit.CreateCommandChain, unit.CreateUnit, unit.DetachUnit, unit.DisbandUnit, unit.MergeFormation, unit.PlaceAt, unit.PlanRoute, unit.PlanSparseRoute, unit.RenameUnit, unit.ReparentSubtree, unit.ReparentUnit, unit.SetFormationOffset, unit.SetRejoinTarget, unit.SetStatus, unit.SetStrength, unit.SplitFormation, unit.UpdateCommandChain]；Registry 共 57 个，未外发 0 个 []
03:27:25.094 INFO  io.mosire.simos.app.gui.GuiServer - GUI 服务器已启动: http://127.0.0.1:46479/（静态 /webui，同源，无 CORS 头）
03:27:25.094 INFO  io.mosire.simos.app.Shell - Shell 装配完成: store=/tmp/junit-16416814408160398588 checkpointInterval=100 codec=4 handler=45 participant=2 resolver=4 facet=2 tool=57 mapId=Map1 bindAddress=127.0.0.1 mcpPort=46581 guiPort=46479 approvalPort=46607
03:27:25.097 INFO  io.mosire.simos.app.gui.GuiServer - access GET /api/unit/u-1 -> 200 1ms remote=127.0.0.1
03:27:25.098 INFO  io.mosire.simos.app.gui.GuiServer - access GET /api/unit/u-1 -> 200 0ms remote=127.0.0.1
03:27:25.141 INFO  io.mosire.agentlib.approval.ApprovalHttpEndpoint - 审批 HTTP 面已停止（端口 46607）
03:27:25.141 INFO  io.mosire.agentlib.approval.HttpApprovalChannel - HTTP 审批通道已关闭
03:27:25.196 INFO  io.mosire.agentlib.mcp.AgentToMcpServer - MCP streamable server 已启动: name=simos-shell version=0.1.0-SNAPSHOT 外发工具 57 个 [map.CreateRegion, map.DeleteRegion, map.RandomizeRegion, map.RegisterPathwayGroup, map.SetEdge, map.SetTerrain, map.UpdateRegion, sd.AddCombatStage, sd.CancelEffect, sd.CommitCombatOutcome, sd.CreateArmy, sd.CreateCombat, sd.CreateDecisionMaker, sd.CreateNation, sd.IssueDirective, sd.PutInfo, sd.RecordCasualties, sd.RegisterEffect, sd.ResetDecisionMakerConversation, sd.RunDecision, sd.SetDecisionMakerAccess, sd.SetDecisionMakerProvider, sd.SetStageOutcomeTable, sd.StartDecision, sd.SubmitVerdict, simos.advance, simos.command.catalog, simos.command.submit, simos.fork, simos.map.hex, simos.map.overview, simos.social.population, simos.state.facets, simos.state.resolve, simos.timeline.branches, simos.unit.get, simos.unit.list, unit.ApplyCasualties, unit.AttachUnit, unit.CancelRoute, unit.CreateCommandChain, unit.CreateUnit, unit.DetachUnit, unit.DisbandUnit, unit.MergeFormation, unit.PlaceAt, unit.PlanRoute, unit.PlanSparseRoute, unit.RenameUnit, unit.ReparentSubtree, unit.ReparentUnit, unit.SetFormationOffset, unit.SetRejoinTarget, unit.SetStatus, unit.SetStrength, unit.SplitFormation, unit.UpdateCommandChain]；Registry 共 57 个，未外发 0 个 []
03:27:25.206 INFO  io.mosire.simos.app.gui.GuiServer - GUI 服务器已启动: http://127.0.0.1:45611/（静态 /webui，同源，无 CORS 头）
03:27:25.206 INFO  io.mosire.simos.app.Shell - Shell 装配完成: store=/tmp/junit-9925736192525597897 checkpointInterval=100 codec=4 handler=45 participant=2 resolver=4 facet=2 tool=57 mapId=Map1 bindAddress=127.0.0.1 mcpPort=46225 guiPort=45611 approvalPort=46195
03:27:25.209 INFO  io.mosire.simos.app.gui.GuiServer - access GET /api/sd/verdicts -> 200 0ms remote=127.0.0.1
03:27:25.210 INFO  io.mosire.agentlib.approval.ApprovalHttpEndpoint - 审批 HTTP 面已停止（端口 46195）
03:27:25.211 INFO  io.mosire.agentlib.approval.HttpApprovalChannel - HTTP 审批通道已关闭
03:27:25.263 INFO  io.mosire.agentlib.mcp.AgentToMcpServer - MCP streamable server 已启动: name=simos-shell version=0.1.0-SNAPSHOT 外发工具 57 个 [map.CreateRegion, map.DeleteRegion, map.RandomizeRegion, map.RegisterPathwayGroup, map.SetEdge, map.SetTerrain, map.UpdateRegion, sd.AddCombatStage, sd.CancelEffect, sd.CommitCombatOutcome, sd.CreateArmy, sd.CreateCombat, sd.CreateDecisionMaker, sd.CreateNation, sd.IssueDirective, sd.PutInfo, sd.RecordCasualties, sd.RegisterEffect, sd.ResetDecisionMakerConversation, sd.RunDecision, sd.SetDecisionMakerAccess, sd.SetDecisionMakerProvider, sd.SetStageOutcomeTable, sd.StartDecision, sd.SubmitVerdict, simos.advance, simos.command.catalog, simos.command.submit, simos.fork, simos.map.hex, simos.map.overview, simos.social.population, simos.state.facets, simos.state.resolve, simos.timeline.branches, simos.unit.get, simos.unit.list, unit.ApplyCasualties, unit.AttachUnit, unit.CancelRoute, unit.CreateCommandChain, unit.CreateUnit, unit.DetachUnit, unit.DisbandUnit, unit.MergeFormation, unit.PlaceAt, unit.PlanRoute, unit.PlanSparseRoute, unit.RenameUnit, unit.ReparentSubtree, unit.ReparentUnit, unit.SetFormationOffset, unit.SetRejoinTarget, unit.SetStatus, unit.SetStrength, unit.SplitFormation, unit.UpdateCommandChain]；Registry 共 57 个，未外发 0 个 []
03:27:25.274 INFO  io.mosire.simos.app.gui.GuiServer - GUI 服务器已启动: http://127.0.0.1:44989/（静态 /webui，同源，无 CORS 头）
03:27:25.274 INFO  io.mosire.simos.app.Shell - Shell 装配完成: store=/tmp/junit-17140228584312353423 checkpointInterval=100 codec=4 handler=45 participant=2 resolver=4 facet=2 tool=57 mapId=Map1 bindAddress=127.0.0.1 mcpPort=45415 guiPort=44989 approvalPort=45399
03:27:25.275 INFO  io.mosire.simos.app.gui.GuiServer - access GET /api/map/path -> 400 0ms remote=127.0.0.1
03:27:25.277 INFO  io.mosire.simos.app.gui.GuiServer - access GET /api/sd/decision-makers -> 400 0ms remote=127.0.0.1
03:27:25.321 INFO  io.mosire.simos.app.gui.GuiServer - access GET /api/sd/decision-makers/dm-full -> 400 0ms remote=127.0.0.1
03:27:25.365 INFO  io.mosire.agentlib.approval.ApprovalHttpEndpoint - 审批 HTTP 面已停止（端口 45399）
03:27:25.365 INFO  io.mosire.agentlib.approval.HttpApprovalChannel - HTTP 审批通道已关闭
03:27:25.419 INFO  io.mosire.agentlib.mcp.AgentToMcpServer - MCP streamable server 已启动: name=simos-shell version=0.1.0-SNAPSHOT 外发工具 57 个 [map.CreateRegion, map.DeleteRegion, map.RandomizeRegion, map.RegisterPathwayGroup, map.SetEdge, map.SetTerrain, map.UpdateRegion, sd.AddCombatStage, sd.CancelEffect, sd.CommitCombatOutcome, sd.CreateArmy, sd.CreateCombat, sd.CreateDecisionMaker, sd.CreateNation, sd.IssueDirective, sd.PutInfo, sd.RecordCasualties, sd.RegisterEffect, sd.ResetDecisionMakerConversation, sd.RunDecision, sd.SetDecisionMakerAccess, sd.SetDecisionMakerProvider, sd.SetStageOutcomeTable, sd.StartDecision, sd.SubmitVerdict, simos.advance, simos.command.catalog, simos.command.submit, simos.fork, simos.map.hex, simos.map.overview, simos.social.population, simos.state.facets, simos.state.resolve, simos.timeline.branches, simos.unit.get, simos.unit.list, unit.ApplyCasualties, unit.AttachUnit, unit.CancelRoute, unit.CreateCommandChain, unit.CreateUnit, unit.DetachUnit, unit.DisbandUnit, unit.MergeFormation, unit.PlaceAt, unit.PlanRoute, unit.PlanSparseRoute, unit.RenameUnit, unit.ReparentSubtree, unit.ReparentUnit, unit.SetFormationOffset, unit.SetRejoinTarget, unit.SetStatus, unit.SetStrength, unit.SplitFormation, unit.UpdateCommandChain]；Registry 共 57 个，未外发 0 个 []
03:27:25.428 INFO  io.mosire.simos.app.gui.GuiServer - GUI 服务器已启动: http://127.0.0.1:46233/（静态 /webui，同源，无 CORS 头）
03:27:25.428 INFO  io.mosire.simos.app.Shell - Shell 装配完成: store=/tmp/junit-5413619963952138584 checkpointInterval=100 codec=4 handler=45 participant=2 resolver=4 facet=2 tool=57 mapId=Map1 bindAddress=127.0.0.1 mcpPort=45501 guiPort=46233 approvalPort=45899
03:27:25.431 INFO  io.mosire.simos.app.gui.GuiServer - access GET /api/unit/u-1 -> 200 1ms remote=127.0.0.1
03:27:25.432 INFO  io.mosire.simos.app.gui.GuiServer - access GET /api/unit/u-1 -> 404 0ms remote=127.0.0.1
03:27:25.478 INFO  io.mosire.simos.app.gui.GuiServer - access GET /api/units -> 200 0ms remote=127.0.0.1
03:27:25.522 INFO  io.mosire.agentlib.approval.ApprovalHttpEndpoint - 审批 HTTP 面已停止（端口 45899）
03:27:25.523 INFO  io.mosire.agentlib.approval.HttpApprovalChannel - HTTP 审批通道已关闭
03:27:25.579 INFO  io.mosire.agentlib.mcp.AgentToMcpServer - MCP streamable server 已启动: name=simos-shell version=0.1.0-SNAPSHOT 外发工具 57 个 [map.CreateRegion, map.DeleteRegion, map.RandomizeRegion, map.RegisterPathwayGroup, map.SetEdge, map.SetTerrain, map.UpdateRegion, sd.AddCombatStage, sd.CancelEffect, sd.CommitCombatOutcome, sd.CreateArmy, sd.CreateCombat, sd.CreateDecisionMaker, sd.CreateNation, sd.IssueDirective, sd.PutInfo, sd.RecordCasualties, sd.RegisterEffect, sd.ResetDecisionMakerConversation, sd.RunDecision, sd.SetDecisionMakerAccess, sd.SetDecisionMakerProvider, sd.SetStageOutcomeTable, sd.StartDecision, sd.SubmitVerdict, simos.advance, simos.command.catalog, simos.command.submit, simos.fork, simos.map.hex, simos.map.overview, simos.social.population, simos.state.facets, simos.state.resolve, simos.timeline.branches, simos.unit.get, simos.unit.list, unit.ApplyCasualties, unit.AttachUnit, unit.CancelRoute, unit.CreateCommandChain, unit.CreateUnit, unit.DetachUnit, unit.DisbandUnit, unit.MergeFormation, unit.PlaceAt, unit.PlanRoute, unit.PlanSparseRoute, unit.RenameUnit, unit.ReparentSubtree, unit.ReparentUnit, unit.SetFormationOffset, unit.SetRejoinTarget, unit.SetStatus, unit.SetStrength, unit.SplitFormation, unit.UpdateCommandChain]；Registry 共 57 个，未外发 0 个 []
03:27:25.588 INFO  io.mosire.simos.app.gui.GuiServer - GUI 服务器已启动: http://127.0.0.1:46505/（静态 /webui，同源，无 CORS 头）
03:27:25.589 INFO  io.mosire.simos.app.Shell - Shell 装配完成: store=/tmp/junit-5307227684008366429 checkpointInterval=100 codec=4 handler=45 participant=2 resolver=4 facet=2 tool=57 mapId=Map1 bindAddress=127.0.0.1 mcpPort=45711 guiPort=46505 approvalPort=45415
03:27:25.592 INFO  io.mosire.simos.app.gui.GuiServer - access GET /api/units -> 200 0ms remote=127.0.0.1
03:27:25.593 INFO  io.mosire.simos.app.gui.GuiServer - access GET /api/units -> 200 0ms remote=127.0.0.1
03:27:25.638 INFO  io.mosire.agentlib.approval.ApprovalHttpEndpoint - 审批 HTTP 面已停止（端口 45415）
03:27:25.638 INFO  io.mosire.agentlib.approval.HttpApprovalChannel - HTTP 审批通道已关闭
03:27:25.692 INFO  io.mosire.agentlib.mcp.AgentToMcpServer - MCP streamable server 已启动: name=simos-shell version=0.1.0-SNAPSHOT 外发工具 57 个 [map.CreateRegion, map.DeleteRegion, map.RandomizeRegion, map.RegisterPathwayGroup, map.SetEdge, map.SetTerrain, map.UpdateRegion, sd.AddCombatStage, sd.CancelEffect, sd.CommitCombatOutcome, sd.CreateArmy, sd.CreateCombat, sd.CreateDecisionMaker, sd.CreateNation, sd.IssueDirective, sd.PutInfo, sd.RecordCasualties, sd.RegisterEffect, sd.ResetDecisionMakerConversation, sd.RunDecision, sd.SetDecisionMakerAccess, sd.SetDecisionMakerProvider, sd.SetStageOutcomeTable, sd.StartDecision, sd.SubmitVerdict, simos.advance, simos.command.catalog, simos.command.submit, simos.fork, simos.map.hex, simos.map.overview, simos.social.population, simos.state.facets, simos.state.resolve, simos.timeline.branches, simos.unit.get, simos.unit.list, unit.ApplyCasualties, unit.AttachUnit, unit.CancelRoute, unit.CreateCommandChain, unit.CreateUnit, unit.DetachUnit, unit.DisbandUnit, unit.MergeFormation, unit.PlaceAt, unit.PlanRoute, unit.PlanSparseRoute, unit.RenameUnit, unit.ReparentSubtree, unit.ReparentUnit, unit.SetFormationOffset, unit.SetRejoinTarget, unit.SetStatus, unit.SetStrength, unit.SplitFormation, unit.UpdateCommandChain]；Registry 共 57 个，未外发 0 个 []
03:27:25.702 INFO  io.mosire.simos.app.gui.GuiServer - GUI 服务器已启动: http://127.0.0.1:45389/（静态 /webui，同源，无 CORS 头）
03:27:25.702 INFO  io.mosire.simos.app.Shell - Shell 装配完成: store=/tmp/junit-8861950853801739743 checkpointInterval=100 codec=4 handler=45 participant=2 resolver=4 facet=2 tool=57 mapId=Map1 bindAddress=127.0.0.1 mcpPort=45489 guiPort=45389 approvalPort=44831
03:27:25.705 INFO  io.mosire.simos.app.gui.GuiServer - access GET /api/map/overview -> 200 1ms remote=127.0.0.1
03:27:25.706 INFO  io.mosire.simos.app.gui.GuiServer - access GET /api/map/overview -> 200 0ms remote=127.0.0.1
03:27:25.753 INFO  io.mosire.simos.app.gui.GuiServer - access GET /api/map/hex -> 404 0ms remote=127.0.0.1
03:27:25.797 INFO  io.mosire.agentlib.approval.ApprovalHttpEndpoint - 审批 HTTP 面已停止（端口 44831）
03:27:25.797 INFO  io.mosire.agentlib.approval.HttpApprovalChannel - HTTP 审批通道已关闭
03:27:25.854 INFO  io.mosire.agentlib.mcp.AgentToMcpServer - MCP streamable server 已启动: name=simos-shell version=0.1.0-SNAPSHOT 外发工具 57 个 [map.CreateRegion, map.DeleteRegion, map.RandomizeRegion, map.RegisterPathwayGroup, map.SetEdge, map.SetTerrain, map.UpdateRegion, sd.AddCombatStage, sd.CancelEffect, sd.CommitCombatOutcome, sd.CreateArmy, sd.CreateCombat, sd.CreateDecisionMaker, sd.CreateNation, sd.IssueDirective, sd.PutInfo, sd.RecordCasualties, sd.RegisterEffect, sd.ResetDecisionMakerConversation, sd.RunDecision, sd.SetDecisionMakerAccess, sd.SetDecisionMakerProvider, sd.SetStageOutcomeTable, sd.StartDecision, sd.SubmitVerdict, simos.advance, simos.command.catalog, simos.command.submit, simos.fork, simos.map.hex, simos.map.overview, simos.social.population, simos.state.facets, simos.state.resolve, simos.timeline.branches, simos.unit.get, simos.unit.list, unit.ApplyCasualties, unit.AttachUnit, unit.CancelRoute, unit.CreateCommandChain, unit.CreateUnit, unit.DetachUnit, unit.DisbandUnit, unit.MergeFormation, unit.PlaceAt, unit.PlanRoute, unit.PlanSparseRoute, unit.RenameUnit, unit.ReparentSubtree, unit.ReparentUnit, unit.SetFormationOffset, unit.SetRejoinTarget, unit.SetStatus, unit.SetStrength, unit.SplitFormation, unit.UpdateCommandChain]；Registry 共 57 个，未外发 0 个 []
03:27:25.863 INFO  io.mosire.simos.app.gui.GuiServer - GUI 服务器已启动: http://127.0.0.1:45231/（静态 /webui，同源，无 CORS 头）
03:27:25.864 INFO  io.mosire.simos.app.Shell - Shell 装配完成: store=/tmp/junit-2126853595281378085 checkpointInterval=100 codec=4 handler=45 participant=2 resolver=4 facet=2 tool=57 mapId=Map1 bindAddress=127.0.0.1 mcpPort=45965 guiPort=45231 approvalPort=45773
03:27:25.866 INFO  io.mosire.simos.app.gui.GuiServer - access GET /api/sd/verdicts -> 200 0ms remote=127.0.0.1
03:27:25.867 INFO  io.mosire.simos.app.gui.GuiServer - access GET /api/sd/verdicts -> 200 0ms remote=127.0.0.1
03:27:25.909 INFO  io.mosire.simos.app.gui.GuiServer - access GET /api/sd/verdicts -> 200 0ms remote=127.0.0.1
03:27:25.953 INFO  io.mosire.agentlib.approval.ApprovalHttpEndpoint - 审批 HTTP 面已停止（端口 45773）
03:27:25.953 INFO  io.mosire.agentlib.approval.HttpApprovalChannel - HTTP 审批通道已关闭
03:27:26.013 INFO  io.mosire.agentlib.mcp.AgentToMcpServer - MCP streamable server 已启动: name=simos-shell version=0.1.0-SNAPSHOT 外发工具 57 个 [map.CreateRegion, map.DeleteRegion, map.RandomizeRegion, map.RegisterPathwayGroup, map.SetEdge, map.SetTerrain, map.UpdateRegion, sd.AddCombatStage, sd.CancelEffect, sd.CommitCombatOutcome, sd.CreateArmy, sd.CreateCombat, sd.CreateDecisionMaker, sd.CreateNation, sd.IssueDirective, sd.PutInfo, sd.RecordCasualties, sd.RegisterEffect, sd.ResetDecisionMakerConversation, sd.RunDecision, sd.SetDecisionMakerAccess, sd.SetDecisionMakerProvider, sd.SetStageOutcomeTable, sd.StartDecision, sd.SubmitVerdict, simos.advance, simos.command.catalog, simos.command.submit, simos.fork, simos.map.hex, simos.map.overview, simos.social.population, simos.state.facets, simos.state.resolve, simos.timeline.branches, simos.unit.get, simos.unit.list, unit.ApplyCasualties, unit.AttachUnit, unit.CancelRoute, unit.CreateCommandChain, unit.CreateUnit, unit.DetachUnit, unit.DisbandUnit, unit.MergeFormation, unit.PlaceAt, unit.PlanRoute, unit.PlanSparseRoute, unit.RenameUnit, unit.ReparentSubtree, unit.ReparentUnit, unit.SetFormationOffset, unit.SetRejoinTarget, unit.SetStatus, unit.SetStrength, unit.SplitFormation, unit.UpdateCommandChain]；Registry 共 57 个，未外发 0 个 []
03:27:26.022 INFO  io.mosire.simos.app.gui.GuiServer - GUI 服务器已启动: http://127.0.0.1:45357/（静态 /webui，同源，无 CORS 头）
03:27:26.022 INFO  io.mosire.simos.app.Shell - Shell 装配完成: store=/tmp/junit-1535310801832461097 checkpointInterval=100 codec=4 handler=45 participant=2 resolver=4 facet=2 tool=57 mapId=Map1 bindAddress=127.0.0.1 mcpPort=44819 guiPort=45357 approvalPort=46465
03:27:26.025 INFO  io.mosire.simos.app.gui.GuiServer - access GET /api/unit/u-1 -> 404 0ms remote=127.0.0.1
03:27:26.026 INFO  io.mosire.agentlib.approval.ApprovalHttpEndpoint - 审批 HTTP 面已停止（端口 46465）
03:27:26.026 INFO  io.mosire.agentlib.approval.HttpApprovalChannel - HTTP 审批通道已关闭
03:27:26.095 INFO  io.mosire.agentlib.mcp.AgentToMcpServer - MCP streamable server 已启动: name=simos-shell version=0.1.0-SNAPSHOT 外发工具 57 个 [map.CreateRegion, map.DeleteRegion, map.RandomizeRegion, map.RegisterPathwayGroup, map.SetEdge, map.SetTerrain, map.UpdateRegion, sd.AddCombatStage, sd.CancelEffect, sd.CommitCombatOutcome, sd.CreateArmy, sd.CreateCombat, sd.CreateDecisionMaker, sd.CreateNation, sd.IssueDirective, sd.PutInfo, sd.RecordCasualties, sd.RegisterEffect, sd.ResetDecisionMakerConversation, sd.RunDecision, sd.SetDecisionMakerAccess, sd.SetDecisionMakerProvider, sd.SetStageOutcomeTable, sd.StartDecision, sd.SubmitVerdict, simos.advance, simos.command.catalog, simos.command.submit, simos.fork, simos.map.hex, simos.map.overview, simos.social.population, simos.state.facets, simos.state.resolve, simos.timeline.branches, simos.unit.get, simos.unit.list, unit.ApplyCasualties, unit.AttachUnit, unit.CancelRoute, unit.CreateCommandChain, unit.CreateUnit, unit.DetachUnit, unit.DisbandUnit, unit.MergeFormation, unit.PlaceAt, unit.PlanRoute, unit.PlanSparseRoute, unit.RenameUnit, unit.ReparentSubtree, unit.ReparentUnit, unit.SetFormationOffset, unit.SetRejoinTarget, unit.SetStatus, unit.SetStrength, unit.SplitFormation, unit.UpdateCommandChain]；Registry 共 57 个，未外发 0 个 []
03:27:26.104 INFO  io.mosire.simos.app.gui.GuiServer - GUI 服务器已启动: http://127.0.0.1:44681/（静态 /webui，同源，无 CORS 头）
03:27:26.104 INFO  io.mosire.simos.app.Shell - Shell 装配完成: store=/tmp/junit-14720756581517869939 checkpointInterval=100 codec=4 handler=45 participant=2 resolver=4 facet=2 tool=57 mapId=Map1 bindAddress=127.0.0.1 mcpPort=45061 guiPort=44681 approvalPort=45213
03:27:26.107 INFO  io.mosire.simos.app.gui.GuiServer - access GET /api/sd/decision-makers -> 200 0ms remote=127.0.0.1
03:27:26.108 INFO  io.mosire.simos.app.gui.GuiServer - access GET /api/map/path -> 200 0ms remote=127.0.0.1
03:27:26.153 INFO  io.mosire.agentlib.approval.ApprovalHttpEndpoint - 审批 HTTP 面已停止（端口 45213）
03:27:26.153 INFO  io.mosire.agentlib.approval.HttpApprovalChannel - HTTP 审批通道已关闭
[INFO] Tests run: 12, Failures: 0, Errors: 0, Skipped: 0, Time elapsed: 1.471 s -- in io.mosire.simos.app.gui.RedactionApiTest
[INFO] Running io.mosire.simos.app.AppWritePathGuardTest
[INFO] Tests run: 2, Failures: 0, Errors: 0, Skipped: 0, Time elapsed: 0.013 s -- in io.mosire.simos.app.AppWritePathGuardTest
[INFO] Running io.mosire.simos.app.SdRegionDeleteGuardEndToEndTest
03:27:26.233 INFO  io.mosire.agentlib.mcp.AgentToMcpServer - MCP streamable server 已启动: name=simos-shell version=0.1.0-SNAPSHOT 外发工具 57 个 [map.CreateRegion, map.DeleteRegion, map.RandomizeRegion, map.RegisterPathwayGroup, map.SetEdge, map.SetTerrain, map.UpdateRegion, sd.AddCombatStage, sd.CancelEffect, sd.CommitCombatOutcome, sd.CreateArmy, sd.CreateCombat, sd.CreateDecisionMaker, sd.CreateNation, sd.IssueDirective, sd.PutInfo, sd.RecordCasualties, sd.RegisterEffect, sd.ResetDecisionMakerConversation, sd.RunDecision, sd.SetDecisionMakerAccess, sd.SetDecisionMakerProvider, sd.SetStageOutcomeTable, sd.StartDecision, sd.SubmitVerdict, simos.advance, simos.command.catalog, simos.command.submit, simos.fork, simos.map.hex, simos.map.overview, simos.social.population, simos.state.facets, simos.state.resolve, simos.timeline.branches, simos.unit.get, simos.unit.list, unit.ApplyCasualties, unit.AttachUnit, unit.CancelRoute, unit.CreateCommandChain, unit.CreateUnit, unit.DetachUnit, unit.DisbandUnit, unit.MergeFormation, unit.PlaceAt, unit.PlanRoute, unit.PlanSparseRoute, unit.RenameUnit, unit.ReparentSubtree, unit.ReparentUnit, unit.SetFormationOffset, unit.SetRejoinTarget, unit.SetStatus, unit.SetStrength, unit.SplitFormation, unit.UpdateCommandChain]；Registry 共 57 个，未外发 0 个 []
03:27:26.242 INFO  io.mosire.simos.app.gui.GuiServer - GUI 服务器已启动: http://127.0.0.1:45111/（静态 /webui，同源，无 CORS 头）
03:27:26.242 INFO  io.mosire.simos.app.Shell - Shell 装配完成: store=/tmp/junit-1906339037063443686 checkpointInterval=100 codec=4 handler=45 participant=2 resolver=4 facet=2 tool=57 mapId=Map1 bindAddress=127.0.0.1 mcpPort=46667 guiPort=45111 approvalPort=46517
03:27:26.249 INFO  io.mosire.simos.core.command.CommandBus - 命令提交: type=map.DeleteRegion commandId=cmd-del correlationId=cmd-del 新坐标=main@2
03:27:26.250 INFO  io.mosire.agentlib.approval.ApprovalHttpEndpoint - 审批 HTTP 面已停止（端口 46517）
03:27:26.250 INFO  io.mosire.agentlib.approval.HttpApprovalChannel - HTTP 审批通道已关闭
03:27:26.312 INFO  io.mosire.agentlib.mcp.AgentToMcpServer - MCP streamable server 已启动: name=simos-shell version=0.1.0-SNAPSHOT 外发工具 57 个 [map.CreateRegion, map.DeleteRegion, map.RandomizeRegion, map.RegisterPathwayGroup, map.SetEdge, map.SetTerrain, map.UpdateRegion, sd.AddCombatStage, sd.CancelEffect, sd.CommitCombatOutcome, sd.CreateArmy, sd.CreateCombat, sd.CreateDecisionMaker, sd.CreateNation, sd.IssueDirective, sd.PutInfo, sd.RecordCasualties, sd.RegisterEffect, sd.ResetDecisionMakerConversation, sd.RunDecision, sd.SetDecisionMakerAccess, sd.SetDecisionMakerProvider, sd.SetStageOutcomeTable, sd.StartDecision, sd.SubmitVerdict, simos.advance, simos.command.catalog, simos.command.submit, simos.fork, simos.map.hex, simos.map.overview, simos.social.population, simos.state.facets, simos.state.resolve, simos.timeline.branches, simos.unit.get, simos.unit.list, unit.ApplyCasualties, unit.AttachUnit, unit.CancelRoute, unit.CreateCommandChain, unit.CreateUnit, unit.DetachUnit, unit.DisbandUnit, unit.MergeFormation, unit.PlaceAt, unit.PlanRoute, unit.PlanSparseRoute, unit.RenameUnit, unit.ReparentSubtree, unit.ReparentUnit, unit.SetFormationOffset, unit.SetRejoinTarget, unit.SetStatus, unit.SetStrength, unit.SplitFormation, unit.UpdateCommandChain]；Registry 共 57 个，未外发 0 个 []
03:27:26.322 INFO  io.mosire.simos.app.gui.GuiServer - GUI 服务器已启动: http://127.0.0.1:45787/（静态 /webui，同源，无 CORS 头）
03:27:26.322 INFO  io.mosire.simos.app.Shell - Shell 装配完成: store=/tmp/junit-16425535312116210085 checkpointInterval=100 codec=4 handler=45 participant=2 resolver=4 facet=2 tool=57 mapId=Map1 bindAddress=127.0.0.1 mcpPort=46357 guiPort=45787 approvalPort=45747
03:27:26.328 INFO  io.mosire.simos.core.command.CommandBus - 命令被拒: type=map.DeleteRegion commandId=cmd-del correlationId=cmd-del 原因=Region r1 带国家 tag（nation:n1），不可删（spec §九）
03:27:26.329 INFO  io.mosire.agentlib.approval.ApprovalHttpEndpoint - 审批 HTTP 面已停止（端口 45747）
03:27:26.329 INFO  io.mosire.agentlib.approval.HttpApprovalChannel - HTTP 审批通道已关闭
03:27:26.385 INFO  io.mosire.agentlib.mcp.AgentToMcpServer - MCP streamable server 已启动: name=simos-shell version=0.1.0-SNAPSHOT 外发工具 57 个 [map.CreateRegion, map.DeleteRegion, map.RandomizeRegion, map.RegisterPathwayGroup, map.SetEdge, map.SetTerrain, map.UpdateRegion, sd.AddCombatStage, sd.CancelEffect, sd.CommitCombatOutcome, sd.CreateArmy, sd.CreateCombat, sd.CreateDecisionMaker, sd.CreateNation, sd.IssueDirective, sd.PutInfo, sd.RecordCasualties, sd.RegisterEffect, sd.ResetDecisionMakerConversation, sd.RunDecision, sd.SetDecisionMakerAccess, sd.SetDecisionMakerProvider, sd.SetStageOutcomeTable, sd.StartDecision, sd.SubmitVerdict, simos.advance, simos.command.catalog, simos.command.submit, simos.fork, simos.map.hex, simos.map.overview, simos.social.population, simos.state.facets, simos.state.resolve, simos.timeline.branches, simos.unit.get, simos.unit.list, unit.ApplyCasualties, unit.AttachUnit, unit.CancelRoute, unit.CreateCommandChain, unit.CreateUnit, unit.DetachUnit, unit.DisbandUnit, unit.MergeFormation, unit.PlaceAt, unit.PlanRoute, unit.PlanSparseRoute, unit.RenameUnit, unit.ReparentSubtree, unit.ReparentUnit, unit.SetFormationOffset, unit.SetRejoinTarget, unit.SetStatus, unit.SetStrength, unit.SplitFormation, unit.UpdateCommandChain]；Registry 共 57 个，未外发 0 个 []
03:27:26.395 INFO  io.mosire.simos.app.gui.GuiServer - GUI 服务器已启动: http://127.0.0.1:44811/（静态 /webui，同源，无 CORS 头）
03:27:26.395 INFO  io.mosire.simos.app.Shell - Shell 装配完成: store=/tmp/junit-12644432837300821907 checkpointInterval=100 codec=4 handler=45 participant=2 resolver=4 facet=2 tool=57 mapId=Map1 bindAddress=127.0.0.1 mcpPort=45535 guiPort=44811 approvalPort=45951
03:27:26.400 INFO  io.mosire.simos.core.command.CommandBus - 命令提交: type=sd.PutInfo commandId=cmd-put correlationId=cmd-put 新坐标=main@2
03:27:26.400 INFO  io.mosire.agentlib.approval.ApprovalHttpEndpoint - 审批 HTTP 面已停止（端口 45951）
03:27:26.400 INFO  io.mosire.agentlib.approval.HttpApprovalChannel - HTTP 审批通道已关闭
[INFO] Tests run: 3, Failures: 0, Errors: 0, Skipped: 0, Time elapsed: 0.234 s -- in io.mosire.simos.app.SdRegionDeleteGuardEndToEndTest
[INFO] Running io.mosire.simos.app.GmPermissionGroupTest
03:27:26.451 INFO  io.mosire.agentlib.mcp.AgentToMcpServer - MCP streamable server 已启动: name=simos-shell version=0.1.0-SNAPSHOT 外发工具 57 个 [map.CreateRegion, map.DeleteRegion, map.RandomizeRegion, map.RegisterPathwayGroup, map.SetEdge, map.SetTerrain, map.UpdateRegion, sd.AddCombatStage, sd.CancelEffect, sd.CommitCombatOutcome, sd.CreateArmy, sd.CreateCombat, sd.CreateDecisionMaker, sd.CreateNation, sd.IssueDirective, sd.PutInfo, sd.RecordCasualties, sd.RegisterEffect, sd.ResetDecisionMakerConversation, sd.RunDecision, sd.SetDecisionMakerAccess, sd.SetDecisionMakerProvider, sd.SetStageOutcomeTable, sd.StartDecision, sd.SubmitVerdict, simos.advance, simos.command.catalog, simos.command.submit, simos.fork, simos.map.hex, simos.map.overview, simos.social.population, simos.state.facets, simos.state.resolve, simos.timeline.branches, simos.unit.get, simos.unit.list, unit.ApplyCasualties, unit.AttachUnit, unit.CancelRoute, unit.CreateCommandChain, unit.CreateUnit, unit.DetachUnit, unit.DisbandUnit, unit.MergeFormation, unit.PlaceAt, unit.PlanRoute, unit.PlanSparseRoute, unit.RenameUnit, unit.ReparentSubtree, unit.ReparentUnit, unit.SetFormationOffset, unit.SetRejoinTarget, unit.SetStatus, unit.SetStrength, unit.SplitFormation, unit.UpdateCommandChain]；Registry 共 57 个，未外发 0 个 []
03:27:26.461 INFO  io.mosire.simos.app.gui.GuiServer - GUI 服务器已启动: http://127.0.0.1:45049/（静态 /webui，同源，无 CORS 头）
03:27:26.461 INFO  io.mosire.simos.app.Shell - Shell 装配完成: store=/tmp/junit-18328340009353155115 checkpointInterval=100 codec=4 handler=45 participant=2 resolver=4 facet=2 tool=57 mapId=Map1 bindAddress=127.0.0.1 mcpPort=45241 guiPort=45049 approvalPort=46187
03:27:26.462 INFO  io.mosire.agentlib.approval.ApprovalHttpEndpoint - 审批 HTTP 面已停止（端口 46187）
03:27:26.462 INFO  io.mosire.agentlib.approval.HttpApprovalChannel - HTTP 审批通道已关闭
[INFO] Tests run: 3, Failures: 0, Errors: 0, Skipped: 0, Time elapsed: 0.062 s -- in io.mosire.simos.app.GmPermissionGroupTest
[INFO] Running io.mosire.simos.app.ShellEndToEndTest
03:27:26.523 INFO  io.mosire.agentlib.mcp.AgentToMcpServer - MCP streamable server 已启动: name=simos-shell version=0.1.0-SNAPSHOT 外发工具 57 个 [map.CreateRegion, map.DeleteRegion, map.RandomizeRegion, map.RegisterPathwayGroup, map.SetEdge, map.SetTerrain, map.UpdateRegion, sd.AddCombatStage, sd.CancelEffect, sd.CommitCombatOutcome, sd.CreateArmy, sd.CreateCombat, sd.CreateDecisionMaker, sd.CreateNation, sd.IssueDirective, sd.PutInfo, sd.RecordCasualties, sd.RegisterEffect, sd.ResetDecisionMakerConversation, sd.RunDecision, sd.SetDecisionMakerAccess, sd.SetDecisionMakerProvider, sd.SetStageOutcomeTable, sd.StartDecision, sd.SubmitVerdict, simos.advance, simos.command.catalog, simos.command.submit, simos.fork, simos.map.hex, simos.map.overview, simos.social.population, simos.state.facets, simos.state.resolve, simos.timeline.branches, simos.unit.get, simos.unit.list, unit.ApplyCasualties, unit.AttachUnit, unit.CancelRoute, unit.CreateCommandChain, unit.CreateUnit, unit.DetachUnit, unit.DisbandUnit, unit.MergeFormation, unit.PlaceAt, unit.PlanRoute, unit.PlanSparseRoute, unit.RenameUnit, unit.ReparentSubtree, unit.ReparentUnit, unit.SetFormationOffset, unit.SetRejoinTarget, unit.SetStatus, unit.SetStrength, unit.SplitFormation, unit.UpdateCommandChain]；Registry 共 57 个，未外发 0 个 []
03:27:26.533 INFO  io.mosire.simos.app.gui.GuiServer - GUI 服务器已启动: http://127.0.0.1:45425/（静态 /webui，同源，无 CORS 头）
03:27:26.533 INFO  io.mosire.simos.app.Shell - Shell 装配完成: store=/tmp/junit-16841035088191149748 checkpointInterval=100 codec=4 handler=45 participant=2 resolver=4 facet=2 tool=57 mapId=Map1 bindAddress=127.0.0.1 mcpPort=44749 guiPort=45425 approvalPort=44803
03:27:26.536 INFO  io.modelcontextprotocol.server.McpAsyncServer - Client initialize request - Protocol: 2025-11-25, Capabilities: ClientCapabilities[experimental=null, roots=null, sampling=null, elicitation=null], Info: Implementation[name=Java SDK MCP Client, title=null, version=0.15.0, description=null, icons=null, websiteUrl=null]
03:27:26.538 INFO  io.modelcontextprotocol.client.LifecycleInitializer - Server response with Protocol: 2025-11-25, Capabilities: ServerCapabilities[completions=null, experimental=null, logging=LoggingCapabilities[], prompts=null, resources=null, tools=ToolCapabilities[listChanged=true]], Info: Implementation[name=simos-shell, title=null, version=0.1.0-SNAPSHOT, description=null, icons=null, websiteUrl=null] and Instructions null
03:27:26.548 INFO  io.mosire.simos.core.command.CommandBus - 命令提交: type=unit.RenameUnit commandId=434cccc3-4e86-42ce-9632-215a71970a6b correlationId=434cccc3-4e86-42ce-9632-215a71970a6b 新坐标=main@2
03:27:26.548 INFO  io.mosire.simos.app.gui.GuiServer - access POST /api/command -> 200 6ms remote=127.0.0.1
03:27:26.563 INFO  io.mosire.simos.core.command.CommandBus - 命令提交: type=unit.RenameUnit commandId=5241e898-f21c-4153-9c65-fb5f1f4c8b07 correlationId=5241e898-f21c-4153-9c65-fb5f1f4c8b07 新坐标=main@3
03:27:26.607 INFO  io.mosire.simos.core.advance.TimeAdvance - 命令提交: type=core.AdvanceTime commandId=b33e184e-3511-4c1b-9800-279170c91224 correlationId=b33e184e-3511-4c1b-9800-279170c91224 新坐标=main@4
03:27:26.652 INFO  io.mosire.agentlib.approval.ApprovalHttpEndpoint - 审批 HTTP 面已停止（端口 44803）
03:27:26.652 INFO  io.mosire.agentlib.approval.HttpApprovalChannel - HTTP 审批通道已关闭
[INFO] Tests run: 1, Failures: 0, Errors: 0, Skipped: 0, Time elapsed: 0.187 s -- in io.mosire.simos.app.ShellEndToEndTest
[INFO] Running io.mosire.simos.app.SdProviderBindingEndToEndTest
03:27:26.691 INFO  io.mosire.simos.core.command.CommandBus - 命令提交: type=sd.SetDecisionMakerProvider commandId=cmd-1 correlationId=cmd-1 新坐标=main@2
03:27:26.693 INFO  io.mosire.simos.core.command.CommandBus - 命令提交: type=sd.SetDecisionMakerAccess commandId=cmd-2 correlationId=cmd-2 新坐标=main@3
03:27:26.725 INFO  io.mosire.simos.core.command.CommandBus - 命令提交: type=sd.SetDecisionMakerProvider commandId=cmd-1 correlationId=cmd-1 新坐标=main@2
03:27:26.756 INFO  io.mosire.simos.core.command.CommandBus - 命令被拒: type=sd.SetDecisionMakerProvider commandId=cmd-1 correlationId=cmd-1 原因=决策人不存在: ghost
03:27:26.790 INFO  io.mosire.simos.core.command.CommandBus - 命令提交: type=sd.SetDecisionMakerProvider commandId=cmd-1 correlationId=cmd-1 新坐标=main@2
[INFO] Tests run: 4, Failures: 0, Errors: 0, Skipped: 0, Time elapsed: 0.137 s -- in io.mosire.simos.app.SdProviderBindingEndToEndTest
[INFO] Running io.mosire.simos.app.llm.AdjudicationEndToEndTest
03:27:26.830 INFO  io.mosire.simos.app.llm.AgentLibLlmConfig - 写入 LLM 密钥配置项 name=stub length=11
03:27:26.838 INFO  io.mosire.simos.app.llm.SimosApiKeySource - 读取密钥引用 kind=CONFIG name=<不可显示的引用名> length=11
03:27:26.844 INFO  io.mosire.simos.app.llm.LlmProviderResolver - LLM 判决响应 model=deepseek-flash inputTokens=11 outputTokens=7 reasoning=ABSENT
03:27:26.849 INFO  io.mosire.simos.core.command.CommandBus - 命令提交: type=sd.SubmitVerdict commandId=adjudicated:D1:1 correlationId=adjudicated:D1:1 新坐标=main@2
03:27:26.849 INFO  io.mosire.simos.app.llm.SimosApiKeySource - 读取密钥引用 kind=CONFIG name=<不可显示的引用名> length=11
03:27:26.893 INFO  io.mosire.simos.app.llm.LlmProviderResolver - LLM 判决响应 model=deepseek-flash inputTokens=11 outputTokens=7 reasoning=ABSENT
03:27:26.898 INFO  io.mosire.simos.core.command.CommandBus - 命令提交: type=sd.SubmitVerdict commandId=adjudicated:D6:2 correlationId=adjudicated:D6:2 新坐标=main@3
03:27:26.936 INFO  io.mosire.simos.app.llm.AgentLibLlmConfig - 写入 LLM 密钥配置项 name=stub length=11
03:27:26.978 INFO  io.mosire.simos.app.llm.AgentLibLlmConfig - 写入 LLM 密钥配置项 name=stub length=11
03:27:26.980 INFO  io.mosire.simos.app.llm.SimosApiKeySource - 读取密钥引用 kind=CONFIG name=<不可显示的引用名> length=11
03:27:26.982 INFO  io.mosire.simos.app.llm.LlmProviderResolver - LLM 判决响应 model=deepseek-flash inputTokens=11 outputTokens=7 reasoning=ABSENT
03:27:26.986 INFO  io.mosire.simos.core.command.CommandBus - 命令提交: type=sd.SubmitVerdict commandId=adjudicated:D2:1 correlationId=adjudicated:D2:1 新坐标=main@2
[INFO] Tests run: 3, Failures: 0, Errors: 0, Skipped: 0, Time elapsed: 0.196 s -- in io.mosire.simos.app.llm.AdjudicationEndToEndTest
[INFO] Running io.mosire.simos.app.llm.SimosApiKeySourceTest
03:27:26.991 INFO  io.mosire.simos.app.llm.SimosApiKeySource - 读取密钥引用 kind=FILE path=/tmp/junit-11344689031397251433/keys/filekey length=9
03:27:26.995 INFO  io.mosire.simos.app.llm.AgentLibLlmConfig - 写入 LLM 密钥配置项 name=k1 length=23
03:27:26.995 INFO  io.mosire.simos.app.llm.SimosApiKeySource - 读取密钥引用 kind=CONFIG name=<不可显示的引用名> length=23
03:27:27.000 INFO  io.mosire.simos.app.llm.AgentLibLlmConfig - 写入 LLM 密钥配置项 name=k1 length=11
03:27:27.001 INFO  io.mosire.simos.app.llm.SimosApiKeySource - 读取密钥引用 kind=CONFIG name=<不可显示的引用名> length=11
03:27:27.002 INFO  io.mosire.simos.app.llm.SimosApiKeySource - 读取密钥引用 kind=ENV name=SIMO_LLM_KEY_DEEPSEEK_KEY length=8
[INFO] Tests run: 8, Failures: 0, Errors: 0, Skipped: 0, Time elapsed: 0.012 s -- in io.mosire.simos.app.llm.SimosApiKeySourceTest
[INFO] Running io.mosire.simos.app.llm.LlmToolNamesTest
[INFO] Tests run: 10, Failures: 0, Errors: 0, Skipped: 0, Time elapsed: 0.003 s -- in io.mosire.simos.app.llm.LlmToolNamesTest
[INFO] Running io.mosire.simos.app.llm.AgentLibLlmConfigTest
03:27:27.018 INFO  io.mosire.simos.app.llm.AgentLibLlmConfig - 写入 LLM 密钥配置项 name=p1 length=36
03:27:27.023 INFO  io.mosire.simos.app.llm.AgentLibLlmConfig - 写入 LLM 密钥配置项 name=old length=6
03:27:27.029 INFO  io.mosire.simos.app.llm.AgentLibLlmConfig - 旧 LLM 配置已迁移：1 项（源文件保留：llm-providers.json）
03:27:27.029 INFO  io.mosire.simos.app.llm.AgentLibLlmConfig - 旧 LLM 配置已迁移到 AgentLib 配置根：1 项
03:27:27.045 INFO  io.mosire.simos.app.llm.AgentLibLlmConfig - 写入 LLM 密钥配置项 name=repo length=7
03:27:27.050 INFO  io.mosire.simos.app.llm.AgentLibLlmConfig - 旧 LLM 配置已迁移：1 项（源文件保留：repo-default.json）
03:27:27.050 INFO  io.mosire.simos.app.llm.AgentLibLlmConfig - 旧 LLM 配置已迁移到 AgentLib 配置根：1 项
03:27:27.053 INFO  io.mosire.simos.app.llm.AgentLibLlmConfig - 旧 LLM 配置已迁移：1 项（源文件保留：llm-providers.json）
03:27:27.053 INFO  io.mosire.simos.app.llm.AgentLibLlmConfig - 旧 LLM 配置已迁移到 AgentLib 配置根：1 项
[INFO] Tests run: 11, Failures: 0, Errors: 0, Skipped: 0, Time elapsed: 0.064 s -- in io.mosire.simos.app.llm.AgentLibLlmConfigTest
[INFO] Running io.mosire.simos.app.llm.LlmProviderResolverTest
[INFO] Tests run: 5, Failures: 0, Errors: 0, Skipped: 0, Time elapsed: 0.019 s -- in io.mosire.simos.app.llm.LlmProviderResolverTest
[INFO] Running io.mosire.simos.app.binding.BindingRegistryTest
[INFO] Tests run: 12, Failures: 0, Errors: 0, Skipped: 0, Time elapsed: 0.008 s -- in io.mosire.simos.app.binding.BindingRegistryTest
[INFO] Running io.mosire.simos.app.sd.SdCommandDrainTest
03:27:27.133 INFO  io.mosire.simos.core.command.CommandBus - 命令提交: type=sd.RegisterEffect commandId=cmd-1 correlationId=cmd-1 新坐标=main@2
03:27:27.140 INFO  io.mosire.simos.core.command.CommandBus - 命令提交: type=sd.RegisterEffect commandId=cmd-2 correlationId=cmd-2 新坐标=main@3
03:27:27.144 INFO  io.mosire.simos.core.advance.TimeAdvance - 命令提交: type=core.AdvanceTime commandId=adv-3 correlationId=adv-3 新坐标=main@4
03:27:27.156 INFO  io.mosire.simos.core.command.CommandBus - 命令提交: type=unit.ApplyCasualties commandId=drain:e1 correlationId=drain:e1 新坐标=main@5
[C5] drain committed revision=5 member=90
03:27:27.193 INFO  io.mosire.simos.core.command.CommandBus - 命令提交: type=sd.RegisterEffect commandId=cmd-1 correlationId=cmd-1 新坐标=main@2
03:27:27.197 INFO  io.mosire.simos.core.advance.TimeAdvance - 命令提交: type=core.AdvanceTime commandId=adv-2 correlationId=adv-2 新坐标=main@3
03:27:27.208 INFO  io.mosire.simos.core.command.CommandBus - 命令被拒: type=unit.ApplyCasualties commandId=drain:e1 correlationId=drain:e1 原因=人员战损超出当前值: 100 + (-9999)
03:27:27.217 INFO  io.mosire.simos.core.command.CommandBus - 命令被拒: type=unit.ApplyCasualties commandId=drain:e1 correlationId=drain:e1 原因=人员战损超出当前值: 100 + (-9999)
[C5] rejected-drain intermediate state: sd=FIRED unit=100 rows=3
[INFO] Tests run: 2, Failures: 0, Errors: 0, Skipped: 0, Time elapsed: 0.123 s -- in io.mosire.simos.app.sd.SdCommandDrainTest
[INFO] Running io.mosire.simos.app.sd.SdTimeParticipantWiringTest
[INFO] Tests run: 1, Failures: 0, Errors: 0, Skipped: 0, Time elapsed: 0.033 s -- in io.mosire.simos.app.sd.SdTimeParticipantWiringTest
[INFO] Running io.mosire.simos.app.sd.channel.DecisionChannelTest
03:27:27.287 INFO  io.mosire.simos.core.command.CommandBus - 命令提交: type=sd.IssueDirective commandId=01dda047-0da1-4781-a074-f886a36a5827 correlationId=01dda047-0da1-4781-a074-f886a36a5827 新坐标=main@2
[INFO] Tests run: 3, Failures: 0, Errors: 0, Skipped: 0, Time elapsed: 0.094 s -- in io.mosire.simos.app.sd.channel.DecisionChannelTest
[INFO] Running io.mosire.simos.app.sd.AdjudicatorRunnerTest
03:27:27.383 INFO  io.mosire.simos.core.command.CommandBus - 命令提交: type=sd.SubmitVerdict commandId=adjudicated:D1:1 correlationId=adjudicated:D1:1 新坐标=main@2
03:27:27.386 INFO  io.mosire.simos.core.command.CommandBus - 命令提交: type=sd.SubmitVerdict commandId=adjudicated:D6:2 correlationId=adjudicated:D6:2 新坐标=main@3
03:27:27.418 INFO  io.mosire.simos.core.command.CommandBus - 命令提交: type=sd.SubmitVerdict commandId=adjudicated:D1:1 correlationId=adjudicated:D1:1 新坐标=main@2
03:27:27.450 INFO  io.mosire.simos.core.command.CommandBus - 命令提交: type=sd.SubmitVerdict commandId=adjudicated:D1:1 correlationId=adjudicated:D1:1 新坐标=main@2
[INFO] Tests run: 3, Failures: 0, Errors: 0, Skipped: 0, Time elapsed: 0.105 s -- in io.mosire.simos.app.sd.AdjudicatorRunnerTest
[INFO] Running io.mosire.simos.app.sd.SdCombatEndToEndTest
03:27:27.483 INFO  io.mosire.simos.core.command.CommandBus - 命令提交: type=sd.CreateCombat commandId=cmd-1 correlationId=cmd-1 新坐标=main@2
03:27:27.487 INFO  io.mosire.simos.core.command.CommandBus - 命令提交: type=sd.AddCombatStage commandId=cmd-2 correlationId=cmd-2 新坐标=main@3
03:27:27.490 INFO  io.mosire.simos.core.command.CommandBus - 命令提交: type=sd.AddCombatStage commandId=cmd-3 correlationId=cmd-3 新坐标=main@4
03:27:27.493 INFO  io.mosire.simos.core.advance.TimeAdvance - 命令提交: type=core.AdvanceTime commandId=adv-4 correlationId=adv-4 新坐标=main@5
03:27:27.498 INFO  io.mosire.simos.core.advance.TimeAdvance - 命令提交: type=core.AdvanceTime commandId=adv-5 correlationId=adv-5 新坐标=main@6
[C6] condition-driven: rev5=s1 rev6=s2
[C6] frozen: two replays byte-identical
03:27:27.505 INFO  io.mosire.simos.core.command.CommandBus - 命令提交: type=sd.CommitCombatOutcome commandId=cmd-6 correlationId=cmd-6 新坐标=main@7
03:27:27.509 INFO  io.mosire.simos.core.command.CommandBus - 命令被拒: type=sd.CommitCombatOutcome commandId=cmd-7 correlationId=cmd-7 原因=该交战已选定结局（不覆盖）: o2
[C6] exactly-one: selected o2 then rejected second
[INFO] Tests run: 1, Failures: 0, Errors: 0, Skipped: 0, Time elapsed: 0.057 s -- in io.mosire.simos.app.sd.SdCombatEndToEndTest
[INFO] Running io.mosire.simos.app.sd.StartDecisionEndToEndTest
03:27:27.548 INFO  io.mosire.simos.app.llm.AgentLibLlmConfig - 写入 LLM 密钥配置项 name=stub length=11
03:27:27.571 INFO  io.mosire.agentlib.mcp.AgentToMcpServer - MCP streamable server 已启动: name=simos-shell version=0.1.0-SNAPSHOT 外发工具 57 个 [map.CreateRegion, map.DeleteRegion, map.RandomizeRegion, map.RegisterPathwayGroup, map.SetEdge, map.SetTerrain, map.UpdateRegion, sd.AddCombatStage, sd.CancelEffect, sd.CommitCombatOutcome, sd.CreateArmy, sd.CreateCombat, sd.CreateDecisionMaker, sd.CreateNation, sd.IssueDirective, sd.PutInfo, sd.RecordCasualties, sd.RegisterEffect, sd.ResetDecisionMakerConversation, sd.RunDecision, sd.SetDecisionMakerAccess, sd.SetDecisionMakerProvider, sd.SetStageOutcomeTable, sd.StartDecision, sd.SubmitVerdict, simos.advance, simos.command.catalog, simos.command.submit, simos.fork, simos.map.hex, simos.map.overview, simos.social.population, simos.state.facets, simos.state.resolve, simos.timeline.branches, simos.unit.get, simos.unit.list, unit.ApplyCasualties, unit.AttachUnit, unit.CancelRoute, unit.CreateCommandChain, unit.CreateUnit, unit.DetachUnit, unit.DisbandUnit, unit.MergeFormation, unit.PlaceAt, unit.PlanRoute, unit.PlanSparseRoute, unit.RenameUnit, unit.ReparentSubtree, unit.ReparentUnit, unit.SetFormationOffset, unit.SetRejoinTarget, unit.SetStatus, unit.SetStrength, unit.SplitFormation, unit.UpdateCommandChain]；Registry 共 57 个，未外发 0 个 []
03:27:27.580 INFO  io.mosire.simos.app.gui.GuiServer - GUI 服务器已启动: http://127.0.0.1:44939/（静态 /webui，同源，无 CORS 头）
03:27:27.580 INFO  io.mosire.simos.app.Shell - Shell 装配完成: store=/tmp/junit-12901412235772487497 checkpointInterval=100 codec=4 handler=45 participant=2 resolver=4 facet=2 tool=57 mapId=Map1 bindAddress=127.0.0.1 mcpPort=45899 guiPort=44939 approvalPort=45765
03:27:27.589 INFO  io.mosire.simos.core.command.CommandBus - 命令提交: type=sd.StartDecision commandId=60c1cdbf-79cc-457e-9dad-d98ca8e64ebe correlationId=60c1cdbf-79cc-457e-9dad-d98ca8e64ebe 新坐标=main@2
03:27:27.591 INFO  io.mosire.simos.app.llm.SimosApiKeySource - 读取密钥引用 kind=CONFIG name=<不可显示的引用名> length=11
03:27:27.593 INFO  io.mosire.simos.app.gui.GuiServer - access POST /api/sd/start-decision -> 200 9ms remote=127.0.0.1
03:27:27.600 INFO  io.mosire.simos.core.command.CommandBus - 命令提交: type=sd.IssueDirective commandId=2b3f5aef-cff3-400e-bb5f-6e8da1399f95 correlationId=2b3f5aef-cff3-400e-bb5f-6e8da1399f95 新坐标=main@3
03:27:27.600 INFO  io.mosire.simos.app.gui.GuiServer - access POST /api/command -> 200 4ms remote=127.0.0.1
03:27:27.603 INFO  io.mosire.agentlib.approval.ApprovalHttpEndpoint - 审批 HTTP 面已停止（端口 45765）
03:27:27.603 INFO  io.mosire.agentlib.approval.HttpApprovalChannel - HTTP 审批通道已关闭
03:27:27.642 INFO  io.mosire.simos.app.llm.AgentLibLlmConfig - 写入 LLM 密钥配置项 name=stub length=11
03:27:27.664 INFO  io.mosire.agentlib.mcp.AgentToMcpServer - MCP streamable server 已启动: name=simos-shell version=0.1.0-SNAPSHOT 外发工具 57 个 [map.CreateRegion, map.DeleteRegion, map.RandomizeRegion, map.RegisterPathwayGroup, map.SetEdge, map.SetTerrain, map.UpdateRegion, sd.AddCombatStage, sd.CancelEffect, sd.CommitCombatOutcome, sd.CreateArmy, sd.CreateCombat, sd.CreateDecisionMaker, sd.CreateNation, sd.IssueDirective, sd.PutInfo, sd.RecordCasualties, sd.RegisterEffect, sd.ResetDecisionMakerConversation, sd.RunDecision, sd.SetDecisionMakerAccess, sd.SetDecisionMakerProvider, sd.SetStageOutcomeTable, sd.StartDecision, sd.SubmitVerdict, simos.advance, simos.command.catalog, simos.command.submit, simos.fork, simos.map.hex, simos.map.overview, simos.social.population, simos.state.facets, simos.state.resolve, simos.timeline.branches, simos.unit.get, simos.unit.list, unit.ApplyCasualties, unit.AttachUnit, unit.CancelRoute, unit.CreateCommandChain, unit.CreateUnit, unit.DetachUnit, unit.DisbandUnit, unit.MergeFormation, unit.PlaceAt, unit.PlanRoute, unit.PlanSparseRoute, unit.RenameUnit, unit.ReparentSubtree, unit.ReparentUnit, unit.SetFormationOffset, unit.SetRejoinTarget, unit.SetStatus, unit.SetStrength, unit.SplitFormation, unit.UpdateCommandChain]；Registry 共 57 个，未外发 0 个 []
03:27:27.673 INFO  io.mosire.simos.app.gui.GuiServer - GUI 服务器已启动: http://127.0.0.1:46565/（静态 /webui，同源，无 CORS 头）
03:27:27.673 INFO  io.mosire.simos.app.Shell - Shell 装配完成: store=/tmp/junit-4031798822376195660 checkpointInterval=100 codec=4 handler=45 participant=2 resolver=4 facet=2 tool=57 mapId=Map1 bindAddress=127.0.0.1 mcpPort=45209 guiPort=46565 approvalPort=45773
03:27:27.681 INFO  io.mosire.simos.core.command.CommandBus - 命令提交: type=sd.StartDecision commandId=34598f57-b130-425e-a5ad-be647cddf39f correlationId=34598f57-b130-425e-a5ad-be647cddf39f 新坐标=main@2
03:27:27.684 INFO  io.mosire.simos.app.llm.SimosApiKeySource - 读取密钥引用 kind=CONFIG name=<不可显示的引用名> length=11
03:27:27.686 INFO  io.mosire.simos.app.gui.GuiServer - access POST /api/sd/start-decision -> 200 11ms remote=127.0.0.1
03:27:27.693 INFO  io.mosire.agentlib.approval.ApprovalHttpEndpoint - 审批 HTTP 面已停止（端口 45773）
03:27:27.693 INFO  io.mosire.agentlib.approval.HttpApprovalChannel - HTTP 审批通道已关闭
03:27:27.729 INFO  io.mosire.simos.app.llm.AgentLibLlmConfig - 写入 LLM 密钥配置项 name=stub length=11
03:27:27.752 INFO  io.mosire.agentlib.mcp.AgentToMcpServer - MCP streamable server 已启动: name=simos-shell version=0.1.0-SNAPSHOT 外发工具 57 个 [map.CreateRegion, map.DeleteRegion, map.RandomizeRegion, map.RegisterPathwayGroup, map.SetEdge, map.SetTerrain, map.UpdateRegion, sd.AddCombatStage, sd.CancelEffect, sd.CommitCombatOutcome, sd.CreateArmy, sd.CreateCombat, sd.CreateDecisionMaker, sd.CreateNation, sd.IssueDirective, sd.PutInfo, sd.RecordCasualties, sd.RegisterEffect, sd.ResetDecisionMakerConversation, sd.RunDecision, sd.SetDecisionMakerAccess, sd.SetDecisionMakerProvider, sd.SetStageOutcomeTable, sd.StartDecision, sd.SubmitVerdict, simos.advance, simos.command.catalog, simos.command.submit, simos.fork, simos.map.hex, simos.map.overview, simos.social.population, simos.state.facets, simos.state.resolve, simos.timeline.branches, simos.unit.get, simos.unit.list, unit.ApplyCasualties, unit.AttachUnit, unit.CancelRoute, unit.CreateCommandChain, unit.CreateUnit, unit.DetachUnit, unit.DisbandUnit, unit.MergeFormation, unit.PlaceAt, unit.PlanRoute, unit.PlanSparseRoute, unit.RenameUnit, unit.ReparentSubtree, unit.ReparentUnit, unit.SetFormationOffset, unit.SetRejoinTarget, unit.SetStatus, unit.SetStrength, unit.SplitFormation, unit.UpdateCommandChain]；Registry 共 57 个，未外发 0 个 []
03:27:27.761 INFO  io.mosire.simos.app.gui.GuiServer - GUI 服务器已启动: http://127.0.0.1:46611/（静态 /webui，同源，无 CORS 头）
03:27:27.761 INFO  io.mosire.simos.app.Shell - Shell 装配完成: store=/tmp/junit-17155160585696272214 checkpointInterval=100 codec=4 handler=45 participant=2 resolver=4 facet=2 tool=57 mapId=Map1 bindAddress=127.0.0.1 mcpPort=45843 guiPort=46611 approvalPort=45111
03:27:27.768 INFO  io.mosire.simos.core.command.CommandBus - 命令被拒: type=sd.StartDecision commandId=f48ac1c8-7dd5-45a3-885a-304b22201406 correlationId=f48ac1c8-7dd5-45a3-885a-304b22201406 原因=决策人不存在: dm-nope
03:27:27.769 INFO  io.mosire.simos.app.gui.GuiServer - access POST /api/sd/start-decision -> 422 5ms remote=127.0.0.1
03:27:27.770 INFO  io.mosire.agentlib.approval.ApprovalHttpEndpoint - 审批 HTTP 面已停止（端口 45111）
03:27:27.770 INFO  io.mosire.agentlib.approval.HttpApprovalChannel - HTTP 审批通道已关闭
03:27:27.813 INFO  io.mosire.simos.app.llm.AgentLibLlmConfig - 写入 LLM 密钥配置项 name=stub length=11
03:27:27.837 INFO  io.mosire.agentlib.mcp.AgentToMcpServer - MCP streamable server 已启动: name=simos-shell version=0.1.0-SNAPSHOT 外发工具 57 个 [map.CreateRegion, map.DeleteRegion, map.RandomizeRegion, map.RegisterPathwayGroup, map.SetEdge, map.SetTerrain, map.UpdateRegion, sd.AddCombatStage, sd.CancelEffect, sd.CommitCombatOutcome, sd.CreateArmy, sd.CreateCombat, sd.CreateDecisionMaker, sd.CreateNation, sd.IssueDirective, sd.PutInfo, sd.RecordCasualties, sd.RegisterEffect, sd.ResetDecisionMakerConversation, sd.RunDecision, sd.SetDecisionMakerAccess, sd.SetDecisionMakerProvider, sd.SetStageOutcomeTable, sd.StartDecision, sd.SubmitVerdict, simos.advance, simos.command.catalog, simos.command.submit, simos.fork, simos.map.hex, simos.map.overview, simos.social.population, simos.state.facets, simos.state.resolve, simos.timeline.branches, simos.unit.get, simos.unit.list, unit.ApplyCasualties, unit.AttachUnit, unit.CancelRoute, unit.CreateCommandChain, unit.CreateUnit, unit.DetachUnit, unit.DisbandUnit, unit.MergeFormation, unit.PlaceAt, unit.PlanRoute, unit.PlanSparseRoute, unit.RenameUnit, unit.ReparentSubtree, unit.ReparentUnit, unit.SetFormationOffset, unit.SetRejoinTarget, unit.SetStatus, unit.SetStrength, unit.SplitFormation, unit.UpdateCommandChain]；Registry 共 57 个，未外发 0 个 []
03:27:27.847 INFO  io.mosire.simos.app.gui.GuiServer - GUI 服务器已启动: http://127.0.0.1:45491/（静态 /webui，同源，无 CORS 头）
03:27:27.847 INFO  io.mosire.simos.app.Shell - Shell 装配完成: store=/tmp/junit-12056456801202840926 checkpointInterval=100 codec=4 handler=45 participant=2 resolver=4 facet=2 tool=57 mapId=Map1 bindAddress=127.0.0.1 mcpPort=46201 guiPort=45491 approvalPort=44671
03:27:27.848 INFO  io.mosire.agentlib.approval.ApprovalHttpEndpoint - 审批 HTTP 面已停止（端口 44671）
03:27:27.848 INFO  io.mosire.agentlib.approval.HttpApprovalChannel - HTTP 审批通道已关闭
03:27:27.886 INFO  io.mosire.simos.app.llm.AgentLibLlmConfig - 写入 LLM 密钥配置项 name=stub length=11
03:27:27.910 INFO  io.mosire.agentlib.mcp.AgentToMcpServer - MCP streamable server 已启动: name=simos-shell version=0.1.0-SNAPSHOT 外发工具 57 个 [map.CreateRegion, map.DeleteRegion, map.RandomizeRegion, map.RegisterPathwayGroup, map.SetEdge, map.SetTerrain, map.UpdateRegion, sd.AddCombatStage, sd.CancelEffect, sd.CommitCombatOutcome, sd.CreateArmy, sd.CreateCombat, sd.CreateDecisionMaker, sd.CreateNation, sd.IssueDirective, sd.PutInfo, sd.RecordCasualties, sd.RegisterEffect, sd.ResetDecisionMakerConversation, sd.RunDecision, sd.SetDecisionMakerAccess, sd.SetDecisionMakerProvider, sd.SetStageOutcomeTable, sd.StartDecision, sd.SubmitVerdict, simos.advance, simos.command.catalog, simos.command.submit, simos.fork, simos.map.hex, simos.map.overview, simos.social.population, simos.state.facets, simos.state.resolve, simos.timeline.branches, simos.unit.get, simos.unit.list, unit.ApplyCasualties, unit.AttachUnit, unit.CancelRoute, unit.CreateCommandChain, unit.CreateUnit, unit.DetachUnit, unit.DisbandUnit, unit.MergeFormation, unit.PlaceAt, unit.PlanRoute, unit.PlanSparseRoute, unit.RenameUnit, unit.ReparentSubtree, unit.ReparentUnit, unit.SetFormationOffset, unit.SetRejoinTarget, unit.SetStatus, unit.SetStrength, unit.SplitFormation, unit.UpdateCommandChain]；Registry 共 57 个，未外发 0 个 []
03:27:27.920 INFO  io.mosire.simos.app.gui.GuiServer - GUI 服务器已启动: http://127.0.0.1:45671/（静态 /webui，同源，无 CORS 头）
03:27:27.920 INFO  io.mosire.simos.app.Shell - Shell 装配完成: store=/tmp/junit-5326026713704676346 checkpointInterval=100 codec=4 handler=45 participant=2 resolver=4 facet=2 tool=57 mapId=Map1 bindAddress=127.0.0.1 mcpPort=45073 guiPort=45671 approvalPort=46481
03:27:27.947 INFO  io.mosire.simos.core.command.CommandBus - 命令提交: type=sd.StartDecision commandId=1f809c5b-56ba-4932-bc2c-e82091873483 correlationId=1f809c5b-56ba-4932-bc2c-e82091873483 新坐标=main@2
03:27:27.953 INFO  io.mosire.agentlib.approval.ApprovalHttpEndpoint - 审批 HTTP 面已停止（端口 46481）
03:27:27.954 INFO  io.mosire.agentlib.approval.HttpApprovalChannel - HTTP 审批通道已关闭
[INFO] Tests run: 5, Failures: 0, Errors: 0, Skipped: 0, Time elapsed: 0.445 s -- in io.mosire.simos.app.sd.StartDecisionEndToEndTest
[INFO] Running io.mosire.simos.app.demo.RichWorldTest
[INFO] Tests run: 9, Failures: 0, Errors: 0, Skipped: 0, Time elapsed: 3.727 s -- in io.mosire.simos.app.demo.RichWorldTest
[INFO] Running io.mosire.simos.app.demo.DemoWorldTest
[INFO] Tests run: 6, Failures: 0, Errors: 0, Skipped: 0, Time elapsed: 0.005 s -- in io.mosire.simos.app.demo.DemoWorldTest
[INFO] Running io.mosire.simos.app.demo.T12InfoRedlineTest
[INFO] Tests run: 2, Failures: 0, Errors: 0, Skipped: 0, Time elapsed: 0.614 s -- in io.mosire.simos.app.demo.T12InfoRedlineTest
[INFO] Running io.mosire.simos.app.SdVerdictFreezeEndToEndTest
03:27:32.359 INFO  io.mosire.simos.core.command.CommandBus - 命令被拒: type=sd.SubmitVerdict commandId=cmd-1 correlationId=cmd-1 原因=subject 不在断点 D1 的裁决面（D1/D3/D6 只裁决 sd:combat.*；D2 只裁决 sd:decision-maker.*）: map:Map1
03:27:32.401 INFO  io.mosire.simos.core.command.CommandBus - 命令被拒: type=sd.SubmitVerdict commandId=cmd-1 correlationId=cmd-1 原因=model 不得为空白
03:27:32.455 INFO  io.mosire.simos.core.command.CommandBus - 命令提交: type=sd.SubmitVerdict commandId=cmd-1 correlationId=cmd-1 新坐标=main@2
03:27:32.496 INFO  io.mosire.simos.core.command.CommandBus - 命令提交: type=sd.SubmitVerdict commandId=cmd-1 correlationId=cmd-1 新坐标=main@2
[INFO] Tests run: 4, Failures: 0, Errors: 0, Skipped: 0, Time elapsed: 0.205 s -- in io.mosire.simos.app.SdVerdictFreezeEndToEndTest
[INFO] Running io.mosire.simos.app.BindAddressTest
03:27:32.573 INFO  io.mosire.agentlib.mcp.AgentToMcpServer - MCP streamable server 已启动: name=simos-shell version=0.1.0-SNAPSHOT 外发工具 57 个 [map.CreateRegion, map.DeleteRegion, map.RandomizeRegion, map.RegisterPathwayGroup, map.SetEdge, map.SetTerrain, map.UpdateRegion, sd.AddCombatStage, sd.CancelEffect, sd.CommitCombatOutcome, sd.CreateArmy, sd.CreateCombat, sd.CreateDecisionMaker, sd.CreateNation, sd.IssueDirective, sd.PutInfo, sd.RecordCasualties, sd.RegisterEffect, sd.ResetDecisionMakerConversation, sd.RunDecision, sd.SetDecisionMakerAccess, sd.SetDecisionMakerProvider, sd.SetStageOutcomeTable, sd.StartDecision, sd.SubmitVerdict, simos.advance, simos.command.catalog, simos.command.submit, simos.fork, simos.map.hex, simos.map.overview, simos.social.population, simos.state.facets, simos.state.resolve, simos.timeline.branches, simos.unit.get, simos.unit.list, unit.ApplyCasualties, unit.AttachUnit, unit.CancelRoute, unit.CreateCommandChain, unit.CreateUnit, unit.DetachUnit, unit.DisbandUnit, unit.MergeFormation, unit.PlaceAt, unit.PlanRoute, unit.PlanSparseRoute, unit.RenameUnit, unit.ReparentSubtree, unit.ReparentUnit, unit.SetFormationOffset, unit.SetRejoinTarget, unit.SetStatus, unit.SetStrength, unit.SplitFormation, unit.UpdateCommandChain]；Registry 共 57 个，未外发 0 个 []
03:27:32.578 INFO  io.mosire.simos.app.gui.GuiServer - GUI 服务器已启动: http://127.0.0.1:45907/（静态 /webui，同源，无 CORS 头）
03:27:32.578 INFO  io.mosire.simos.app.Shell - Shell 装配完成: store=/tmp/junit-5780845983893174153/loop checkpointInterval=100 codec=4 handler=45 participant=2 resolver=4 facet=2 tool=57 mapId=Map1 bindAddress=127.0.0.1 mcpPort=45955 guiPort=45907 approvalPort=45497
03:27:32.579 INFO  io.mosire.agentlib.approval.ApprovalHttpEndpoint - 审批 HTTP 面已停止（端口 45497）
03:27:32.580 INFO  io.mosire.agentlib.approval.HttpApprovalChannel - HTTP 审批通道已关闭
03:27:32.633 WARN  io.mosire.agentlib.mcp.AgentToMcpServer - MCP HTTP 面绑定非回环地址 0.0.0.0（无鉴权、无 TLS）：任何能连到该地址的人都能列举并调用工具。仅在你已在本机/网络层另有隔离时这样做。path=/mcp
03:27:32.638 INFO  io.mosire.agentlib.mcp.AgentToMcpServer - MCP streamable server 已启动: name=simos-shell version=0.1.0-SNAPSHOT 外发工具 57 个 [map.CreateRegion, map.DeleteRegion, map.RandomizeRegion, map.RegisterPathwayGroup, map.SetEdge, map.SetTerrain, map.UpdateRegion, sd.AddCombatStage, sd.CancelEffect, sd.CommitCombatOutcome, sd.CreateArmy, sd.CreateCombat, sd.CreateDecisionMaker, sd.CreateNation, sd.IssueDirective, sd.PutInfo, sd.RecordCasualties, sd.RegisterEffect, sd.ResetDecisionMakerConversation, sd.RunDecision, sd.SetDecisionMakerAccess, sd.SetDecisionMakerProvider, sd.SetStageOutcomeTable, sd.StartDecision, sd.SubmitVerdict, simos.advance, simos.command.catalog, simos.command.submit, simos.fork, simos.map.hex, simos.map.overview, simos.social.population, simos.state.facets, simos.state.resolve, simos.timeline.branches, simos.unit.get, simos.unit.list, unit.ApplyCasualties, unit.AttachUnit, unit.CancelRoute, unit.CreateCommandChain, unit.CreateUnit, unit.DetachUnit, unit.DisbandUnit, unit.MergeFormation, unit.PlaceAt, unit.PlanRoute, unit.PlanSparseRoute, unit.RenameUnit, unit.ReparentSubtree, unit.ReparentUnit, unit.SetFormationOffset, unit.SetRejoinTarget, unit.SetStatus, unit.SetStrength, unit.SplitFormation, unit.UpdateCommandChain]；Registry 共 57 个，未外发 0 个 []
03:27:32.646 INFO  io.mosire.simos.app.gui.GuiServer - GUI 服务器已启动: http://0.0.0.0:44773/（静态 /webui，同源，无 CORS 头）
03:27:32.646 INFO  io.mosire.simos.app.Shell - Shell 装配完成: store=/tmp/junit-7258537026645146000/wild checkpointInterval=100 codec=4 handler=45 participant=2 resolver=4 facet=2 tool=57 mapId=Map1 bindAddress=0.0.0.0 mcpPort=46329 guiPort=44773 approvalPort=45509
03:27:32.647 INFO  io.mosire.agentlib.approval.ApprovalHttpEndpoint - 审批 HTTP 面已停止（端口 45509）
03:27:32.648 INFO  io.mosire.agentlib.approval.HttpApprovalChannel - HTTP 审批通道已关闭
03:27:32.713 WARN  io.mosire.agentlib.mcp.AgentToMcpServer - MCP HTTP 面绑定非回环地址 0.0.0.0（无鉴权、无 TLS）：任何能连到该地址的人都能列举并调用工具。仅在你已在本机/网络层另有隔离时这样做。path=/mcp
03:27:32.718 INFO  io.mosire.agentlib.mcp.AgentToMcpServer - MCP streamable server 已启动: name=simos-shell version=0.1.0-SNAPSHOT 外发工具 57 个 [map.CreateRegion, map.DeleteRegion, map.RandomizeRegion, map.RegisterPathwayGroup, map.SetEdge, map.SetTerrain, map.UpdateRegion, sd.AddCombatStage, sd.CancelEffect, sd.CommitCombatOutcome, sd.CreateArmy, sd.CreateCombat, sd.CreateDecisionMaker, sd.CreateNation, sd.IssueDirective, sd.PutInfo, sd.RecordCasualties, sd.RegisterEffect, sd.ResetDecisionMakerConversation, sd.RunDecision, sd.SetDecisionMakerAccess, sd.SetDecisionMakerProvider, sd.SetStageOutcomeTable, sd.StartDecision, sd.SubmitVerdict, simos.advance, simos.command.catalog, simos.command.submit, simos.fork, simos.map.hex, simos.map.overview, simos.social.population, simos.state.facets, simos.state.resolve, simos.timeline.branches, simos.unit.get, simos.unit.list, unit.ApplyCasualties, unit.AttachUnit, unit.CancelRoute, unit.CreateCommandChain, unit.CreateUnit, unit.DetachUnit, unit.DisbandUnit, unit.MergeFormation, unit.PlaceAt, unit.PlanRoute, unit.PlanSparseRoute, unit.RenameUnit, unit.ReparentSubtree, unit.ReparentUnit, unit.SetFormationOffset, unit.SetRejoinTarget, unit.SetStatus, unit.SetStrength, unit.SplitFormation, unit.UpdateCommandChain]；Registry 共 57 个，未外发 0 个 []
03:27:32.727 INFO  io.mosire.simos.app.gui.GuiServer - GUI 服务器已启动: http://0.0.0.0:46441/（静态 /webui，同源，无 CORS 头）
03:27:32.727 INFO  io.mosire.simos.app.Shell - Shell 装配完成: store=/tmp/junit-2594074020582415270/wild-iface checkpointInterval=100 codec=4 handler=45 participant=2 resolver=4 facet=2 tool=57 mapId=Map1 bindAddress=0.0.0.0 mcpPort=45779 guiPort=46441 approvalPort=45539
03:27:32.729 INFO  io.mosire.agentlib.approval.ApprovalHttpEndpoint - 审批 HTTP 面已停止（端口 45539）
03:27:32.729 INFO  io.mosire.agentlib.approval.HttpApprovalChannel - HTTP 审批通道已关闭
03:27:32.787 INFO  io.mosire.agentlib.mcp.AgentToMcpServer - MCP streamable server 已启动: name=simos-shell version=0.1.0-SNAPSHOT 外发工具 57 个 [map.CreateRegion, map.DeleteRegion, map.RandomizeRegion, map.RegisterPathwayGroup, map.SetEdge, map.SetTerrain, map.UpdateRegion, sd.AddCombatStage, sd.CancelEffect, sd.CommitCombatOutcome, sd.CreateArmy, sd.CreateCombat, sd.CreateDecisionMaker, sd.CreateNation, sd.IssueDirective, sd.PutInfo, sd.RecordCasualties, sd.RegisterEffect, sd.ResetDecisionMakerConversation, sd.RunDecision, sd.SetDecisionMakerAccess, sd.SetDecisionMakerProvider, sd.SetStageOutcomeTable, sd.StartDecision, sd.SubmitVerdict, simos.advance, simos.command.catalog, simos.command.submit, simos.fork, simos.map.hex, simos.map.overview, simos.social.population, simos.state.facets, simos.state.resolve, simos.timeline.branches, simos.unit.get, simos.unit.list, unit.ApplyCasualties, unit.AttachUnit, unit.CancelRoute, unit.CreateCommandChain, unit.CreateUnit, unit.DetachUnit, unit.DisbandUnit, unit.MergeFormation, unit.PlaceAt, unit.PlanRoute, unit.PlanSparseRoute, unit.RenameUnit, unit.ReparentSubtree, unit.ReparentUnit, unit.SetFormationOffset, unit.SetRejoinTarget, unit.SetStatus, unit.SetStrength, unit.SplitFormation, unit.UpdateCommandChain]；Registry 共 57 个，未外发 0 个 []
03:27:32.796 INFO  io.mosire.simos.app.gui.GuiServer - GUI 服务器已启动: http://127.0.0.1:46031/（静态 /webui，同源，无 CORS 头）
03:27:32.796 INFO  io.mosire.simos.app.Shell - Shell 装配完成: store=/tmp/junit-2594074020582415270/loop-iface checkpointInterval=100 codec=4 handler=45 participant=2 resolver=4 facet=2 tool=57 mapId=Map1 bindAddress=127.0.0.1 mcpPort=46209 guiPort=46031 approvalPort=46647
03:27:32.798 INFO  io.mosire.agentlib.approval.ApprovalHttpEndpoint - 审批 HTTP 面已停止（端口 46647）
03:27:32.798 INFO  io.mosire.agentlib.approval.HttpApprovalChannel - HTTP 审批通道已关闭
[INFO] Tests run: 3, Failures: 0, Errors: 0, Skipped: 0, Time elapsed: 0.301 s -- in io.mosire.simos.app.BindAddressTest
[INFO] Running io.mosire.simos.app.McpCoverageTest
03:27:32.867 INFO  io.mosire.agentlib.mcp.AgentToMcpServer - MCP streamable server 已启动: name=simos-shell version=0.1.0-SNAPSHOT 外发工具 57 个 [map.CreateRegion, map.DeleteRegion, map.RandomizeRegion, map.RegisterPathwayGroup, map.SetEdge, map.SetTerrain, map.UpdateRegion, sd.AddCombatStage, sd.CancelEffect, sd.CommitCombatOutcome, sd.CreateArmy, sd.CreateCombat, sd.CreateDecisionMaker, sd.CreateNation, sd.IssueDirective, sd.PutInfo, sd.RecordCasualties, sd.RegisterEffect, sd.ResetDecisionMakerConversation, sd.RunDecision, sd.SetDecisionMakerAccess, sd.SetDecisionMakerProvider, sd.SetStageOutcomeTable, sd.StartDecision, sd.SubmitVerdict, simos.advance, simos.command.catalog, simos.command.submit, simos.fork, simos.map.hex, simos.map.overview, simos.social.population, simos.state.facets, simos.state.resolve, simos.timeline.branches, simos.unit.get, simos.unit.list, unit.ApplyCasualties, unit.AttachUnit, unit.CancelRoute, unit.CreateCommandChain, unit.CreateUnit, unit.DetachUnit, unit.DisbandUnit, unit.MergeFormation, unit.PlaceAt, unit.PlanRoute, unit.PlanSparseRoute, unit.RenameUnit, unit.ReparentSubtree, unit.ReparentUnit, unit.SetFormationOffset, unit.SetRejoinTarget, unit.SetStatus, unit.SetStrength, unit.SplitFormation, unit.UpdateCommandChain]；Registry 共 57 个，未外发 0 个 []
03:27:32.876 INFO  io.mosire.simos.app.gui.GuiServer - GUI 服务器已启动: http://127.0.0.1:45061/（静态 /webui，同源，无 CORS 头）
03:27:32.876 INFO  io.mosire.simos.app.Shell - Shell 装配完成: store=/tmp/junit-7280877470895777789 checkpointInterval=100 codec=4 handler=45 participant=2 resolver=4 facet=2 tool=57 mapId=Map1 bindAddress=127.0.0.1 mcpPort=45741 guiPort=45061 approvalPort=45211
03:27:32.881 INFO  io.modelcontextprotocol.server.McpAsyncServer - Client initialize request - Protocol: 2025-11-25, Capabilities: ClientCapabilities[experimental=null, roots=null, sampling=null, elicitation=null], Info: Implementation[name=Java SDK MCP Client, title=null, version=0.15.0, description=null, icons=null, websiteUrl=null]
03:27:32.883 INFO  io.modelcontextprotocol.client.LifecycleInitializer - Server response with Protocol: 2025-11-25, Capabilities: ServerCapabilities[completions=null, experimental=null, logging=LoggingCapabilities[], prompts=null, resources=null, tools=ToolCapabilities[listChanged=true]], Info: Implementation[name=simos-shell, title=null, version=0.1.0-SNAPSHOT, description=null, icons=null, websiteUrl=null] and Instructions null
03:27:32.912 INFO  io.mosire.simos.core.command.CommandBus - 命令提交: type=unit.CreateUnit commandId=dc63eb60-960d-4fc5-9f9a-e2cc23fcf301 correlationId=dc63eb60-960d-4fc5-9f9a-e2cc23fcf301 新坐标=main@2
03:27:32.953 INFO  io.mosire.simos.core.command.CommandBus - 命令提交: type=unit.RenameUnit commandId=967a37dc-64fe-42c3-adf3-b68d7d10a1de correlationId=967a37dc-64fe-42c3-adf3-b68d7d10a1de 新坐标=main@3
03:27:33.001 INFO  io.mosire.simos.core.command.CommandBus - 命令提交: type=unit.SetStrength commandId=f0dfc687-1971-4f20-a892-faa18f5f81c2 correlationId=f0dfc687-1971-4f20-a892-faa18f5f81c2 新坐标=main@4
03:27:33.055 INFO  io.mosire.simos.core.command.CommandBus - 命令提交: type=unit.ReparentUnit commandId=76f382a8-4f32-4bbe-ae14-1b73e23971c9 correlationId=76f382a8-4f32-4bbe-ae14-1b73e23971c9 新坐标=main@5
03:27:33.102 INFO  io.mosire.simos.core.command.CommandBus - 命令提交: type=unit.PlaceAt commandId=54bfc410-6da5-4ae4-9d52-7f1e9d72a59c correlationId=54bfc410-6da5-4ae4-9d52-7f1e9d72a59c 新坐标=main@6
03:27:33.146 INFO  io.mosire.simos.core.command.CommandBus - 命令提交: type=unit.PlanRoute commandId=9cc2d614-c933-4d64-b4fc-1a9de521fae3 correlationId=9cc2d614-c933-4d64-b4fc-1a9de521fae3 新坐标=main@7
03:27:33.197 INFO  io.mosire.simos.core.command.CommandBus - 命令提交: type=unit.CancelRoute commandId=568e2385-8820-4a5a-bfbf-eebe91354c05 correlationId=568e2385-8820-4a5a-bfbf-eebe91354c05 新坐标=main@8
03:27:33.234 INFO  io.mosire.simos.core.command.CommandBus - 命令提交: type=unit.SetStatus commandId=31eeeb5d-5de0-4690-a756-23fc03558070 correlationId=31eeeb5d-5de0-4690-a756-23fc03558070 新坐标=main@9
03:27:33.278 INFO  io.mosire.simos.core.command.CommandBus - 命令提交: type=unit.SetRejoinTarget commandId=9e1b90b2-461a-457e-b1ff-9b14d1568f9f correlationId=9e1b90b2-461a-457e-b1ff-9b14d1568f9f 新坐标=main@10
03:27:33.321 INFO  io.mosire.simos.core.command.CommandBus - 命令提交: type=unit.ApplyCasualties commandId=d2478741-5062-4d66-8631-53cfbef19003 correlationId=d2478741-5062-4d66-8631-53cfbef19003 新坐标=main@11
03:27:33.365 INFO  io.mosire.simos.core.command.CommandBus - 命令提交: type=unit.PlanSparseRoute commandId=962aaf7f-670f-4f95-b94f-4b6ae134bdb9 correlationId=962aaf7f-670f-4f95-b94f-4b6ae134bdb9 新坐标=main@12
03:27:33.409 INFO  io.mosire.simos.core.command.CommandBus - 命令提交: type=unit.CreateCommandChain commandId=542c0bff-b5e5-4acd-8e47-20d6c68ef63e correlationId=542c0bff-b5e5-4acd-8e47-20d6c68ef63e 新坐标=main@13
03:27:33.453 INFO  io.mosire.simos.core.command.CommandBus - 命令提交: type=unit.UpdateCommandChain commandId=cd5475e8-4165-47ab-83bb-7cea94aec98c correlationId=cd5475e8-4165-47ab-83bb-7cea94aec98c 新坐标=main@14
03:27:33.499 INFO  io.mosire.simos.core.command.CommandBus - 命令提交: type=unit.AttachUnit commandId=e32edd2d-a655-4d66-b9aa-5919af44b01d correlationId=e32edd2d-a655-4d66-b9aa-5919af44b01d 新坐标=main@15
03:27:33.547 INFO  io.mosire.simos.core.command.CommandBus - 命令提交: type=unit.ReparentSubtree commandId=9aea6d6f-0951-46e1-9b51-df2550275953 correlationId=9aea6d6f-0951-46e1-9b51-df2550275953 新坐标=main@16
03:27:33.588 INFO  io.mosire.simos.core.command.CommandBus - 命令提交: type=unit.DetachUnit commandId=064d4562-76b4-47b9-9d88-3775d9760026 correlationId=064d4562-76b4-47b9-9d88-3775d9760026 新坐标=main@17
03:27:33.633 INFO  io.mosire.simos.core.command.CommandBus - 命令提交: type=unit.SplitFormation commandId=6d65fa60-ca8b-4ad9-a1f8-3da6fab6f95a correlationId=6d65fa60-ca8b-4ad9-a1f8-3da6fab6f95a 新坐标=main@18
03:27:33.681 INFO  io.mosire.simos.core.command.CommandBus - 命令提交: type=unit.MergeFormation commandId=4bef8fd2-d8e6-4acf-b571-d7dc5282c102 correlationId=4bef8fd2-d8e6-4acf-b571-d7dc5282c102 新坐标=main@19
03:27:33.726 INFO  io.mosire.simos.core.command.CommandBus - 命令提交: type=unit.SetFormationOffset commandId=b5f2486d-3e25-4e1d-ac8e-33722b58cb50 correlationId=b5f2486d-3e25-4e1d-ac8e-33722b58cb50 新坐标=main@20
03:27:33.770 INFO  io.mosire.simos.core.command.CommandBus - 命令提交: type=unit.DisbandUnit commandId=0494ca55-b4b5-462d-a67a-9a8e13c25bd0 correlationId=0494ca55-b4b5-462d-a67a-9a8e13c25bd0 新坐标=main@21
03:27:33.816 INFO  io.mosire.simos.core.command.CommandBus - 命令提交: type=map.SetTerrain commandId=dbcf9673-ced9-4cb1-945f-81df734cc6ab correlationId=dbcf9673-ced9-4cb1-945f-81df734cc6ab 新坐标=main@22
03:27:33.859 INFO  io.mosire.simos.core.command.CommandBus - 命令提交: type=map.CreateRegion commandId=e3a50b99-7c15-4b79-a17c-498f6cdca3c5 correlationId=e3a50b99-7c15-4b79-a17c-498f6cdca3c5 新坐标=main@23
03:27:33.904 INFO  io.mosire.simos.core.command.CommandBus - 命令提交: type=map.UpdateRegion commandId=6e2e06eb-b453-4c5a-8ff6-f2342dba7ae4 correlationId=6e2e06eb-b453-4c5a-8ff6-f2342dba7ae4 新坐标=main@24
03:27:33.945 INFO  io.mosire.simos.core.command.CommandBus - 命令提交: type=map.DeleteRegion commandId=4d6ef1f4-739e-410c-b435-044164e89c00 correlationId=4d6ef1f4-739e-410c-b435-044164e89c00 新坐标=main@25
03:27:33.990 INFO  io.mosire.simos.core.command.CommandBus - 命令提交: type=map.SetEdge commandId=dbe6a172-593e-44af-9887-0adad47b8237 correlationId=dbe6a172-593e-44af-9887-0adad47b8237 新坐标=main@26
03:27:34.038 INFO  io.mosire.simos.core.command.CommandBus - 命令提交: type=map.RandomizeRegion commandId=e51c29a8-c9fa-4827-a603-a5a325cfc2de correlationId=e51c29a8-c9fa-4827-a603-a5a325cfc2de 新坐标=main@27
03:27:34.077 INFO  io.mosire.simos.core.command.CommandBus - 命令提交: type=sd.CreateNation commandId=f86f479a-4607-461a-aa82-a9228d97536f correlationId=f86f479a-4607-461a-aa82-a9228d97536f 新坐标=main@28
03:27:34.128 INFO  io.mosire.simos.core.command.CommandBus - 命令提交: type=sd.CreateArmy commandId=a1f403a6-d163-4126-94f9-776868a43dae correlationId=a1f403a6-d163-4126-94f9-776868a43dae 新坐标=main@29
03:27:34.170 INFO  io.mosire.simos.core.command.CommandBus - 命令提交: type=sd.CreateDecisionMaker commandId=4b181bd4-77b3-4f17-bea9-d35483a12784 correlationId=4b181bd4-77b3-4f17-bea9-d35483a12784 新坐标=main@30
03:27:34.212 INFO  io.mosire.simos.core.command.CommandBus - 命令提交: type=sd.ResetDecisionMakerConversation commandId=bcbbe8d6-7dda-426c-b38a-36161b816a6f correlationId=bcbbe8d6-7dda-426c-b38a-36161b816a6f 新坐标=main@31
03:27:34.254 INFO  io.mosire.simos.core.command.CommandBus - 命令提交: type=sd.PutInfo commandId=465a0e19-f86c-4f43-894d-f6b5329f0821 correlationId=465a0e19-f86c-4f43-894d-f6b5329f0821 新坐标=main@32
03:27:34.298 INFO  io.mosire.simos.core.command.CommandBus - 命令提交: type=sd.CreateCombat commandId=7e131ea6-8809-4759-a981-4eadf9f530de correlationId=7e131ea6-8809-4759-a981-4eadf9f530de 新坐标=main@33
03:27:34.346 INFO  io.mosire.simos.core.command.CommandBus - 命令提交: type=sd.AddCombatStage commandId=1a5f28d4-246d-41fa-b37f-411444fae134 correlationId=1a5f28d4-246d-41fa-b37f-411444fae134 新坐标=main@34
03:27:34.387 INFO  io.mosire.simos.core.command.CommandBus - 命令提交: type=sd.SetStageOutcomeTable commandId=3166ed53-a51c-42ee-8309-260640e31275 correlationId=3166ed53-a51c-42ee-8309-260640e31275 新坐标=main@35
03:27:34.431 INFO  io.mosire.simos.core.command.CommandBus - 命令提交: type=sd.RecordCasualties commandId=4be275fe-0fd4-46b9-a0c0-decabcf03cdd correlationId=4be275fe-0fd4-46b9-a0c0-decabcf03cdd 新坐标=main@36
03:27:34.478 INFO  io.mosire.simos.core.command.CommandBus - 命令提交: type=sd.CommitCombatOutcome commandId=c9de4f4e-bb7e-43b3-a068-50e9fd8dc0e5 correlationId=c9de4f4e-bb7e-43b3-a068-50e9fd8dc0e5 新坐标=main@37
03:27:34.520 INFO  io.mosire.simos.core.command.CommandBus - 命令提交: type=sd.RegisterEffect commandId=3b846d79-06f5-4092-a3b3-7a7ce217af0a correlationId=3b846d79-06f5-4092-a3b3-7a7ce217af0a 新坐标=main@38
03:27:34.563 INFO  io.mosire.simos.core.command.CommandBus - 命令提交: type=sd.CancelEffect commandId=8ea6f276-07fc-4475-a8c9-a9e0238c77fb correlationId=8ea6f276-07fc-4475-a8c9-a9e0238c77fb 新坐标=main@39
03:27:34.607 INFO  io.mosire.simos.core.command.CommandBus - 命令提交: type=sd.SetDecisionMakerAccess commandId=d4029530-a063-456b-ab78-f6fb39f9a67a correlationId=d4029530-a063-456b-ab78-f6fb39f9a67a 新坐标=main@40
03:27:34.651 INFO  io.mosire.simos.core.command.CommandBus - 命令提交: type=sd.IssueDirective commandId=d073f45f-10b5-4e53-a0fc-a26ba253b42b correlationId=d073f45f-10b5-4e53-a0fc-a26ba253b42b 新坐标=main@41
03:27:34.697 INFO  io.mosire.simos.core.command.CommandBus - 命令提交: type=sd.SubmitVerdict commandId=6b85c730-e4be-4ac4-8d9a-35b865172d70 correlationId=6b85c730-e4be-4ac4-8d9a-35b865172d70 新坐标=main@42
03:27:34.740 INFO  io.mosire.simos.core.command.CommandBus - 命令提交: type=map.RegisterPathwayGroup commandId=2d27414a-48d5-4429-8755-ad2099ab86bc correlationId=2d27414a-48d5-4429-8755-ad2099ab86bc 新坐标=main@43
03:27:34.784 INFO  io.mosire.simos.core.command.CommandBus - 命令提交: type=sd.StartDecision commandId=4657272a-5094-4d4b-81ad-418ec342e3e8 correlationId=4657272a-5094-4d4b-81ad-418ec342e3e8 新坐标=main@44
03:27:34.827 INFO  io.mosire.simos.core.command.CommandBus - 命令提交: type=sd.SetDecisionMakerProvider commandId=0ac040a2-030e-47e0-a836-b336ac83952a correlationId=0ac040a2-030e-47e0-a836-b336ac83952a 新坐标=main@45
03:27:34.871 INFO  io.mosire.simos.core.command.CommandBus - 命令提交: type=sd.RunDecision commandId=a11dce82-69b4-44bb-ac97-c998282596d3 correlationId=a11dce82-69b4-44bb-ac97-c998282596d3 新坐标=main@46
[T11-COVERAGE] type=unit.CreateUnit result=committed revision=2
[T11-COVERAGE] type=unit.RenameUnit result=committed revision=3
[T11-COVERAGE] type=unit.SetStrength result=committed revision=4
[T11-COVERAGE] type=unit.ReparentUnit result=committed revision=5
[T11-COVERAGE] type=unit.PlaceAt result=committed revision=6
[T11-COVERAGE] type=unit.PlanRoute result=committed revision=7
[T11-COVERAGE] type=unit.CancelRoute result=committed revision=8
[T11-COVERAGE] type=unit.SetStatus result=committed revision=9
[T11-COVERAGE] type=unit.SetRejoinTarget result=committed revision=10
[T11-COVERAGE] type=unit.ApplyCasualties result=committed revision=11
[T11-COVERAGE] type=unit.PlanSparseRoute result=committed revision=12
[T11-COVERAGE] type=unit.CreateCommandChain result=committed revision=13
[T11-COVERAGE] type=unit.UpdateCommandChain result=committed revision=14
[T11-COVERAGE] type=unit.AttachUnit result=committed revision=15
[T11-COVERAGE] type=unit.ReparentSubtree result=committed revision=16
[T11-COVERAGE] type=unit.DetachUnit result=committed revision=17
[T11-COVERAGE] type=unit.SplitFormation result=committed revision=18
[T11-COVERAGE] type=unit.MergeFormation result=committed revision=19
[T11-COVERAGE] type=unit.SetFormationOffset result=committed revision=20
[T11-COVERAGE] type=unit.DisbandUnit result=committed revision=21
[T11-COVERAGE] type=map.SetTerrain result=committed revision=22
[T11-COVERAGE] type=map.CreateRegion result=committed revision=23
[T11-COVERAGE] type=map.UpdateRegion result=committed revision=24
[T11-COVERAGE] type=map.DeleteRegion result=committed revision=25
[T11-COVERAGE] type=map.SetEdge result=committed revision=26
[T11-COVERAGE] type=map.RandomizeRegion result=committed revision=27
[T11-COVERAGE] type=sd.CreateNation result=committed revision=28
[T11-COVERAGE] type=sd.CreateArmy result=committed revision=29
[T11-COVERAGE] type=sd.CreateDecisionMaker result=committed revision=30
[T11-COVERAGE] type=sd.ResetDecisionMakerConversation result=committed revision=31
[T11-COVERAGE] type=sd.PutInfo result=committed revision=32
[T11-COVERAGE] type=sd.CreateCombat result=committed revision=33
[T11-COVERAGE] type=sd.AddCombatStage result=committed revision=34
[T11-COVERAGE] type=sd.SetStageOutcomeTable result=committed revision=35
[T11-COVERAGE] type=sd.RecordCasualties result=committed revision=36
[T11-COVERAGE] type=sd.CommitCombatOutcome result=committed revision=37
[T11-COVERAGE] type=sd.RegisterEffect result=committed revision=38
[T11-COVERAGE] type=sd.CancelEffect result=committed revision=39
[T11-COVERAGE] type=sd.SetDecisionMakerAccess result=committed revision=40
[T11-COVERAGE] type=sd.IssueDirective result=committed revision=41
[T11-COVERAGE] type=sd.SubmitVerdict result=committed revision=42
[T11-COVERAGE] type=map.RegisterPathwayGroup result=committed revision=43
[T11-COVERAGE] type=sd.StartDecision result=committed revision=44
[T11-COVERAGE] type=sd.SetDecisionMakerProvider result=committed revision=45
[T11-COVERAGE] type=sd.RunDecision result=committed revision=46
03:27:34.919 INFO  io.mosire.simos.core.advance.TimeAdvance - 命令提交: type=core.AdvanceTime commandId=dcafbc9e-8fa5-4e3b-909e-a2e66a4bf4ab correlationId=dcafbc9e-8fa5-4e3b-909e-a2e66a4bf4ab 新坐标=main@47
[T11-COVERAGE] tool=simos.advance result=committed revision=47
03:27:34.959 WARN  io.mosire.simos.core.store.CheckpointStore - checkpoint 缺失（C18：回退到更早的 checkpoint，最坏从创世重放，不失败）: /tmp/junit-7280877470895777789/checkpoints/main/47.json
[T11-COVERAGE] tool=simos.fork result=committed branch=mcp-branch revision=1
03:27:35.013 INFO  io.mosire.simos.core.command.CommandBus - 命令被拒: type=unit.RenameUnit commandId=0b63993b-3e56-4d60-9ee3-8607985fd45a correlationId=0b63993b-3e56-4d60-9ee3-8607985fd45a 原因=payload 必须是 {"id":字符串,"name":字符串}: {"id":"u-2"}
[T11-COVERAGE] reverse=bad-payload result=rejected
03:27:35.047 INFO  io.mosire.agentlib.approval.ApprovalHttpEndpoint - 审批 HTTP 面已停止（端口 45211）
03:27:35.047 INFO  io.mosire.agentlib.approval.HttpApprovalChannel - HTTP 审批通道已关闭
[INFO] Tests run: 1, Failures: 0, Errors: 0, Skipped: 0, Time elapsed: 2.239 s -- in io.mosire.simos.app.McpCoverageTest
[INFO] Running io.mosire.simos.app.ShellMainParseTest
[INFO] Tests run: 4, Failures: 0, Errors: 0, Skipped: 0, Time elapsed: 0.003 s -- in io.mosire.simos.app.ShellMainParseTest
[INFO] Running io.mosire.simos.app.McpServerTest
03:27:35.114 INFO  io.mosire.agentlib.mcp.AgentToMcpServer - MCP streamable server 已启动: name=simos-shell version=0.1.0-SNAPSHOT 外发工具 57 个 [map.CreateRegion, map.DeleteRegion, map.RandomizeRegion, map.RegisterPathwayGroup, map.SetEdge, map.SetTerrain, map.UpdateRegion, sd.AddCombatStage, sd.CancelEffect, sd.CommitCombatOutcome, sd.CreateArmy, sd.CreateCombat, sd.CreateDecisionMaker, sd.CreateNation, sd.IssueDirective, sd.PutInfo, sd.RecordCasualties, sd.RegisterEffect, sd.ResetDecisionMakerConversation, sd.RunDecision, sd.SetDecisionMakerAccess, sd.SetDecisionMakerProvider, sd.SetStageOutcomeTable, sd.StartDecision, sd.SubmitVerdict, simos.advance, simos.command.catalog, simos.command.submit, simos.fork, simos.map.hex, simos.map.overview, simos.social.population, simos.state.facets, simos.state.resolve, simos.timeline.branches, simos.unit.get, simos.unit.list, unit.ApplyCasualties, unit.AttachUnit, unit.CancelRoute, unit.CreateCommandChain, unit.CreateUnit, unit.DetachUnit, unit.DisbandUnit, unit.MergeFormation, unit.PlaceAt, unit.PlanRoute, unit.PlanSparseRoute, unit.RenameUnit, unit.ReparentSubtree, unit.ReparentUnit, unit.SetFormationOffset, unit.SetRejoinTarget, unit.SetStatus, unit.SetStrength, unit.SplitFormation, unit.UpdateCommandChain]；Registry 共 57 个，未外发 0 个 []
03:27:35.123 INFO  io.mosire.simos.app.gui.GuiServer - GUI 服务器已启动: http://127.0.0.1:45655/（静态 /webui，同源，无 CORS 头）
03:27:35.123 INFO  io.mosire.simos.app.Shell - Shell 装配完成: store=/tmp/junit-16928620237915327458 checkpointInterval=100 codec=4 handler=45 participant=2 resolver=4 facet=2 tool=57 mapId=Map1 bindAddress=127.0.0.1 mcpPort=44811 guiPort=45655 approvalPort=45121
03:27:35.125 INFO  io.modelcontextprotocol.server.McpAsyncServer - Client initialize request - Protocol: 2025-11-25, Capabilities: ClientCapabilities[experimental=null, roots=null, sampling=null, elicitation=null], Info: Implementation[name=Java SDK MCP Client, title=null, version=0.15.0, description=null, icons=null, websiteUrl=null]
03:27:35.127 INFO  io.modelcontextprotocol.client.LifecycleInitializer - Server response with Protocol: 2025-11-25, Capabilities: ServerCapabilities[completions=null, experimental=null, logging=LoggingCapabilities[], prompts=null, resources=null, tools=ToolCapabilities[listChanged=true]], Info: Implementation[name=simos-shell, title=null, version=0.1.0-SNAPSHOT, description=null, icons=null, websiteUrl=null] and Instructions null
03:27:35.135 INFO  io.mosire.agentlib.approval.ApprovalHttpEndpoint - 审批 HTTP 面已停止（端口 45121）
03:27:35.135 INFO  io.mosire.agentlib.approval.HttpApprovalChannel - HTTP 审批通道已关闭
03:27:35.200 INFO  io.mosire.agentlib.mcp.AgentToMcpServer - MCP streamable server 已启动: name=simos-shell version=0.1.0-SNAPSHOT 外发工具 57 个 [map.CreateRegion, map.DeleteRegion, map.RandomizeRegion, map.RegisterPathwayGroup, map.SetEdge, map.SetTerrain, map.UpdateRegion, sd.AddCombatStage, sd.CancelEffect, sd.CommitCombatOutcome, sd.CreateArmy, sd.CreateCombat, sd.CreateDecisionMaker, sd.CreateNation, sd.IssueDirective, sd.PutInfo, sd.RecordCasualties, sd.RegisterEffect, sd.ResetDecisionMakerConversation, sd.RunDecision, sd.SetDecisionMakerAccess, sd.SetDecisionMakerProvider, sd.SetStageOutcomeTable, sd.StartDecision, sd.SubmitVerdict, simos.advance, simos.command.catalog, simos.command.submit, simos.fork, simos.map.hex, simos.map.overview, simos.social.population, simos.state.facets, simos.state.resolve, simos.timeline.branches, simos.unit.get, simos.unit.list, unit.ApplyCasualties, unit.AttachUnit, unit.CancelRoute, unit.CreateCommandChain, unit.CreateUnit, unit.DetachUnit, unit.DisbandUnit, unit.MergeFormation, unit.PlaceAt, unit.PlanRoute, unit.PlanSparseRoute, unit.RenameUnit, unit.ReparentSubtree, unit.ReparentUnit, unit.SetFormationOffset, unit.SetRejoinTarget, unit.SetStatus, unit.SetStrength, unit.SplitFormation, unit.UpdateCommandChain]；Registry 共 57 个，未外发 0 个 []
03:27:35.209 INFO  io.mosire.simos.app.gui.GuiServer - GUI 服务器已启动: http://127.0.0.1:45305/（静态 /webui，同源，无 CORS 头）
03:27:35.210 INFO  io.mosire.simos.app.Shell - Shell 装配完成: store=/tmp/junit-3353093547469416879 checkpointInterval=100 codec=4 handler=45 participant=2 resolver=4 facet=2 tool=57 mapId=Map1 bindAddress=127.0.0.1 mcpPort=46145 guiPort=45305 approvalPort=45845
03:27:35.212 INFO  io.modelcontextprotocol.server.McpAsyncServer - Client initialize request - Protocol: 2025-11-25, Capabilities: ClientCapabilities[experimental=null, roots=null, sampling=null, elicitation=null], Info: Implementation[name=Java SDK MCP Client, title=null, version=0.15.0, description=null, icons=null, websiteUrl=null]
03:27:35.213 INFO  io.modelcontextprotocol.client.LifecycleInitializer - Server response with Protocol: 2025-11-25, Capabilities: ServerCapabilities[completions=null, experimental=null, logging=LoggingCapabilities[], prompts=null, resources=null, tools=ToolCapabilities[listChanged=true]], Info: Implementation[name=simos-shell, title=null, version=0.1.0-SNAPSHOT, description=null, icons=null, websiteUrl=null] and Instructions null
03:27:35.264 INFO  io.mosire.agentlib.approval.ApprovalHttpEndpoint - 审批 HTTP 面已停止（端口 45845）
03:27:35.264 INFO  io.mosire.agentlib.approval.HttpApprovalChannel - HTTP 审批通道已关闭
03:27:35.321 INFO  io.mosire.agentlib.mcp.AgentToMcpServer - MCP streamable server 已启动: name=simos-shell version=0.1.0-SNAPSHOT 外发工具 57 个 [map.CreateRegion, map.DeleteRegion, map.RandomizeRegion, map.RegisterPathwayGroup, map.SetEdge, map.SetTerrain, map.UpdateRegion, sd.AddCombatStage, sd.CancelEffect, sd.CommitCombatOutcome, sd.CreateArmy, sd.CreateCombat, sd.CreateDecisionMaker, sd.CreateNation, sd.IssueDirective, sd.PutInfo, sd.RecordCasualties, sd.RegisterEffect, sd.ResetDecisionMakerConversation, sd.RunDecision, sd.SetDecisionMakerAccess, sd.SetDecisionMakerProvider, sd.SetStageOutcomeTable, sd.StartDecision, sd.SubmitVerdict, simos.advance, simos.command.catalog, simos.command.submit, simos.fork, simos.map.hex, simos.map.overview, simos.social.population, simos.state.facets, simos.state.resolve, simos.timeline.branches, simos.unit.get, simos.unit.list, unit.ApplyCasualties, unit.AttachUnit, unit.CancelRoute, unit.CreateCommandChain, unit.CreateUnit, unit.DetachUnit, unit.DisbandUnit, unit.MergeFormation, unit.PlaceAt, unit.PlanRoute, unit.PlanSparseRoute, unit.RenameUnit, unit.ReparentSubtree, unit.ReparentUnit, unit.SetFormationOffset, unit.SetRejoinTarget, unit.SetStatus, unit.SetStrength, unit.SplitFormation, unit.UpdateCommandChain]；Registry 共 57 个，未外发 0 个 []
03:27:35.330 INFO  io.mosire.simos.app.gui.GuiServer - GUI 服务器已启动: http://127.0.0.1:45259/（静态 /webui，同源，无 CORS 头）
03:27:35.330 INFO  io.mosire.simos.app.Shell - Shell 装配完成: store=/tmp/junit-334906052541015788 checkpointInterval=100 codec=4 handler=45 participant=2 resolver=4 facet=2 tool=57 mapId=Map1 bindAddress=127.0.0.1 mcpPort=46187 guiPort=45259 approvalPort=44745
03:27:35.333 INFO  io.modelcontextprotocol.server.McpAsyncServer - Client initialize request - Protocol: 2025-11-25, Capabilities: ClientCapabilities[experimental=null, roots=null, sampling=null, elicitation=null], Info: Implementation[name=Java SDK MCP Client, title=null, version=0.15.0, description=null, icons=null, websiteUrl=null]
03:27:35.334 INFO  io.modelcontextprotocol.client.LifecycleInitializer - Server response with Protocol: 2025-11-25, Capabilities: ServerCapabilities[completions=null, experimental=null, logging=LoggingCapabilities[], prompts=null, resources=null, tools=ToolCapabilities[listChanged=true]], Info: Implementation[name=simos-shell, title=null, version=0.1.0-SNAPSHOT, description=null, icons=null, websiteUrl=null] and Instructions null
03:27:35.399 INFO  io.mosire.simos.core.command.CommandBus - 命令提交: type=unit.RenameUnit commandId=3e5d48cd-a1e9-434c-9ab2-049f39b5f88a correlationId=3e5d48cd-a1e9-434c-9ab2-049f39b5f88a 新坐标=main@2
03:27:35.485 INFO  io.mosire.agentlib.approval.ApprovalHttpEndpoint - 审批 HTTP 面已停止（端口 44745）
03:27:35.485 INFO  io.mosire.agentlib.approval.HttpApprovalChannel - HTTP 审批通道已关闭
03:27:35.543 INFO  io.mosire.agentlib.mcp.AgentToMcpServer - MCP streamable server 已启动: name=simos-shell version=0.1.0-SNAPSHOT 外发工具 57 个 [map.CreateRegion, map.DeleteRegion, map.RandomizeRegion, map.RegisterPathwayGroup, map.SetEdge, map.SetTerrain, map.UpdateRegion, sd.AddCombatStage, sd.CancelEffect, sd.CommitCombatOutcome, sd.CreateArmy, sd.CreateCombat, sd.CreateDecisionMaker, sd.CreateNation, sd.IssueDirective, sd.PutInfo, sd.RecordCasualties, sd.RegisterEffect, sd.ResetDecisionMakerConversation, sd.RunDecision, sd.SetDecisionMakerAccess, sd.SetDecisionMakerProvider, sd.SetStageOutcomeTable, sd.StartDecision, sd.SubmitVerdict, simos.advance, simos.command.catalog, simos.command.submit, simos.fork, simos.map.hex, simos.map.overview, simos.social.population, simos.state.facets, simos.state.resolve, simos.timeline.branches, simos.unit.get, simos.unit.list, unit.ApplyCasualties, unit.AttachUnit, unit.CancelRoute, unit.CreateCommandChain, unit.CreateUnit, unit.DetachUnit, unit.DisbandUnit, unit.MergeFormation, unit.PlaceAt, unit.PlanRoute, unit.PlanSparseRoute, unit.RenameUnit, unit.ReparentSubtree, unit.ReparentUnit, unit.SetFormationOffset, unit.SetRejoinTarget, unit.SetStatus, unit.SetStrength, unit.SplitFormation, unit.UpdateCommandChain]；Registry 共 57 个，未外发 0 个 []
03:27:35.553 INFO  io.mosire.simos.app.gui.GuiServer - GUI 服务器已启动: http://127.0.0.1:45485/（静态 /webui，同源，无 CORS 头）
03:27:35.553 INFO  io.mosire.simos.app.Shell - Shell 装配完成: store=/tmp/junit-16083065141369420274 checkpointInterval=100 codec=4 handler=45 participant=2 resolver=4 facet=2 tool=57 mapId=Map1 bindAddress=127.0.0.1 mcpPort=44725 guiPort=45485 approvalPort=45183
03:27:35.556 INFO  io.modelcontextprotocol.server.McpAsyncServer - Client initialize request - Protocol: 2025-11-25, Capabilities: ClientCapabilities[experimental=null, roots=null, sampling=null, elicitation=null], Info: Implementation[name=Java SDK MCP Client, title=null, version=0.15.0, description=null, icons=null, websiteUrl=null]
03:27:35.557 INFO  io.modelcontextprotocol.client.LifecycleInitializer - Server response with Protocol: 2025-11-25, Capabilities: ServerCapabilities[completions=null, experimental=null, logging=LoggingCapabilities[], prompts=null, resources=null, tools=ToolCapabilities[listChanged=true]], Info: Implementation[name=simos-shell, title=null, version=0.1.0-SNAPSHOT, description=null, icons=null, websiteUrl=null] and Instructions null
03:27:35.603 INFO  io.mosire.agentlib.approval.ApprovalHttpEndpoint - 审批 HTTP 面已停止（端口 45183）
03:27:35.603 INFO  io.mosire.agentlib.approval.HttpApprovalChannel - HTTP 审批通道已关闭
[INFO] Tests run: 4, Failures: 0, Errors: 0, Skipped: 0, Time elapsed: 0.553 s -- in io.mosire.simos.app.McpServerTest
[INFO] 
[INFO] Results:
[INFO] 
[INFO] Tests run: 417, Failures: 0, Errors: 0, Skipped: 0
[INFO] 
[INFO] 
[INFO] --- exec:3.4.1:exec (frontend-unit-tests) @ simos-app ---
TAP version 13
# Subtest: decodeBlocks-restores-vertex-world-coordinates
ok 1 - decodeBlocks-restores-vertex-world-coordinates
  ---
  duration_ms: 0.667549
  type: 'test'
  ...
# Subtest: decodeBlocks-preserves-block-metadata
ok 2 - decodeBlocks-preserves-block-metadata
  ---
  duration_ms: 0.096659
  type: 'test'
  ...
# Subtest: decodeBlocks-keeps-rings-closed-with-same-vertex-count
ok 3 - decodeBlocks-keeps-rings-closed-with-same-vertex-count
  ---
  duration_ms: 0.098878
  type: 'test'
  ...
# Subtest: decodeBlocks-does-not-mutate-the-wire-input
ok 4 - decodeBlocks-does-not-mutate-the-wire-input
  ---
  duration_ms: 0.78643
  type: 'test'
  ...
# Subtest: terrainAt-reads-decoded-block-at-hex-center
ok 5 - terrainAt-reads-decoded-block-at-hex-center
  ---
  duration_ms: 0.188391
  type: 'test'
  ...
# Subtest: countsByTerrain-sums-decoded-hex-counts
ok 6 - countsByTerrain-sums-decoded-hex-counts
  ---
  duration_ms: 0.095392
  type: 'test'
  ...
# Subtest: module-loads
ok 7 - module-loads
  ---
  duration_ms: 0.56394
  type: 'test'
  ...
# Subtest: subpage-ids-and-labels
ok 8 - subpage-ids-and-labels
  ---
  duration_ms: 0.389398
  type: 'test'
  ...
# Subtest: subpage-state-is-fail-closed
ok 9 - subpage-state-is-fail-closed
  ---
  duration_ms: 0.996502
  type: 'test'
  ...
# Subtest: subpage-visibility-is-mutually-exclusive
ok 10 - subpage-visibility-is-mutually-exclusive
  ---
  duration_ms: 0.28355
  type: 'test'
  ...
# Subtest: decision-groups-put-nation-then-army-and-sort-by-id
ok 11 - decision-groups-put-nation-then-army-and-sort-by-id
  ---
  duration_ms: 4.008027
  type: 'test'
  ...
# Subtest: decision-groups-keep-unknown-kinds-and-preserve-length
ok 12 - decision-groups-keep-unknown-kinds-and-preserve-length
  ---
  duration_ms: 0.141974
  type: 'test'
  ...
# Subtest: decision-makers-for-nation-matches-exactly
ok 13 - decision-makers-for-nation-matches-exactly
  ---
  duration_ms: 0.22113
  type: 'test'
  ...
# Subtest: decision-maker-for-unit-resolves-root-and-descendants
ok 14 - decision-maker-for-unit-resolves-root-and-descendants
  ---
  duration_ms: 0.17293
  type: 'test'
  ...
# Subtest: decision-maker-for-unit-is-deterministic-across-two-armies
ok 15 - decision-maker-for-unit-is-deterministic-across-two-armies
  ---
  duration_ms: 0.157715
  type: 'test'
  ...
# Subtest: decision-maker-for-unit-survives-a-parent-cycle
ok 16 - decision-maker-for-unit-survives-a-parent-cycle
  ---
  duration_ms: 0.193179
  type: 'test'
  ...
# Subtest: pending-status-text-never-fabricates
ok 17 - pending-status-text-never-fabricates
  ---
  duration_ms: 0.084123
  type: 'test'
  ...
# Subtest: affiliation-label-formats-kind-name-and-id
ok 18 - affiliation-label-formats-kind-name-and-id
  ---
  duration_ms: 0.077817
  type: 'test'
  ...
# Subtest: start-decision-gate-requires-due
ok 19 - start-decision-gate-requires-due
  ---
  duration_ms: 0.070621
  type: 'test'
  ...
# Subtest: render-left-gates-the-start-button-on-due
ok 20 - render-left-gates-the-start-button-on-due
  ---
  duration_ms: 7.930923
  type: 'test'
  ...
# Subtest: render-left-disables-the-start-button-when-not-due
ok 21 - render-left-disables-the-start-button-when-not-due
  ---
  duration_ms: 6.959689
  type: 'test'
  ...
# Subtest: start-decision-posts-the-target-when-due
ok 22 - start-decision-posts-the-target-when-due
  ---
  duration_ms: 2.554134
  type: 'test'
  ...
# Subtest: start-decision-advances-the-cursor-on-success
ok 23 - start-decision-advances-the-cursor-on-success
  ---
  duration_ms: 5.149266
  type: 'test'
  ...
# Subtest: start-decision-retries-once-after-409-with-the-fresh-head
ok 24 - start-decision-retries-once-after-409-with-the-fresh-head
  ---
  duration_ms: 7.198508
  type: 'test'
  ...
# Subtest: start-decision-does-not-retry-beyond-once
ok 25 - start-decision-does-not-retry-beyond-once
  ---
  duration_ms: 8.295738
  type: 'test'
  ...
# Subtest: start-decision-refuses-when-target-is-not-due
ok 26 - start-decision-refuses-when-target-is-not-due
  ---
  duration_ms: 2.034468
  type: 'test'
  ...
# Subtest: decision-maker-fields-project-the-server-shape
ok 27 - decision-maker-fields-project-the-server-shape
  ---
  duration_ms: 0.190639
  type: 'test'
  ...
# Subtest: nation-region-ids-are-set-equal-not-subset
ok 28 - nation-region-ids-are-set-equal-not-subset
  ---
  duration_ms: 0.143646
  type: 'test'
  ...
# Subtest: nation-tag-helpers-ignore-non-nation-and-blank-tags
ok 29 - nation-tag-helpers-ignore-non-nation-and-blank-tags
  ---
  duration_ms: 0.057943
  type: 'test'
  ...
# Subtest: nation-ids-of-regions-unions-distinct-nations
ok 30 - nation-ids-of-regions-unions-distinct-nations
  ---
  duration_ms: 0.201382
  type: 'test'
  ...
# Subtest: render-left-shows-army-decision-maker-for-a-descendant-unit
ok 31 - render-left-shows-army-decision-maker-for-a-descendant-unit
  ---
  duration_ms: 2.59102
  type: 'test'
  ...
# Subtest: render-left-shows-no-decision-maker-for-an-unrelated-unit
ok 32 - render-left-shows-no-decision-maker-for-an-unrelated-unit
  ---
  duration_ms: 4.223355
  type: 'test'
  ...
# Subtest: render-left-shows-nation-decision-maker-for-a-nation-region-hex
ok 33 - render-left-shows-nation-decision-maker-for-a-nation-region-hex
  ---
  duration_ms: 2.80298
  type: 'test'
  ...
# Subtest: index-html-has-six-modes-and-decision-panel
ok 34 - index-html-has-six-modes-and-decision-panel
  ---
  duration_ms: 0.247089
  type: 'test'
  ...
# Subtest: index-html-decision-mode-has-start-decision-button
ok 35 - index-html-decision-mode-has-start-decision-button
  ---
  duration_ms: 0.116912
  type: 'test'
  ...
# Subtest: map-js-wires-decision-click-to-nation-highlight
ok 36 - map-js-wires-decision-click-to-nation-highlight
  ---
  duration_ms: 0.677672
  type: 'test'
  ...
# Subtest: panels-js-and-app-js-delegate-subpage-visibility
ok 37 - panels-js-and-app-js-delegate-subpage-visibility
  ---
  duration_ms: 1.489372
  type: 'test'
  ...
# Subtest: all-required-test-files-are-present
ok 38 - all-required-test-files-are-present
  ---
  duration_ms: 0.936046
  type: 'test'
  ...
# Subtest: assertion-count-is-not-below-the-frozen-floor
ok 39 - assertion-count-is-not-below-the-frozen-floor
  ---
  duration_ms: 1.332828
  type: 'test'
  ...
# Subtest: module-loads
ok 40 - module-loads
  ---
  duration_ms: 1.405752
  type: 'test'
  ...
# Subtest: toolUsageEntries-reads-two-response-shapes
ok 41 - toolUsageEntries-reads-two-response-shapes
  ---
  duration_ms: 0.378213
  type: 'test'
  ...
# Subtest: resultText-marks-success-and-failure
ok 42 - resultText-marks-success-and-failure
  ---
  duration_ms: 0.086613
  type: 'test'
  ...
# Subtest: formatEntry-includes-tool-and-result
ok 43 - formatEntry-includes-tool-and-result
  ---
  duration_ms: 10.332073
  type: 'test'
  ...
# Subtest: renderPlan-empty-state-is-explicit
ok 44 - renderPlan-empty-state-is-explicit
  ---
  duration_ms: 0.172363
  type: 'test'
  ...
# Subtest: renderPlan-keeps-server-order-and-flags
ok 45 - renderPlan-keeps-server-order-and-flags
  ---
  duration_ms: 0.104962
  type: 'test'
  ...
# Subtest: renderInto-reads-exactly-one-GET-api-gm-tool-usage
ok 46 - renderInto-reads-exactly-one-GET-api-gm-tool-usage
  ---
  duration_ms: 0.97739
  type: 'test'
  ...
# Subtest: renderInto-renders-server-entries-from-the-response
ok 47 - renderInto-renders-server-entries-from-the-response
  ---
  duration_ms: 1.832128
  type: 'test'
  ...
# Subtest: renderInto-shows-empty-state-when-server-has-none
ok 48 - renderInto-shows-empty-state-when-server-has-none
  ---
  duration_ms: 0.308223
  type: 'test'
  ...
# Subtest: renderInto-degrades-when-endpoint-unavailable
ok 49 - renderInto-degrades-when-endpoint-unavailable
  ---
  duration_ms: 0.449189
  type: 'test'
  ...
# Subtest: setOpen-toggles-overlay-and-aria-expanded
ok 50 - setOpen-toggles-overlay-and-aria-expanded
  ---
  duration_ms: 0.168378
  type: 'test'
  ...
# Subtest: mount-wires-open-close-and-refresh
ok 51 - mount-wires-open-close-and-refresh
  ---
  duration_ms: 8.080657
  type: 'test'
  ...
# Subtest: index.html-has-gm-button-in-timeline-bar-and-fullscreen-overlay
ok 52 - index.html-has-gm-button-in-timeline-bar-and-fullscreen-overlay
  ---
  duration_ms: 0.266794
  type: 'test'
  ...
# Subtest: gm-overlay-is-fixed-hidden-by-default-and-clickable
ok 53 - gm-overlay-is-fixed-hidden-by-default-and-clickable
  ---
  duration_ms: 0.275464
  type: 'test'
  ...
# Subtest: gm-overlay-has-no-chat-input
ok 54 - gm-overlay-has-no-chat-input
  ---
  duration_ms: 0.160286
  type: 'test'
  ...
# Subtest: module-loads
ok 55 - module-loads
  ---
  duration_ms: 1.206506
  type: 'test'
  ...
# Subtest: subtool-ids-and-labels
ok 56 - subtool-ids-and-labels
  ---
  duration_ms: 0.363524
  type: 'test'
  ...
# Subtest: subtool-state-is-fail-closed
ok 57 - subtool-state-is-fail-closed
  ---
  duration_ms: 0.183734
  type: 'test'
  ...
# Subtest: subtool-tools-return-a-snapshot-and-default-tool
ok 58 - subtool-tools-return-a-snapshot-and-default-tool
  ---
  duration_ms: 0.109238
  type: 'test'
  ...
# Subtest: mapEditSubtoolOf-maps-tools-and-rejects-unknown
ok 59 - mapEditSubtoolOf-maps-tools-and-rejects-unknown
  ---
  duration_ms: 0.087426
  type: 'test'
  ...
# Subtest: write-allowed-is-per-subtool-and-cross-line-is-denied
ok 60 - write-allowed-is-per-subtool-and-cross-line-is-denied
  ---
  duration_ms: 0.064801
  type: 'test'
  ...
# Subtest: write-gate-resolves-tool-then-subtool
ok 61 - write-gate-resolves-tool-then-subtool
  ---
  duration_ms: 0.123442
  type: 'test'
  ...
# Subtest: panel-visibility-is-mutually-exclusive
ok 62 - panel-visibility-is-mutually-exclusive
  ---
  duration_ms: 0.093948
  type: 'test'
  ...
# Subtest: index-html-has-suboption-control-and-grouped-panels
ok 63 - index-html-has-suboption-control-and-grouped-panels
  ---
  duration_ms: 0.376039
  type: 'test'
  ...
# Subtest: suboptions-are-not-new-modes
ok 64 - suboptions-are-not-new-modes
  ---
  duration_ms: 0.411
  type: 'test'
  ...
# Subtest: map-js-gates-every-map-write-with-the-matching-type
ok 65 - map-js-gates-every-map-write-with-the-matching-type
  ---
  duration_ms: 0.735012
  type: 'test'
  ...
# Subtest: page-delegates-to-the-single-guard-implementation
ok 66 - page-delegates-to-the-single-guard-implementation
  ---
  duration_ms: 0.654015
  type: 'test'
  ...
# Subtest: edgeKeyOf-is-canonical-by-q-then-r
ok 67 - edgeKeyOf-is-canonical-by-q-then-r
  ---
  duration_ms: 0.509838
  type: 'test'
  ...
# Subtest: edgeKeyOf-rejects-self-loops-and-incomplete-points
ok 68 - edgeKeyOf-rejects-self-loops-and-incomplete-points
  ---
  duration_ms: 0.085638
  type: 'test'
  ...
# Subtest: edgeChainEdges-connects-an-adjacent-run
ok 69 - edgeChainEdges-connects-an-adjacent-run
  ---
  duration_ms: 0.397289
  type: 'test'
  ...
# Subtest: edgeChainEdges-dedupes-a-repeated-pair
ok 70 - edgeChainEdges-dedupes-a-repeated-pair
  ---
  duration_ms: 0.076263
  type: 'test'
  ...
# Subtest: edgeChainEdges-skips-a-non-adjacent-jump-and-keeps-the-anchor
ok 71 - edgeChainEdges-skips-a-non-adjacent-jump-and-keeps-the-anchor
  ---
  duration_ms: 0.151149
  type: 'test'
  ...
# Subtest: edgeChainEdges-same-hex-as-the-anchor-ends-the-path
ok 72 - edgeChainEdges-same-hex-as-the-anchor-ends-the-path
  ---
  duration_ms: 0.08824
  type: 'test'
  ...
# Subtest: edgeChainResult-reports-ending-and-skipped-non-adjacency
ok 73 - edgeChainResult-reports-ending-and-skipped-non-adjacency
  ---
  duration_ms: 0.123724
  type: 'test'
  ...
# Subtest: edgeChainEdges-treats-a-missing-sample-as-no-op
ok 74 - edgeChainEdges-treats-a-missing-sample-as-no-op
  ---
  duration_ms: 0.088667
  type: 'test'
  ...
# Subtest: edgeModeState-has-no-default
ok 75 - edgeModeState-has-no-default
  ---
  duration_ms: 0.210492
  type: 'test'
  ...
# Subtest: parseSeedInput-does-not-fall-back-to-zero
ok 76 - parseSeedInput-does-not-fall-back-to-zero
  ---
  duration_ms: 0.313901
  type: 'test'
  ...
# Subtest: randomizeSelectionState-rejects-an-empty-selection
ok 77 - randomizeSelectionState-rejects-an-empty-selection
  ---
  duration_ms: 0.129858
  type: 'test'
  ...
# Subtest: page-层-uses-the-guards-instead-of-re-implementing-them
ok 78 - page-层-uses-the-guards-instead-of-re-implementing-them
  ---
  duration_ms: 0.874609
  type: 'test'
  ...
# Subtest: parseEdgeKey-round-trips-and-rejects-malformed-keys
ok 79 - parseEdgeKey-round-trips-and-rejects-malformed-keys
  ---
  duration_ms: 0.135347
  type: 'test'
  ...
# Subtest: edgeHitAtWorldPoint-honours-the-12px-threshold-and-kind
ok 80 - edgeHitAtWorldPoint-honours-the-12px-threshold-and-kind
  ---
  duration_ms: 0.161015
  type: 'test'
  ...
# Subtest: edgeDeletePlan-replaces-with-the-surviving-set
ok 81 - edgeDeletePlan-replaces-with-the-surviving-set
  ---
  duration_ms: 0.089081
  type: 'test'
  ...
# Subtest: registered-edge-kinds-default-then-follow-the-server
ok 82 - registered-edge-kinds-default-then-follow-the-server
  ---
  duration_ms: 0.113249
  type: 'test'
  ...
# Subtest: axialNeighbors-six-exact-vectors
ok 83 - axialNeighbors-six-exact-vectors
  ---
  duration_ms: 1.539807
  type: 'test'
  ...
# Subtest: axialNeighbors-offset-by-origin
ok 84 - axialNeighbors-offset-by-origin
  ---
  duration_ms: 0.119481
  type: 'test'
  ...
# Subtest: axialNeighbors-are-distinct-and-at-distance-one
ok 85 - axialNeighbors-are-distinct-and-at-distance-one
  ---
  duration_ms: 0.1103
  type: 'test'
  ...
# Subtest: axialDistance-frozen-values
ok 86 - axialDistance-frozen-values
  ---
  duration_ms: 0.07599
  type: 'test'
  ...
# Subtest: hexLine-endpoints-are-exact
ok 87 - hexLine-endpoints-are-exact
  ---
  duration_ms: 0.284051
  type: 'test'
  ...
# Subtest: hexLine-length-is-distance-plus-one
ok 88 - hexLine-length-is-distance-plus-one
  ---
  duration_ms: 0.110667
  type: 'test'
  ...
# Subtest: hexLine-has-no-duplicates-and-no-gaps
ok 89 - hexLine-has-no-duplicates-and-no-gaps
  ---
  duration_ms: 0.192661
  type: 'test'
  ...
# Subtest: hexLine-long-diagonal-is-dense
ok 90 - hexLine-long-diagonal-is-dense
  ---
  duration_ms: 0.069198
  type: 'test'
  ...
# Subtest: hexLine-single-cell-returns-fresh-single
ok 91 - hexLine-single-cell-returns-fresh-single
  ---
  duration_ms: 0.244299
  type: 'test'
  ...
# Subtest: module-loads
ok 92 - module-loads
  ---
  duration_ms: 1.738878
  type: 'test'
  ...
# Subtest: mode-ids-order
ok 93 - mode-ids-order
  ---
  duration_ms: 0.345788
  type: 'test'
  ...
# Subtest: mode-labels
ok 94 - mode-labels
  ---
  duration_ms: 0.069479
  type: 'test'
  ...
# Subtest: mode-label-unknown-passthrough
ok 95 - mode-label-unknown-passthrough
  ---
  duration_ms: 0.068254
  type: 'test'
  ...
# Subtest: view-allows-no-write
ok 96 - view-allows-no-write
  ---
  duration_ms: 0.114311
  type: 'test'
  ...
# Subtest: region-allows-no-write
ok 97 - region-allows-no-write
  ---
  duration_ms: 0.053402
  type: 'test'
  ...
# Subtest: map-edit-allows-exactly-four-writes
ok 98 - map-edit-allows-exactly-four-writes
  ---
  duration_ms: 0.09632
  type: 'test'
  ...
# Subtest: region-edit-allows-three-writes
ok 99 - region-edit-allows-three-writes
  ---
  duration_ms: 0.054783
  type: 'test'
  ...
# Subtest: unit-allows-route-and-editor-writes
ok 100 - unit-allows-route-and-editor-writes
  ---
  duration_ms: 0.156101
  type: 'test'
  ...
# Subtest: decision-allows-exactly-start-decision
ok 101 - decision-allows-exactly-start-decision
  ---
  duration_ms: 0.20792
  type: 'test'
  ...
# Subtest: fail-closed-on-unknown-mode-and-empty-type
ok 102 - fail-closed-on-unknown-mode-and-empty-type
  ---
  duration_ms: 0.102047
  type: 'test'
  ...
# Subtest: allowedWrites-returns-a-snapshot
ok 103 - allowedWrites-returns-a-snapshot
  ---
  duration_ms: 0.053562
  type: 'test'
  ...
# Subtest: workbench-write-calls-are-all-whitelisted
ok 104 - workbench-write-calls-are-all-whitelisted
  ---
  duration_ms: 1.958149
  type: 'test'
  ...
# Subtest: whitelist-entries-are-well-formed-command-types
ok 105 - whitelist-entries-are-well-formed-command-types
  ---
  duration_ms: 0.115784
  type: 'test'
  ...
# Subtest: module-loads
ok 106 - module-loads
  ---
  duration_ms: 0.483721
  type: 'test'
  ...
# Subtest: pendingCount-reads-the-three-response-shapes
ok 107 - pendingCount-reads-the-three-response-shapes
  ---
  duration_ms: 0.093537
  type: 'test'
  ...
# Subtest: summaryText-shows-the-count
ok 108 - summaryText-shows-the-count
  ---
  duration_ms: 0.117528
  type: 'test'
  ...
# Subtest: renderInto-reads-exactly-one-GET-api-approvals
ok 109 - renderInto-reads-exactly-one-GET-api-approvals
  ---
  duration_ms: 1.927681
  type: 'test'
  ...
# Subtest: renderInto-degrades-when-approvals-unavailable
ok 110 - renderInto-degrades-when-approvals-unavailable
  ---
  duration_ms: 0.21079
  type: 'test'
  ...
# Subtest: index.html-has-notification-element-and-no-right-panel-approvals
ok 111 - index.html-has-notification-element-and-no-right-panel-approvals
  ---
  duration_ms: 0.225695
  type: 'test'
  ...
# Subtest: module-exports-the-pending-helpers
ok 112 - module-exports-the-pending-helpers
  ---
  duration_ms: 0.387185
  type: 'test'
  ...
# Subtest: pending-status-text-maps-only-real-booleans-and-never-fabricates
ok 113 - pending-status-text-maps-only-real-booleans-and-never-fabricates
  ---
  duration_ms: 0.120933
  type: 'test'
  ...
# Subtest: decision-maker-fields-project-due-into-pending
ok 114 - decision-maker-fields-project-due-into-pending
  ---
  duration_ms: 0.153703
  type: 'test'
  ...
# Subtest: right-list-renders-pending-from-server-due
ok 115 - right-list-renders-pending-from-server-due
  ---
  duration_ms: 8.748337
  type: 'test'
  ...
# Subtest: left-detail-shows-pending-from-server-due
ok 116 - left-detail-shows-pending-from-server-due
  ---
  duration_ms: 4.497454
  type: 'test'
  ...
# Subtest: panels-list-item-wires-server-due-into-pending-text
ok 117 - panels-list-item-wires-server-due-into-pending-text
  ---
  duration_ms: 0.278544
  type: 'test'
  ...
# Subtest: provider-subpage-is-registered-as-the-third-subpage
ok 118 - provider-subpage-is-registered-as-the-third-subpage
  ---
  duration_ms: 0.769035
  type: 'test'
  ...
# Subtest: provider-visibility-is-three-key-and-fail-closed
ok 119 - provider-visibility-is-three-key-and-fail-closed
  ---
  duration_ms: 0.180657
  type: 'test'
  ...
# Subtest: provider-form-to-payload-rejects-missing-required-fields
ok 120 - provider-form-to-payload-rejects-missing-required-fields
  ---
  duration_ms: 0.164422
  type: 'test'
  ...
# Subtest: provider-form-to-payload-normalizes-and-omits-empty-optional-fields
ok 121 - provider-form-to-payload-normalizes-and-omits-empty-optional-fields
  ---
  duration_ms: 0.116861
  type: 'test'
  ...
# Subtest: provider-form-to-payload-keeps-api-key-out-of-routes-and-rejects-bad-timeout
ok 122 - provider-form-to-payload-keeps-api-key-out-of-routes-and-rejects-bad-timeout
  ---
  duration_ms: 0.100075
  type: 'test'
  ...
# Subtest: provider-form-to-payload-sanitizes-provider-id-characters
ok 123 - provider-form-to-payload-sanitizes-provider-id-characters
  ---
  duration_ms: 0.066618
  type: 'test'
  ...
# Subtest: provider-fields-masks-and-does-not-fabricate-missing-values
ok 124 - provider-fields-masks-and-does-not-fabricate-missing-values
  ---
  duration_ms: 0.128206
  type: 'test'
  ...
# Subtest: provider-fields-keeps-broken-entries-visible-with-error-code
ok 125 - provider-fields-keeps-broken-entries-visible-with-error-code
  ---
  duration_ms: 0.061769
  type: 'test'
  ...
# Subtest: provider-binding-payload-requires-both-fields
ok 126 - provider-binding-payload-requires-both-fields
  ---
  duration_ms: 0.160488
  type: 'test'
  ...
# Subtest: provider-endpoints-are-exported-and-call-the-declared-paths
ok 127 - provider-endpoints-are-exported-and-call-the-declared-paths
  ---
  duration_ms: 1.613404
  type: 'test'
  ...
# Subtest: provider-panel-index-html-has-the-third-subpage-and-form-anchors
ok 128 - provider-panel-index-html-has-the-third-subpage-and-form-anchors
  ---
  duration_ms: 0.232152
  type: 'test'
  ...
# Subtest: provider-panel-js-has-no-second-visibility-implementation
ok 129 - provider-panel-js-has-no-second-visibility-implementation
  ---
  duration_ms: 0.250473
  type: 'test'
  ...
# Subtest: provider-config-does-not-touch-localstorage-or-fabricate-a-default-provider
ok 130 - provider-config-does-not-touch-localstorage-or-fabricate-a-default-provider
  ---
  duration_ms: 0.201883
  type: 'test'
  ...
# Subtest: rings-and-vertex-counts-match-independent-derivation
ok 131 - rings-and-vertex-counts-match-independent-derivation
  ---
  duration_ms: 1.984262
  type: 'test'
  ...
# Subtest: donut-has-outer-18-and-inner-hole-6
ok 132 - donut-has-outer-18-and-inner-hole-6
  ---
  duration_ms: 0.459988
  type: 'test'
  ...
# Subtest: single-hex-vertices-are-exactly-the-six-corners
ok 133 - single-hex-vertices-are-exactly-the-six-corners
  ---
  duration_ms: 0.148698
  type: 'test'
  ...
# Subtest: every-ring-is-closed-with-unit-edges
ok 134 - every-ring-is-closed-with-unit-edges
  ---
  duration_ms: 0.397728
  type: 'test'
  ...
# Subtest: vertices-are-distinct-within-a-ring
ok 135 - vertices-are-distinct-within-a-ring
  ---
  duration_ms: 1.204838
  type: 'test'
  ...
# Subtest: vertices-lie-on-the-hex-vertex-lattice
ok 136 - vertices-lie-on-the-hex-vertex-lattice
  ---
  duration_ms: 0.384965
  type: 'test'
  ...
# Subtest: vertices-are-not-hex-centers
ok 137 - vertices-are-not-hex-centers
  ---
  duration_ms: 0.33453
  type: 'test'
  ...
# Subtest: empty-and-invalid-input-return-no-ring
ok 138 - empty-and-invalid-input-return-no-ring
  ---
  duration_ms: 0.111076
  type: 'test'
  ...
# Subtest: deterministic-across-calls
ok 139 - deterministic-across-calls
  ---
  duration_ms: 0.329747
  type: 'test'
  ...
# Subtest: buildRegionHighlightPlan-puts-focus-regions-first
ok 140 - buildRegionHighlightPlan-puts-focus-regions-first
  ---
  duration_ms: 1.089621
  type: 'test'
  ...
# Subtest: buildRegionHighlightPlan-highlights-every-focus-id-for-the-tag-group-path
ok 141 - buildRegionHighlightPlan-highlights-every-focus-id-for-the-tag-group-path
  ---
  duration_ms: 0.163507
  type: 'test'
  ...
# Subtest: buildRegionHighlightPlan-region-view-without-focus-paints-nothing
ok 142 - buildRegionHighlightPlan-region-view-without-focus-paints-nothing
  ---
  duration_ms: 0.108678
  type: 'test'
  ...
# Subtest: buildRegionHighlightPlan-region-edit-without-focus-fades-everything
ok 143 - buildRegionHighlightPlan-region-edit-without-focus-fades-everything
  ---
  duration_ms: 0.197035
  type: 'test'
  ...
# Subtest: the-two-modes-share-one-plan-and-differ-only-in-parameters
ok 144 - the-two-modes-share-one-plan-and-differ-only-in-parameters
  ---
  duration_ms: 0.088379
  type: 'test'
  ...
# Subtest: page-层-uses-the-shared-plan-for-both-modes
ok 145 - page-层-uses-the-shared-plan-for-both-modes
  ---
  duration_ms: 0.745533
  type: 'test'
  ...
# Subtest: regionMembershipSummary-counts-each-region-itself-and-unions-the-hexes
ok 146 - regionMembershipSummary-counts-each-region-itself-and-unions-the-hexes
  ---
  duration_ms: 0.191537
  type: 'test'
  ...
# Subtest: regionMembershipSummary-keeps-three-owners-as-one-hex
ok 147 - regionMembershipSummary-keeps-three-owners-as-one-hex
  ---
  duration_ms: 0.074472
  type: 'test'
  ...
# Subtest: regionMembershipSummary-refuses-to-guess-without-hex-lists
ok 148 - regionMembershipSummary-refuses-to-guess-without-hex-lists
  ---
  duration_ms: 0.175071
  type: 'test'
  ...
# Subtest: page-层-shows-the-union-and-never-a-summed-total
ok 149 - page-层-shows-the-union-and-never-a-summed-total
  ---
  duration_ms: 1.118188
  type: 'test'
  ...
# Subtest: debug-hooks-for-the-region-view-mode-are-exposed
ok 150 - debug-hooks-for-the-region-view-mode-are-exposed
  ---
  duration_ms: 0.088244
  type: 'test'
  ...
# Subtest: layout-constants-are-frozen
ok 151 - layout-constants-are-frozen
  ---
  duration_ms: 1.143806
  type: 'test'
  ...
# Subtest: columnX-is-left-margin-plus-column-minus-one-times-width
ok 152 - columnX-is-left-margin-plus-column-minus-one-times-width
  ---
  duration_ms: 0.079403
  type: 'test'
  ...
# Subtest: main-branch-columns-follow-tick-order
ok 153 - main-branch-columns-follow-tick-order
  ---
  duration_ms: 0.09819
  type: 'test'
  ...
# Subtest: forked-branch-first-tick-aligns-with-parent-column
ok 154 - forked-branch-first-tick-aligns-with-parent-column
  ---
  duration_ms: 0.085197
  type: 'test'
  ...
# Subtest: unknown-tick-falls-back-to-first-column
ok 155 - unknown-tick-falls-back-to-first-column
  ---
  duration_ms: 0.063515
  type: 'test'
  ...
# Subtest: tickOfRevision-reads-the-injected-table
ok 156 - tickOfRevision-reads-the-injected-table
  ---
  duration_ms: 0.052815
  type: 'test'
  ...
# Subtest: nodeX-composes-columnOf-with-columnX
ok 157 - nodeX-composes-columnOf-with-columnX
  ---
  duration_ms: 1.530365
  type: 'test'
  ...
# Subtest: groupByTick-merges-same-tick-into-one-node
ok 158 - groupByTick-merges-same-tick-into-one-node
  ---
  duration_ms: 0.425074
  type: 'test'
  ...
# Subtest: groupByTick-empty-input
ok 159 - groupByTick-empty-input
  ---
  duration_ms: 0.14722
  type: 'test'
  ...
# Subtest: isAtTip-only-true-at-branch-head
ok 160 - isAtTip-only-true-at-branch-head
  ---
  duration_ms: 0.215191
  type: 'test'
  ...
# Subtest: shortCommandType-takes-last-segment
ok 161 - shortCommandType-takes-last-segment
  ---
  duration_ms: 0.090613
  type: 'test'
  ...
# Subtest: nextBranchName-picks-smallest-free-b-name
ok 162 - nextBranchName-picks-smallest-free-b-name
  ---
  duration_ms: 0.068051
  type: 'test'
  ...
# Subtest: orderedBranches-puts-main-first-then-lexicographic
ok 163 - orderedBranches-puts-main-first-then-lexicographic
  ---
  duration_ms: 0.06255
  type: 'test'
  ...
# Subtest: tickIndex-finds-position
ok 164 - tickIndex-finds-position
  ---
  duration_ms: 0.040188
  type: 'test'
  ...
# Subtest: buildTree-depth-parent-children-per-node
ok 165 - buildTree-depth-parent-children-per-node
  ---
  duration_ms: 0.902724
  type: 'test'
  ...
# Subtest: branch-point-is-two-or-more-direct-children-only
ok 166 - branch-point-is-two-or-more-direct-children-only
  ---
  duration_ms: 0.870372
  type: 'test'
  ...
# Subtest: branch-teeth-single-vs-double-vs-zero
ok 167 - branch-teeth-single-vs-double-vs-zero
  ---
  duration_ms: 0.142222
  type: 'test'
  ...
# Subtest: multi-root-forest-in-input-order
ok 168 - multi-root-forest-in-input-order
  ---
  duration_ms: 0.112702
  type: 'test'
  ...
# Subtest: missing-or-null-parent-becomes-root
ok 169 - missing-or-null-parent-becomes-root
  ---
  duration_ms: 0.076567
  type: 'test'
  ...
# Subtest: dangling-parent-becomes-root-and-is-preserved
ok 170 - dangling-parent-becomes-root-and-is-preserved
  ---
  duration_ms: 0.083031
  type: 'test'
  ...
# Subtest: descendant-count-is-postorder-total
ok 171 - descendant-count-is-postorder-total
  ---
  duration_ms: 0.118938
  type: 'test'
  ...
# Subtest: empty-input-returns-empty-forest
ok 172 - empty-input-returns-empty-forest
  ---
  duration_ms: 0.062958
  type: 'test'
  ...
# Subtest: flatten-returns-depth-first-including-self
ok 173 - flatten-returns-depth-first-including-self
  ---
  duration_ms: 0.186671
  type: 'test'
  ...
# Subtest: terrainDimAlpha-is-nonzero-only-in-region-modes
ok 174 - terrainDimAlpha-is-nonzero-only-in-region-modes
  ---
  duration_ms: 0.814682
  type: 'test'
  ...
# Subtest: terrain-dim-is-painted-after-terrain-and-before-highlights
ok 175 - terrain-dim-is-painted-after-terrain-and-before-highlights
  ---
  duration_ms: 0.643165
  type: 'test'
  ...
# Subtest: terrain-dim-is-a-full-canvas-dark-scrim
ok 176 - terrain-dim-is-a-full-canvas-dark-scrim
  ---
  duration_ms: 0.814766
  type: 'test'
  ...
# Subtest: pixel-sampling-hook-is-exposed-for-color-level-evidence
ok 177 - pixel-sampling-hook-is-exposed-for-color-level-evidence
  ---
  duration_ms: 0.089726
  type: 'test'
  ...
# Subtest: regionLabelLayout-uses-centroid-and-sqrt-font
ok 178 - regionLabelLayout-uses-centroid-and-sqrt-font
  ---
  duration_ms: 0.135805
  type: 'test'
  ...
# Subtest: regionLabelLayout-refuses-to-guess-without-label-or-hexcount
ok 179 - regionLabelLayout-refuses-to-guess-without-label-or-hexcount
  ---
  duration_ms: 0.077075
  type: 'test'
  ...
# Subtest: region-name-draws-both-stroke-and-fill-with-zoom-guard
ok 180 - region-name-draws-both-stroke-and-fill-with-zoom-guard
  ---
  duration_ms: 1.260843
  type: 'test'
  ...
# Subtest: region-names-are-actually-invoked-in-render-order
ok 181 - region-names-are-actually-invoked-in-render-order
  ---
  duration_ms: 0.605493
  type: 'test'
  ...
# Subtest: region-name-toggle-is-wired-and-persisted
ok 182 - region-name-toggle-is-wired-and-persisted
  ---
  duration_ms: 1.125317
  type: 'test'
  ...
# Subtest: regionTag-keeps-null-and-string-verbatim
ok 183 - regionTag-keeps-null-and-string-verbatim
  ---
  duration_ms: 0.507255
  type: 'test'
  ...
# Subtest: single-plan-brightens-focus-and-fades-only-same-tag
ok 184 - single-plan-brightens-focus-and-fades-only-same-tag
  ---
  duration_ms: 0.365118
  type: 'test'
  ...
# Subtest: single-focus-alpha-is-higher-than-tag-group-alpha
ok 185 - single-focus-alpha-is-higher-than-tag-group-alpha
  ---
  duration_ms: 0.108622
  type: 'test'
  ...
# Subtest: tag-group-plan-is-unchanged
ok 186 - tag-group-plan-is-unchanged
  ---
  duration_ms: 0.144365
  type: 'test'
  ...
# Subtest: setHighlightRegions-infers-kind-and-honours-explicit-kind
ok 187 - setHighlightRegions-infers-kind-and-honours-explicit-kind
  ---
  duration_ms: 0.134535
  type: 'test'
  ...
# Subtest: topRegionId-picks-the-definition-order-last-not-the-lexicographic-max
ok 188 - topRegionId-picks-the-definition-order-last-not-the-lexicographic-max
  ---
  duration_ms: 0.063073
  type: 'test'
  ...
# Subtest: sources-split-single-vs-group-at-the-three-call-sites
ok 189 - sources-split-single-vs-group-at-the-three-call-sites
  ---
  duration_ms: 0.696093
  type: 'test'
  ...
# Subtest: regionViewDebug-exposes-kind-and-both-alphas
ok 190 - regionViewDebug-exposes-kind-and-both-alphas
  ---
  duration_ms: 0.575723
  type: 'test'
  ...
# Subtest: loadRegionNamesAndDimDefaultsDoNotThrowUnderNodeHost
ok 191 - loadRegionNamesAndDimDefaultsDoNotThrowUnderNodeHost
  ---
  duration_ms: 0.069487
  type: 'test'
  ...
# Subtest: right-panel-has-data-modes-and-never-shows-in-view-mode
ok 192 - right-panel-has-data-modes-and-never-shows-in-view-mode
  ---
  duration_ms: 0.198491
  type: 'test'
  ...
# Subtest: side-columns-have-a-usable-stable-width
ok 193 - side-columns-have-a-usable-stable-width
  ---
  duration_ms: 0.199129
  type: 'test'
  ...
# Subtest: kv-value-column-is-not-squeezed-to-one-character
ok 194 - kv-value-column-is-not-squeezed-to-one-character
  ---
  duration_ms: 0.100266
  type: 'test'
  ...
# Subtest: region-names-only-show-in-the-two-region-modes
ok 195 - region-names-only-show-in-the-two-region-modes
  ---
  duration_ms: 0.051551
  type: 'test'
  ...
# Subtest: region-name-paint-is-gated-by-mode
ok 196 - region-name-paint-is-gated-by-mode
  ---
  duration_ms: 0.575817
  type: 'test'
  ...
# Subtest: region-name-toggle-is-in-the-topbar-and-hidden-when-irrelevant
ok 197 - region-name-toggle-is-in-the-topbar-and-hidden-when-irrelevant
  ---
  duration_ms: 0.110538
  type: 'test'
  ...
# Subtest: api.js-declares-exactly-the-allowed-write-endpoints
ok 198 - api.js-declares-exactly-the-allowed-write-endpoints
  ---
  duration_ms: 0.817221
  type: 'test'
  ...
# Subtest: api.js-exports-the-command-and-approval-write-functions
ok 199 - api.js-exports-the-command-and-approval-write-functions
  ---
  duration_ms: 1.639267
  type: 'test'
  ...
# Subtest: no-other-webui-asset-has-a-write-call
ok 200 - no-other-webui-asset-has-a-write-call
  ---
  duration_ms: 1.389272
  type: 'test'
  ...
# Subtest: scanner-has-teeth-on-undeclared-endpoint
ok 201 - scanner-has-teeth-on-undeclared-endpoint
  ---
  duration_ms: 0.252678
  type: 'test'
  ...
# Subtest: scanner-detects-a-missing-declared-endpoint
ok 202 - scanner-detects-a-missing-declared-endpoint
  ---
  duration_ms: 0.6792
  type: 'test'
  ...
# Subtest: dynamic-write-functions-hit-only-allowed-endpoints
ok 203 - dynamic-write-functions-hit-only-allowed-endpoints
  ---
  duration_ms: 1.179095
  type: 'test'
  ...
# Subtest: module-path-resolution-is-non-empty
ok 204 - module-path-resolution-is-non-empty
  ---
  duration_ms: 0.146584
  type: 'test'
  ...
1..204
# tests 204
# suites 0
# pass 204
# fail 0
# cancelled 0
# skipped 0
# todo 0
# duration_ms 142.694321
[frontend-gate] OK tests=204 pass=204 fail=0
[INFO] 
[INFO] --- jar:3.5.0:jar (default-jar) @ simos-app ---
[INFO] Building jar: /home/cna/SimulatorMosire/simos-app/target/simos-app-0.1.0-SNAPSHOT.jar
[INFO] 
[INFO] --- shade:3.6.0:shade (shade-executable) @ simos-app ---
[INFO] Including io.mosire:simos-core:jar:0.1.0-SNAPSHOT in the shaded jar.
[INFO] Including io.mosire:simos-util:jar:0.1.0-SNAPSHOT in the shaded jar.
[INFO] Including com.fasterxml.jackson.datatype:jackson-datatype-jdk8:jar:2.22.2 in the shaded jar.
[INFO] Including org.xerial:sqlite-jdbc:jar:3.53.4.0 in the shaded jar.
[INFO] Including io.mosire:simos-map:jar:0.1.0-SNAPSHOT in the shaded jar.
[INFO] Including io.mosire:simos-social:jar:0.1.0-SNAPSHOT in the shaded jar.
[INFO] Including io.mosire:simos-unit:jar:0.1.0-SNAPSHOT in the shaded jar.
[INFO] Including io.mosire:simos-sd:jar:0.1.0-SNAPSHOT in the shaded jar.
[INFO] Including io.mosire:agentlib-mosire:jar:0.1.0-SNAPSHOT in the shaded jar.
[INFO] Including com.networknt:json-schema-validator:jar:2.0.4 in the shaded jar.
[INFO] Including com.ethlo.time:itu:jar:1.14.0 in the shaded jar.
[INFO] Including com.fasterxml.jackson.dataformat:jackson-dataformat-yaml:jar:2.22.2 in the shaded jar.
[INFO] Including org.yaml:snakeyaml:jar:2.5 in the shaded jar.
[INFO] Including org.slf4j:slf4j-api:jar:2.0.19 in the shaded jar.
[INFO] Including org.pf4j:pf4j:jar:3.15.1 in the shaded jar.
[INFO] Including com.github.zafarkhaja:java-semver:jar:0.10.2 in the shaded jar.
[INFO] Including io.modelcontextprotocol.sdk:mcp-core:jar:2.0.1 in the shaded jar.
[INFO] Including com.fasterxml.jackson.core:jackson-annotations:jar:2.22 in the shaded jar.
[INFO] Including io.projectreactor:reactor-core:jar:3.7.0 in the shaded jar.
[INFO] Including org.reactivestreams:reactive-streams:jar:1.0.4 in the shaded jar.
[INFO] Including io.modelcontextprotocol.sdk:mcp-json-jackson2:jar:2.0.1 in the shaded jar.
[INFO] Including com.fasterxml.jackson.core:jackson-databind:jar:2.22.2 in the shaded jar.
[INFO] Including com.fasterxml.jackson.core:jackson-core:jar:2.22.2 in the shaded jar.
[INFO] Including org.apache.logging.log4j:log4j-core:jar:2.26.1 in the shaded jar.
[INFO] Including org.apache.logging.log4j:log4j-api:jar:2.26.1 in the shaded jar.
[INFO] Including org.apache.logging.log4j:log4j-slf4j2-impl:jar:2.26.1 in the shaded jar.
[WARNING] agentlib-mosire-0.1.0-SNAPSHOT.jar, itu-1.14.0.jar, jackson-annotations-2.22.jar, jackson-core-2.22.2.jar, jackson-databind-2.22.2.jar, jackson-dataformat-yaml-2.22.2.jar, jackson-datatype-jdk8-2.22.2.jar, java-semver-0.10.2.jar, json-schema-validator-2.0.4.jar, log4j-api-2.26.1.jar, log4j-core-2.26.1.jar, log4j-slf4j2-impl-2.26.1.jar, mcp-core-2.0.1.jar, mcp-json-jackson2-2.0.1.jar, pf4j-3.15.1.jar, reactive-streams-1.0.4.jar, reactor-core-3.7.0.jar, simos-app-0.1.0-SNAPSHOT.jar, simos-core-0.1.0-SNAPSHOT.jar, simos-map-0.1.0-SNAPSHOT.jar, simos-sd-0.1.0-SNAPSHOT.jar, simos-social-0.1.0-SNAPSHOT.jar, simos-unit-0.1.0-SNAPSHOT.jar, simos-util-0.1.0-SNAPSHOT.jar, slf4j-api-2.0.19.jar, snakeyaml-2.5.jar, sqlite-jdbc-3.53.4.0.jar define 1 overlapping resource: 
[WARNING]   - META-INF/MANIFEST.MF
[WARNING] jackson-annotations-2.22.jar, jackson-core-2.22.2.jar, jackson-databind-2.22.2.jar, jackson-dataformat-yaml-2.22.2.jar, jackson-datatype-jdk8-2.22.2.jar, java-semver-0.10.2.jar, log4j-api-2.26.1.jar, log4j-core-2.26.1.jar, log4j-slf4j2-impl-2.26.1.jar define 1 overlapping resource: 
[WARNING]   - META-INF/LICENSE
[WARNING] agentlib-mosire-0.1.0-SNAPSHOT.jar, simos-app-0.1.0-SNAPSHOT.jar, simos-core-0.1.0-SNAPSHOT.jar, simos-sd-0.1.0-SNAPSHOT.jar define 1 overlapping resource: 
[WARNING]   - META-INF/extensions.idx
[WARNING] itu-1.14.0.jar, jackson-core-2.22.2.jar, jackson-databind-2.22.2.jar, jackson-dataformat-yaml-2.22.2.jar, jackson-datatype-jdk8-2.22.2.jar, json-schema-validator-2.0.4.jar, pf4j-3.15.1.jar, slf4j-api-2.0.19.jar, snakeyaml-2.5.jar, sqlite-jdbc-3.53.4.0.jar define 1 overlapping classes: 
[WARNING]   - META-INF.versions.9.module-info
[WARNING] log4j-api-2.26.1.jar, log4j-core-2.26.1.jar, log4j-slf4j2-impl-2.26.1.jar define 1 overlapping resource: 
[WARNING]   - META-INF/DEPENDENCIES
[WARNING] jackson-annotations-2.22.jar, jackson-core-2.22.2.jar, jackson-databind-2.22.2.jar, jackson-dataformat-yaml-2.22.2.jar, jackson-datatype-jdk8-2.22.2.jar, log4j-api-2.26.1.jar, log4j-core-2.26.1.jar, log4j-slf4j2-impl-2.26.1.jar define 1 overlapping resource: 
[WARNING]   - META-INF/NOTICE
[WARNING] maven-shade-plugin has detected that some files are
[WARNING] present in two or more JARs. When this happens, only one
[WARNING] single version of the file is copied to the uber jar.
[WARNING] Usually this is not harmful and you can skip these warnings,
[WARNING] otherwise try to manually exclude artifacts based on
[WARNING] mvn dependency:tree -Ddetail=true and the above output.
[WARNING] See https://maven.apache.org/plugins/maven-shade-plugin/
[INFO] Attaching shaded artifact.
[INFO] 
[INFO] --- spotless:3.10.2:check (spotless-check) @ simos-app ---
[INFO] Index file does not exist. Fallback to an empty index
[INFO] Spotless.Java is keeping 158 files clean - 0 needs changes to be clean, 158 were already clean, 0 were skipped because caching determined they were already clean
[INFO] 
[INFO] >>> spotbugs:4.10.4.1:check (spotbugs-check) > :spotbugs @ simos-app >>>
[INFO] 
[INFO] --- spotbugs:4.10.4.1:spotbugs (spotbugs) @ simos-app ---
[INFO] Done SpotBugs Analysis....
[INFO] Skipping com.github.spotbugs:spotbugs-maven-plugin:4.10.4.1:spotbugs report goal
[INFO] 
[INFO] <<< spotbugs:4.10.4.1:check (spotbugs-check) < :spotbugs @ simos-app <<<
[INFO] 
[INFO] 
[INFO] --- spotbugs:4.10.4.1:check (spotbugs-check) @ simos-app ---
[INFO] BugInstance size is 0
[INFO] Error size is 0
[INFO] No errors/warnings found
[INFO] 
[INFO] --- exec:3.4.1:exec (shaded-jar-guard) @ simos-app ---
[shaded-guard] OK   reactor/core/publisher/LambdaMonoSubscriber.class
[shaded-guard] OK   reactor/core/publisher/Mono.class
[shaded-guard] OK   io/modelcontextprotocol/spec/McpStreamableServerTransportProvider.class
[shaded-guard] OK   io/modelcontextprotocol/server/McpSyncServer.class
[shaded-guard] OK   org/apache/logging/log4j/message/ParameterizedMessage.class
[shaded-guard] OK   org/slf4j/Logger.class
[shaded-guard] OK   org/sqlite/JDBC.class
[shaded-guard] OK   Main-Class=io.mosire.simos.app.ShellMain
[shaded-guard] 结论：OK（6121 个条目；7 条运行期类 + Main-Class 全在）
[INFO] ------------------------------------------------------------------------
[INFO] Reactor Summary for SimulatorMosire 0.1.0-SNAPSHOT:
[INFO] 
[INFO] SimulatorMosire .................................... SUCCESS [  1.146 s]
[INFO] UtilSimos .......................................... SUCCESS [  5.800 s]
[INFO] MapSimos ........................................... SUCCESS [  7.052 s]
[INFO] SocialSimos ........................................ SUCCESS [  2.197 s]
[INFO] UnitSimos .......................................... SUCCESS [  3.755 s]
[INFO] CoreSimos .......................................... SUCCESS [  9.095 s]
[INFO] SDSimos ............................................ SUCCESS [  4.088 s]
[INFO] SimosApp ........................................... SUCCESS [ 45.010 s]
[INFO] ------------------------------------------------------------------------
[INFO] BUILD SUCCESS
[INFO] ------------------------------------------------------------------------
[INFO] Total time:  01:18 min
[INFO] Finished at: 2026-09-23T03:27:41+08:00
[INFO] ------------------------------------------------------------------------
