[INFO] Scanning for projects...
[INFO] ------------------------------------------------------------------------
[INFO] Reactor Build Order:
[INFO] 
[INFO] SimulatorMosire                                                    [pom]
[INFO] UtilSimos                                                          [jar]
[INFO] MapSimos                                                           [jar]
[INFO] SocialSimos                                                        [jar]
[INFO] UnitSimos                                                          [jar]
[INFO] CoreSimos                                                          [jar]
[INFO] SDSimos                                                            [jar]
[INFO] SimosApp                                                           [jar]
[INFO] 
[INFO] -----------------------< io.mosire:simos-parent >-----------------------
[INFO] Building SimulatorMosire 0.1.0-SNAPSHOT                            [1/8]
[INFO]   from pom.xml
[INFO] --------------------------------[ pom ]---------------------------------
[INFO] 
[INFO] --- clean:3.2.0:clean (default-clean) @ simos-parent ---
[INFO] Deleting /home/cna/SimulatorMosire/target
[INFO] 
[INFO] --- enforcer:3.6.3:enforce (enforce-java-and-maven) @ simos-parent ---
[INFO] Rule 0: org.apache.maven.enforcer.rules.version.RequireJavaVersion passed
[INFO] Rule 1: org.apache.maven.enforcer.rules.version.RequireMavenVersion passed
[INFO] 
[INFO] --- checkstyle:3.6.0:check (checkstyle-check) @ simos-parent ---
[INFO] Starting audit...
Audit done.
[INFO] You have 0 Checkstyle violations.
[INFO] 
[INFO] --- spotless:3.10.2:check (spotless-check) @ simos-parent ---
[INFO] Index file does not exist. Fallback to an empty index
[INFO] 
[INFO] >>> spotbugs:4.10.4.1:check (spotbugs-check) > :spotbugs @ simos-parent >>>
[INFO] 
[INFO] --- spotbugs:4.10.4.1:spotbugs (spotbugs) @ simos-parent ---
[WARNING] No files found to generate report on. Check if compile phase has been run.
[INFO] Skipping com.github.spotbugs:spotbugs-maven-plugin:4.10.4.1:spotbugs report goal
[INFO] 
[INFO] <<< spotbugs:4.10.4.1:check (spotbugs-check) < :spotbugs @ simos-parent <<<
[INFO] 
[INFO] 
[INFO] --- spotbugs:4.10.4.1:check (spotbugs-check) @ simos-parent ---
[INFO] 
[INFO] ------------------------< io.mosire:simos-util >------------------------
[INFO] Building UtilSimos 0.1.0-SNAPSHOT                                  [2/8]
[INFO]   from simos-util/pom.xml
[INFO] --------------------------------[ jar ]---------------------------------
[INFO] 
[INFO] --- clean:3.2.0:clean (default-clean) @ simos-util ---
[INFO] Deleting /home/cna/SimulatorMosire/simos-util/target
[INFO] 
[INFO] --- enforcer:3.6.3:enforce (enforce-java-and-maven) @ simos-util ---
[INFO] 
[INFO] --- enforcer:3.6.3:enforce (enforce-module-boundaries) @ simos-util ---
[INFO] Rule 0: org.apache.maven.enforcer.rules.dependency.BannedDependencies passed
[INFO] 
[INFO] --- checkstyle:3.6.0:check (checkstyle-check) @ simos-util ---
[INFO] Starting audit...
Audit done.
[INFO] You have 0 Checkstyle violations.
[INFO] 
[INFO] --- resources:3.4.0:resources (default-resources) @ simos-util ---
[INFO] skip non existing resourceDirectory /home/cna/SimulatorMosire/simos-util/src/main/resources
[INFO] 
[INFO] --- compiler:3.16.0:compile (default-compile) @ simos-util ---
[INFO] Recompiling the module because of changed source code.
[INFO] Compiling 47 source files with javac [debug release 21] to target/classes
[INFO] 
[INFO] --- resources:3.4.0:testResources (default-testResources) @ simos-util ---
[INFO] skip non existing resourceDirectory /home/cna/SimulatorMosire/simos-util/src/test/resources
[INFO] 
[INFO] --- compiler:3.16.0:testCompile (default-testCompile) @ simos-util ---
[INFO] Recompiling the module because of changed dependency.
[INFO] Compiling 21 source files with javac [debug release 21] to target/test-classes
[INFO] 
[INFO] --- surefire:3.6.0:test (default-test) @ simos-util ---
[INFO] Using auto detected provider org.apache.maven.surefire.junitplatform.JUnitPlatformProvider
[INFO] 
[INFO] -------------------------------------------------------
[INFO]  T E S T S
[INFO] -------------------------------------------------------
[INFO] Running io.mosire.simos.util.state.StateRefTest
[INFO] Tests run: 9, Failures: 0, Errors: 0, Skipped: 0, Time elapsed: 0.059 s -- in io.mosire.simos.util.state.StateRefTest
[INFO] Running io.mosire.simos.util.state.SimulationStateTest
[INFO] Tests run: 8, Failures: 0, Errors: 0, Skipped: 0, Time elapsed: 0.016 s -- in io.mosire.simos.util.state.SimulationStateTest
[INFO] Running io.mosire.simos.util.state.SnapshotProtocolTest
[INFO] Tests run: 2, Failures: 0, Errors: 0, Skipped: 0, Time elapsed: 0.005 s -- in io.mosire.simos.util.state.SnapshotProtocolTest
[INFO] Running io.mosire.simos.util.json.FieldDeltaJsonTest
[INFO] Tests run: 5, Failures: 0, Errors: 0, Skipped: 0, Time elapsed: 0.142 s -- in io.mosire.simos.util.json.FieldDeltaJsonTest
[INFO] Running io.mosire.simos.util.json.SimosObjectMapperTest
[INFO] Tests run: 6, Failures: 0, Errors: 0, Skipped: 0, Time elapsed: 0.027 s -- in io.mosire.simos.util.json.SimosObjectMapperTest
[INFO] Running io.mosire.simos.util.info.InMemoryInfoSystemTest
[INFO] Tests run: 14, Failures: 0, Errors: 0, Skipped: 0, Time elapsed: 0.012 s -- in io.mosire.simos.util.info.InMemoryInfoSystemTest
[INFO] Running io.mosire.simos.util.facet.FacetRegistryTest
[INFO] Tests run: 10, Failures: 0, Errors: 0, Skipped: 0, Time elapsed: 0.008 s -- in io.mosire.simos.util.facet.FacetRegistryTest
[INFO] Running io.mosire.simos.util.resolve.ResolverRegistryTest
[INFO] Tests run: 8, Failures: 0, Errors: 0, Skipped: 0, Time elapsed: 0.006 s -- in io.mosire.simos.util.resolve.ResolverRegistryTest
[INFO] Running io.mosire.simos.util.identity.ResolvedSubjectTest
[INFO] Tests run: 5, Failures: 0, Errors: 0, Skipped: 0, Time elapsed: 0.005 s -- in io.mosire.simos.util.identity.ResolvedSubjectTest
[INFO] Running io.mosire.simos.util.identity.QueryResultTest
[INFO] Tests run: 2, Failures: 0, Errors: 0, Skipped: 0, Time elapsed: 0.001 s -- in io.mosire.simos.util.identity.QueryResultTest
[INFO] Running io.mosire.simos.util.identity.SubjectIdTest
[INFO] Tests run: 4, Failures: 0, Errors: 0, Skipped: 0, Time elapsed: 0.003 s -- in io.mosire.simos.util.identity.SubjectIdTest
[INFO] Running io.mosire.simos.util.time.TemporalSeriesTest
[INFO] Tests run: 16, Failures: 0, Errors: 0, Skipped: 0, Time elapsed: 0.011 s -- in io.mosire.simos.util.time.TemporalSeriesTest
[INFO] Running io.mosire.simos.util.time.TimeRangeTest
[INFO] Tests run: 4, Failures: 0, Errors: 0, Skipped: 0, Time elapsed: 0.002 s -- in io.mosire.simos.util.time.TimeRangeTest
[INFO] Running io.mosire.simos.util.time.SimosTimestampTest
[INFO] Tests run: 5, Failures: 0, Errors: 0, Skipped: 0, Time elapsed: 0.003 s -- in io.mosire.simos.util.time.SimosTimestampTest
[INFO] Running io.mosire.simos.util.address.AddressQuoteTest
[INFO] Tests run: 9, Failures: 0, Errors: 0, Skipped: 0, Time elapsed: 0.004 s -- in io.mosire.simos.util.address.AddressQuoteTest
[INFO] Running io.mosire.simos.util.address.AddressParseTest
[INFO] Tests run: 38, Failures: 0, Errors: 0, Skipped: 0, Time elapsed: 0.043 s -- in io.mosire.simos.util.address.AddressParseTest
[INFO] Running io.mosire.simos.util.address.AddressTolerantParseTest
[INFO] Tests run: 15, Failures: 0, Errors: 0, Skipped: 0, Time elapsed: 0.011 s -- in io.mosire.simos.util.address.AddressTolerantParseTest
[INFO] Running io.mosire.simos.util.spi.SpiShapesTest
[INFO] Tests run: 4, Failures: 0, Errors: 0, Skipped: 0, Time elapsed: 0.005 s -- in io.mosire.simos.util.spi.SpiShapesTest
[INFO] Running io.mosire.simos.util.verify.RoundTripAssertionsDriftTest
[INFO] Tests run: 1, Failures: 0, Errors: 0, Skipped: 0, Time elapsed: 0.006 s -- in io.mosire.simos.util.verify.RoundTripAssertionsDriftTest
[INFO] Running io.mosire.simos.util.verify.RoundTripAssertionsTest
[INFO] Tests run: 5, Failures: 0, Errors: 0, Skipped: 0, Time elapsed: 1.945 s -- in io.mosire.simos.util.verify.RoundTripAssertionsTest
[INFO] 
[INFO] Results:
[INFO] 
[INFO] Tests run: 170, Failures: 0, Errors: 0, Skipped: 0
[INFO] 
[INFO] 
[INFO] --- jar:3.5.0:jar (default-jar) @ simos-util ---
[INFO] Building jar: /home/cna/SimulatorMosire/simos-util/target/simos-util-0.1.0-SNAPSHOT.jar
[INFO] 
[INFO] --- spotless:3.10.2:check (spotless-check) @ simos-util ---
[INFO] Index file does not exist. Fallback to an empty index
[INFO] Spotless.Java is keeping 68 files clean - 0 needs changes to be clean, 68 were already clean, 0 were skipped because caching determined they were already clean
[INFO] 
[INFO] >>> spotbugs:4.10.4.1:check (spotbugs-check) > :spotbugs @ simos-util >>>
[INFO] 
[INFO] --- spotbugs:4.10.4.1:spotbugs (spotbugs) @ simos-util ---
[INFO] Done SpotBugs Analysis....
[INFO] Skipping com.github.spotbugs:spotbugs-maven-plugin:4.10.4.1:spotbugs report goal
[INFO] 
[INFO] <<< spotbugs:4.10.4.1:check (spotbugs-check) < :spotbugs @ simos-util <<<
[INFO] 
[INFO] 
[INFO] --- spotbugs:4.10.4.1:check (spotbugs-check) @ simos-util ---
[INFO] BugInstance size is 0
[INFO] Error size is 0
[INFO] No errors/warnings found
[INFO] 
[INFO] ------------------------< io.mosire:simos-map >-------------------------
[INFO] Building MapSimos 0.1.0-SNAPSHOT                                   [3/8]
[INFO]   from simos-map/pom.xml
[INFO] --------------------------------[ jar ]---------------------------------
[INFO] 
[INFO] --- clean:3.2.0:clean (default-clean) @ simos-map ---
[INFO] Deleting /home/cna/SimulatorMosire/simos-map/target
[INFO] 
[INFO] --- enforcer:3.6.3:enforce (enforce-java-and-maven) @ simos-map ---
[INFO] 
[INFO] --- enforcer:3.6.3:enforce (enforce-module-boundaries) @ simos-map ---
[INFO] Rule 0: org.apache.maven.enforcer.rules.dependency.BannedDependencies passed
[INFO] 
[INFO] --- checkstyle:3.6.0:check (checkstyle-check) @ simos-map ---
[INFO] Starting audit...
Audit done.
[INFO] You have 0 Checkstyle violations.
[INFO] 
[INFO] --- resources:3.4.0:resources (default-resources) @ simos-map ---
[INFO] skip non existing resourceDirectory /home/cna/SimulatorMosire/simos-map/src/main/resources
[INFO] 
[INFO] --- compiler:3.16.0:compile (default-compile) @ simos-map ---
[INFO] Recompiling the module because of changed dependency.
[INFO] Compiling 52 source files with javac [debug release 21] to target/classes
[INFO] /home/cna/SimulatorMosire/simos-map/src/main/java/io/mosire/simos/map/codec/MapCodec.java: Some input files use or override a deprecated API.
[INFO] /home/cna/SimulatorMosire/simos-map/src/main/java/io/mosire/simos/map/codec/MapCodec.java: Recompile with -Xlint:deprecation for details.
[INFO] 
[INFO] --- resources:3.4.0:testResources (default-testResources) @ simos-map ---
[INFO] skip non existing resourceDirectory /home/cna/SimulatorMosire/simos-map/src/test/resources
[INFO] 
[INFO] --- compiler:3.16.0:testCompile (default-testCompile) @ simos-map ---
[INFO] Recompiling the module because of changed dependency.
[INFO] Compiling 38 source files with javac [debug release 21] to target/test-classes
[INFO] 
[INFO] --- surefire:3.6.0:test (default-test) @ simos-map ---
[INFO] Using auto detected provider org.apache.maven.surefire.junitplatform.JUnitPlatformProvider
[INFO] 
[INFO] -------------------------------------------------------
[INFO]  T E S T S
[INFO] -------------------------------------------------------
[INFO] Running io.mosire.simos.map.GameMapTest
[INFO] Tests run: 18, Failures: 0, Errors: 0, Skipped: 0, Time elapsed: 0.111 s -- in io.mosire.simos.map.GameMapTest
[INFO] Running io.mosire.simos.map.generate.RiverBuilderTest
[INFO] Tests run: 11, Failures: 0, Errors: 0, Skipped: 0, Time elapsed: 0.035 s -- in io.mosire.simos.map.generate.RiverBuilderTest
[INFO] Running io.mosire.simos.map.generate.RegionRandomizerTest
[INFO] Tests run: 13, Failures: 0, Errors: 0, Skipped: 0, Time elapsed: 0.060 s -- in io.mosire.simos.map.generate.RegionRandomizerTest
[INFO] Running io.mosire.simos.map.generate.MapGeneratorTest
[INFO] Tests run: 13, Failures: 0, Errors: 0, Skipped: 0, Time elapsed: 1.879 s -- in io.mosire.simos.map.generate.MapGeneratorTest
[INFO] Running io.mosire.simos.map.generate.TerrainClassifierTest
[INFO] Tests run: 9, Failures: 0, Errors: 0, Skipped: 0, Time elapsed: 0.008 s -- in io.mosire.simos.map.generate.TerrainClassifierTest
[INFO] Running io.mosire.simos.map.generate.GenerationSpecTest
[INFO] Tests run: 18, Failures: 0, Errors: 0, Skipped: 0, Time elapsed: 0.014 s -- in io.mosire.simos.map.generate.GenerationSpecTest
[INFO] Running io.mosire.simos.map.CityTest
[INFO] Tests run: 6, Failures: 0, Errors: 0, Skipped: 0, Time elapsed: 0.004 s -- in io.mosire.simos.map.CityTest
[INFO] Running io.mosire.simos.map.terrain.ImpassableSentinelTest
[INFO] Tests run: 2, Failures: 0, Errors: 0, Skipped: 0, Time elapsed: 0.003 s -- in io.mosire.simos.map.terrain.ImpassableSentinelTest
[INFO] Running io.mosire.simos.map.terrain.TerrainCatalogTest
[INFO] Tests run: 13, Failures: 0, Errors: 0, Skipped: 0, Time elapsed: 0.007 s -- in io.mosire.simos.map.terrain.TerrainCatalogTest
[INFO] Running io.mosire.simos.map.RegressionGuardsTest
[INFO] Tests run: 9, Failures: 0, Errors: 0, Skipped: 0, Time elapsed: 0.199 s -- in io.mosire.simos.map.RegressionGuardsTest
[INFO] Running io.mosire.simos.map.ops.RegionOperationsTest
[INFO] Tests run: 16, Failures: 0, Errors: 0, Skipped: 0, Time elapsed: 0.008 s -- in io.mosire.simos.map.ops.RegionOperationsTest
[INFO] Running io.mosire.simos.map.ops.EdgeOperationsTest
[INFO] Tests run: 18, Failures: 0, Errors: 0, Skipped: 0, Time elapsed: 0.010 s -- in io.mosire.simos.map.ops.EdgeOperationsTest
[INFO] Running io.mosire.simos.map.ops.RandomizeOperationsTest
[T6-RANDOMIZE] seed7={desert=164, mountains=5, plains=162}
[T6-RANDOMIZE] seed8={desert=171, mountains=5, plains=155}
[INFO] Tests run: 12, Failures: 0, Errors: 0, Skipped: 0, Time elapsed: 0.058 s -- in io.mosire.simos.map.ops.RandomizeOperationsTest
[INFO] Running io.mosire.simos.map.ops.TerrainOperationsTest
[INFO] Tests run: 11, Failures: 0, Errors: 0, Skipped: 0, Time elapsed: 0.014 s -- in io.mosire.simos.map.ops.TerrainOperationsTest
[INFO] Running io.mosire.simos.map.region.RegionIndexTest
[INFO] Tests run: 4, Failures: 0, Errors: 0, Skipped: 0, Time elapsed: 0.132 s -- in io.mosire.simos.map.region.RegionIndexTest
[INFO] Running io.mosire.simos.map.region.RegionTest
[INFO] Tests run: 16, Failures: 0, Errors: 0, Skipped: 0, Time elapsed: 0.009 s -- in io.mosire.simos.map.region.RegionTest
[INFO] Running io.mosire.simos.map.region.RegionIndexGuardTest
[INFO] Tests run: 1, Failures: 0, Errors: 0, Skipped: 0, Time elapsed: 0.112 s -- in io.mosire.simos.map.region.RegionIndexGuardTest
[INFO] Running io.mosire.simos.map.region.RegionBoundaryTest
[INFO] Tests run: 10, Failures: 0, Errors: 0, Skipped: 0, Time elapsed: 0.005 s -- in io.mosire.simos.map.region.RegionBoundaryTest
[INFO] Running io.mosire.simos.map.HexCellTest
[INFO] Tests run: 4, Failures: 0, Errors: 0, Skipped: 0, Time elapsed: 0.001 s -- in io.mosire.simos.map.HexCellTest
[INFO] Running io.mosire.simos.map.resolve.MapResolverTest
[INFO] Tests run: 15, Failures: 0, Errors: 0, Skipped: 0, Time elapsed: 0.011 s -- in io.mosire.simos.map.resolve.MapResolverTest
[INFO] Running io.mosire.simos.map.block.TerrainBlocksTest
[INFO] Tests run: 10, Failures: 0, Errors: 0, Skipped: 0, Time elapsed: 0.005 s -- in io.mosire.simos.map.block.TerrainBlocksTest
[INFO] Running io.mosire.simos.map.pathway.PathwayTest
[INFO] Tests run: 17, Failures: 0, Errors: 0, Skipped: 0, Time elapsed: 0.009 s -- in io.mosire.simos.map.pathway.PathwayTest
[INFO] Running io.mosire.simos.map.pathway.EdgeRefTest
[INFO] Tests run: 8, Failures: 0, Errors: 0, Skipped: 0, Time elapsed: 0.005 s -- in io.mosire.simos.map.pathway.EdgeRefTest
[INFO] Running io.mosire.simos.map.pathway.EdgeTagsTest
[INFO] Tests run: 4, Failures: 0, Errors: 0, Skipped: 0, Time elapsed: 0.002 s -- in io.mosire.simos.map.pathway.EdgeTagsTest
[INFO] Running io.mosire.simos.map.pathway.PathwayGroupTest
[INFO] Tests run: 5, Failures: 0, Errors: 0, Skipped: 0, Time elapsed: 0.002 s -- in io.mosire.simos.map.pathway.PathwayGroupTest
[INFO] Running io.mosire.simos.map.codec.MapCodecTest
[INFO] Tests run: 7, Failures: 0, Errors: 0, Skipped: 0, Time elapsed: 0.062 s -- in io.mosire.simos.map.codec.MapCodecTest
[INFO] Running io.mosire.simos.map.codec.MapCodecLegacyTest
[INFO] Tests run: 3, Failures: 0, Errors: 0, Skipped: 0, Time elapsed: 0.009 s -- in io.mosire.simos.map.codec.MapCodecLegacyTest
[INFO] Running io.mosire.simos.map.guard.RepresentationLeakGuardTest
[INFO] Tests run: 2, Failures: 0, Errors: 0, Skipped: 0, Time elapsed: 0.032 s -- in io.mosire.simos.map.guard.RepresentationLeakGuardTest
[INFO] Running io.mosire.simos.map.change.RoundTripComponentsTest
[INFO] Tests run: 6, Failures: 0, Errors: 0, Skipped: 0, Time elapsed: 0.002 s -- in io.mosire.simos.map.change.RoundTripComponentsTest
[INFO] Running io.mosire.simos.map.change.MapChangeSetTest
[INFO] Tests run: 21, Failures: 0, Errors: 0, Skipped: 0, Time elapsed: 0.012 s -- in io.mosire.simos.map.change.MapChangeSetTest
[INFO] Running io.mosire.simos.map.spi.SetTerrainHandlerTest
[INFO] Tests run: 7, Failures: 0, Errors: 0, Skipped: 0, Time elapsed: 0.006 s -- in io.mosire.simos.map.spi.SetTerrainHandlerTest
[INFO] Running io.mosire.simos.map.spi.SetEdgeHandlerTest
[INFO] Tests run: 9, Failures: 0, Errors: 0, Skipped: 0, Time elapsed: 0.005 s -- in io.mosire.simos.map.spi.SetEdgeHandlerTest
[INFO] Running io.mosire.simos.map.spi.RandomizeRegionHandlerTest
[INFO] Tests run: 7, Failures: 0, Errors: 0, Skipped: 0, Time elapsed: 0.008 s -- in io.mosire.simos.map.spi.RandomizeRegionHandlerTest
[INFO] Running io.mosire.simos.map.spi.RegionHandlersTest
[INFO] Tests run: 15, Failures: 0, Errors: 0, Skipped: 0, Time elapsed: 0.006 s -- in io.mosire.simos.map.spi.RegionHandlersTest
[INFO] Running io.mosire.simos.map.hex.HexVertexTest
[INFO] Tests run: 2, Failures: 0, Errors: 0, Skipped: 0, Time elapsed: 0.001 s -- in io.mosire.simos.map.hex.HexVertexTest
[INFO] Running io.mosire.simos.map.hex.HexCoordTest
[INFO] Tests run: 13, Failures: 0, Errors: 0, Skipped: 0, Time elapsed: 0.012 s -- in io.mosire.simos.map.hex.HexCoordTest
[INFO] Running io.mosire.simos.map.hex.HexDirectionTest
[INFO] Tests run: 8, Failures: 0, Errors: 0, Skipped: 0, Time elapsed: 0.002 s -- in io.mosire.simos.map.hex.HexDirectionTest
[INFO] Running io.mosire.simos.map.hex.HexGridTest
[INFO] Tests run: 5, Failures: 0, Errors: 0, Skipped: 0, Time elapsed: 0.003 s -- in io.mosire.simos.map.hex.HexGridTest
[INFO] 
[INFO] Results:
[INFO] 
[INFO] Tests run: 368, Failures: 0, Errors: 0, Skipped: 0
[INFO] 
[INFO] 
[INFO] --- jar:3.5.0:jar (default-jar) @ simos-map ---
[INFO] Building jar: /home/cna/SimulatorMosire/simos-map/target/simos-map-0.1.0-SNAPSHOT.jar
[INFO] 
[INFO] --- spotless:3.10.2:check (spotless-check) @ simos-map ---
[INFO] Index file does not exist. Fallback to an empty index
[INFO] Spotless.Java is keeping 90 files clean - 0 needs changes to be clean, 90 were already clean, 0 were skipped because caching determined they were already clean
[INFO] 
[INFO] >>> spotbugs:4.10.4.1:check (spotbugs-check) > :spotbugs @ simos-map >>>
[INFO] 
[INFO] --- spotbugs:4.10.4.1:spotbugs (spotbugs) @ simos-map ---
[INFO] Done SpotBugs Analysis....
[INFO] Skipping com.github.spotbugs:spotbugs-maven-plugin:4.10.4.1:spotbugs report goal
[INFO] 
[INFO] <<< spotbugs:4.10.4.1:check (spotbugs-check) < :spotbugs @ simos-map <<<
[INFO] 
[INFO] 
[INFO] --- spotbugs:4.10.4.1:check (spotbugs-check) @ simos-map ---
[INFO] BugInstance size is 0
[INFO] Error size is 0
[INFO] No errors/warnings found
[INFO] 
[INFO] -----------------------< io.mosire:simos-social >-----------------------
[INFO] Building SocialSimos 0.1.0-SNAPSHOT                                [4/8]
[INFO]   from simos-social/pom.xml
[INFO] --------------------------------[ jar ]---------------------------------
[INFO] 
[INFO] --- clean:3.2.0:clean (default-clean) @ simos-social ---
[INFO] Deleting /home/cna/SimulatorMosire/simos-social/target
[INFO] 
[INFO] --- enforcer:3.6.3:enforce (enforce-java-and-maven) @ simos-social ---
[INFO] 
[INFO] --- enforcer:3.6.3:enforce (enforce-module-boundaries) @ simos-social ---
[INFO] Rule 0: org.apache.maven.enforcer.rules.dependency.BannedDependencies passed
[INFO] 
[INFO] --- checkstyle:3.6.0:check (checkstyle-check) @ simos-social ---
[INFO] Starting audit...
Audit done.
[INFO] You have 0 Checkstyle violations.
[INFO] 
[INFO] --- resources:3.4.0:resources (default-resources) @ simos-social ---
[INFO] skip non existing resourceDirectory /home/cna/SimulatorMosire/simos-social/src/main/resources
[INFO] 
[INFO] --- compiler:3.16.0:compile (default-compile) @ simos-social ---
[INFO] Recompiling the module because of changed dependency.
[INFO] Compiling 8 source files with javac [debug release 21] to target/classes
[INFO] 
[INFO] --- resources:3.4.0:testResources (default-testResources) @ simos-social ---
[INFO] skip non existing resourceDirectory /home/cna/SimulatorMosire/simos-social/src/test/resources
[INFO] 
[INFO] --- compiler:3.16.0:testCompile (default-testCompile) @ simos-social ---
[INFO] Recompiling the module because of changed dependency.
[INFO] Compiling 6 source files with javac [debug release 21] to target/test-classes
[INFO] 
[INFO] --- surefire:3.6.0:test (default-test) @ simos-social ---
[INFO] Using auto detected provider org.apache.maven.surefire.junitplatform.JUnitPlatformProvider
[INFO] 
[INFO] -------------------------------------------------------
[INFO]  T E S T S
[INFO] -------------------------------------------------------
[INFO] Running io.mosire.simos.social.facet.PopulationFacetTest
[INFO] Tests run: 8, Failures: 0, Errors: 0, Skipped: 0, Time elapsed: 0.062 s -- in io.mosire.simos.social.facet.PopulationFacetTest
[INFO] Running io.mosire.simos.social.resolve.SocialResolverTest
[INFO] Tests run: 9, Failures: 0, Errors: 0, Skipped: 0, Time elapsed: 0.010 s -- in io.mosire.simos.social.resolve.SocialResolverTest
[INFO] Running io.mosire.simos.social.codec.SocialCodecTest
[INFO] Tests run: 7, Failures: 0, Errors: 0, Skipped: 0, Time elapsed: 0.149 s -- in io.mosire.simos.social.codec.SocialCodecTest
[INFO] Running io.mosire.simos.social.population.PopulationSeriesTest
[INFO] Tests run: 10, Failures: 0, Errors: 0, Skipped: 0, Time elapsed: 0.007 s -- in io.mosire.simos.social.population.PopulationSeriesTest
[INFO] Running io.mosire.simos.social.change.SocialRoundTripTest
[INFO] Tests run: 4, Failures: 0, Errors: 0, Skipped: 0, Time elapsed: 0.005 s -- in io.mosire.simos.social.change.SocialRoundTripTest
[INFO] Running io.mosire.simos.social.change.SocialChangeSetTest
[INFO] Tests run: 7, Failures: 0, Errors: 0, Skipped: 0, Time elapsed: 0.007 s -- in io.mosire.simos.social.change.SocialChangeSetTest
[INFO] 
[INFO] Results:
[INFO] 
[INFO] Tests run: 45, Failures: 0, Errors: 0, Skipped: 0
[INFO] 
[INFO] 
[INFO] --- jar:3.5.0:jar (default-jar) @ simos-social ---
[INFO] Building jar: /home/cna/SimulatorMosire/simos-social/target/simos-social-0.1.0-SNAPSHOT.jar
[INFO] 
[INFO] --- spotless:3.10.2:check (spotless-check) @ simos-social ---
[INFO] Index file does not exist. Fallback to an empty index
[INFO] Spotless.Java is keeping 14 files clean - 0 needs changes to be clean, 14 were already clean, 0 were skipped because caching determined they were already clean
[INFO] 
[INFO] >>> spotbugs:4.10.4.1:check (spotbugs-check) > :spotbugs @ simos-social >>>
[INFO] 
[INFO] --- spotbugs:4.10.4.1:spotbugs (spotbugs) @ simos-social ---
[INFO] Done SpotBugs Analysis....
[INFO] Skipping com.github.spotbugs:spotbugs-maven-plugin:4.10.4.1:spotbugs report goal
[INFO] 
[INFO] <<< spotbugs:4.10.4.1:check (spotbugs-check) < :spotbugs @ simos-social <<<
[INFO] 
[INFO] 
[INFO] --- spotbugs:4.10.4.1:check (spotbugs-check) @ simos-social ---
[INFO] BugInstance size is 0
[INFO] Error size is 0
[INFO] No errors/warnings found
[INFO] 
[INFO] ------------------------< io.mosire:simos-unit >------------------------
[INFO] Building UnitSimos 0.1.0-SNAPSHOT                                  [5/8]
[INFO]   from simos-unit/pom.xml
[INFO] --------------------------------[ jar ]---------------------------------
[INFO] 
[INFO] --- clean:3.2.0:clean (default-clean) @ simos-unit ---
[INFO] Deleting /home/cna/SimulatorMosire/simos-unit/target
[INFO] 
[INFO] --- enforcer:3.6.3:enforce (enforce-java-and-maven) @ simos-unit ---
[INFO] 
[INFO] --- enforcer:3.6.3:enforce (enforce-module-boundaries) @ simos-unit ---
[INFO] Rule 0: org.apache.maven.enforcer.rules.dependency.BannedDependencies passed
[INFO] 
[INFO] --- checkstyle:3.6.0:check (checkstyle-check) @ simos-unit ---
[INFO] Starting audit...
Audit done.
[INFO] You have 0 Checkstyle violations.
[INFO] 
[INFO] --- resources:3.4.0:resources (default-resources) @ simos-unit ---
[INFO] skip non existing resourceDirectory /home/cna/SimulatorMosire/simos-unit/src/main/resources
[INFO] 
[INFO] --- compiler:3.16.0:compile (default-compile) @ simos-unit ---
[INFO] Recompiling the module because of changed dependency.
[INFO] Compiling 46 source files with javac [debug release 21] to target/classes
[INFO] /home/cna/SimulatorMosire/simos-unit/src/main/java/io/mosire/simos/unit/spi/UnitPayloads.java: /home/cna/SimulatorMosire/simos-unit/src/main/java/io/mosire/simos/unit/spi/UnitPayloads.java uses or overrides a deprecated API.
[INFO] /home/cna/SimulatorMosire/simos-unit/src/main/java/io/mosire/simos/unit/spi/UnitPayloads.java: Recompile with -Xlint:deprecation for details.
[INFO] 
[INFO] --- resources:3.4.0:testResources (default-testResources) @ simos-unit ---
[INFO] skip non existing resourceDirectory /home/cna/SimulatorMosire/simos-unit/src/test/resources
[INFO] 
[INFO] --- compiler:3.16.0:testCompile (default-testCompile) @ simos-unit ---
[INFO] Recompiling the module because of changed dependency.
[INFO] Compiling 22 source files with javac [debug release 21] to target/test-classes
[INFO] 
[INFO] --- surefire:3.6.0:test (default-test) @ simos-unit ---
[INFO] Using auto detected provider org.apache.maven.surefire.junitplatform.JUnitPlatformProvider
[INFO] 
[INFO] -------------------------------------------------------
[INFO]  T E S T S
[INFO] -------------------------------------------------------
[INFO] Running io.mosire.simos.unit.ops.UnitOperationsTest
[INFO] Tests run: 55, Failures: 0, Errors: 0, Skipped: 0, Time elapsed: 0.132 s -- in io.mosire.simos.unit.ops.UnitOperationsTest
[INFO] Running io.mosire.simos.unit.facet.UnitsHereFacetTest
[INFO] Tests run: 9, Failures: 0, Errors: 0, Skipped: 0, Time elapsed: 0.009 s -- in io.mosire.simos.unit.facet.UnitsHereFacetTest
[INFO] Running io.mosire.simos.unit.resolve.UnitResolverTest
[INFO] Tests run: 9, Failures: 0, Errors: 0, Skipped: 0, Time elapsed: 0.007 s -- in io.mosire.simos.unit.resolve.UnitResolverTest
[INFO] Running io.mosire.simos.unit.UnitTest
[INFO] Tests run: 7, Failures: 0, Errors: 0, Skipped: 0, Time elapsed: 0.005 s -- in io.mosire.simos.unit.UnitTest
[INFO] Running io.mosire.simos.unit.codec.UnitCodecTest
[INFO] Tests run: 10, Failures: 0, Errors: 0, Skipped: 0, Time elapsed: 0.159 s -- in io.mosire.simos.unit.codec.UnitCodecTest
[INFO] Running io.mosire.simos.unit.RelativeOffsetTest
[INFO] Tests run: 4, Failures: 0, Errors: 0, Skipped: 0, Time elapsed: 0.003 s -- in io.mosire.simos.unit.RelativeOffsetTest
[INFO] Running io.mosire.simos.unit.move.UnitMovesTest
[INFO] Tests run: 11, Failures: 0, Errors: 0, Skipped: 0, Time elapsed: 0.009 s -- in io.mosire.simos.unit.move.UnitMovesTest
[INFO] Running io.mosire.simos.unit.move.TerrainMovementCostTest
[INFO] Tests run: 7, Failures: 0, Errors: 0, Skipped: 0, Time elapsed: 0.005 s -- in io.mosire.simos.unit.move.TerrainMovementCostTest
[INFO] Running io.mosire.simos.unit.move.PathFinderTest
[INFO] Tests run: 6, Failures: 0, Errors: 0, Skipped: 0, Time elapsed: 0.005 s -- in io.mosire.simos.unit.move.PathFinderTest
[INFO] Running io.mosire.simos.unit.CommandChainTest
[INFO] Tests run: 4, Failures: 0, Errors: 0, Skipped: 0, Time elapsed: 0.002 s -- in io.mosire.simos.unit.CommandChainTest
[INFO] Running io.mosire.simos.unit.UnitStatusTest
[INFO] Tests run: 3, Failures: 0, Errors: 0, Skipped: 0, Time elapsed: 0.004 s -- in io.mosire.simos.unit.UnitStatusTest
[INFO] Running io.mosire.simos.unit.change.UnitChangeSetTest
[INFO] Tests run: 7, Failures: 0, Errors: 0, Skipped: 0, Time elapsed: 0.003 s -- in io.mosire.simos.unit.change.UnitChangeSetTest
[INFO] Running io.mosire.simos.unit.change.UnitRoundTripTest
[INFO] Tests run: 4, Failures: 0, Errors: 0, Skipped: 0, Time elapsed: 0.002 s -- in io.mosire.simos.unit.change.UnitRoundTripTest
[INFO] Running io.mosire.simos.unit.spi.UnitTimeParticipantTest
[INFO] Tests run: 16, Failures: 0, Errors: 0, Skipped: 0, Time elapsed: 0.012 s -- in io.mosire.simos.unit.spi.UnitTimeParticipantTest
[INFO] Running io.mosire.simos.unit.spi.RenameUnitHandlerTest
[INFO] Tests run: 9, Failures: 0, Errors: 0, Skipped: 0, Time elapsed: 0.008 s -- in io.mosire.simos.unit.spi.RenameUnitHandlerTest
[INFO] Running io.mosire.simos.unit.spi.UnitRejoinDanglingTest
[INFO] Tests run: 1, Failures: 0, Errors: 0, Skipped: 0, Time elapsed: 0.001 s -- in io.mosire.simos.unit.spi.UnitRejoinDanglingTest
[INFO] Running io.mosire.simos.unit.spi.UnitCommandHandlersTest
[INFO] Tests run: 77, Failures: 0, Errors: 0, Skipped: 0, Time elapsed: 0.060 s -- in io.mosire.simos.unit.spi.UnitCommandHandlersTest
[INFO] Running io.mosire.simos.unit.spi.SetStatusHandlerTest
[INFO] Tests run: 6, Failures: 0, Errors: 0, Skipped: 0, Time elapsed: 0.003 s -- in io.mosire.simos.unit.spi.SetStatusHandlerTest
[INFO] Running io.mosire.simos.unit.UnitStateTest
[INFO] Tests run: 12, Failures: 0, Errors: 0, Skipped: 0, Time elapsed: 0.005 s -- in io.mosire.simos.unit.UnitStateTest
[INFO] Running io.mosire.simos.unit.UnitIdTest
[INFO] Tests run: 2, Failures: 0, Errors: 0, Skipped: 0, Time elapsed: 0.001 s -- in io.mosire.simos.unit.UnitIdTest
[INFO] 
[INFO] Results:
[INFO] 
[INFO] Tests run: 259, Failures: 0, Errors: 0, Skipped: 0
[INFO] 
[INFO] 
[INFO] --- jar:3.5.0:jar (default-jar) @ simos-unit ---
[INFO] Building jar: /home/cna/SimulatorMosire/simos-unit/target/simos-unit-0.1.0-SNAPSHOT.jar
[INFO] 
[INFO] --- spotless:3.10.2:check (spotless-check) @ simos-unit ---
[INFO] Index file does not exist. Fallback to an empty index
[INFO] Spotless.Java is keeping 68 files clean - 0 needs changes to be clean, 68 were already clean, 0 were skipped because caching determined they were already clean
[INFO] 
[INFO] >>> spotbugs:4.10.4.1:check (spotbugs-check) > :spotbugs @ simos-unit >>>
[INFO] 
[INFO] --- spotbugs:4.10.4.1:spotbugs (spotbugs) @ simos-unit ---
[INFO] Done SpotBugs Analysis....
[INFO] Skipping com.github.spotbugs:spotbugs-maven-plugin:4.10.4.1:spotbugs report goal
[INFO] 
[INFO] <<< spotbugs:4.10.4.1:check (spotbugs-check) < :spotbugs @ simos-unit <<<
[INFO] 
[INFO] 
[INFO] --- spotbugs:4.10.4.1:check (spotbugs-check) @ simos-unit ---
[INFO] BugInstance size is 0
[INFO] Error size is 0
[INFO] No errors/warnings found
[INFO] 
[INFO] ------------------------< io.mosire:simos-core >------------------------
[INFO] Building CoreSimos 0.1.0-SNAPSHOT                                  [6/8]
[INFO]   from simos-core/pom.xml
[INFO] --------------------------------[ jar ]---------------------------------
[INFO] 
[INFO] --- clean:3.2.0:clean (default-clean) @ simos-core ---
[INFO] Deleting /home/cna/SimulatorMosire/simos-core/target
[INFO] 
[INFO] --- enforcer:3.6.3:enforce (enforce-java-and-maven) @ simos-core ---
[INFO] 
[INFO] --- enforcer:3.6.3:enforce (enforce-core-boundaries) @ simos-core ---
[INFO] Rule 0: org.apache.maven.enforcer.rules.dependency.BannedDependencies passed
[INFO] 
[INFO] --- checkstyle:3.6.0:check (checkstyle-check) @ simos-core ---
[INFO] Starting audit...
Audit done.
[INFO] You have 0 Checkstyle violations.
[INFO] 
[INFO] --- resources:3.4.0:resources (default-resources) @ simos-core ---
[INFO] skip non existing resourceDirectory /home/cna/SimulatorMosire/simos-core/src/main/resources
[INFO] 
[INFO] --- compiler:3.16.0:compile (default-compile) @ simos-core ---
[INFO] Recompiling the module because of changed dependency.
[INFO] Compiling 25 source files with javac [debug release 21] to target/classes
[INFO] Annotation processing is enabled because one or more processors were found
  on the class path. A future release of javac may disable annotation processing
  unless at least one processor is specified by name (-processor), or a search
  path is specified (--processor-path, --processor-module-path), or annotation
  processing is enabled explicitly (-proc:only, -proc:full).
  Use -Xlint:-options to suppress this message.
  Use -proc:none to disable annotation processing.
[INFO] org.pf4j.processor.ExtensionAnnotationProcessor init
[INFO] Options {}
[INFO] Processing @org.pf4j.Extension
[INFO] /home/cna/SimulatorMosire/simos-core/src/main/java/io/mosire/simos/core/store/Envelope.java: /home/cna/SimulatorMosire/simos-core/src/main/java/io/mosire/simos/core/store/Envelope.java uses or overrides a deprecated API.
[INFO] /home/cna/SimulatorMosire/simos-core/src/main/java/io/mosire/simos/core/store/Envelope.java: Recompile with -Xlint:deprecation for details.
[INFO] 
[INFO] --- resources:3.4.0:testResources (default-testResources) @ simos-core ---
[INFO] skip non existing resourceDirectory /home/cna/SimulatorMosire/simos-core/src/test/resources
[INFO] 
[INFO] --- compiler:3.16.0:testCompile (default-testCompile) @ simos-core ---
[INFO] Recompiling the module because of changed dependency.
[INFO] Compiling 29 source files with javac [debug release 21] to target/test-classes
[INFO] Annotation processing is enabled because one or more processors were found
  on the class path. A future release of javac may disable annotation processing
  unless at least one processor is specified by name (-processor), or a search
  path is specified (--processor-path, --processor-module-path), or annotation
  processing is enabled explicitly (-proc:only, -proc:full).
  Use -Xlint:-options to suppress this message.
  Use -proc:none to disable annotation processing.
[INFO] org.pf4j.processor.ExtensionAnnotationProcessor init
[INFO] Options {}
[INFO] Processing @org.pf4j.Extension
[INFO] 
[INFO] --- surefire:3.6.0:test (default-test) @ simos-core ---
[INFO] Using auto detected provider org.apache.maven.surefire.junitplatform.JUnitPlatformProvider
[INFO] 
[INFO] -------------------------------------------------------
[INFO]  T E S T S
[INFO] -------------------------------------------------------
[INFO] Running io.mosire.simos.core.state.WorldChangeSetTest
[INFO] Tests run: 5, Failures: 0, Errors: 0, Skipped: 0, Time elapsed: 0.057 s -- in io.mosire.simos.core.state.WorldChangeSetTest
[INFO] Running io.mosire.simos.core.observe.EventTypesTest
[INFO] Tests run: 6, Failures: 0, Errors: 0, Skipped: 0, Time elapsed: 0.008 s -- in io.mosire.simos.core.observe.EventTypesTest
[INFO] Running io.mosire.simos.core.observe.DigestTest
[INFO] Tests run: 6, Failures: 0, Errors: 0, Skipped: 0, Time elapsed: 0.018 s -- in io.mosire.simos.core.observe.DigestTest
[INFO] Running io.mosire.simos.core.timeline.TimelineTest
[INFO] Tests run: 16, Failures: 0, Errors: 0, Skipped: 0, Time elapsed: 0.999 s -- in io.mosire.simos.core.timeline.TimelineTest
[INFO] Running io.mosire.simos.core.advance.TimeProposalResolverTest
[INFO] Tests run: 8, Failures: 0, Errors: 0, Skipped: 0, Time elapsed: 0.007 s -- in io.mosire.simos.core.advance.TimeProposalResolverTest
[INFO] Running io.mosire.simos.core.advance.TimeAdvanceTest
[INFO] Tests run: 16, Failures: 0, Errors: 0, Skipped: 0, Time elapsed: 0.636 s -- in io.mosire.simos.core.advance.TimeAdvanceTest
[INFO] Running io.mosire.simos.core.RealmEffectEndToEndTest
[INFO] Tests run: 2, Failures: 0, Errors: 0, Skipped: 0, Time elapsed: 0.168 s -- in io.mosire.simos.core.RealmEffectEndToEndTest
[INFO] Running io.mosire.simos.core.BranchingEndToEndTest
[INFO] Tests run: 1, Failures: 0, Errors: 0, Skipped: 0, Time elapsed: 0.109 s -- in io.mosire.simos.core.BranchingEndToEndTest
[INFO] Running io.mosire.simos.core.ArchitectureGuardsTest
[INFO] Tests run: 1, Failures: 0, Errors: 0, Skipped: 0, Time elapsed: 0.017 s -- in io.mosire.simos.core.ArchitectureGuardsTest
[INFO] Running io.mosire.simos.core.MapSetTerrainEndToEndTest
[INFO] Tests run: 3, Failures: 0, Errors: 0, Skipped: 0, Time elapsed: 0.192 s -- in io.mosire.simos.core.MapSetTerrainEndToEndTest
[INFO] Running io.mosire.simos.core.MapRandomizeEndToEndTest
[T6-RANDOMIZE-E2E] seed7={desert=59, mountains=5, plains=63}
[T6-RANDOMIZE-E2E] seed8={desert=62, mountains=5, plains=60}
[INFO] Tests run: 4, Failures: 0, Errors: 0, Skipped: 0, Time elapsed: 0.280 s -- in io.mosire.simos.core.MapRandomizeEndToEndTest
[INFO] Running io.mosire.simos.core.StateValueEqualityTest
[INFO] Tests run: 2, Failures: 0, Errors: 0, Skipped: 0, Time elapsed: 0.009 s -- in io.mosire.simos.core.StateValueEqualityTest
[INFO] Running io.mosire.simos.core.command.OptimisticConcurrencyTest
[INFO] Tests run: 1, Failures: 0, Errors: 0, Skipped: 0, Time elapsed: 0.411 s -- in io.mosire.simos.core.command.OptimisticConcurrencyTest
[INFO] Running io.mosire.simos.core.command.CorrelationChainTest
[INFO] Tests run: 6, Failures: 0, Errors: 0, Skipped: 0, Time elapsed: 0.220 s -- in io.mosire.simos.core.command.CorrelationChainTest
[INFO] Running io.mosire.simos.core.command.CommandBusDispatchTest
[INFO] Tests run: 13, Failures: 0, Errors: 0, Skipped: 0, Time elapsed: 0.459 s -- in io.mosire.simos.core.command.CommandBusDispatchTest
[INFO] Running io.mosire.simos.core.command.CommandBusGuardTest
[INFO] Tests run: 5, Failures: 0, Errors: 0, Skipped: 0, Time elapsed: 0.169 s -- in io.mosire.simos.core.command.CommandBusGuardTest
[INFO] Running io.mosire.simos.core.command.CommandBusLoggingTest
2026-09-21T15:55:26.256258898Z main DEBUG 命令接收: type=unit.RenameUnit commandId=cmd-canary correlationId=corr-canary branch=main expectedRevision=1
2026-09-21T15:55:26.260920299Z main INFO 命令提交: type=unit.RenameUnit commandId=cmd-canary correlationId=corr-canary 新坐标=main@2
2026-09-21T15:55:26.304602374Z main DEBUG 命令接收: type=unit.RenameUnit commandId=cmd-c correlationId=corr-c branch=main expectedRevision=9
2026-09-21T15:55:26.308081331Z main INFO 命令冲突: type=unit.RenameUnit commandId=cmd-c correlationId=corr-c 真实head=main@1
2026-09-21T15:55:26.342632855Z main DEBUG 命令接收: type=unit.RenameUnit commandId=cmd-x correlationId=corr-x branch=main expectedRevision=1
2026-09-21T15:55:26.347434755Z main INFO 命令提交: type=unit.RenameUnit commandId=cmd-x correlationId=corr-x 新坐标=main@2
2026-09-21T15:55:26.385952995Z main DEBUG 命令接收: type=unit.RenameUnit commandId=cmd-ok correlationId=corr-ok branch=main expectedRevision=1
2026-09-21T15:55:26.389274366Z main INFO 命令提交: type=unit.RenameUnit commandId=cmd-ok correlationId=corr-ok 新坐标=main@2
2026-09-21T15:55:26.389617168Z main DEBUG 命令接收: type=unit.RenameUnit commandId=cmd-no correlationId=corr-no branch=main expectedRevision=2
2026-09-21T15:55:26.392745767Z main INFO 命令被拒: type=unit.RenameUnit commandId=cmd-no correlationId=corr-no 原因=领域侧不答应
2026-09-21T15:55:26.434786827Z main DEBUG 命令接收: type=unit.RenameUnit commandId=cmd-a correlationId=corr-a branch=main expectedRevision=1
2026-09-21T15:55:26.438264857Z main INFO 命令提交: type=unit.RenameUnit commandId=cmd-a correlationId=corr-a 新坐标=main@2
2026-09-21T15:55:26.438478739Z main DEBUG 命令接收: type=unit.NotRegistered commandId=cmd-b correlationId=corr-b branch=main expectedRevision=2
2026-09-21T15:55:26.441523138Z main INFO 命令被拒: type=unit.NotRegistered commandId=cmd-b correlationId=corr-b 原因=未注册的命令类型: unit.NotRegistered
2026-09-21T15:55:26.441746735Z main DEBUG 命令接收: type=unit.RenameUnit commandId=cmd-c correlationId=corr-c branch=main expectedRevision=9
2026-09-21T15:55:26.447583815Z main INFO 命令冲突: type=unit.RenameUnit commandId=cmd-c correlationId=corr-c 真实head=main@2
2026-09-21T15:55:26.484436383Z main DEBUG 命令接收: type=unit.RenameUnit commandId=cmd-a correlationId=corr-a branch=main expectedRevision=1
2026-09-21T15:55:26.487510716Z main INFO 命令提交: type=unit.RenameUnit commandId=cmd-a correlationId=corr-a 新坐标=main@2
2026-09-21T15:55:26.487681649Z main DEBUG 命令接收: type=unit.NotRegistered commandId=cmd-b correlationId=corr-b branch=main expectedRevision=2
2026-09-21T15:55:26.490719344Z main INFO 命令被拒: type=unit.NotRegistered commandId=cmd-b correlationId=corr-b 原因=未注册的命令类型: unit.NotRegistered
2026-09-21T15:55:26.490886853Z main DEBUG 命令接收: type=unit.RenameUnit commandId=cmd-c correlationId=corr-c branch=main expectedRevision=9
2026-09-21T15:55:26.494113542Z main INFO 命令冲突: type=unit.RenameUnit commandId=cmd-c correlationId=corr-c 真实head=main@2
[INFO] Tests run: 6, Failures: 0, Errors: 0, Skipped: 0, Time elapsed: 0.285 s -- in io.mosire.simos.core.command.CommandBusLoggingTest
[INFO] Running io.mosire.simos.core.command.CommandRegistryTest
[INFO] Tests run: 6, Failures: 0, Errors: 0, Skipped: 0, Time elapsed: 0.003 s -- in io.mosire.simos.core.command.CommandRegistryTest
[INFO] Running io.mosire.simos.core.AgentLibAvailabilityTest
[INFO] Tests run: 18, Failures: 0, Errors: 0, Skipped: 0, Time elapsed: 0.034 s -- in io.mosire.simos.core.AgentLibAvailabilityTest
[INFO] Running io.mosire.simos.core.MapSetEdgeEndToEndTest
[INFO] Tests run: 5, Failures: 0, Errors: 0, Skipped: 0, Time elapsed: 0.270 s -- in io.mosire.simos.core.MapSetEdgeEndToEndTest
[INFO] Running io.mosire.simos.core.MapRegionEndToEndTest
[INFO] Tests run: 3, Failures: 0, Errors: 0, Skipped: 0, Time elapsed: 0.150 s -- in io.mosire.simos.core.MapRegionEndToEndTest
[INFO] Running io.mosire.simos.core.UnitCasualtyRevisionTest
[INFO] Tests run: 3, Failures: 0, Errors: 0, Skipped: 0, Time elapsed: 0.131 s -- in io.mosire.simos.core.UnitCasualtyRevisionTest
[INFO] Running io.mosire.simos.core.MapTerrainBlockEndToEndTest
[INFO] Tests run: 1, Failures: 0, Errors: 0, Skipped: 0, Time elapsed: 0.042 s -- in io.mosire.simos.core.MapTerrainBlockEndToEndTest
[INFO] Running io.mosire.simos.core.store.EnvelopeTest
[INFO] Tests run: 7, Failures: 0, Errors: 0, Skipped: 0, Time elapsed: 0.005 s -- in io.mosire.simos.core.store.EnvelopeTest
[INFO] Running io.mosire.simos.core.store.SqliteStoreTest
[INFO] Tests run: 8, Failures: 0, Errors: 0, Skipped: 0, Time elapsed: 0.482 s -- in io.mosire.simos.core.store.SqliteStoreTest
[INFO] Running io.mosire.simos.core.store.CheckpointStoreTest
2026-09-21T15:55:27.625021037Z main WARN checkpoint 缺失（C18：回退到更早的 checkpoint，最坏从创世重放，不失败）: /tmp/junit-2417661548638879146/checkpoints/main/1.json
[INFO] Tests run: 5, Failures: 0, Errors: 0, Skipped: 0, Time elapsed: 0.057 s -- in io.mosire.simos.core.store.CheckpointStoreTest
[INFO] Running io.mosire.simos.core.store.ReplayTest
[INFO] Tests run: 11, Failures: 0, Errors: 0, Skipped: 0, Time elapsed: 0.694 s -- in io.mosire.simos.core.store.ReplayTest
[INFO] Running io.mosire.simos.core.CoreSimosTest
[INFO] Tests run: 10, Failures: 0, Errors: 0, Skipped: 0, Time elapsed: 0.444 s -- in io.mosire.simos.core.CoreSimosTest
[INFO] 
[INFO] Results:
[INFO] 
[INFO] Tests run: 178, Failures: 0, Errors: 0, Skipped: 0
[INFO] 
[INFO] 
[INFO] --- jar:3.5.0:jar (default-jar) @ simos-core ---
[INFO] Building jar: /home/cna/SimulatorMosire/simos-core/target/simos-core-0.1.0-SNAPSHOT.jar
[INFO] 
[INFO] --- spotless:3.10.2:check (spotless-check) @ simos-core ---
[INFO] Index file does not exist. Fallback to an empty index
[INFO] Spotless.Java is keeping 54 files clean - 0 needs changes to be clean, 54 were already clean, 0 were skipped because caching determined they were already clean
[INFO] 
[INFO] >>> spotbugs:4.10.4.1:check (spotbugs-check) > :spotbugs @ simos-core >>>
[INFO] 
[INFO] --- spotbugs:4.10.4.1:spotbugs (spotbugs) @ simos-core ---
[INFO] Done SpotBugs Analysis....
[INFO] Skipping com.github.spotbugs:spotbugs-maven-plugin:4.10.4.1:spotbugs report goal
[INFO] 
[INFO] <<< spotbugs:4.10.4.1:check (spotbugs-check) < :spotbugs @ simos-core <<<
[INFO] 
[INFO] 
[INFO] --- spotbugs:4.10.4.1:check (spotbugs-check) @ simos-core ---
[INFO] BugInstance size is 0
[INFO] Error size is 0
[INFO] No errors/warnings found
[INFO] 
[INFO] -------------------------< io.mosire:simos-sd >-------------------------
[INFO] Building SDSimos 0.1.0-SNAPSHOT                                    [7/8]
[INFO]   from simos-sd/pom.xml
[INFO] --------------------------------[ jar ]---------------------------------
[INFO] 
[INFO] --- clean:3.2.0:clean (default-clean) @ simos-sd ---
[INFO] Deleting /home/cna/SimulatorMosire/simos-sd/target
[INFO] 
[INFO] --- enforcer:3.6.3:enforce (enforce-java-and-maven) @ simos-sd ---
[INFO] 
[INFO] --- enforcer:3.6.3:enforce (enforce-module-boundaries) @ simos-sd ---
[INFO] Rule 0: org.apache.maven.enforcer.rules.dependency.BannedDependencies passed
[INFO] 
[INFO] --- checkstyle:3.6.0:check (checkstyle-check) @ simos-sd ---
[INFO] Starting audit...
Audit done.
[INFO] You have 0 Checkstyle violations.
[INFO] 
[INFO] --- resources:3.4.0:resources (default-resources) @ simos-sd ---
[INFO] skip non existing resourceDirectory /home/cna/SimulatorMosire/simos-sd/src/main/resources
[INFO] 
[INFO] --- compiler:3.16.0:compile (default-compile) @ simos-sd ---
[INFO] Recompiling the module because of changed dependency.
[INFO] Compiling 82 source files with javac [debug release 21] to target/classes
[INFO] Annotation processing is enabled because one or more processors were found
  on the class path. A future release of javac may disable annotation processing
  unless at least one processor is specified by name (-processor), or a search
  path is specified (--processor-path, --processor-module-path), or annotation
  processing is enabled explicitly (-proc:only, -proc:full).
  Use -Xlint:-options to suppress this message.
  Use -proc:none to disable annotation processing.
[INFO] org.pf4j.processor.ExtensionAnnotationProcessor init
[INFO] Options {}
[INFO] Processing @org.pf4j.Extension
[INFO] /home/cna/SimulatorMosire/simos-sd/src/main/java/io/mosire/simos/sd/spi/SdPayloads.java: /home/cna/SimulatorMosire/simos-sd/src/main/java/io/mosire/simos/sd/spi/SdPayloads.java uses or overrides a deprecated API.
[INFO] /home/cna/SimulatorMosire/simos-sd/src/main/java/io/mosire/simos/sd/spi/SdPayloads.java: Recompile with -Xlint:deprecation for details.
[INFO] 
[INFO] --- resources:3.4.0:testResources (default-testResources) @ simos-sd ---
[INFO] skip non existing resourceDirectory /home/cna/SimulatorMosire/simos-sd/src/test/resources
[INFO] 
[INFO] --- compiler:3.16.0:testCompile (default-testCompile) @ simos-sd ---
[INFO] Recompiling the module because of changed dependency.
[INFO] Compiling 21 source files with javac [debug release 21] to target/test-classes
[INFO] Annotation processing is enabled because one or more processors were found
  on the class path. A future release of javac may disable annotation processing
  unless at least one processor is specified by name (-processor), or a search
  path is specified (--processor-path, --processor-module-path), or annotation
  processing is enabled explicitly (-proc:only, -proc:full).
  Use -Xlint:-options to suppress this message.
  Use -proc:none to disable annotation processing.
[INFO] org.pf4j.processor.ExtensionAnnotationProcessor init
[INFO] Options {}
[INFO] Processing @org.pf4j.Extension
[INFO] 
[INFO] --- surefire:3.6.0:test (default-test) @ simos-sd ---
[INFO] Using auto detected provider org.apache.maven.surefire.junitplatform.JUnitPlatformProvider
[INFO] 
[INFO] -------------------------------------------------------
[INFO]  T E S T S
[INFO] -------------------------------------------------------
[INFO] Running io.mosire.simos.sd.state.SdStateInvariantTest
[INFO] Tests run: 6, Failures: 0, Errors: 0, Skipped: 0, Time elapsed: 0.061 s -- in io.mosire.simos.sd.state.SdStateInvariantTest
[INFO] Running io.mosire.simos.sd.channel.ChannelAdmissionTest
[INFO] Tests run: 3, Failures: 0, Errors: 0, Skipped: 0, Time elapsed: 0.086 s -- in io.mosire.simos.sd.channel.ChannelAdmissionTest
[INFO] Running io.mosire.simos.sd.resolve.SdResolverTest
[INFO] Tests run: 8, Failures: 0, Errors: 0, Skipped: 0, Time elapsed: 0.023 s -- in io.mosire.simos.sd.resolve.SdResolverTest
[INFO] Running io.mosire.simos.sd.time.SdTimeParticipantTest
[INFO] Tests run: 10, Failures: 0, Errors: 0, Skipped: 0, Time elapsed: 0.021 s -- in io.mosire.simos.sd.time.SdTimeParticipantTest
[INFO] Running io.mosire.simos.sd.codec.SdCodecTest
[INFO] Tests run: 5, Failures: 0, Errors: 0, Skipped: 0, Time elapsed: 0.124 s -- in io.mosire.simos.sd.codec.SdCodecTest
[INFO] Running io.mosire.simos.sd.guard.RegionDeleteGuardTest
[INFO] Tests run: 7, Failures: 0, Errors: 0, Skipped: 0, Time elapsed: 0.008 s -- in io.mosire.simos.sd.guard.RegionDeleteGuardTest
[INFO] Running io.mosire.simos.sd.adjudication.AdjudicationTest
[INFO] Tests run: 10, Failures: 0, Errors: 0, Skipped: 0, Time elapsed: 0.013 s -- in io.mosire.simos.sd.adjudication.AdjudicationTest
[INFO] Running io.mosire.simos.sd.model.SdIdTest
[INFO] Tests run: 2, Failures: 0, Errors: 0, Skipped: 0, Time elapsed: 0.003 s -- in io.mosire.simos.sd.model.SdIdTest
[INFO] Running io.mosire.simos.sd.model.SdModelTest
[INFO] Tests run: 11, Failures: 0, Errors: 0, Skipped: 0, Time elapsed: 0.012 s -- in io.mosire.simos.sd.model.SdModelTest
[INFO] Running io.mosire.simos.sd.change.SdRoundTripTest
[INFO] Tests run: 5, Failures: 0, Errors: 0, Skipped: 0, Time elapsed: 0.006 s -- in io.mosire.simos.sd.change.SdRoundTripTest
[INFO] Running io.mosire.simos.sd.spi.PutInfoHandlerTest
[INFO] Tests run: 5, Failures: 0, Errors: 0, Skipped: 0, Time elapsed: 0.007 s -- in io.mosire.simos.sd.spi.PutInfoHandlerTest
[INFO] Running io.mosire.simos.sd.spi.IssueDirectiveHandlerTest
[INFO] Tests run: 10, Failures: 0, Errors: 0, Skipped: 0, Time elapsed: 0.011 s -- in io.mosire.simos.sd.spi.IssueDirectiveHandlerTest
[INFO] Running io.mosire.simos.sd.spi.CreateDecisionMakerHandlerTest
[INFO] Tests run: 5, Failures: 0, Errors: 0, Skipped: 0, Time elapsed: 0.004 s -- in io.mosire.simos.sd.spi.CreateDecisionMakerHandlerTest
[INFO] Running io.mosire.simos.sd.spi.SubmitVerdictHandlerTest
[INFO] Tests run: 6, Failures: 0, Errors: 0, Skipped: 0, Time elapsed: 0.004 s -- in io.mosire.simos.sd.spi.SubmitVerdictHandlerTest
[INFO] Running io.mosire.simos.sd.spi.CreateArmyHandlerTest
[INFO] Tests run: 4, Failures: 0, Errors: 0, Skipped: 0, Time elapsed: 0.003 s -- in io.mosire.simos.sd.spi.CreateArmyHandlerTest
[INFO] Running io.mosire.simos.sd.spi.SetViewScopeHandlerTest
[INFO] Tests run: 4, Failures: 0, Errors: 0, Skipped: 0, Time elapsed: 0.003 s -- in io.mosire.simos.sd.spi.SetViewScopeHandlerTest
[INFO] Running io.mosire.simos.sd.spi.CreateNationHandlerTest
[INFO] Tests run: 4, Failures: 0, Errors: 0, Skipped: 0, Time elapsed: 0.003 s -- in io.mosire.simos.sd.spi.CreateNationHandlerTest
[INFO] Running io.mosire.simos.sd.spi.SdCombatHandlersTest
[INFO] Tests run: 19, Failures: 0, Errors: 0, Skipped: 0, Time elapsed: 0.020 s -- in io.mosire.simos.sd.spi.SdCombatHandlersTest
[INFO] Running io.mosire.simos.sd.spi.StartDecisionHandlerTest
[INFO] Tests run: 5, Failures: 0, Errors: 0, Skipped: 0, Time elapsed: 0.005 s -- in io.mosire.simos.sd.spi.StartDecisionHandlerTest
[INFO] 
[INFO] Results:
[INFO] 
[INFO] Tests run: 129, Failures: 0, Errors: 0, Skipped: 0
[INFO] 
[INFO] 
[INFO] --- jar:3.5.0:jar (default-jar) @ simos-sd ---
[INFO] Building jar: /home/cna/SimulatorMosire/simos-sd/target/simos-sd-0.1.0-SNAPSHOT.jar
[INFO] 
[INFO] --- spotless:3.10.2:check (spotless-check) @ simos-sd ---
[INFO] Index file does not exist. Fallback to an empty index
[INFO] Spotless.Java is keeping 103 files clean - 0 needs changes to be clean, 103 were already clean, 0 were skipped because caching determined they were already clean
[INFO] 
[INFO] >>> spotbugs:4.10.4.1:check (spotbugs-check) > :spotbugs @ simos-sd >>>
[INFO] 
[INFO] --- spotbugs:4.10.4.1:spotbugs (spotbugs) @ simos-sd ---
[INFO] Done SpotBugs Analysis....
[INFO] Skipping com.github.spotbugs:spotbugs-maven-plugin:4.10.4.1:spotbugs report goal
[INFO] 
[INFO] <<< spotbugs:4.10.4.1:check (spotbugs-check) < :spotbugs @ simos-sd <<<
[INFO] 
[INFO] 
[INFO] --- spotbugs:4.10.4.1:check (spotbugs-check) @ simos-sd ---
[INFO] BugInstance size is 0
[INFO] Error size is 0
[INFO] No errors/warnings found
[INFO] 
[INFO] ------------------------< io.mosire:simos-app >-------------------------
[INFO] Building SimosApp 0.1.0-SNAPSHOT                                   [8/8]
[INFO]   from simos-app/pom.xml
[INFO] --------------------------------[ jar ]---------------------------------
[INFO] 
[INFO] --- clean:3.2.0:clean (default-clean) @ simos-app ---
[INFO] Deleting /home/cna/SimulatorMosire/simos-app/target
[INFO] 
[INFO] --- enforcer:3.6.3:enforce (enforce-java-and-maven) @ simos-app ---
[INFO] 
[INFO] --- checkstyle:3.6.0:check (checkstyle-check) @ simos-app ---
[INFO] Starting audit...
Audit done.
[INFO] You have 0 Checkstyle violations.
[INFO] 
[INFO] --- resources:3.4.0:resources (default-resources) @ simos-app ---
[INFO] Copying 19 resources from src/main/resources to target/classes
[INFO] 
[INFO] --- compiler:3.16.0:compile (default-compile) @ simos-app ---
[INFO] Recompiling the module because of changed dependency.
[INFO] Compiling 45 source files with javac [debug release 21] to target/classes
[INFO] Annotation processing is enabled because one or more processors were found
  on the class path. A future release of javac may disable annotation processing
  unless at least one processor is specified by name (-processor), or a search
  path is specified (--processor-path, --processor-module-path), or annotation
  processing is enabled explicitly (-proc:only, -proc:full).
  Use -Xlint:-options to suppress this message.
  Use -proc:none to disable annotation processing.
[INFO] org.pf4j.processor.ExtensionAnnotationProcessor init
[INFO] Options {}
[INFO] Processing @org.pf4j.Extension
[INFO] 
[INFO] --- resources:3.4.0:testResources (default-testResources) @ simos-app ---
[INFO] skip non existing resourceDirectory /home/cna/SimulatorMosire/simos-app/src/test/resources
[INFO] 
[INFO] --- compiler:3.16.0:testCompile (default-testCompile) @ simos-app ---
[INFO] Recompiling the module because of changed dependency.
[INFO] Compiling 37 source files with javac [debug release 21] to target/test-classes
[INFO] Annotation processing is enabled because one or more processors were found
  on the class path. A future release of javac may disable annotation processing
  unless at least one processor is specified by name (-processor), or a search
  path is specified (--processor-path, --processor-module-path), or annotation
  processing is enabled explicitly (-proc:only, -proc:full).
  Use -Xlint:-options to suppress this message.
  Use -proc:none to disable annotation processing.
[INFO] org.pf4j.processor.ExtensionAnnotationProcessor init
[INFO] Options {}
[INFO] Processing @org.pf4j.Extension
[INFO] /home/cna/SimulatorMosire/simos-app/src/test/java/io/mosire/simos/app/McpCoverageTest.java: Some input files use or override a deprecated API.
[INFO] /home/cna/SimulatorMosire/simos-app/src/test/java/io/mosire/simos/app/McpCoverageTest.java: Recompile with -Xlint:deprecation for details.
[INFO] 
[INFO] --- surefire:3.6.0:test (default-test) @ simos-app ---
[INFO] Using auto detected provider org.apache.maven.surefire.junitplatform.JUnitPlatformProvider
[INFO] 
[INFO] -------------------------------------------------------
[INFO]  T E S T S
[INFO] -------------------------------------------------------
[INFO] Running io.mosire.simos.app.ShellSmokeTest
23:55:37.193 INFO  io.mosire.agentlib.mcp.AgentToMcpServer - MCP streamable server 已启动: name=simos-shell version=0.1.0-SNAPSHOT 外发工具 16 个 [sd.IssueDirective, sd.SetViewScope, sd.StartDecision, sd.SubmitVerdict, simos.advance, simos.command.catalog, simos.command.submit, simos.fork, simos.map.hex, simos.map.overview, simos.social.population, simos.state.facets, simos.state.resolve, simos.timeline.branches, simos.unit.get, simos.unit.list]；Registry 共 16 个，未外发 0 个 []
23:55:37.204 INFO  io.mosire.agentlib.mcp.AgentToMcpServer - MCP streamable server 已启动: name=simos-shell-decision version=0.1.0-SNAPSHOT 外发工具 11 个 [sd.IssueDirective, sd.SubmitVerdict, simos.command.catalog, simos.map.hex, simos.map.overview, simos.social.population, simos.state.facets, simos.state.resolve, simos.timeline.branches, simos.unit.get, simos.unit.list]；Registry 共 11 个，未外发 0 个 []
23:55:37.275 INFO  io.mosire.simos.app.gui.GuiServer - GUI 服务器已启动: http://127.0.0.1:46191/（静态 /webui，同源，无 CORS 头）
23:55:37.276 INFO  io.mosire.simos.app.Shell - Shell 装配完成: store=/tmp/junit-5359867205701338909 checkpointInterval=100 codec=4 handler=42 participant=2 resolver=4 facet=2 tool=16 decisionTool=11 mapId=Map1 bindAddress=127.0.0.1 mcpPort=45433 decisionAgentMcpPort=46509 guiPort=46191 approvalPort=45145
23:55:37.304 INFO  io.mosire.agentlib.approval.ApprovalHttpEndpoint - 审批 HTTP 面已停止（端口 45145）
23:55:37.305 INFO  io.mosire.agentlib.approval.HttpApprovalChannel - HTTP 审批通道已关闭
23:55:37.391 INFO  io.mosire.agentlib.mcp.AgentToMcpServer - MCP streamable server 已启动: name=simos-shell version=0.1.0-SNAPSHOT 外发工具 16 个 [sd.IssueDirective, sd.SetViewScope, sd.StartDecision, sd.SubmitVerdict, simos.advance, simos.command.catalog, simos.command.submit, simos.fork, simos.map.hex, simos.map.overview, simos.social.population, simos.state.facets, simos.state.resolve, simos.timeline.branches, simos.unit.get, simos.unit.list]；Registry 共 16 个，未外发 0 个 []
23:55:37.400 INFO  io.mosire.agentlib.mcp.AgentToMcpServer - MCP streamable server 已启动: name=simos-shell-decision version=0.1.0-SNAPSHOT 外发工具 11 个 [sd.IssueDirective, sd.SubmitVerdict, simos.command.catalog, simos.map.hex, simos.map.overview, simos.social.population, simos.state.facets, simos.state.resolve, simos.timeline.branches, simos.unit.get, simos.unit.list]；Registry 共 11 个，未外发 0 个 []
23:55:37.409 INFO  io.mosire.simos.app.gui.GuiServer - GUI 服务器已启动: http://127.0.0.1:45137/（静态 /webui，同源，无 CORS 头）
23:55:37.409 INFO  io.mosire.simos.app.Shell - Shell 装配完成: store=/tmp/junit-12456800207517315912 checkpointInterval=100 codec=4 handler=42 participant=2 resolver=4 facet=2 tool=16 decisionTool=11 mapId=Map1 bindAddress=127.0.0.1 mcpPort=45343 decisionAgentMcpPort=46645 guiPort=45137 approvalPort=45473
23:55:37.410 INFO  io.mosire.agentlib.approval.ApprovalHttpEndpoint - 审批 HTTP 面已停止（端口 45473）
23:55:37.411 INFO  io.mosire.agentlib.approval.HttpApprovalChannel - HTTP 审批通道已关闭
23:55:37.462 INFO  io.mosire.agentlib.mcp.AgentToMcpServer - MCP streamable server 已启动: name=simos-shell version=0.1.0-SNAPSHOT 外发工具 16 个 [sd.IssueDirective, sd.SetViewScope, sd.StartDecision, sd.SubmitVerdict, simos.advance, simos.command.catalog, simos.command.submit, simos.fork, simos.map.hex, simos.map.overview, simos.social.population, simos.state.facets, simos.state.resolve, simos.timeline.branches, simos.unit.get, simos.unit.list]；Registry 共 16 个，未外发 0 个 []
23:55:37.471 INFO  io.mosire.agentlib.mcp.AgentToMcpServer - MCP streamable server 已启动: name=simos-shell-decision version=0.1.0-SNAPSHOT 外发工具 11 个 [sd.IssueDirective, sd.SubmitVerdict, simos.command.catalog, simos.map.hex, simos.map.overview, simos.social.population, simos.state.facets, simos.state.resolve, simos.timeline.branches, simos.unit.get, simos.unit.list]；Registry 共 11 个，未外发 0 个 []
23:55:37.480 INFO  io.mosire.simos.app.gui.GuiServer - GUI 服务器已启动: http://127.0.0.1:46087/（静态 /webui，同源，无 CORS 头）
23:55:37.480 INFO  io.mosire.simos.app.Shell - Shell 装配完成: store=/tmp/junit-10261155609471172965 checkpointInterval=100 codec=4 handler=42 participant=2 resolver=4 facet=2 tool=16 decisionTool=11 mapId=Map1 bindAddress=127.0.0.1 mcpPort=46587 decisionAgentMcpPort=44887 guiPort=46087 approvalPort=45109
23:55:37.568 INFO  io.mosire.simos.core.command.CommandBus - 命令提交: type=unit.RenameUnit commandId=cmd-rename correlationId=corr-rename 新坐标=main@2
23:55:37.584 INFO  io.mosire.agentlib.approval.ApprovalHttpEndpoint - 审批 HTTP 面已停止（端口 45109）
23:55:37.584 INFO  io.mosire.agentlib.approval.HttpApprovalChannel - HTTP 审批通道已关闭
23:55:37.643 INFO  io.mosire.agentlib.mcp.AgentToMcpServer - MCP streamable server 已启动: name=simos-shell version=0.1.0-SNAPSHOT 外发工具 16 个 [sd.IssueDirective, sd.SetViewScope, sd.StartDecision, sd.SubmitVerdict, simos.advance, simos.command.catalog, simos.command.submit, simos.fork, simos.map.hex, simos.map.overview, simos.social.population, simos.state.facets, simos.state.resolve, simos.timeline.branches, simos.unit.get, simos.unit.list]；Registry 共 16 个，未外发 0 个 []
23:55:37.653 INFO  io.mosire.agentlib.mcp.AgentToMcpServer - MCP streamable server 已启动: name=simos-shell-decision version=0.1.0-SNAPSHOT 外发工具 11 个 [sd.IssueDirective, sd.SubmitVerdict, simos.command.catalog, simos.map.hex, simos.map.overview, simos.social.population, simos.state.facets, simos.state.resolve, simos.timeline.branches, simos.unit.get, simos.unit.list]；Registry 共 11 个，未外发 0 个 []
23:55:37.662 INFO  io.mosire.simos.app.gui.GuiServer - GUI 服务器已启动: http://127.0.0.1:45297/（静态 /webui，同源，无 CORS 头）
23:55:37.662 INFO  io.mosire.simos.app.Shell - Shell 装配完成: store=/tmp/junit-15021189519095051574 checkpointInterval=100 codec=4 handler=42 participant=2 resolver=4 facet=2 tool=16 decisionTool=11 mapId=Map1 bindAddress=127.0.0.1 mcpPort=45395 decisionAgentMcpPort=45577 guiPort=45297 approvalPort=46581
23:55:37.684 INFO  io.mosire.simos.core.advance.TimeAdvance - 命令提交: type=core.AdvanceTime commandId=cmd-advance correlationId=corr-advance 新坐标=main@2
23:55:37.692 INFO  io.mosire.agentlib.approval.ApprovalHttpEndpoint - 审批 HTTP 面已停止（端口 46581）
23:55:37.692 INFO  io.mosire.agentlib.approval.HttpApprovalChannel - HTTP 审批通道已关闭
[INFO] Tests run: 4, Failures: 0, Errors: 0, Skipped: 0, Time elapsed: 1.106 s -- in io.mosire.simos.app.ShellSmokeTest
[INFO] Running io.mosire.simos.app.SdSetViewScopeEndToEndTest
23:55:37.747 INFO  io.mosire.simos.core.command.CommandBus - 命令提交: type=sd.SetViewScope commandId=cmd-1 correlationId=cmd-1 新坐标=main@2
23:55:37.797 INFO  io.mosire.simos.core.command.CommandBus - 命令被拒: type=sd.SetViewScope commandId=cmd-1 correlationId=cmd-1 原因=决策人不存在: ghost
[INFO] Tests run: 2, Failures: 0, Errors: 0, Skipped: 0, Time elapsed: 0.101 s -- in io.mosire.simos.app.SdSetViewScopeEndToEndTest
[INFO] Running io.mosire.simos.app.McpPortTopologyTest
23:55:37.842 INFO  io.mosire.agentlib.mcp.AgentToMcpServer - MCP streamable server 已启动: name=simos-shell version=0.1.0-SNAPSHOT 外发工具 16 个 [sd.IssueDirective, sd.SetViewScope, sd.StartDecision, sd.SubmitVerdict, simos.advance, simos.command.catalog, simos.command.submit, simos.fork, simos.map.hex, simos.map.overview, simos.social.population, simos.state.facets, simos.state.resolve, simos.timeline.branches, simos.unit.get, simos.unit.list]；Registry 共 16 个，未外发 0 个 []
23:55:37.852 INFO  io.mosire.agentlib.mcp.AgentToMcpServer - MCP streamable server 已启动: name=simos-shell-decision version=0.1.0-SNAPSHOT 外发工具 11 个 [sd.IssueDirective, sd.SubmitVerdict, simos.command.catalog, simos.map.hex, simos.map.overview, simos.social.population, simos.state.facets, simos.state.resolve, simos.timeline.branches, simos.unit.get, simos.unit.list]；Registry 共 11 个，未外发 0 个 []
23:55:37.861 INFO  io.mosire.simos.app.gui.GuiServer - GUI 服务器已启动: http://127.0.0.1:45183/（静态 /webui，同源，无 CORS 头）
23:55:37.862 INFO  io.mosire.simos.app.Shell - Shell 装配完成: store=/tmp/junit-17911197770029456987 checkpointInterval=100 codec=4 handler=42 participant=2 resolver=4 facet=2 tool=16 decisionTool=11 mapId=Map1 bindAddress=127.0.0.1 mcpPort=45257 decisionAgentMcpPort=45523 guiPort=45183 approvalPort=44647
23:55:37.931 INFO  io.modelcontextprotocol.server.McpAsyncServer - Client initialize request - Protocol: 2025-11-25, Capabilities: ClientCapabilities[experimental=null, roots=null, sampling=null, elicitation=null], Info: Implementation[name=Java SDK MCP Client, title=null, version=0.15.0, description=null, icons=null, websiteUrl=null]
23:55:37.960 INFO  io.modelcontextprotocol.client.LifecycleInitializer - Server response with Protocol: 2025-11-25, Capabilities: ServerCapabilities[completions=null, experimental=null, logging=LoggingCapabilities[], prompts=null, resources=null, tools=ToolCapabilities[listChanged=true]], Info: Implementation[name=simos-shell, title=null, version=0.1.0-SNAPSHOT, description=null, icons=null, websiteUrl=null] and Instructions null
23:55:37.987 INFO  io.mosire.agentlib.approval.ApprovalHttpEndpoint - 审批 HTTP 面已停止（端口 44647）
23:55:37.987 INFO  io.mosire.agentlib.approval.HttpApprovalChannel - HTTP 审批通道已关闭
23:55:38.035 INFO  io.mosire.agentlib.mcp.AgentToMcpServer - MCP streamable server 已启动: name=simos-shell version=0.1.0-SNAPSHOT 外发工具 16 个 [sd.IssueDirective, sd.SetViewScope, sd.StartDecision, sd.SubmitVerdict, simos.advance, simos.command.catalog, simos.command.submit, simos.fork, simos.map.hex, simos.map.overview, simos.social.population, simos.state.facets, simos.state.resolve, simos.timeline.branches, simos.unit.get, simos.unit.list]；Registry 共 16 个，未外发 0 个 []
23:55:38.045 INFO  io.mosire.agentlib.mcp.AgentToMcpServer - MCP streamable server 已启动: name=simos-shell-decision version=0.1.0-SNAPSHOT 外发工具 11 个 [sd.IssueDirective, sd.SubmitVerdict, simos.command.catalog, simos.map.hex, simos.map.overview, simos.social.population, simos.state.facets, simos.state.resolve, simos.timeline.branches, simos.unit.get, simos.unit.list]；Registry 共 11 个，未外发 0 个 []
23:55:38.054 INFO  io.mosire.simos.app.gui.GuiServer - GUI 服务器已启动: http://127.0.0.1:45925/（静态 /webui，同源，无 CORS 头）
23:55:38.055 INFO  io.mosire.simos.app.Shell - Shell 装配完成: store=/tmp/junit-15985717011242223630 checkpointInterval=100 codec=4 handler=42 participant=2 resolver=4 facet=2 tool=16 decisionTool=11 mapId=Map1 bindAddress=127.0.0.1 mcpPort=44757 decisionAgentMcpPort=45695 guiPort=45925 approvalPort=46229
23:55:38.067 INFO  io.modelcontextprotocol.server.McpAsyncServer - Client initialize request - Protocol: 2025-11-25, Capabilities: ClientCapabilities[experimental=null, roots=null, sampling=null, elicitation=null], Info: Implementation[name=Java SDK MCP Client, title=null, version=0.15.0, description=null, icons=null, websiteUrl=null]
23:55:38.069 INFO  io.modelcontextprotocol.client.LifecycleInitializer - Server response with Protocol: 2025-11-25, Capabilities: ServerCapabilities[completions=null, experimental=null, logging=LoggingCapabilities[], prompts=null, resources=null, tools=ToolCapabilities[listChanged=true]], Info: Implementation[name=simos-shell-decision, title=null, version=0.1.0-SNAPSHOT, description=null, icons=null, websiteUrl=null] and Instructions null
23:55:38.119 INFO  io.modelcontextprotocol.spec.McpClientSession - Server returned a JSON-RPC error when calling method tools/call: JSONRPCError[code=-32602, message=Unknown tool: invalid_tool_name, data=Tool not found: simos.command.submit]
23:55:38.125 INFO  io.mosire.agentlib.approval.ApprovalHttpEndpoint - 审批 HTTP 面已停止（端口 46229）
23:55:38.125 INFO  io.mosire.agentlib.approval.HttpApprovalChannel - HTTP 审批通道已关闭
23:55:38.179 INFO  io.mosire.agentlib.mcp.AgentToMcpServer - MCP streamable server 已启动: name=simos-shell version=0.1.0-SNAPSHOT 外发工具 16 个 [sd.IssueDirective, sd.SetViewScope, sd.StartDecision, sd.SubmitVerdict, simos.advance, simos.command.catalog, simos.command.submit, simos.fork, simos.map.hex, simos.map.overview, simos.social.population, simos.state.facets, simos.state.resolve, simos.timeline.branches, simos.unit.get, simos.unit.list]；Registry 共 16 个，未外发 0 个 []
23:55:38.188 INFO  io.mosire.agentlib.mcp.AgentToMcpServer - MCP streamable server 已启动: name=simos-shell-decision version=0.1.0-SNAPSHOT 外发工具 11 个 [sd.IssueDirective, sd.SubmitVerdict, simos.command.catalog, simos.map.hex, simos.map.overview, simos.social.population, simos.state.facets, simos.state.resolve, simos.timeline.branches, simos.unit.get, simos.unit.list]；Registry 共 11 个，未外发 0 个 []
23:55:38.198 INFO  io.mosire.simos.app.gui.GuiServer - GUI 服务器已启动: http://127.0.0.1:44739/（静态 /webui，同源，无 CORS 头）
23:55:38.198 INFO  io.mosire.simos.app.Shell - Shell 装配完成: store=/tmp/junit-4009801477210212263 checkpointInterval=100 codec=4 handler=42 participant=2 resolver=4 facet=2 tool=16 decisionTool=11 mapId=Map1 bindAddress=127.0.0.1 mcpPort=44965 decisionAgentMcpPort=44745 guiPort=44739 approvalPort=46455
23:55:38.203 INFO  io.modelcontextprotocol.server.McpAsyncServer - Client initialize request - Protocol: 2025-11-25, Capabilities: ClientCapabilities[experimental=null, roots=null, sampling=null, elicitation=null], Info: Implementation[name=Java SDK MCP Client, title=null, version=0.15.0, description=null, icons=null, websiteUrl=null]
23:55:38.206 INFO  io.modelcontextprotocol.client.LifecycleInitializer - Server response with Protocol: 2025-11-25, Capabilities: ServerCapabilities[completions=null, experimental=null, logging=LoggingCapabilities[], prompts=null, resources=null, tools=ToolCapabilities[listChanged=true]], Info: Implementation[name=simos-shell-decision, title=null, version=0.1.0-SNAPSHOT, description=null, icons=null, websiteUrl=null] and Instructions null
23:55:38.216 INFO  io.mosire.agentlib.approval.ApprovalHttpEndpoint - 审批 HTTP 面已停止（端口 46455）
23:55:38.216 INFO  io.mosire.agentlib.approval.HttpApprovalChannel - HTTP 审批通道已关闭
23:55:38.262 INFO  io.mosire.agentlib.mcp.AgentToMcpServer - MCP streamable server 已启动: name=simos-shell version=0.1.0-SNAPSHOT 外发工具 16 个 [sd.IssueDirective, sd.SetViewScope, sd.StartDecision, sd.SubmitVerdict, simos.advance, simos.command.catalog, simos.command.submit, simos.fork, simos.map.hex, simos.map.overview, simos.social.population, simos.state.facets, simos.state.resolve, simos.timeline.branches, simos.unit.get, simos.unit.list]；Registry 共 16 个，未外发 0 个 []
23:55:38.272 INFO  io.mosire.agentlib.mcp.AgentToMcpServer - MCP streamable server 已启动: name=simos-shell-decision version=0.1.0-SNAPSHOT 外发工具 11 个 [sd.IssueDirective, sd.SubmitVerdict, simos.command.catalog, simos.map.hex, simos.map.overview, simos.social.population, simos.state.facets, simos.state.resolve, simos.timeline.branches, simos.unit.get, simos.unit.list]；Registry 共 11 个，未外发 0 个 []
23:55:38.282 INFO  io.mosire.simos.app.gui.GuiServer - GUI 服务器已启动: http://127.0.0.1:46235/（静态 /webui，同源，无 CORS 头）
23:55:38.282 INFO  io.mosire.simos.app.Shell - Shell 装配完成: store=/tmp/junit-12586775532628265065 checkpointInterval=100 codec=4 handler=42 participant=2 resolver=4 facet=2 tool=16 decisionTool=11 mapId=Map1 bindAddress=127.0.0.1 mcpPort=44627 decisionAgentMcpPort=46021 guiPort=46235 approvalPort=45221
23:55:38.288 INFO  io.modelcontextprotocol.server.McpAsyncServer - Client initialize request - Protocol: 2025-11-25, Capabilities: ClientCapabilities[experimental=null, roots=null, sampling=null, elicitation=null], Info: Implementation[name=Java SDK MCP Client, title=null, version=0.15.0, description=null, icons=null, websiteUrl=null]
23:55:38.290 INFO  io.modelcontextprotocol.client.LifecycleInitializer - Server response with Protocol: 2025-11-25, Capabilities: ServerCapabilities[completions=null, experimental=null, logging=LoggingCapabilities[], prompts=null, resources=null, tools=ToolCapabilities[listChanged=true]], Info: Implementation[name=simos-shell, title=null, version=0.1.0-SNAPSHOT, description=null, icons=null, websiteUrl=null] and Instructions null
23:55:38.294 INFO  io.modelcontextprotocol.server.McpAsyncServer - Client initialize request - Protocol: 2025-11-25, Capabilities: ClientCapabilities[experimental=null, roots=null, sampling=null, elicitation=null], Info: Implementation[name=Java SDK MCP Client, title=null, version=0.15.0, description=null, icons=null, websiteUrl=null]
23:55:38.296 INFO  io.modelcontextprotocol.client.LifecycleInitializer - Server response with Protocol: 2025-11-25, Capabilities: ServerCapabilities[completions=null, experimental=null, logging=LoggingCapabilities[], prompts=null, resources=null, tools=ToolCapabilities[listChanged=true]], Info: Implementation[name=simos-shell-decision, title=null, version=0.1.0-SNAPSHOT, description=null, icons=null, websiteUrl=null] and Instructions null
23:55:38.307 INFO  io.mosire.agentlib.approval.ApprovalHttpEndpoint - 审批 HTTP 面已停止（端口 45221）
23:55:38.307 WARN  io.modelcontextprotocol.spec.McpTransport - Error during asynchronous close
java.io.IOException: HTTP/1.1 header parser received no bytes
	at java.net.http/jdk.internal.net.http.common.Utils.wrapWithExtraDetail(Utils.java:412)
	at java.net.http/jdk.internal.net.http.Http1Response$HeadersReader.onReadError(Http1Response.java:590)
	at java.net.http/jdk.internal.net.http.Http1AsyncReceiver.checkForErrors(Http1AsyncReceiver.java:302)
	at java.net.http/jdk.internal.net.http.Http1AsyncReceiver.flush(Http1AsyncReceiver.java:268)
	at java.net.http/jdk.internal.net.http.common.SequentialScheduler$LockingRestartableTask.run(SequentialScheduler.java:182)
	at java.net.http/jdk.internal.net.http.common.SequentialScheduler$CompleteRestartableTask.run(SequentialScheduler.java:149)
	at java.net.http/jdk.internal.net.http.common.SequentialScheduler$SchedulableTask.run(SequentialScheduler.java:207)
	at java.base/java.util.concurrent.ThreadPoolExecutor.runWorker(ThreadPoolExecutor.java:1144)
	at java.base/java.util.concurrent.ThreadPoolExecutor$Worker.run(ThreadPoolExecutor.java:642)
	at java.base/java.lang.Thread.run(Thread.java:1583)
Caused by: java.net.SocketException: Connection reset
	at java.base/sun.nio.ch.SocketChannelImpl.throwConnectionReset(SocketChannelImpl.java:401)
	at java.base/sun.nio.ch.SocketChannelImpl.read(SocketChannelImpl.java:434)
	at java.net.http/jdk.internal.net.http.SocketTube.readAvailable(SocketTube.java:1178)
	at java.net.http/jdk.internal.net.http.SocketTube$InternalReadPublisher$InternalReadSubscription.read(SocketTube.java:841)
	at java.net.http/jdk.internal.net.http.SocketTube$SocketFlowTask.run(SocketTube.java:181)
	at java.net.http/jdk.internal.net.http.common.SequentialScheduler$SchedulableTask.run(SequentialScheduler.java:207)
	at java.net.http/jdk.internal.net.http.common.SequentialScheduler.runOrSchedule(SequentialScheduler.java:280)
	at java.net.http/jdk.internal.net.http.common.SequentialScheduler.runOrSchedule(SequentialScheduler.java:233)
	at java.net.http/jdk.internal.net.http.SocketTube$InternalReadPublisher$InternalReadSubscription.signalReadable(SocketTube.java:782)
	at java.net.http/jdk.internal.net.http.SocketTube$InternalReadPublisher$ReadEvent.signalEvent(SocketTube.java:965)
	at java.net.http/jdk.internal.net.http.SocketTube$SocketFlowEvent.handle(SocketTube.java:253)
	at java.net.http/jdk.internal.net.http.HttpClientImpl$SelectorManager.handleEvent(HttpClientImpl.java:1477)
	at java.net.http/jdk.internal.net.http.HttpClientImpl$SelectorManager.lambda$run$3(HttpClientImpl.java:1422)
	at java.base/java.util.ArrayList.forEach(ArrayList.java:1596)
	at java.net.http/jdk.internal.net.http.HttpClientImpl$SelectorManager.run(HttpClientImpl.java:1422)
23:55:38.308 INFO  io.mosire.agentlib.approval.HttpApprovalChannel - HTTP 审批通道已关闭
[INFO] Tests run: 4, Failures: 0, Errors: 0, Skipped: 0, Time elapsed: 0.523 s -- in io.mosire.simos.app.McpPortTopologyTest
[INFO] Running io.mosire.simos.app.ShellApprovalTest
23:55:38.378 INFO  io.mosire.agentlib.mcp.AgentToMcpServer - MCP streamable server 已启动: name=simos-shell version=0.1.0-SNAPSHOT 外发工具 16 个 [sd.IssueDirective, sd.SetViewScope, sd.StartDecision, sd.SubmitVerdict, simos.advance, simos.command.catalog, simos.command.submit, simos.fork, simos.map.hex, simos.map.overview, simos.social.population, simos.state.facets, simos.state.resolve, simos.timeline.branches, simos.unit.get, simos.unit.list]；Registry 共 16 个，未外发 0 个 []
23:55:38.387 INFO  io.mosire.agentlib.mcp.AgentToMcpServer - MCP streamable server 已启动: name=simos-shell-decision version=0.1.0-SNAPSHOT 外发工具 11 个 [sd.IssueDirective, sd.SubmitVerdict, simos.command.catalog, simos.map.hex, simos.map.overview, simos.social.population, simos.state.facets, simos.state.resolve, simos.timeline.branches, simos.unit.get, simos.unit.list]；Registry 共 11 个，未外发 0 个 []
23:55:38.397 INFO  io.mosire.simos.app.gui.GuiServer - GUI 服务器已启动: http://127.0.0.1:46623/（静态 /webui，同源，无 CORS 头）
23:55:38.398 INFO  io.mosire.simos.app.Shell - Shell 装配完成: store=/tmp/junit-14378462363510995283 checkpointInterval=100 codec=4 handler=42 participant=2 resolver=4 facet=2 tool=16 decisionTool=11 mapId=Map1 bindAddress=127.0.0.1 mcpPort=45237 decisionAgentMcpPort=45809 guiPort=46623 approvalPort=44803
23:55:38.433 INFO  io.mosire.simos.core.command.CommandBus - 命令提交: type=unit.RenameUnit commandId=c2ab571f-ede5-4693-a80a-b056eef203ce correlationId=c2ab571f-ede5-4693-a80a-b056eef203ce 新坐标=main@2
23:55:38.447 INFO  io.mosire.agentlib.approval.ApprovalHttpEndpoint - 审批 HTTP 面已停止（端口 44803）
23:55:38.448 INFO  io.mosire.agentlib.approval.HttpApprovalChannel - HTTP 审批通道已关闭
23:55:38.507 INFO  io.mosire.agentlib.mcp.AgentToMcpServer - MCP streamable server 已启动: name=simos-shell version=0.1.0-SNAPSHOT 外发工具 16 个 [sd.IssueDirective, sd.SetViewScope, sd.StartDecision, sd.SubmitVerdict, simos.advance, simos.command.catalog, simos.command.submit, simos.fork, simos.map.hex, simos.map.overview, simos.social.population, simos.state.facets, simos.state.resolve, simos.timeline.branches, simos.unit.get, simos.unit.list]；Registry 共 16 个，未外发 0 个 []
23:55:38.519 INFO  io.mosire.agentlib.mcp.AgentToMcpServer - MCP streamable server 已启动: name=simos-shell-decision version=0.1.0-SNAPSHOT 外发工具 11 个 [sd.IssueDirective, sd.SubmitVerdict, simos.command.catalog, simos.map.hex, simos.map.overview, simos.social.population, simos.state.facets, simos.state.resolve, simos.timeline.branches, simos.unit.get, simos.unit.list]；Registry 共 11 个，未外发 0 个 []
23:55:38.525 INFO  io.mosire.simos.app.gui.GuiServer - GUI 服务器已启动: http://127.0.0.1:45725/（静态 /webui，同源，无 CORS 头）
23:55:38.526 INFO  io.mosire.simos.app.Shell - Shell 装配完成: store=/tmp/junit-7613221627836205432 checkpointInterval=100 codec=4 handler=42 participant=2 resolver=4 facet=2 tool=16 decisionTool=11 mapId=Map1 bindAddress=127.0.0.1 mcpPort=46027 decisionAgentMcpPort=46539 guiPort=45725 approvalPort=45465
23:55:38.550 INFO  io.mosire.simos.app.gui.GuiServer - access GET /api/approvals -> 200 6ms remote=127.0.0.1
23:55:38.554 INFO  io.mosire.agentlib.approval.ApprovalHttpEndpoint - 审批面收到人的答复 id=ap-0f6361e9-77f3-4a4f-984d-37c4745a84ed decision=approve scope=once
23:55:38.565 INFO  io.mosire.simos.core.command.CommandBus - 命令提交: type=unit.RenameUnit commandId=00de5a0a-1b09-4ad1-b663-1f01300e805e correlationId=00de5a0a-1b09-4ad1-b663-1f01300e805e 新坐标=main@2
23:55:38.599 INFO  io.mosire.simos.app.gui.GuiServer - access POST /api/approvals/ap-0f6361e9-77f3-4a4f-984d-37c4745a84ed -> 200 45ms remote=127.0.0.1
23:55:38.651 INFO  io.mosire.simos.app.gui.GuiServer - access POST /api/approvals/ap-0f6361e9-77f3-4a4f-984d-37c4745a84ed -> 409 46ms remote=127.0.0.1
23:55:38.703 INFO  io.mosire.simos.app.gui.GuiServer - access GET /api/approvals -> 200 44ms remote=127.0.0.1
23:55:38.755 INFO  io.mosire.simos.app.gui.GuiServer - access POST /api/approvals/ap-nope -> 404 45ms remote=127.0.0.1
23:55:38.761 INFO  io.mosire.simos.app.gui.GuiServer - access GET /api/approvals/ap-nope -> 405 2ms remote=127.0.0.1
23:55:38.764 INFO  io.mosire.agentlib.approval.ApprovalHttpEndpoint - 审批 HTTP 面已停止（端口 45465）
23:55:38.764 INFO  io.mosire.agentlib.approval.HttpApprovalChannel - HTTP 审批通道已关闭
23:55:38.815 INFO  io.mosire.agentlib.mcp.AgentToMcpServer - MCP streamable server 已启动: name=simos-shell version=0.1.0-SNAPSHOT 外发工具 16 个 [sd.IssueDirective, sd.SetViewScope, sd.StartDecision, sd.SubmitVerdict, simos.advance, simos.command.catalog, simos.command.submit, simos.fork, simos.map.hex, simos.map.overview, simos.social.population, simos.state.facets, simos.state.resolve, simos.timeline.branches, simos.unit.get, simos.unit.list]；Registry 共 16 个，未外发 0 个 []
23:55:38.826 INFO  io.mosire.agentlib.mcp.AgentToMcpServer - MCP streamable server 已启动: name=simos-shell-decision version=0.1.0-SNAPSHOT 外发工具 11 个 [sd.IssueDirective, sd.SubmitVerdict, simos.command.catalog, simos.map.hex, simos.map.overview, simos.social.population, simos.state.facets, simos.state.resolve, simos.timeline.branches, simos.unit.get, simos.unit.list]；Registry 共 11 个，未外发 0 个 []
23:55:38.836 INFO  io.mosire.simos.app.gui.GuiServer - GUI 服务器已启动: http://127.0.0.1:45885/（静态 /webui，同源，无 CORS 头）
23:55:38.837 INFO  io.mosire.simos.app.Shell - Shell 装配完成: store=/tmp/junit-2983476080008325445 checkpointInterval=100 codec=4 handler=42 participant=2 resolver=4 facet=2 tool=16 decisionTool=11 mapId=Map1 bindAddress=127.0.0.1 mcpPort=46645 decisionAgentMcpPort=45827 guiPort=45885 approvalPort=44693
23:55:38.846 INFO  io.mosire.simos.app.gui.GuiServer - GUI 服务器已启动: http://127.0.0.1:45229/（静态 /webui，同源，无 CORS 头）
23:55:38.852 INFO  io.mosire.simos.app.gui.GuiServer - access GET /api/approvals -> 502 3ms remote=127.0.0.1
23:55:38.854 INFO  io.mosire.agentlib.approval.ApprovalHttpEndpoint - 审批 HTTP 面已停止（端口 44693）
23:55:38.854 INFO  io.mosire.agentlib.approval.HttpApprovalChannel - HTTP 审批通道已关闭
[INFO] Tests run: 3, Failures: 0, Errors: 0, Skipped: 0, Time elapsed: 0.528 s -- in io.mosire.simos.app.ShellApprovalTest
[INFO] Running io.mosire.simos.app.tools.SimosToolsTest
23:55:38.901 INFO  io.mosire.agentlib.mcp.AgentToMcpServer - MCP streamable server 已启动: name=simos-shell version=0.1.0-SNAPSHOT 外发工具 16 个 [sd.IssueDirective, sd.SetViewScope, sd.StartDecision, sd.SubmitVerdict, simos.advance, simos.command.catalog, simos.command.submit, simos.fork, simos.map.hex, simos.map.overview, simos.social.population, simos.state.facets, simos.state.resolve, simos.timeline.branches, simos.unit.get, simos.unit.list]；Registry 共 16 个，未外发 0 个 []
23:55:38.911 INFO  io.mosire.agentlib.mcp.AgentToMcpServer - MCP streamable server 已启动: name=simos-shell-decision version=0.1.0-SNAPSHOT 外发工具 11 个 [sd.IssueDirective, sd.SubmitVerdict, simos.command.catalog, simos.map.hex, simos.map.overview, simos.social.population, simos.state.facets, simos.state.resolve, simos.timeline.branches, simos.unit.get, simos.unit.list]；Registry 共 11 个，未外发 0 个 []
23:55:38.920 INFO  io.mosire.simos.app.gui.GuiServer - GUI 服务器已启动: http://127.0.0.1:46569/（静态 /webui，同源，无 CORS 头）
23:55:38.920 INFO  io.mosire.simos.app.Shell - Shell 装配完成: store=/tmp/junit-13719325492278811414 checkpointInterval=100 codec=4 handler=42 participant=2 resolver=4 facet=2 tool=16 decisionTool=11 mapId=Map1 bindAddress=127.0.0.1 mcpPort=44861 decisionAgentMcpPort=45645 guiPort=46569 approvalPort=44641
23:55:38.929 INFO  io.mosire.simos.core.command.CommandBus - 命令被拒: type=core.Nope commandId=6d194e94-f0d3-40f8-a6c0-efd4b48a6d17 correlationId=6d194e94-f0d3-40f8-a6c0-efd4b48a6d17 原因=未注册的命令类型: core.Nope
23:55:38.931 INFO  io.mosire.agentlib.approval.ApprovalHttpEndpoint - 审批 HTTP 面已停止（端口 44641）
23:55:38.931 INFO  io.mosire.agentlib.approval.HttpApprovalChannel - HTTP 审批通道已关闭
23:55:38.986 INFO  io.mosire.agentlib.mcp.AgentToMcpServer - MCP streamable server 已启动: name=simos-shell version=0.1.0-SNAPSHOT 外发工具 16 个 [sd.IssueDirective, sd.SetViewScope, sd.StartDecision, sd.SubmitVerdict, simos.advance, simos.command.catalog, simos.command.submit, simos.fork, simos.map.hex, simos.map.overview, simos.social.population, simos.state.facets, simos.state.resolve, simos.timeline.branches, simos.unit.get, simos.unit.list]；Registry 共 16 个，未外发 0 个 []
23:55:38.996 INFO  io.mosire.agentlib.mcp.AgentToMcpServer - MCP streamable server 已启动: name=simos-shell-decision version=0.1.0-SNAPSHOT 外发工具 11 个 [sd.IssueDirective, sd.SubmitVerdict, simos.command.catalog, simos.map.hex, simos.map.overview, simos.social.population, simos.state.facets, simos.state.resolve, simos.timeline.branches, simos.unit.get, simos.unit.list]；Registry 共 11 个，未外发 0 个 []
23:55:39.005 INFO  io.mosire.simos.app.gui.GuiServer - GUI 服务器已启动: http://127.0.0.1:46345/（静态 /webui，同源，无 CORS 头）
23:55:39.006 INFO  io.mosire.simos.app.Shell - Shell 装配完成: store=/tmp/junit-6259476203681222744 checkpointInterval=100 codec=4 handler=42 participant=2 resolver=4 facet=2 tool=16 decisionTool=11 mapId=Map1 bindAddress=127.0.0.1 mcpPort=45219 decisionAgentMcpPort=46137 guiPort=46345 approvalPort=46581
23:55:39.015 INFO  io.mosire.simos.core.command.CommandBus - 命令冲突: type=unit.RenameUnit commandId=8990e805-3f46-4ab3-91d0-46f5c766893a correlationId=8990e805-3f46-4ab3-91d0-46f5c766893a 真实head=main@1
23:55:39.016 INFO  io.mosire.agentlib.approval.ApprovalHttpEndpoint - 审批 HTTP 面已停止（端口 46581）
23:55:39.017 INFO  io.mosire.agentlib.approval.HttpApprovalChannel - HTTP 审批通道已关闭
23:55:39.065 INFO  io.mosire.agentlib.mcp.AgentToMcpServer - MCP streamable server 已启动: name=simos-shell version=0.1.0-SNAPSHOT 外发工具 16 个 [sd.IssueDirective, sd.SetViewScope, sd.StartDecision, sd.SubmitVerdict, simos.advance, simos.command.catalog, simos.command.submit, simos.fork, simos.map.hex, simos.map.overview, simos.social.population, simos.state.facets, simos.state.resolve, simos.timeline.branches, simos.unit.get, simos.unit.list]；Registry 共 16 个，未外发 0 个 []
23:55:39.075 INFO  io.mosire.agentlib.mcp.AgentToMcpServer - MCP streamable server 已启动: name=simos-shell-decision version=0.1.0-SNAPSHOT 外发工具 11 个 [sd.IssueDirective, sd.SubmitVerdict, simos.command.catalog, simos.map.hex, simos.map.overview, simos.social.population, simos.state.facets, simos.state.resolve, simos.timeline.branches, simos.unit.get, simos.unit.list]；Registry 共 11 个，未外发 0 个 []
23:55:39.085 INFO  io.mosire.simos.app.gui.GuiServer - GUI 服务器已启动: http://127.0.0.1:45011/（静态 /webui，同源，无 CORS 头）
23:55:39.085 INFO  io.mosire.simos.app.Shell - Shell 装配完成: store=/tmp/junit-6159047488846838223 checkpointInterval=100 codec=4 handler=42 participant=2 resolver=4 facet=2 tool=16 decisionTool=11 mapId=Map1 bindAddress=127.0.0.1 mcpPort=44945 decisionAgentMcpPort=46201 guiPort=45011 approvalPort=45195
23:55:39.091 INFO  io.mosire.agentlib.approval.ApprovalHttpEndpoint - 审批 HTTP 面已停止（端口 45195）
23:55:39.091 INFO  io.mosire.agentlib.approval.HttpApprovalChannel - HTTP 审批通道已关闭
23:55:39.144 INFO  io.mosire.agentlib.mcp.AgentToMcpServer - MCP streamable server 已启动: name=simos-shell version=0.1.0-SNAPSHOT 外发工具 16 个 [sd.IssueDirective, sd.SetViewScope, sd.StartDecision, sd.SubmitVerdict, simos.advance, simos.command.catalog, simos.command.submit, simos.fork, simos.map.hex, simos.map.overview, simos.social.population, simos.state.facets, simos.state.resolve, simos.timeline.branches, simos.unit.get, simos.unit.list]；Registry 共 16 个，未外发 0 个 []
23:55:39.154 INFO  io.mosire.agentlib.mcp.AgentToMcpServer - MCP streamable server 已启动: name=simos-shell-decision version=0.1.0-SNAPSHOT 外发工具 11 个 [sd.IssueDirective, sd.SubmitVerdict, simos.command.catalog, simos.map.hex, simos.map.overview, simos.social.population, simos.state.facets, simos.state.resolve, simos.timeline.branches, simos.unit.get, simos.unit.list]；Registry 共 11 个，未外发 0 个 []
23:55:39.163 INFO  io.mosire.simos.app.gui.GuiServer - GUI 服务器已启动: http://127.0.0.1:45367/（静态 /webui，同源，无 CORS 头）
23:55:39.163 INFO  io.mosire.simos.app.Shell - Shell 装配完成: store=/tmp/junit-16496503638965301176 checkpointInterval=100 codec=4 handler=42 participant=2 resolver=4 facet=2 tool=16 decisionTool=11 mapId=Map1 bindAddress=127.0.0.1 mcpPort=44751 decisionAgentMcpPort=45881 guiPort=45367 approvalPort=46261
23:55:39.165 INFO  io.mosire.agentlib.approval.ApprovalHttpEndpoint - 审批 HTTP 面已停止（端口 46261）
23:55:39.165 INFO  io.mosire.agentlib.approval.HttpApprovalChannel - HTTP 审批通道已关闭
23:55:39.219 INFO  io.mosire.agentlib.mcp.AgentToMcpServer - MCP streamable server 已启动: name=simos-shell version=0.1.0-SNAPSHOT 外发工具 16 个 [sd.IssueDirective, sd.SetViewScope, sd.StartDecision, sd.SubmitVerdict, simos.advance, simos.command.catalog, simos.command.submit, simos.fork, simos.map.hex, simos.map.overview, simos.social.population, simos.state.facets, simos.state.resolve, simos.timeline.branches, simos.unit.get, simos.unit.list]；Registry 共 16 个，未外发 0 个 []
23:55:39.228 INFO  io.mosire.agentlib.mcp.AgentToMcpServer - MCP streamable server 已启动: name=simos-shell-decision version=0.1.0-SNAPSHOT 外发工具 11 个 [sd.IssueDirective, sd.SubmitVerdict, simos.command.catalog, simos.map.hex, simos.map.overview, simos.social.population, simos.state.facets, simos.state.resolve, simos.timeline.branches, simos.unit.get, simos.unit.list]；Registry 共 11 个，未外发 0 个 []
23:55:39.237 INFO  io.mosire.simos.app.gui.GuiServer - GUI 服务器已启动: http://127.0.0.1:45911/（静态 /webui，同源，无 CORS 头）
23:55:39.238 INFO  io.mosire.simos.app.Shell - Shell 装配完成: store=/tmp/junit-10914418207812385052 checkpointInterval=100 codec=4 handler=42 participant=2 resolver=4 facet=2 tool=16 decisionTool=11 mapId=Map1 bindAddress=127.0.0.1 mcpPort=45259 decisionAgentMcpPort=45765 guiPort=45911 approvalPort=45435
23:55:39.240 INFO  io.mosire.agentlib.approval.ApprovalHttpEndpoint - 审批 HTTP 面已停止（端口 45435）
23:55:39.240 INFO  io.mosire.agentlib.approval.HttpApprovalChannel - HTTP 审批通道已关闭
23:55:39.295 INFO  io.mosire.agentlib.mcp.AgentToMcpServer - MCP streamable server 已启动: name=simos-shell version=0.1.0-SNAPSHOT 外发工具 16 个 [sd.IssueDirective, sd.SetViewScope, sd.StartDecision, sd.SubmitVerdict, simos.advance, simos.command.catalog, simos.command.submit, simos.fork, simos.map.hex, simos.map.overview, simos.social.population, simos.state.facets, simos.state.resolve, simos.timeline.branches, simos.unit.get, simos.unit.list]；Registry 共 16 个，未外发 0 个 []
23:55:39.306 INFO  io.mosire.agentlib.mcp.AgentToMcpServer - MCP streamable server 已启动: name=simos-shell-decision version=0.1.0-SNAPSHOT 外发工具 11 个 [sd.IssueDirective, sd.SubmitVerdict, simos.command.catalog, simos.map.hex, simos.map.overview, simos.social.population, simos.state.facets, simos.state.resolve, simos.timeline.branches, simos.unit.get, simos.unit.list]；Registry 共 11 个，未外发 0 个 []
23:55:39.316 INFO  io.mosire.simos.app.gui.GuiServer - GUI 服务器已启动: http://127.0.0.1:44857/（静态 /webui，同源，无 CORS 头）
23:55:39.317 INFO  io.mosire.simos.app.Shell - Shell 装配完成: store=/tmp/junit-9298908448364031828 checkpointInterval=100 codec=4 handler=42 participant=2 resolver=4 facet=2 tool=16 decisionTool=11 mapId=Map1 bindAddress=127.0.0.1 mcpPort=46049 decisionAgentMcpPort=45515 guiPort=44857 approvalPort=44763
23:55:39.319 INFO  io.mosire.agentlib.approval.ApprovalHttpEndpoint - 审批 HTTP 面已停止（端口 44763）
23:55:39.319 INFO  io.mosire.agentlib.approval.HttpApprovalChannel - HTTP 审批通道已关闭
23:55:39.387 INFO  io.mosire.agentlib.mcp.AgentToMcpServer - MCP streamable server 已启动: name=simos-shell version=0.1.0-SNAPSHOT 外发工具 16 个 [sd.IssueDirective, sd.SetViewScope, sd.StartDecision, sd.SubmitVerdict, simos.advance, simos.command.catalog, simos.command.submit, simos.fork, simos.map.hex, simos.map.overview, simos.social.population, simos.state.facets, simos.state.resolve, simos.timeline.branches, simos.unit.get, simos.unit.list]；Registry 共 16 个，未外发 0 个 []
23:55:39.397 INFO  io.mosire.agentlib.mcp.AgentToMcpServer - MCP streamable server 已启动: name=simos-shell-decision version=0.1.0-SNAPSHOT 外发工具 11 个 [sd.IssueDirective, sd.SubmitVerdict, simos.command.catalog, simos.map.hex, simos.map.overview, simos.social.population, simos.state.facets, simos.state.resolve, simos.timeline.branches, simos.unit.get, simos.unit.list]；Registry 共 11 个，未外发 0 个 []
23:55:39.407 INFO  io.mosire.simos.app.gui.GuiServer - GUI 服务器已启动: http://127.0.0.1:46425/（静态 /webui，同源，无 CORS 头）
23:55:39.407 INFO  io.mosire.simos.app.Shell - Shell 装配完成: store=/tmp/junit-2870965568475547778 checkpointInterval=100 codec=4 handler=42 participant=2 resolver=4 facet=2 tool=16 decisionTool=11 mapId=Map1 bindAddress=127.0.0.1 mcpPort=45163 decisionAgentMcpPort=46461 guiPort=46425 approvalPort=45223
23:55:39.421 INFO  io.mosire.simos.core.command.CommandBus - 命令提交: type=unit.PlanRoute commandId=6b75ee1d-5180-4e0c-9a8c-b2dc8964ef10 correlationId=6b75ee1d-5180-4e0c-9a8c-b2dc8964ef10 新坐标=main@2
23:55:39.425 INFO  io.mosire.agentlib.approval.ApprovalHttpEndpoint - 审批 HTTP 面已停止（端口 45223）
23:55:39.425 INFO  io.mosire.agentlib.approval.HttpApprovalChannel - HTTP 审批通道已关闭
23:55:39.475 INFO  io.mosire.agentlib.mcp.AgentToMcpServer - MCP streamable server 已启动: name=simos-shell version=0.1.0-SNAPSHOT 外发工具 16 个 [sd.IssueDirective, sd.SetViewScope, sd.StartDecision, sd.SubmitVerdict, simos.advance, simos.command.catalog, simos.command.submit, simos.fork, simos.map.hex, simos.map.overview, simos.social.population, simos.state.facets, simos.state.resolve, simos.timeline.branches, simos.unit.get, simos.unit.list]；Registry 共 16 个，未外发 0 个 []
23:55:39.485 INFO  io.mosire.agentlib.mcp.AgentToMcpServer - MCP streamable server 已启动: name=simos-shell-decision version=0.1.0-SNAPSHOT 外发工具 11 个 [sd.IssueDirective, sd.SubmitVerdict, simos.command.catalog, simos.map.hex, simos.map.overview, simos.social.population, simos.state.facets, simos.state.resolve, simos.timeline.branches, simos.unit.get, simos.unit.list]；Registry 共 11 个，未外发 0 个 []
23:55:39.495 INFO  io.mosire.simos.app.gui.GuiServer - GUI 服务器已启动: http://127.0.0.1:45723/（静态 /webui，同源，无 CORS 头）
23:55:39.496 INFO  io.mosire.simos.app.Shell - Shell 装配完成: store=/tmp/junit-6708730978417130484 checkpointInterval=100 codec=4 handler=42 participant=2 resolver=4 facet=2 tool=16 decisionTool=11 mapId=Map1 bindAddress=127.0.0.1 mcpPort=45933 decisionAgentMcpPort=46227 guiPort=45723 approvalPort=46105
23:55:39.501 INFO  io.mosire.agentlib.approval.ApprovalHttpEndpoint - 审批 HTTP 面已停止（端口 46105）
23:55:39.501 INFO  io.mosire.agentlib.approval.HttpApprovalChannel - HTTP 审批通道已关闭
23:55:39.550 INFO  io.mosire.agentlib.mcp.AgentToMcpServer - MCP streamable server 已启动: name=simos-shell version=0.1.0-SNAPSHOT 外发工具 16 个 [sd.IssueDirective, sd.SetViewScope, sd.StartDecision, sd.SubmitVerdict, simos.advance, simos.command.catalog, simos.command.submit, simos.fork, simos.map.hex, simos.map.overview, simos.social.population, simos.state.facets, simos.state.resolve, simos.timeline.branches, simos.unit.get, simos.unit.list]；Registry 共 16 个，未外发 0 个 []
23:55:39.560 INFO  io.mosire.agentlib.mcp.AgentToMcpServer - MCP streamable server 已启动: name=simos-shell-decision version=0.1.0-SNAPSHOT 外发工具 11 个 [sd.IssueDirective, sd.SubmitVerdict, simos.command.catalog, simos.map.hex, simos.map.overview, simos.social.population, simos.state.facets, simos.state.resolve, simos.timeline.branches, simos.unit.get, simos.unit.list]；Registry 共 11 个，未外发 0 个 []
23:55:39.570 INFO  io.mosire.simos.app.gui.GuiServer - GUI 服务器已启动: http://127.0.0.1:45691/（静态 /webui，同源，无 CORS 头）
23:55:39.571 INFO  io.mosire.simos.app.Shell - Shell 装配完成: store=/tmp/junit-1269096926583542738 checkpointInterval=100 codec=4 handler=42 participant=2 resolver=4 facet=2 tool=16 decisionTool=11 mapId=Map1 bindAddress=127.0.0.1 mcpPort=44965 decisionAgentMcpPort=46249 guiPort=45691 approvalPort=45425
23:55:39.572 INFO  io.mosire.agentlib.approval.ApprovalHttpEndpoint - 审批 HTTP 面已停止（端口 45425）
23:55:39.572 INFO  io.mosire.agentlib.approval.HttpApprovalChannel - HTTP 审批通道已关闭
23:55:39.625 INFO  io.mosire.agentlib.mcp.AgentToMcpServer - MCP streamable server 已启动: name=simos-shell version=0.1.0-SNAPSHOT 外发工具 16 个 [sd.IssueDirective, sd.SetViewScope, sd.StartDecision, sd.SubmitVerdict, simos.advance, simos.command.catalog, simos.command.submit, simos.fork, simos.map.hex, simos.map.overview, simos.social.population, simos.state.facets, simos.state.resolve, simos.timeline.branches, simos.unit.get, simos.unit.list]；Registry 共 16 个，未外发 0 个 []
23:55:39.635 INFO  io.mosire.agentlib.mcp.AgentToMcpServer - MCP streamable server 已启动: name=simos-shell-decision version=0.1.0-SNAPSHOT 外发工具 11 个 [sd.IssueDirective, sd.SubmitVerdict, simos.command.catalog, simos.map.hex, simos.map.overview, simos.social.population, simos.state.facets, simos.state.resolve, simos.timeline.branches, simos.unit.get, simos.unit.list]；Registry 共 11 个，未外发 0 个 []
23:55:39.645 INFO  io.mosire.simos.app.gui.GuiServer - GUI 服务器已启动: http://127.0.0.1:46589/（静态 /webui，同源，无 CORS 头）
23:55:39.645 INFO  io.mosire.simos.app.Shell - Shell 装配完成: store=/tmp/junit-13565106463627599174 checkpointInterval=100 codec=4 handler=42 participant=2 resolver=4 facet=2 tool=16 decisionTool=11 mapId=Map1 bindAddress=127.0.0.1 mcpPort=44741 decisionAgentMcpPort=46035 guiPort=46589 approvalPort=46471
23:55:39.655 INFO  io.mosire.simos.core.advance.TimeAdvance - 命令提交: type=core.AdvanceTime commandId=3625820f-fd5a-4ed1-9d78-4e095ac55ee3 correlationId=3625820f-fd5a-4ed1-9d78-4e095ac55ee3 新坐标=main@2
23:55:39.664 INFO  io.mosire.agentlib.approval.ApprovalHttpEndpoint - 审批 HTTP 面已停止（端口 46471）
23:55:39.664 INFO  io.mosire.agentlib.approval.HttpApprovalChannel - HTTP 审批通道已关闭
23:55:39.718 INFO  io.mosire.agentlib.mcp.AgentToMcpServer - MCP streamable server 已启动: name=simos-shell version=0.1.0-SNAPSHOT 外发工具 16 个 [sd.IssueDirective, sd.SetViewScope, sd.StartDecision, sd.SubmitVerdict, simos.advance, simos.command.catalog, simos.command.submit, simos.fork, simos.map.hex, simos.map.overview, simos.social.population, simos.state.facets, simos.state.resolve, simos.timeline.branches, simos.unit.get, simos.unit.list]；Registry 共 16 个，未外发 0 个 []
23:55:39.728 INFO  io.mosire.agentlib.mcp.AgentToMcpServer - MCP streamable server 已启动: name=simos-shell-decision version=0.1.0-SNAPSHOT 外发工具 11 个 [sd.IssueDirective, sd.SubmitVerdict, simos.command.catalog, simos.map.hex, simos.map.overview, simos.social.population, simos.state.facets, simos.state.resolve, simos.timeline.branches, simos.unit.get, simos.unit.list]；Registry 共 11 个，未外发 0 个 []
23:55:39.738 INFO  io.mosire.simos.app.gui.GuiServer - GUI 服务器已启动: http://127.0.0.1:44629/（静态 /webui，同源，无 CORS 头）
23:55:39.738 INFO  io.mosire.simos.app.Shell - Shell 装配完成: store=/tmp/junit-736910032479512625 checkpointInterval=100 codec=4 handler=42 participant=2 resolver=4 facet=2 tool=16 decisionTool=11 mapId=Map1 bindAddress=127.0.0.1 mcpPort=44927 decisionAgentMcpPort=45415 guiPort=44629 approvalPort=45035
23:55:39.740 INFO  io.mosire.agentlib.approval.ApprovalHttpEndpoint - 审批 HTTP 面已停止（端口 45035）
23:55:39.740 INFO  io.mosire.agentlib.approval.HttpApprovalChannel - HTTP 审批通道已关闭
23:55:39.796 INFO  io.mosire.agentlib.mcp.AgentToMcpServer - MCP streamable server 已启动: name=simos-shell version=0.1.0-SNAPSHOT 外发工具 16 个 [sd.IssueDirective, sd.SetViewScope, sd.StartDecision, sd.SubmitVerdict, simos.advance, simos.command.catalog, simos.command.submit, simos.fork, simos.map.hex, simos.map.overview, simos.social.population, simos.state.facets, simos.state.resolve, simos.timeline.branches, simos.unit.get, simos.unit.list]；Registry 共 16 个，未外发 0 个 []
23:55:39.807 INFO  io.mosire.agentlib.mcp.AgentToMcpServer - MCP streamable server 已启动: name=simos-shell-decision version=0.1.0-SNAPSHOT 外发工具 11 个 [sd.IssueDirective, sd.SubmitVerdict, simos.command.catalog, simos.map.hex, simos.map.overview, simos.social.population, simos.state.facets, simos.state.resolve, simos.timeline.branches, simos.unit.get, simos.unit.list]；Registry 共 11 个，未外发 0 个 []
23:55:39.817 INFO  io.mosire.simos.app.gui.GuiServer - GUI 服务器已启动: http://127.0.0.1:46067/（静态 /webui，同源，无 CORS 头）
23:55:39.817 INFO  io.mosire.simos.app.Shell - Shell 装配完成: store=/tmp/junit-14754351033095611471 checkpointInterval=100 codec=4 handler=42 participant=2 resolver=4 facet=2 tool=16 decisionTool=11 mapId=Map1 bindAddress=127.0.0.1 mcpPort=44649 decisionAgentMcpPort=44817 guiPort=46067 approvalPort=45505
23:55:39.828 INFO  io.mosire.simos.core.command.CommandBus - 命令提交: type=unit.RenameUnit commandId=f44c9be8-9ee3-436e-8888-6609a37b68d8 correlationId=f44c9be8-9ee3-436e-8888-6609a37b68d8 新坐标=main@2
23:55:39.838 INFO  io.mosire.agentlib.approval.ApprovalHttpEndpoint - 审批 HTTP 面已停止（端口 45505）
23:55:39.839 INFO  io.mosire.agentlib.approval.HttpApprovalChannel - HTTP 审批通道已关闭
23:55:39.896 INFO  io.mosire.agentlib.mcp.AgentToMcpServer - MCP streamable server 已启动: name=simos-shell version=0.1.0-SNAPSHOT 外发工具 16 个 [sd.IssueDirective, sd.SetViewScope, sd.StartDecision, sd.SubmitVerdict, simos.advance, simos.command.catalog, simos.command.submit, simos.fork, simos.map.hex, simos.map.overview, simos.social.population, simos.state.facets, simos.state.resolve, simos.timeline.branches, simos.unit.get, simos.unit.list]；Registry 共 16 个，未外发 0 个 []
23:55:39.907 INFO  io.mosire.agentlib.mcp.AgentToMcpServer - MCP streamable server 已启动: name=simos-shell-decision version=0.1.0-SNAPSHOT 外发工具 11 个 [sd.IssueDirective, sd.SubmitVerdict, simos.command.catalog, simos.map.hex, simos.map.overview, simos.social.population, simos.state.facets, simos.state.resolve, simos.timeline.branches, simos.unit.get, simos.unit.list]；Registry 共 11 个，未外发 0 个 []
23:55:39.916 INFO  io.mosire.simos.app.gui.GuiServer - GUI 服务器已启动: http://127.0.0.1:45705/（静态 /webui，同源，无 CORS 头）
23:55:39.916 INFO  io.mosire.simos.app.Shell - Shell 装配完成: store=/tmp/junit-8119165215677355626 checkpointInterval=100 codec=4 handler=42 participant=2 resolver=4 facet=2 tool=16 decisionTool=11 mapId=Map1 bindAddress=127.0.0.1 mcpPort=45439 decisionAgentMcpPort=45051 guiPort=45705 approvalPort=45771
23:55:39.919 INFO  io.mosire.agentlib.approval.ApprovalHttpEndpoint - 审批 HTTP 面已停止（端口 45771）
23:55:39.920 INFO  io.mosire.agentlib.approval.HttpApprovalChannel - HTTP 审批通道已关闭
23:55:39.975 INFO  io.mosire.agentlib.mcp.AgentToMcpServer - MCP streamable server 已启动: name=simos-shell version=0.1.0-SNAPSHOT 外发工具 16 个 [sd.IssueDirective, sd.SetViewScope, sd.StartDecision, sd.SubmitVerdict, simos.advance, simos.command.catalog, simos.command.submit, simos.fork, simos.map.hex, simos.map.overview, simos.social.population, simos.state.facets, simos.state.resolve, simos.timeline.branches, simos.unit.get, simos.unit.list]；Registry 共 16 个，未外发 0 个 []
23:55:39.985 INFO  io.mosire.agentlib.mcp.AgentToMcpServer - MCP streamable server 已启动: name=simos-shell-decision version=0.1.0-SNAPSHOT 外发工具 11 个 [sd.IssueDirective, sd.SubmitVerdict, simos.command.catalog, simos.map.hex, simos.map.overview, simos.social.population, simos.state.facets, simos.state.resolve, simos.timeline.branches, simos.unit.get, simos.unit.list]；Registry 共 11 个，未外发 0 个 []
23:55:39.995 INFO  io.mosire.simos.app.gui.GuiServer - GUI 服务器已启动: http://127.0.0.1:44977/（静态 /webui，同源，无 CORS 头）
23:55:39.995 INFO  io.mosire.simos.app.Shell - Shell 装配完成: store=/tmp/junit-7030019228623232512 checkpointInterval=100 codec=4 handler=42 participant=2 resolver=4 facet=2 tool=16 decisionTool=11 mapId=Map1 bindAddress=127.0.0.1 mcpPort=46455 decisionAgentMcpPort=46107 guiPort=44977 approvalPort=45819
23:55:39.997 INFO  io.mosire.agentlib.approval.ApprovalHttpEndpoint - 审批 HTTP 面已停止（端口 45819）
23:55:39.997 INFO  io.mosire.agentlib.approval.HttpApprovalChannel - HTTP 审批通道已关闭
23:55:40.043 INFO  io.mosire.agentlib.mcp.AgentToMcpServer - MCP streamable server 已启动: name=simos-shell version=0.1.0-SNAPSHOT 外发工具 16 个 [sd.IssueDirective, sd.SetViewScope, sd.StartDecision, sd.SubmitVerdict, simos.advance, simos.command.catalog, simos.command.submit, simos.fork, simos.map.hex, simos.map.overview, simos.social.population, simos.state.facets, simos.state.resolve, simos.timeline.branches, simos.unit.get, simos.unit.list]；Registry 共 16 个，未外发 0 个 []
23:55:40.053 INFO  io.mosire.agentlib.mcp.AgentToMcpServer - MCP streamable server 已启动: name=simos-shell-decision version=0.1.0-SNAPSHOT 外发工具 11 个 [sd.IssueDirective, sd.SubmitVerdict, simos.command.catalog, simos.map.hex, simos.map.overview, simos.social.population, simos.state.facets, simos.state.resolve, simos.timeline.branches, simos.unit.get, simos.unit.list]；Registry 共 11 个，未外发 0 个 []
23:55:40.063 INFO  io.mosire.simos.app.gui.GuiServer - GUI 服务器已启动: http://127.0.0.1:45891/（静态 /webui，同源，无 CORS 头）
23:55:40.063 INFO  io.mosire.simos.app.Shell - Shell 装配完成: store=/tmp/junit-521495394819236130 checkpointInterval=100 codec=4 handler=42 participant=2 resolver=4 facet=2 tool=16 decisionTool=11 mapId=Map1 bindAddress=127.0.0.1 mcpPort=45947 decisionAgentMcpPort=46455 guiPort=45891 approvalPort=46113
23:55:40.068 INFO  io.mosire.agentlib.approval.ApprovalHttpEndpoint - 审批 HTTP 面已停止（端口 46113）
23:55:40.068 INFO  io.mosire.agentlib.approval.HttpApprovalChannel - HTTP 审批通道已关闭
[INFO] Tests run: 15, Failures: 0, Errors: 0, Skipped: 0, Time elapsed: 1.214 s -- in io.mosire.simos.app.tools.SimosToolsTest
[INFO] Running io.mosire.simos.app.UnitExtensionEndToEndTest
23:55:40.119 INFO  io.mosire.agentlib.mcp.AgentToMcpServer - MCP streamable server 已启动: name=simos-shell version=0.1.0-SNAPSHOT 外发工具 16 个 [sd.IssueDirective, sd.SetViewScope, sd.StartDecision, sd.SubmitVerdict, simos.advance, simos.command.catalog, simos.command.submit, simos.fork, simos.map.hex, simos.map.overview, simos.social.population, simos.state.facets, simos.state.resolve, simos.timeline.branches, simos.unit.get, simos.unit.list]；Registry 共 16 个，未外发 0 个 []
23:55:40.129 INFO  io.mosire.agentlib.mcp.AgentToMcpServer - MCP streamable server 已启动: name=simos-shell-decision version=0.1.0-SNAPSHOT 外发工具 11 个 [sd.IssueDirective, sd.SubmitVerdict, simos.command.catalog, simos.map.hex, simos.map.overview, simos.social.population, simos.state.facets, simos.state.resolve, simos.timeline.branches, simos.unit.get, simos.unit.list]；Registry 共 11 个，未外发 0 个 []
23:55:40.139 INFO  io.mosire.simos.app.gui.GuiServer - GUI 服务器已启动: http://127.0.0.1:45609/（静态 /webui，同源，无 CORS 头）
23:55:40.139 INFO  io.mosire.simos.app.Shell - Shell 装配完成: store=/tmp/junit-14889652362688073822 checkpointInterval=100 codec=4 handler=42 participant=2 resolver=4 facet=2 tool=16 decisionTool=11 mapId=Map1 bindAddress=127.0.0.1 mcpPort=45551 decisionAgentMcpPort=44685 guiPort=45609 approvalPort=44845
23:55:40.148 INFO  io.mosire.simos.core.command.CommandBus - 命令提交: type=unit.ApplyCasualties commandId=cmd-unit.ApplyCasualties-1 correlationId=corr-unit.ApplyCasualties-1 新坐标=main@2
23:55:40.153 INFO  io.mosire.agentlib.approval.ApprovalHttpEndpoint - 审批 HTTP 面已停止（端口 44845）
23:55:40.154 INFO  io.mosire.agentlib.approval.HttpApprovalChannel - HTTP 审批通道已关闭
23:55:40.202 INFO  io.mosire.agentlib.mcp.AgentToMcpServer - MCP streamable server 已启动: name=simos-shell version=0.1.0-SNAPSHOT 外发工具 16 个 [sd.IssueDirective, sd.SetViewScope, sd.StartDecision, sd.SubmitVerdict, simos.advance, simos.command.catalog, simos.command.submit, simos.fork, simos.map.hex, simos.map.overview, simos.social.population, simos.state.facets, simos.state.resolve, simos.timeline.branches, simos.unit.get, simos.unit.list]；Registry 共 16 个，未外发 0 个 []
23:55:40.211 INFO  io.mosire.agentlib.mcp.AgentToMcpServer - MCP streamable server 已启动: name=simos-shell-decision version=0.1.0-SNAPSHOT 外发工具 11 个 [sd.IssueDirective, sd.SubmitVerdict, simos.command.catalog, simos.map.hex, simos.map.overview, simos.social.population, simos.state.facets, simos.state.resolve, simos.timeline.branches, simos.unit.get, simos.unit.list]；Registry 共 11 个，未外发 0 个 []
23:55:40.222 INFO  io.mosire.simos.app.gui.GuiServer - GUI 服务器已启动: http://127.0.0.1:44853/（静态 /webui，同源，无 CORS 头）
23:55:40.222 INFO  io.mosire.simos.app.Shell - Shell 装配完成: store=/tmp/junit-13000229416638868380 checkpointInterval=100 codec=4 handler=42 participant=2 resolver=4 facet=2 tool=16 decisionTool=11 mapId=Map1 bindAddress=127.0.0.1 mcpPort=45381 decisionAgentMcpPort=46635 guiPort=44853 approvalPort=45837
23:55:40.234 INFO  io.mosire.simos.core.command.CommandBus - 命令提交: type=unit.ReparentSubtree commandId=cmd-unit.ReparentSubtree-1 correlationId=corr-unit.ReparentSubtree-1 新坐标=main@2
23:55:40.238 INFO  io.mosire.agentlib.approval.ApprovalHttpEndpoint - 审批 HTTP 面已停止（端口 45837）
23:55:40.238 INFO  io.mosire.agentlib.approval.HttpApprovalChannel - HTTP 审批通道已关闭
23:55:40.290 INFO  io.mosire.agentlib.mcp.AgentToMcpServer - MCP streamable server 已启动: name=simos-shell version=0.1.0-SNAPSHOT 外发工具 16 个 [sd.IssueDirective, sd.SetViewScope, sd.StartDecision, sd.SubmitVerdict, simos.advance, simos.command.catalog, simos.command.submit, simos.fork, simos.map.hex, simos.map.overview, simos.social.population, simos.state.facets, simos.state.resolve, simos.timeline.branches, simos.unit.get, simos.unit.list]；Registry 共 16 个，未外发 0 个 []
23:55:40.301 INFO  io.mosire.agentlib.mcp.AgentToMcpServer - MCP streamable server 已启动: name=simos-shell-decision version=0.1.0-SNAPSHOT 外发工具 11 个 [sd.IssueDirective, sd.SubmitVerdict, simos.command.catalog, simos.map.hex, simos.map.overview, simos.social.population, simos.state.facets, simos.state.resolve, simos.timeline.branches, simos.unit.get, simos.unit.list]；Registry 共 11 个，未外发 0 个 []
23:55:40.310 INFO  io.mosire.simos.app.gui.GuiServer - GUI 服务器已启动: http://127.0.0.1:45607/（静态 /webui，同源，无 CORS 头）
23:55:40.310 INFO  io.mosire.simos.app.Shell - Shell 装配完成: store=/tmp/junit-17064391903671790538 checkpointInterval=100 codec=4 handler=42 participant=2 resolver=4 facet=2 tool=16 decisionTool=11 mapId=Map1 bindAddress=127.0.0.1 mcpPort=44821 decisionAgentMcpPort=44707 guiPort=45607 approvalPort=45807
23:55:40.321 INFO  io.mosire.simos.core.command.CommandBus - 命令提交: type=unit.CreateCommandChain commandId=cmd-unit.CreateCommandChain-1 correlationId=corr-unit.CreateCommandChain-1 新坐标=main@2
23:55:40.328 INFO  io.mosire.simos.core.command.CommandBus - 命令提交: type=unit.CreateCommandChain commandId=cmd-unit.CreateCommandChain-2 correlationId=corr-unit.CreateCommandChain-2 新坐标=main@3
23:55:40.338 INFO  io.mosire.agentlib.approval.ApprovalHttpEndpoint - 审批 HTTP 面已停止（端口 45807）
23:55:40.338 INFO  io.mosire.agentlib.approval.HttpApprovalChannel - HTTP 审批通道已关闭
23:55:40.392 INFO  io.mosire.agentlib.mcp.AgentToMcpServer - MCP streamable server 已启动: name=simos-shell version=0.1.0-SNAPSHOT 外发工具 16 个 [sd.IssueDirective, sd.SetViewScope, sd.StartDecision, sd.SubmitVerdict, simos.advance, simos.command.catalog, simos.command.submit, simos.fork, simos.map.hex, simos.map.overview, simos.social.population, simos.state.facets, simos.state.resolve, simos.timeline.branches, simos.unit.get, simos.unit.list]；Registry 共 16 个，未外发 0 个 []
23:55:40.402 INFO  io.mosire.agentlib.mcp.AgentToMcpServer - MCP streamable server 已启动: name=simos-shell-decision version=0.1.0-SNAPSHOT 外发工具 11 个 [sd.IssueDirective, sd.SubmitVerdict, simos.command.catalog, simos.map.hex, simos.map.overview, simos.social.population, simos.state.facets, simos.state.resolve, simos.timeline.branches, simos.unit.get, simos.unit.list]；Registry 共 11 个，未外发 0 个 []
23:55:40.411 INFO  io.mosire.simos.app.gui.GuiServer - GUI 服务器已启动: http://127.0.0.1:46375/（静态 /webui，同源，无 CORS 头）
23:55:40.412 INFO  io.mosire.simos.app.Shell - Shell 装配完成: store=/tmp/junit-15330317832250667195 checkpointInterval=100 codec=4 handler=42 participant=2 resolver=4 facet=2 tool=16 decisionTool=11 mapId=Map1 bindAddress=127.0.0.1 mcpPort=46573 decisionAgentMcpPort=46309 guiPort=46375 approvalPort=45579
23:55:40.421 INFO  io.mosire.simos.core.command.CommandBus - 命令提交: type=unit.SetRejoinTarget commandId=cmd-unit.SetRejoinTarget-1 correlationId=corr-unit.SetRejoinTarget-1 新坐标=main@2
23:55:40.426 INFO  io.mosire.simos.core.command.CommandBus - 命令提交: type=unit.PlaceAt commandId=cmd-unit.PlaceAt-2 correlationId=corr-unit.PlaceAt-2 新坐标=main@3
23:55:40.432 INFO  io.mosire.simos.core.advance.TimeAdvance - 命令提交: type=core.AdvanceTime commandId=cmd-advance correlationId=corr-advance 新坐标=main@4
23:55:40.435 INFO  io.mosire.agentlib.approval.ApprovalHttpEndpoint - 审批 HTTP 面已停止（端口 45579）
23:55:40.435 INFO  io.mosire.agentlib.approval.HttpApprovalChannel - HTTP 审批通道已关闭
23:55:40.490 INFO  io.mosire.agentlib.mcp.AgentToMcpServer - MCP streamable server 已启动: name=simos-shell version=0.1.0-SNAPSHOT 外发工具 16 个 [sd.IssueDirective, sd.SetViewScope, sd.StartDecision, sd.SubmitVerdict, simos.advance, simos.command.catalog, simos.command.submit, simos.fork, simos.map.hex, simos.map.overview, simos.social.population, simos.state.facets, simos.state.resolve, simos.timeline.branches, simos.unit.get, simos.unit.list]；Registry 共 16 个，未外发 0 个 []
23:55:40.500 INFO  io.mosire.agentlib.mcp.AgentToMcpServer - MCP streamable server 已启动: name=simos-shell-decision version=0.1.0-SNAPSHOT 外发工具 11 个 [sd.IssueDirective, sd.SubmitVerdict, simos.command.catalog, simos.map.hex, simos.map.overview, simos.social.population, simos.state.facets, simos.state.resolve, simos.timeline.branches, simos.unit.get, simos.unit.list]；Registry 共 11 个，未外发 0 个 []
23:55:40.509 INFO  io.mosire.simos.app.gui.GuiServer - GUI 服务器已启动: http://127.0.0.1:45869/（静态 /webui，同源，无 CORS 头）
23:55:40.509 INFO  io.mosire.simos.app.Shell - Shell 装配完成: store=/tmp/junit-12053375940098367746 checkpointInterval=100 codec=4 handler=42 participant=2 resolver=4 facet=2 tool=16 decisionTool=11 mapId=Map1 bindAddress=127.0.0.1 mcpPort=45325 decisionAgentMcpPort=44863 guiPort=45869 approvalPort=45263
23:55:40.518 INFO  io.mosire.simos.core.command.CommandBus - 命令被拒: type=unit.MergeFormation commandId=cmd-unit.MergeFormation-1 correlationId=corr-unit.MergeFormation-1 原因=单位 u-2 在 SimosTimestamp[tick=7, calendarLabel=Optional.empty] 位于 1_2，与 u-1 的 1_1 不同格：只有同格才能合体
23:55:40.522 INFO  io.mosire.simos.core.command.CommandBus - 命令提交: type=unit.MergeFormation commandId=cmd-unit.MergeFormation-1 correlationId=corr-unit.MergeFormation-1 新坐标=main@2
23:55:40.525 INFO  io.mosire.agentlib.approval.ApprovalHttpEndpoint - 审批 HTTP 面已停止（端口 45263）
23:55:40.525 INFO  io.mosire.agentlib.approval.HttpApprovalChannel - HTTP 审批通道已关闭
23:55:40.574 INFO  io.mosire.agentlib.mcp.AgentToMcpServer - MCP streamable server 已启动: name=simos-shell version=0.1.0-SNAPSHOT 外发工具 16 个 [sd.IssueDirective, sd.SetViewScope, sd.StartDecision, sd.SubmitVerdict, simos.advance, simos.command.catalog, simos.command.submit, simos.fork, simos.map.hex, simos.map.overview, simos.social.population, simos.state.facets, simos.state.resolve, simos.timeline.branches, simos.unit.get, simos.unit.list]；Registry 共 16 个，未外发 0 个 []
23:55:40.584 INFO  io.mosire.agentlib.mcp.AgentToMcpServer - MCP streamable server 已启动: name=simos-shell-decision version=0.1.0-SNAPSHOT 外发工具 11 个 [sd.IssueDirective, sd.SubmitVerdict, simos.command.catalog, simos.map.hex, simos.map.overview, simos.social.population, simos.state.facets, simos.state.resolve, simos.timeline.branches, simos.unit.get, simos.unit.list]；Registry 共 11 个，未外发 0 个 []
23:55:40.594 INFO  io.mosire.simos.app.gui.GuiServer - GUI 服务器已启动: http://127.0.0.1:45679/（静态 /webui，同源，无 CORS 头）
23:55:40.594 INFO  io.mosire.simos.app.Shell - Shell 装配完成: store=/tmp/junit-354273996123676210 checkpointInterval=100 codec=4 handler=42 participant=2 resolver=4 facet=2 tool=16 decisionTool=11 mapId=Map1 bindAddress=127.0.0.1 mcpPort=44839 decisionAgentMcpPort=45523 guiPort=45679 approvalPort=45703
23:55:40.605 INFO  io.mosire.simos.core.command.CommandBus - 命令提交: type=unit.PlanSparseRoute commandId=cmd-unit.PlanSparseRoute-1 correlationId=corr-unit.PlanSparseRoute-1 新坐标=main@2
23:55:40.608 INFO  io.mosire.agentlib.approval.ApprovalHttpEndpoint - 审批 HTTP 面已停止（端口 45703）
23:55:40.608 INFO  io.mosire.agentlib.approval.HttpApprovalChannel - HTTP 审批通道已关闭
[INFO] Tests run: 6, Failures: 0, Errors: 0, Skipped: 0, Time elapsed: 0.544 s -- in io.mosire.simos.app.UnitExtensionEndToEndTest
[INFO] Running io.mosire.simos.app.query.RedactingQueryServiceTest
[INFO] Tests run: 9, Failures: 0, Errors: 0, Skipped: 0, Time elapsed: 0.328 s -- in io.mosire.simos.app.query.RedactingQueryServiceTest
[INFO] Running io.mosire.simos.app.query.QueryServiceTest
23:55:40.987 INFO  io.mosire.agentlib.mcp.AgentToMcpServer - MCP streamable server 已启动: name=simos-shell version=0.1.0-SNAPSHOT 外发工具 16 个 [sd.IssueDirective, sd.SetViewScope, sd.StartDecision, sd.SubmitVerdict, simos.advance, simos.command.catalog, simos.command.submit, simos.fork, simos.map.hex, simos.map.overview, simos.social.population, simos.state.facets, simos.state.resolve, simos.timeline.branches, simos.unit.get, simos.unit.list]；Registry 共 16 个，未外发 0 个 []
23:55:40.997 INFO  io.mosire.agentlib.mcp.AgentToMcpServer - MCP streamable server 已启动: name=simos-shell-decision version=0.1.0-SNAPSHOT 外发工具 11 个 [sd.IssueDirective, sd.SubmitVerdict, simos.command.catalog, simos.map.hex, simos.map.overview, simos.social.population, simos.state.facets, simos.state.resolve, simos.timeline.branches, simos.unit.get, simos.unit.list]；Registry 共 11 个，未外发 0 个 []
23:55:41.007 INFO  io.mosire.simos.app.gui.GuiServer - GUI 服务器已启动: http://127.0.0.1:45403/（静态 /webui，同源，无 CORS 头）
23:55:41.007 INFO  io.mosire.simos.app.Shell - Shell 装配完成: store=/tmp/junit-3314740033293598523 checkpointInterval=100 codec=4 handler=42 participant=2 resolver=4 facet=2 tool=16 decisionTool=11 mapId=Map1 bindAddress=127.0.0.1 mcpPort=46125 decisionAgentMcpPort=46597 guiPort=45403 approvalPort=46419
23:55:41.011 INFO  io.mosire.agentlib.approval.ApprovalHttpEndpoint - 审批 HTTP 面已停止（端口 46419）
23:55:41.011 INFO  io.mosire.agentlib.approval.HttpApprovalChannel - HTTP 审批通道已关闭
23:55:41.055 INFO  io.mosire.agentlib.mcp.AgentToMcpServer - MCP streamable server 已启动: name=simos-shell version=0.1.0-SNAPSHOT 外发工具 16 个 [sd.IssueDirective, sd.SetViewScope, sd.StartDecision, sd.SubmitVerdict, simos.advance, simos.command.catalog, simos.command.submit, simos.fork, simos.map.hex, simos.map.overview, simos.social.population, simos.state.facets, simos.state.resolve, simos.timeline.branches, simos.unit.get, simos.unit.list]；Registry 共 16 个，未外发 0 个 []
23:55:41.065 INFO  io.mosire.agentlib.mcp.AgentToMcpServer - MCP streamable server 已启动: name=simos-shell-decision version=0.1.0-SNAPSHOT 外发工具 11 个 [sd.IssueDirective, sd.SubmitVerdict, simos.command.catalog, simos.map.hex, simos.map.overview, simos.social.population, simos.state.facets, simos.state.resolve, simos.timeline.branches, simos.unit.get, simos.unit.list]；Registry 共 11 个，未外发 0 个 []
23:55:41.075 INFO  io.mosire.simos.app.gui.GuiServer - GUI 服务器已启动: http://127.0.0.1:45751/（静态 /webui，同源，无 CORS 头）
23:55:41.075 INFO  io.mosire.simos.app.Shell - Shell 装配完成: store=/tmp/junit-3743652308845961353 checkpointInterval=100 codec=4 handler=42 participant=2 resolver=4 facet=2 tool=16 decisionTool=11 mapId=Map1 bindAddress=127.0.0.1 mcpPort=46457 decisionAgentMcpPort=45659 guiPort=45751 approvalPort=45865
23:55:41.089 INFO  io.mosire.simos.core.command.CommandBus - 命令提交: type=unit.RenameUnit commandId=f8446d98-c662-419e-ba5e-0674de56bfac correlationId=f8446d98-c662-419e-ba5e-0674de56bfac 新坐标=main@2
23:55:41.092 INFO  io.mosire.simos.core.command.CommandBus - 命令提交: type=unit.RenameUnit commandId=ff0900f0-084b-4dea-852c-aa5dfbd53a5e correlationId=ff0900f0-084b-4dea-852c-aa5dfbd53a5e 新坐标=side@2
23:55:41.095 INFO  io.mosire.agentlib.approval.ApprovalHttpEndpoint - 审批 HTTP 面已停止（端口 45865）
23:55:41.095 INFO  io.mosire.agentlib.approval.HttpApprovalChannel - HTTP 审批通道已关闭
23:55:41.141 INFO  io.mosire.agentlib.mcp.AgentToMcpServer - MCP streamable server 已启动: name=simos-shell version=0.1.0-SNAPSHOT 外发工具 16 个 [sd.IssueDirective, sd.SetViewScope, sd.StartDecision, sd.SubmitVerdict, simos.advance, simos.command.catalog, simos.command.submit, simos.fork, simos.map.hex, simos.map.overview, simos.social.population, simos.state.facets, simos.state.resolve, simos.timeline.branches, simos.unit.get, simos.unit.list]；Registry 共 16 个，未外发 0 个 []
23:55:41.151 INFO  io.mosire.agentlib.mcp.AgentToMcpServer - MCP streamable server 已启动: name=simos-shell-decision version=0.1.0-SNAPSHOT 外发工具 11 个 [sd.IssueDirective, sd.SubmitVerdict, simos.command.catalog, simos.map.hex, simos.map.overview, simos.social.population, simos.state.facets, simos.state.resolve, simos.timeline.branches, simos.unit.get, simos.unit.list]；Registry 共 11 个，未外发 0 个 []
23:55:41.161 INFO  io.mosire.simos.app.gui.GuiServer - GUI 服务器已启动: http://127.0.0.1:45855/（静态 /webui，同源，无 CORS 头）
23:55:41.161 INFO  io.mosire.simos.app.Shell - Shell 装配完成: store=/tmp/junit-10561132417412763678 checkpointInterval=100 codec=4 handler=42 participant=2 resolver=4 facet=2 tool=16 decisionTool=11 mapId=Map1 bindAddress=127.0.0.1 mcpPort=46303 decisionAgentMcpPort=45371 guiPort=45855 approvalPort=46033
23:55:41.172 INFO  io.mosire.simos.core.command.CommandBus - 命令提交: type=unit.RenameUnit commandId=e8a74ca7-5cff-4319-ae84-8ca7a028f10f correlationId=e8a74ca7-5cff-4319-ae84-8ca7a028f10f 新坐标=main@2
23:55:41.175 INFO  io.mosire.agentlib.approval.ApprovalHttpEndpoint - 审批 HTTP 面已停止（端口 46033）
23:55:41.175 INFO  io.mosire.agentlib.approval.HttpApprovalChannel - HTTP 审批通道已关闭
23:55:41.225 INFO  io.mosire.agentlib.mcp.AgentToMcpServer - MCP streamable server 已启动: name=simos-shell version=0.1.0-SNAPSHOT 外发工具 16 个 [sd.IssueDirective, sd.SetViewScope, sd.StartDecision, sd.SubmitVerdict, simos.advance, simos.command.catalog, simos.command.submit, simos.fork, simos.map.hex, simos.map.overview, simos.social.population, simos.state.facets, simos.state.resolve, simos.timeline.branches, simos.unit.get, simos.unit.list]；Registry 共 16 个，未外发 0 个 []
23:55:41.236 INFO  io.mosire.agentlib.mcp.AgentToMcpServer - MCP streamable server 已启动: name=simos-shell-decision version=0.1.0-SNAPSHOT 外发工具 11 个 [sd.IssueDirective, sd.SubmitVerdict, simos.command.catalog, simos.map.hex, simos.map.overview, simos.social.population, simos.state.facets, simos.state.resolve, simos.timeline.branches, simos.unit.get, simos.unit.list]；Registry 共 11 个，未外发 0 个 []
23:55:41.245 INFO  io.mosire.simos.app.gui.GuiServer - GUI 服务器已启动: http://127.0.0.1:45275/（静态 /webui，同源，无 CORS 头）
23:55:41.245 INFO  io.mosire.simos.app.Shell - Shell 装配完成: store=/tmp/junit-6115274589136131989 checkpointInterval=100 codec=4 handler=42 participant=2 resolver=4 facet=2 tool=16 decisionTool=11 mapId=Map1 bindAddress=127.0.0.1 mcpPort=45869 decisionAgentMcpPort=44685 guiPort=45275 approvalPort=46579
23:55:41.247 INFO  io.mosire.agentlib.approval.ApprovalHttpEndpoint - 审批 HTTP 面已停止（端口 46579）
23:55:41.247 INFO  io.mosire.agentlib.approval.HttpApprovalChannel - HTTP 审批通道已关闭
23:55:41.294 INFO  io.mosire.agentlib.mcp.AgentToMcpServer - MCP streamable server 已启动: name=simos-shell version=0.1.0-SNAPSHOT 外发工具 16 个 [sd.IssueDirective, sd.SetViewScope, sd.StartDecision, sd.SubmitVerdict, simos.advance, simos.command.catalog, simos.command.submit, simos.fork, simos.map.hex, simos.map.overview, simos.social.population, simos.state.facets, simos.state.resolve, simos.timeline.branches, simos.unit.get, simos.unit.list]；Registry 共 16 个，未外发 0 个 []
23:55:41.304 INFO  io.mosire.agentlib.mcp.AgentToMcpServer - MCP streamable server 已启动: name=simos-shell-decision version=0.1.0-SNAPSHOT 外发工具 11 个 [sd.IssueDirective, sd.SubmitVerdict, simos.command.catalog, simos.map.hex, simos.map.overview, simos.social.population, simos.state.facets, simos.state.resolve, simos.timeline.branches, simos.unit.get, simos.unit.list]；Registry 共 11 个，未外发 0 个 []
23:55:41.313 INFO  io.mosire.simos.app.gui.GuiServer - GUI 服务器已启动: http://127.0.0.1:45307/（静态 /webui，同源，无 CORS 头）
23:55:41.313 INFO  io.mosire.simos.app.Shell - Shell 装配完成: store=/tmp/junit-15586012420751696679 checkpointInterval=100 codec=4 handler=42 participant=2 resolver=4 facet=2 tool=16 decisionTool=11 mapId=Map1 bindAddress=127.0.0.1 mcpPort=45965 decisionAgentMcpPort=46363 guiPort=45307 approvalPort=45901
23:55:41.315 INFO  io.mosire.agentlib.approval.ApprovalHttpEndpoint - 审批 HTTP 面已停止（端口 45901）
23:55:41.315 INFO  io.mosire.agentlib.approval.HttpApprovalChannel - HTTP 审批通道已关闭
23:55:41.383 INFO  io.mosire.agentlib.mcp.AgentToMcpServer - MCP streamable server 已启动: name=simos-shell version=0.1.0-SNAPSHOT 外发工具 16 个 [sd.IssueDirective, sd.SetViewScope, sd.StartDecision, sd.SubmitVerdict, simos.advance, simos.command.catalog, simos.command.submit, simos.fork, simos.map.hex, simos.map.overview, simos.social.population, simos.state.facets, simos.state.resolve, simos.timeline.branches, simos.unit.get, simos.unit.list]；Registry 共 16 个，未外发 0 个 []
23:55:41.392 INFO  io.mosire.agentlib.mcp.AgentToMcpServer - MCP streamable server 已启动: name=simos-shell-decision version=0.1.0-SNAPSHOT 外发工具 11 个 [sd.IssueDirective, sd.SubmitVerdict, simos.command.catalog, simos.map.hex, simos.map.overview, simos.social.population, simos.state.facets, simos.state.resolve, simos.timeline.branches, simos.unit.get, simos.unit.list]；Registry 共 11 个，未外发 0 个 []
23:55:41.403 INFO  io.mosire.simos.app.gui.GuiServer - GUI 服务器已启动: http://127.0.0.1:46489/（静态 /webui，同源，无 CORS 头）
23:55:41.403 INFO  io.mosire.simos.app.Shell - Shell 装配完成: store=/tmp/junit-5362626885402284047 checkpointInterval=100 codec=4 handler=42 participant=2 resolver=4 facet=2 tool=16 decisionTool=11 mapId=Map1 bindAddress=127.0.0.1 mcpPort=46415 decisionAgentMcpPort=45517 guiPort=46489 approvalPort=45715
23:55:41.404 INFO  io.mosire.agentlib.approval.ApprovalHttpEndpoint - 审批 HTTP 面已停止（端口 45715）
23:55:41.405 INFO  io.mosire.agentlib.approval.HttpApprovalChannel - HTTP 审批通道已关闭
23:55:41.457 INFO  io.mosire.agentlib.mcp.AgentToMcpServer - MCP streamable server 已启动: name=simos-shell version=0.1.0-SNAPSHOT 外发工具 16 个 [sd.IssueDirective, sd.SetViewScope, sd.StartDecision, sd.SubmitVerdict, simos.advance, simos.command.catalog, simos.command.submit, simos.fork, simos.map.hex, simos.map.overview, simos.social.population, simos.state.facets, simos.state.resolve, simos.timeline.branches, simos.unit.get, simos.unit.list]；Registry 共 16 个，未外发 0 个 []
23:55:41.467 INFO  io.mosire.agentlib.mcp.AgentToMcpServer - MCP streamable server 已启动: name=simos-shell-decision version=0.1.0-SNAPSHOT 外发工具 11 个 [sd.IssueDirective, sd.SubmitVerdict, simos.command.catalog, simos.map.hex, simos.map.overview, simos.social.population, simos.state.facets, simos.state.resolve, simos.timeline.branches, simos.unit.get, simos.unit.list]；Registry 共 11 个，未外发 0 个 []
23:55:41.477 INFO  io.mosire.simos.app.gui.GuiServer - GUI 服务器已启动: http://127.0.0.1:46591/（静态 /webui，同源，无 CORS 头）
23:55:41.477 INFO  io.mosire.simos.app.Shell - Shell 装配完成: store=/tmp/junit-15246258730281864138 checkpointInterval=100 codec=4 handler=42 participant=2 resolver=4 facet=2 tool=16 decisionTool=11 mapId=Map1 bindAddress=127.0.0.1 mcpPort=46625 decisionAgentMcpPort=46291 guiPort=46591 approvalPort=46623
23:55:41.480 INFO  io.mosire.agentlib.approval.ApprovalHttpEndpoint - 审批 HTTP 面已停止（端口 46623）
23:55:41.480 INFO  io.mosire.agentlib.approval.HttpApprovalChannel - HTTP 审批通道已关闭
23:55:41.527 INFO  io.mosire.agentlib.mcp.AgentToMcpServer - MCP streamable server 已启动: name=simos-shell version=0.1.0-SNAPSHOT 外发工具 16 个 [sd.IssueDirective, sd.SetViewScope, sd.StartDecision, sd.SubmitVerdict, simos.advance, simos.command.catalog, simos.command.submit, simos.fork, simos.map.hex, simos.map.overview, simos.social.population, simos.state.facets, simos.state.resolve, simos.timeline.branches, simos.unit.get, simos.unit.list]；Registry 共 16 个，未外发 0 个 []
23:55:41.538 INFO  io.mosire.agentlib.mcp.AgentToMcpServer - MCP streamable server 已启动: name=simos-shell-decision version=0.1.0-SNAPSHOT 外发工具 11 个 [sd.IssueDirective, sd.SubmitVerdict, simos.command.catalog, simos.map.hex, simos.map.overview, simos.social.population, simos.state.facets, simos.state.resolve, simos.timeline.branches, simos.unit.get, simos.unit.list]；Registry 共 11 个，未外发 0 个 []
23:55:41.547 INFO  io.mosire.simos.app.gui.GuiServer - GUI 服务器已启动: http://127.0.0.1:46143/（静态 /webui，同源，无 CORS 头）
23:55:41.547 INFO  io.mosire.simos.app.Shell - Shell 装配完成: store=/tmp/junit-6213599539345774282 checkpointInterval=100 codec=4 handler=42 participant=2 resolver=4 facet=2 tool=16 decisionTool=11 mapId=Map1 bindAddress=127.0.0.1 mcpPort=45575 decisionAgentMcpPort=44989 guiPort=46143 approvalPort=46359
23:55:41.549 INFO  io.mosire.agentlib.approval.ApprovalHttpEndpoint - 审批 HTTP 面已停止（端口 46359）
23:55:41.549 INFO  io.mosire.agentlib.approval.HttpApprovalChannel - HTTP 审批通道已关闭
23:55:41.597 INFO  io.mosire.agentlib.mcp.AgentToMcpServer - MCP streamable server 已启动: name=simos-shell version=0.1.0-SNAPSHOT 外发工具 16 个 [sd.IssueDirective, sd.SetViewScope, sd.StartDecision, sd.SubmitVerdict, simos.advance, simos.command.catalog, simos.command.submit, simos.fork, simos.map.hex, simos.map.overview, simos.social.population, simos.state.facets, simos.state.resolve, simos.timeline.branches, simos.unit.get, simos.unit.list]；Registry 共 16 个，未外发 0 个 []
23:55:41.607 INFO  io.mosire.agentlib.mcp.AgentToMcpServer - MCP streamable server 已启动: name=simos-shell-decision version=0.1.0-SNAPSHOT 外发工具 11 个 [sd.IssueDirective, sd.SubmitVerdict, simos.command.catalog, simos.map.hex, simos.map.overview, simos.social.population, simos.state.facets, simos.state.resolve, simos.timeline.branches, simos.unit.get, simos.unit.list]；Registry 共 11 个，未外发 0 个 []
23:55:41.616 INFO  io.mosire.simos.app.gui.GuiServer - GUI 服务器已启动: http://127.0.0.1:45647/（静态 /webui，同源，无 CORS 头）
23:55:41.617 INFO  io.mosire.simos.app.Shell - Shell 装配完成: store=/tmp/junit-17583127201329509908 checkpointInterval=100 codec=4 handler=42 participant=2 resolver=4 facet=2 tool=16 decisionTool=11 mapId=Map1 bindAddress=127.0.0.1 mcpPort=46035 decisionAgentMcpPort=44629 guiPort=45647 approvalPort=45619
23:55:41.619 INFO  io.mosire.agentlib.approval.ApprovalHttpEndpoint - 审批 HTTP 面已停止（端口 45619）
23:55:41.619 INFO  io.mosire.agentlib.approval.HttpApprovalChannel - HTTP 审批通道已关闭
23:55:41.678 INFO  io.mosire.agentlib.mcp.AgentToMcpServer - MCP streamable server 已启动: name=simos-shell version=0.1.0-SNAPSHOT 外发工具 16 个 [sd.IssueDirective, sd.SetViewScope, sd.StartDecision, sd.SubmitVerdict, simos.advance, simos.command.catalog, simos.command.submit, simos.fork, simos.map.hex, simos.map.overview, simos.social.population, simos.state.facets, simos.state.resolve, simos.timeline.branches, simos.unit.get, simos.unit.list]；Registry 共 16 个，未外发 0 个 []
23:55:41.688 INFO  io.mosire.agentlib.mcp.AgentToMcpServer - MCP streamable server 已启动: name=simos-shell-decision version=0.1.0-SNAPSHOT 外发工具 11 个 [sd.IssueDirective, sd.SubmitVerdict, simos.command.catalog, simos.map.hex, simos.map.overview, simos.social.population, simos.state.facets, simos.state.resolve, simos.timeline.branches, simos.unit.get, simos.unit.list]；Registry 共 11 个，未外发 0 个 []
23:55:41.698 INFO  io.mosire.simos.app.gui.GuiServer - GUI 服务器已启动: http://127.0.0.1:44939/（静态 /webui，同源，无 CORS 头）
23:55:41.698 INFO  io.mosire.simos.app.Shell - Shell 装配完成: store=/tmp/junit-4043155187930671154 checkpointInterval=100 codec=4 handler=42 participant=2 resolver=4 facet=2 tool=16 decisionTool=11 mapId=Map1 bindAddress=127.0.0.1 mcpPort=45107 decisionAgentMcpPort=46651 guiPort=44939 approvalPort=44975
23:55:41.701 INFO  io.mosire.agentlib.approval.ApprovalHttpEndpoint - 审批 HTTP 面已停止（端口 44975）
23:55:41.702 INFO  io.mosire.agentlib.approval.HttpApprovalChannel - HTTP 审批通道已关闭
23:55:41.755 INFO  io.mosire.agentlib.mcp.AgentToMcpServer - MCP streamable server 已启动: name=simos-shell version=0.1.0-SNAPSHOT 外发工具 16 个 [sd.IssueDirective, sd.SetViewScope, sd.StartDecision, sd.SubmitVerdict, simos.advance, simos.command.catalog, simos.command.submit, simos.fork, simos.map.hex, simos.map.overview, simos.social.population, simos.state.facets, simos.state.resolve, simos.timeline.branches, simos.unit.get, simos.unit.list]；Registry 共 16 个，未外发 0 个 []
23:55:41.764 INFO  io.mosire.agentlib.mcp.AgentToMcpServer - MCP streamable server 已启动: name=simos-shell-decision version=0.1.0-SNAPSHOT 外发工具 11 个 [sd.IssueDirective, sd.SubmitVerdict, simos.command.catalog, simos.map.hex, simos.map.overview, simos.social.population, simos.state.facets, simos.state.resolve, simos.timeline.branches, simos.unit.get, simos.unit.list]；Registry 共 11 个，未外发 0 个 []
23:55:41.774 INFO  io.mosire.simos.app.gui.GuiServer - GUI 服务器已启动: http://127.0.0.1:44635/（静态 /webui，同源，无 CORS 头）
23:55:41.774 INFO  io.mosire.simos.app.Shell - Shell 装配完成: store=/tmp/junit-3496614054359200028 checkpointInterval=100 codec=4 handler=42 participant=2 resolver=4 facet=2 tool=16 decisionTool=11 mapId=Map1 bindAddress=127.0.0.1 mcpPort=46297 decisionAgentMcpPort=46541 guiPort=44635 approvalPort=46061
23:55:41.777 INFO  io.mosire.agentlib.approval.ApprovalHttpEndpoint - 审批 HTTP 面已停止（端口 46061）
23:55:41.777 INFO  io.mosire.agentlib.approval.HttpApprovalChannel - HTTP 审批通道已关闭
23:55:41.827 INFO  io.mosire.agentlib.mcp.AgentToMcpServer - MCP streamable server 已启动: name=simos-shell version=0.1.0-SNAPSHOT 外发工具 16 个 [sd.IssueDirective, sd.SetViewScope, sd.StartDecision, sd.SubmitVerdict, simos.advance, simos.command.catalog, simos.command.submit, simos.fork, simos.map.hex, simos.map.overview, simos.social.population, simos.state.facets, simos.state.resolve, simos.timeline.branches, simos.unit.get, simos.unit.list]；Registry 共 16 个，未外发 0 个 []
23:55:41.837 INFO  io.mosire.agentlib.mcp.AgentToMcpServer - MCP streamable server 已启动: name=simos-shell-decision version=0.1.0-SNAPSHOT 外发工具 11 个 [sd.IssueDirective, sd.SubmitVerdict, simos.command.catalog, simos.map.hex, simos.map.overview, simos.social.population, simos.state.facets, simos.state.resolve, simos.timeline.branches, simos.unit.get, simos.unit.list]；Registry 共 11 个，未外发 0 个 []
23:55:41.847 INFO  io.mosire.simos.app.gui.GuiServer - GUI 服务器已启动: http://127.0.0.1:46067/（静态 /webui，同源，无 CORS 头）
23:55:41.847 INFO  io.mosire.simos.app.Shell - Shell 装配完成: store=/tmp/junit-1779333447066174743 checkpointInterval=100 codec=4 handler=42 participant=2 resolver=4 facet=2 tool=16 decisionTool=11 mapId=Map1 bindAddress=127.0.0.1 mcpPort=44623 decisionAgentMcpPort=45581 guiPort=46067 approvalPort=44687
23:55:41.849 INFO  io.mosire.agentlib.approval.ApprovalHttpEndpoint - 审批 HTTP 面已停止（端口 44687）
23:55:41.849 INFO  io.mosire.agentlib.approval.HttpApprovalChannel - HTTP 审批通道已关闭
23:55:41.901 INFO  io.mosire.agentlib.mcp.AgentToMcpServer - MCP streamable server 已启动: name=simos-shell version=0.1.0-SNAPSHOT 外发工具 16 个 [sd.IssueDirective, sd.SetViewScope, sd.StartDecision, sd.SubmitVerdict, simos.advance, simos.command.catalog, simos.command.submit, simos.fork, simos.map.hex, simos.map.overview, simos.social.population, simos.state.facets, simos.state.resolve, simos.timeline.branches, simos.unit.get, simos.unit.list]；Registry 共 16 个，未外发 0 个 []
23:55:41.910 INFO  io.mosire.agentlib.mcp.AgentToMcpServer - MCP streamable server 已启动: name=simos-shell-decision version=0.1.0-SNAPSHOT 外发工具 11 个 [sd.IssueDirective, sd.SubmitVerdict, simos.command.catalog, simos.map.hex, simos.map.overview, simos.social.population, simos.state.facets, simos.state.resolve, simos.timeline.branches, simos.unit.get, simos.unit.list]；Registry 共 11 个，未外发 0 个 []
23:55:41.920 INFO  io.mosire.simos.app.gui.GuiServer - GUI 服务器已启动: http://127.0.0.1:45965/（静态 /webui，同源，无 CORS 头）
23:55:41.920 INFO  io.mosire.simos.app.Shell - Shell 装配完成: store=/tmp/junit-7826822306458461134 checkpointInterval=100 codec=4 handler=42 participant=2 resolver=4 facet=2 tool=16 decisionTool=11 mapId=Map1 bindAddress=127.0.0.1 mcpPort=45301 decisionAgentMcpPort=45145 guiPort=45965 approvalPort=46547
23:55:41.922 INFO  io.mosire.agentlib.approval.ApprovalHttpEndpoint - 审批 HTTP 面已停止（端口 46547）
23:55:41.922 INFO  io.mosire.agentlib.approval.HttpApprovalChannel - HTTP 审批通道已关闭
23:55:41.970 INFO  io.mosire.agentlib.mcp.AgentToMcpServer - MCP streamable server 已启动: name=simos-shell version=0.1.0-SNAPSHOT 外发工具 16 个 [sd.IssueDirective, sd.SetViewScope, sd.StartDecision, sd.SubmitVerdict, simos.advance, simos.command.catalog, simos.command.submit, simos.fork, simos.map.hex, simos.map.overview, simos.social.population, simos.state.facets, simos.state.resolve, simos.timeline.branches, simos.unit.get, simos.unit.list]；Registry 共 16 个，未外发 0 个 []
23:55:41.980 INFO  io.mosire.agentlib.mcp.AgentToMcpServer - MCP streamable server 已启动: name=simos-shell-decision version=0.1.0-SNAPSHOT 外发工具 11 个 [sd.IssueDirective, sd.SubmitVerdict, simos.command.catalog, simos.map.hex, simos.map.overview, simos.social.population, simos.state.facets, simos.state.resolve, simos.timeline.branches, simos.unit.get, simos.unit.list]；Registry 共 11 个，未外发 0 个 []
23:55:41.990 INFO  io.mosire.simos.app.gui.GuiServer - GUI 服务器已启动: http://127.0.0.1:45681/（静态 /webui，同源，无 CORS 头）
23:55:41.990 INFO  io.mosire.simos.app.Shell - Shell 装配完成: store=/tmp/junit-14345263937302046774 checkpointInterval=100 codec=4 handler=42 participant=2 resolver=4 facet=2 tool=16 decisionTool=11 mapId=Map1 bindAddress=127.0.0.1 mcpPort=46221 decisionAgentMcpPort=46601 guiPort=45681 approvalPort=45615
23:55:41.992 INFO  io.mosire.agentlib.approval.ApprovalHttpEndpoint - 审批 HTTP 面已停止（端口 45615）
23:55:41.993 INFO  io.mosire.agentlib.approval.HttpApprovalChannel - HTTP 审批通道已关闭
[INFO] Tests run: 14, Failures: 0, Errors: 0, Skipped: 0, Time elapsed: 1.052 s -- in io.mosire.simos.app.query.QueryServiceTest
[INFO] Running io.mosire.simos.app.ShellMainSeedGuardTest
[INFO] Tests run: 1, Failures: 0, Errors: 0, Skipped: 0, Time elapsed: 0.001 s -- in io.mosire.simos.app.ShellMainSeedGuardTest
[INFO] Running io.mosire.simos.app.SdPutInfoEndToEndTest
23:55:42.037 INFO  io.mosire.simos.core.command.CommandBus - 命令提交: type=sd.PutInfo commandId=cmd-1 correlationId=cmd-1 新坐标=main@2
23:55:42.083 INFO  io.mosire.simos.core.command.CommandBus - 命令被拒: type=sd.PutInfo commandId=cmd-1 correlationId=cmd-1 原因=地址至少两段（命名空间 + 根主体）：`oops`
23:55:42.120 INFO  io.mosire.simos.core.command.CommandBus - 命令提交: type=sd.PutInfo commandId=cmd-1 correlationId=cmd-1 新坐标=main@2
23:55:42.123 INFO  io.mosire.simos.core.command.CommandBus - 命令提交: type=sd.PutInfo commandId=cmd-2 correlationId=cmd-2 新坐标=main@3
[INFO] Tests run: 3, Failures: 0, Errors: 0, Skipped: 0, Time elapsed: 0.133 s -- in io.mosire.simos.app.SdPutInfoEndToEndTest
[INFO] Running io.mosire.simos.app.ShellLifecycleTest
23:55:42.174 INFO  io.mosire.agentlib.mcp.AgentToMcpServer - MCP streamable server 已启动: name=simos-shell version=0.1.0-SNAPSHOT 外发工具 16 个 [sd.IssueDirective, sd.SetViewScope, sd.StartDecision, sd.SubmitVerdict, simos.advance, simos.command.catalog, simos.command.submit, simos.fork, simos.map.hex, simos.map.overview, simos.social.population, simos.state.facets, simos.state.resolve, simos.timeline.branches, simos.unit.get, simos.unit.list]；Registry 共 16 个，未外发 0 个 []
23:55:42.184 INFO  io.mosire.agentlib.mcp.AgentToMcpServer - MCP streamable server 已启动: name=simos-shell-decision version=0.1.0-SNAPSHOT 外发工具 11 个 [sd.IssueDirective, sd.SubmitVerdict, simos.command.catalog, simos.map.hex, simos.map.overview, simos.social.population, simos.state.facets, simos.state.resolve, simos.timeline.branches, simos.unit.get, simos.unit.list]；Registry 共 11 个，未外发 0 个 []
23:55:42.194 INFO  io.mosire.simos.app.gui.GuiServer - GUI 服务器已启动: http://127.0.0.1:45803/（静态 /webui，同源，无 CORS 头）
23:55:42.194 INFO  io.mosire.simos.app.Shell - Shell 装配完成: store=/tmp/junit-14348983635984589094 checkpointInterval=100 codec=4 handler=42 participant=2 resolver=4 facet=2 tool=16 decisionTool=11 mapId=Map1 bindAddress=127.0.0.1 mcpPort=44871 decisionAgentMcpPort=46607 guiPort=45803 approvalPort=46181
23:55:42.195 INFO  io.mosire.agentlib.approval.ApprovalHttpEndpoint - 审批 HTTP 面已停止（端口 46181）
23:55:42.195 INFO  io.mosire.agentlib.approval.HttpApprovalChannel - HTTP 审批通道已关闭
[INFO] Tests run: 1, Failures: 0, Errors: 0, Skipped: 0, Time elapsed: 0.108 s -- in io.mosire.simos.app.ShellLifecycleTest
[INFO] Running io.mosire.simos.app.gui.WebuiAssetsTest
[INFO] Tests run: 8, Failures: 0, Errors: 0, Skipped: 0, Time elapsed: 0.013 s -- in io.mosire.simos.app.gui.WebuiAssetsTest
[INFO] Running io.mosire.simos.app.gui.MapHexEdgesApiTest
23:55:42.300 INFO  io.mosire.agentlib.mcp.AgentToMcpServer - MCP streamable server 已启动: name=simos-shell version=0.1.0-SNAPSHOT 外发工具 16 个 [sd.IssueDirective, sd.SetViewScope, sd.StartDecision, sd.SubmitVerdict, simos.advance, simos.command.catalog, simos.command.submit, simos.fork, simos.map.hex, simos.map.overview, simos.social.population, simos.state.facets, simos.state.resolve, simos.timeline.branches, simos.unit.get, simos.unit.list]；Registry 共 16 个，未外发 0 个 []
23:55:42.310 INFO  io.mosire.agentlib.mcp.AgentToMcpServer - MCP streamable server 已启动: name=simos-shell-decision version=0.1.0-SNAPSHOT 外发工具 11 个 [sd.IssueDirective, sd.SubmitVerdict, simos.command.catalog, simos.map.hex, simos.map.overview, simos.social.population, simos.state.facets, simos.state.resolve, simos.timeline.branches, simos.unit.get, simos.unit.list]；Registry 共 11 个，未外发 0 个 []
23:55:42.320 INFO  io.mosire.simos.app.gui.GuiServer - GUI 服务器已启动: http://127.0.0.1:45757/（静态 /webui，同源，无 CORS 头）
23:55:42.320 INFO  io.mosire.simos.app.Shell - Shell 装配完成: store=/tmp/junit-16253550456703440563 checkpointInterval=100 codec=4 handler=42 participant=2 resolver=4 facet=2 tool=16 decisionTool=11 mapId=Map1 bindAddress=127.0.0.1 mcpPort=45267 decisionAgentMcpPort=44819 guiPort=45757 approvalPort=45081
23:55:42.329 INFO  io.mosire.simos.app.gui.GuiServer - access GET /api/map/hex -> 200 3ms remote=127.0.0.1
23:55:42.332 INFO  io.mosire.agentlib.approval.ApprovalHttpEndpoint - 审批 HTTP 面已停止（端口 45081）
23:55:42.332 INFO  io.mosire.agentlib.approval.HttpApprovalChannel - HTTP 审批通道已关闭
23:55:42.376 INFO  io.mosire.agentlib.mcp.AgentToMcpServer - MCP streamable server 已启动: name=simos-shell version=0.1.0-SNAPSHOT 外发工具 16 个 [sd.IssueDirective, sd.SetViewScope, sd.StartDecision, sd.SubmitVerdict, simos.advance, simos.command.catalog, simos.command.submit, simos.fork, simos.map.hex, simos.map.overview, simos.social.population, simos.state.facets, simos.state.resolve, simos.timeline.branches, simos.unit.get, simos.unit.list]；Registry 共 16 个，未外发 0 个 []
23:55:42.387 INFO  io.mosire.agentlib.mcp.AgentToMcpServer - MCP streamable server 已启动: name=simos-shell-decision version=0.1.0-SNAPSHOT 外发工具 11 个 [sd.IssueDirective, sd.SubmitVerdict, simos.command.catalog, simos.map.hex, simos.map.overview, simos.social.population, simos.state.facets, simos.state.resolve, simos.timeline.branches, simos.unit.get, simos.unit.list]；Registry 共 11 个，未外发 0 个 []
23:55:42.396 INFO  io.mosire.simos.app.gui.GuiServer - GUI 服务器已启动: http://127.0.0.1:46119/（静态 /webui，同源，无 CORS 头）
23:55:42.396 INFO  io.mosire.simos.app.Shell - Shell 装配完成: store=/tmp/junit-9348843561472480769 checkpointInterval=100 codec=4 handler=42 participant=2 resolver=4 facet=2 tool=16 decisionTool=11 mapId=Map1 bindAddress=127.0.0.1 mcpPort=45609 decisionAgentMcpPort=45593 guiPort=46119 approvalPort=46617
23:55:42.400 INFO  io.mosire.simos.app.gui.GuiServer - access GET /api/map/hex -> 200 1ms remote=127.0.0.1
23:55:42.402 INFO  io.mosire.agentlib.approval.ApprovalHttpEndpoint - 审批 HTTP 面已停止（端口 46617）
23:55:42.402 INFO  io.mosire.agentlib.approval.HttpApprovalChannel - HTTP 审批通道已关闭
23:55:42.461 INFO  io.mosire.agentlib.mcp.AgentToMcpServer - MCP streamable server 已启动: name=simos-shell version=0.1.0-SNAPSHOT 外发工具 16 个 [sd.IssueDirective, sd.SetViewScope, sd.StartDecision, sd.SubmitVerdict, simos.advance, simos.command.catalog, simos.command.submit, simos.fork, simos.map.hex, simos.map.overview, simos.social.population, simos.state.facets, simos.state.resolve, simos.timeline.branches, simos.unit.get, simos.unit.list]；Registry 共 16 个，未外发 0 个 []
23:55:42.471 INFO  io.mosire.agentlib.mcp.AgentToMcpServer - MCP streamable server 已启动: name=simos-shell-decision version=0.1.0-SNAPSHOT 外发工具 11 个 [sd.IssueDirective, sd.SubmitVerdict, simos.command.catalog, simos.map.hex, simos.map.overview, simos.social.population, simos.state.facets, simos.state.resolve, simos.timeline.branches, simos.unit.get, simos.unit.list]；Registry 共 11 个，未外发 0 个 []
23:55:42.480 INFO  io.mosire.simos.app.gui.GuiServer - GUI 服务器已启动: http://127.0.0.1:45447/（静态 /webui，同源，无 CORS 头）
23:55:42.480 INFO  io.mosire.simos.app.Shell - Shell 装配完成: store=/tmp/junit-6122300328475342241 checkpointInterval=100 codec=4 handler=42 participant=2 resolver=4 facet=2 tool=16 decisionTool=11 mapId=Map1 bindAddress=127.0.0.1 mcpPort=45021 decisionAgentMcpPort=45409 guiPort=45447 approvalPort=44889
23:55:42.484 INFO  io.mosire.simos.app.gui.GuiServer - access GET /api/map/hex -> 200 1ms remote=127.0.0.1
23:55:42.485 INFO  io.mosire.agentlib.approval.ApprovalHttpEndpoint - 审批 HTTP 面已停止（端口 44889）
23:55:42.485 INFO  io.mosire.agentlib.approval.HttpApprovalChannel - HTTP 审批通道已关闭
23:55:42.534 INFO  io.mosire.agentlib.mcp.AgentToMcpServer - MCP streamable server 已启动: name=simos-shell version=0.1.0-SNAPSHOT 外发工具 16 个 [sd.IssueDirective, sd.SetViewScope, sd.StartDecision, sd.SubmitVerdict, simos.advance, simos.command.catalog, simos.command.submit, simos.fork, simos.map.hex, simos.map.overview, simos.social.population, simos.state.facets, simos.state.resolve, simos.timeline.branches, simos.unit.get, simos.unit.list]；Registry 共 16 个，未外发 0 个 []
23:55:42.544 INFO  io.mosire.agentlib.mcp.AgentToMcpServer - MCP streamable server 已启动: name=simos-shell-decision version=0.1.0-SNAPSHOT 外发工具 11 个 [sd.IssueDirective, sd.SubmitVerdict, simos.command.catalog, simos.map.hex, simos.map.overview, simos.social.population, simos.state.facets, simos.state.resolve, simos.timeline.branches, simos.unit.get, simos.unit.list]；Registry 共 11 个，未外发 0 个 []
23:55:42.554 INFO  io.mosire.simos.app.gui.GuiServer - GUI 服务器已启动: http://127.0.0.1:44747/（静态 /webui，同源，无 CORS 头）
23:55:42.554 INFO  io.mosire.simos.app.Shell - Shell 装配完成: store=/tmp/junit-4084536325666364172 checkpointInterval=100 codec=4 handler=42 participant=2 resolver=4 facet=2 tool=16 decisionTool=11 mapId=Map1 bindAddress=127.0.0.1 mcpPort=45059 decisionAgentMcpPort=46625 guiPort=44747 approvalPort=44857
23:55:42.558 INFO  io.mosire.simos.app.gui.GuiServer - access GET /api/map/hex -> 200 1ms remote=127.0.0.1
23:55:42.560 INFO  io.mosire.simos.app.gui.GuiServer - access GET /api/map/hex -> 200 0ms remote=127.0.0.1
23:55:42.607 INFO  io.mosire.agentlib.approval.ApprovalHttpEndpoint - 审批 HTTP 面已停止（端口 44857）
23:55:42.608 INFO  io.mosire.agentlib.approval.HttpApprovalChannel - HTTP 审批通道已关闭
[INFO] Tests run: 4, Failures: 0, Errors: 0, Skipped: 0, Time elapsed: 0.357 s -- in io.mosire.simos.app.gui.MapHexEdgesApiTest
[INFO] Running io.mosire.simos.app.gui.SdDecisionMakerApiTest
23:55:42.659 INFO  io.mosire.agentlib.mcp.AgentToMcpServer - MCP streamable server 已启动: name=simos-shell version=0.1.0-SNAPSHOT 外发工具 16 个 [sd.IssueDirective, sd.SetViewScope, sd.StartDecision, sd.SubmitVerdict, simos.advance, simos.command.catalog, simos.command.submit, simos.fork, simos.map.hex, simos.map.overview, simos.social.population, simos.state.facets, simos.state.resolve, simos.timeline.branches, simos.unit.get, simos.unit.list]；Registry 共 16 个，未外发 0 个 []
23:55:42.669 INFO  io.mosire.agentlib.mcp.AgentToMcpServer - MCP streamable server 已启动: name=simos-shell-decision version=0.1.0-SNAPSHOT 外发工具 11 个 [sd.IssueDirective, sd.SubmitVerdict, simos.command.catalog, simos.map.hex, simos.map.overview, simos.social.population, simos.state.facets, simos.state.resolve, simos.timeline.branches, simos.unit.get, simos.unit.list]；Registry 共 11 个，未外发 0 个 []
23:55:42.679 INFO  io.mosire.simos.app.gui.GuiServer - GUI 服务器已启动: http://127.0.0.1:45051/（静态 /webui，同源，无 CORS 头）
23:55:42.679 INFO  io.mosire.simos.app.Shell - Shell 装配完成: store=/tmp/junit-9704347096505394623 checkpointInterval=100 codec=4 handler=42 participant=2 resolver=4 facet=2 tool=16 decisionTool=11 mapId=Map1 bindAddress=127.0.0.1 mcpPort=45829 decisionAgentMcpPort=46631 guiPort=45051 approvalPort=44657
23:55:42.684 INFO  io.mosire.simos.app.gui.GuiServer - access GET /api/sd/decision-makers -> 200 2ms remote=127.0.0.1
23:55:42.686 INFO  io.mosire.agentlib.approval.ApprovalHttpEndpoint - 审批 HTTP 面已停止（端口 44657）
23:55:42.686 INFO  io.mosire.agentlib.approval.HttpApprovalChannel - HTTP 审批通道已关闭
23:55:42.741 INFO  io.mosire.agentlib.mcp.AgentToMcpServer - MCP streamable server 已启动: name=simos-shell version=0.1.0-SNAPSHOT 外发工具 16 个 [sd.IssueDirective, sd.SetViewScope, sd.StartDecision, sd.SubmitVerdict, simos.advance, simos.command.catalog, simos.command.submit, simos.fork, simos.map.hex, simos.map.overview, simos.social.population, simos.state.facets, simos.state.resolve, simos.timeline.branches, simos.unit.get, simos.unit.list]；Registry 共 16 个，未外发 0 个 []
23:55:42.752 INFO  io.mosire.agentlib.mcp.AgentToMcpServer - MCP streamable server 已启动: name=simos-shell-decision version=0.1.0-SNAPSHOT 外发工具 11 个 [sd.IssueDirective, sd.SubmitVerdict, simos.command.catalog, simos.map.hex, simos.map.overview, simos.social.population, simos.state.facets, simos.state.resolve, simos.timeline.branches, simos.unit.get, simos.unit.list]；Registry 共 11 个，未外发 0 个 []
23:55:42.762 INFO  io.mosire.simos.app.gui.GuiServer - GUI 服务器已启动: http://127.0.0.1:44867/（静态 /webui，同源，无 CORS 头）
23:55:42.762 INFO  io.mosire.simos.app.Shell - Shell 装配完成: store=/tmp/junit-7045757741814663657 checkpointInterval=100 codec=4 handler=42 participant=2 resolver=4 facet=2 tool=16 decisionTool=11 mapId=Map1 bindAddress=127.0.0.1 mcpPort=46005 decisionAgentMcpPort=46489 guiPort=44867 approvalPort=45523
23:55:42.775 INFO  io.mosire.simos.core.command.CommandBus - 命令提交: type=sd.CreateNation commandId=5c8780df-b36e-4e4c-91e1-505e5869eb35 correlationId=5c8780df-b36e-4e4c-91e1-505e5869eb35 新坐标=main@2
23:55:42.776 INFO  io.mosire.simos.app.gui.GuiServer - access POST /api/command -> 200 10ms remote=127.0.0.1
23:55:42.786 INFO  io.mosire.simos.core.command.CommandBus - 命令提交: type=sd.CreateArmy commandId=777d00ba-d165-42dd-a3dc-d27253f03026 correlationId=777d00ba-d165-42dd-a3dc-d27253f03026 新坐标=main@3
23:55:42.786 INFO  io.mosire.simos.app.gui.GuiServer - access POST /api/command -> 200 8ms remote=127.0.0.1
23:55:42.842 INFO  io.mosire.simos.core.command.CommandBus - 命令提交: type=sd.CreateDecisionMaker commandId=c4a081ac-eb8c-4646-a333-8d6c1fe4891f correlationId=c4a081ac-eb8c-4646-a333-8d6c1fe4891f 新坐标=main@4
23:55:42.842 INFO  io.mosire.simos.app.gui.GuiServer - access POST /api/command -> 200 7ms remote=127.0.0.1
23:55:42.894 INFO  io.mosire.simos.core.command.CommandBus - 命令提交: type=sd.CreateDecisionMaker commandId=24b25a78-0dcf-4820-afc9-8e72666b6c8e correlationId=24b25a78-0dcf-4820-afc9-8e72666b6c8e 新坐标=main@5
23:55:42.894 INFO  io.mosire.simos.app.gui.GuiServer - access POST /api/command -> 200 6ms remote=127.0.0.1
23:55:42.948 INFO  io.mosire.simos.core.command.CommandBus - 命令提交: type=sd.SetViewScope commandId=11b1e212-73bf-400b-8abc-016360bebce8 correlationId=11b1e212-73bf-400b-8abc-016360bebce8 新坐标=main@6
23:55:42.948 INFO  io.mosire.simos.app.gui.GuiServer - access POST /api/command -> 200 6ms remote=127.0.0.1
23:55:42.997 INFO  io.mosire.simos.app.gui.GuiServer - access GET /api/sd/decision-makers -> 200 2ms remote=127.0.0.1
23:55:43.041 INFO  io.mosire.agentlib.approval.ApprovalHttpEndpoint - 审批 HTTP 面已停止（端口 45523）
23:55:43.042 INFO  io.mosire.agentlib.approval.HttpApprovalChannel - HTTP 审批通道已关闭
23:55:43.102 INFO  io.mosire.agentlib.mcp.AgentToMcpServer - MCP streamable server 已启动: name=simos-shell version=0.1.0-SNAPSHOT 外发工具 16 个 [sd.IssueDirective, sd.SetViewScope, sd.StartDecision, sd.SubmitVerdict, simos.advance, simos.command.catalog, simos.command.submit, simos.fork, simos.map.hex, simos.map.overview, simos.social.population, simos.state.facets, simos.state.resolve, simos.timeline.branches, simos.unit.get, simos.unit.list]；Registry 共 16 个，未外发 0 个 []
23:55:43.111 INFO  io.mosire.agentlib.mcp.AgentToMcpServer - MCP streamable server 已启动: name=simos-shell-decision version=0.1.0-SNAPSHOT 外发工具 11 个 [sd.IssueDirective, sd.SubmitVerdict, simos.command.catalog, simos.map.hex, simos.map.overview, simos.social.population, simos.state.facets, simos.state.resolve, simos.timeline.branches, simos.unit.get, simos.unit.list]；Registry 共 11 个，未外发 0 个 []
23:55:43.121 INFO  io.mosire.simos.app.gui.GuiServer - GUI 服务器已启动: http://127.0.0.1:46545/（静态 /webui，同源，无 CORS 头）
23:55:43.121 INFO  io.mosire.simos.app.Shell - Shell 装配完成: store=/tmp/junit-14134524794476132495 checkpointInterval=100 codec=4 handler=42 participant=2 resolver=4 facet=2 tool=16 decisionTool=11 mapId=Map1 bindAddress=127.0.0.1 mcpPort=45003 decisionAgentMcpPort=45045 guiPort=46545 approvalPort=45911
23:55:43.132 INFO  io.mosire.simos.core.command.CommandBus - 命令提交: type=sd.CreateNation commandId=1ce4b64a-e858-4773-8d7b-e7027e9c1023 correlationId=1ce4b64a-e858-4773-8d7b-e7027e9c1023 新坐标=main@2
23:55:43.133 INFO  io.mosire.simos.app.gui.GuiServer - access POST /api/command -> 200 8ms remote=127.0.0.1
23:55:43.139 INFO  io.mosire.simos.core.command.CommandBus - 命令提交: type=sd.CreateArmy commandId=286afaf0-af9a-439d-aba0-0c2a5093abb0 correlationId=286afaf0-af9a-439d-aba0-0c2a5093abb0 新坐标=main@3
23:55:43.139 INFO  io.mosire.simos.app.gui.GuiServer - access POST /api/command -> 200 4ms remote=127.0.0.1
23:55:43.191 INFO  io.mosire.simos.core.command.CommandBus - 命令提交: type=sd.CreateDecisionMaker commandId=0e313c51-379a-4303-a9f1-04460cc48a6d correlationId=0e313c51-379a-4303-a9f1-04460cc48a6d 新坐标=main@4
23:55:43.191 INFO  io.mosire.simos.app.gui.GuiServer - access POST /api/command -> 200 7ms remote=127.0.0.1
23:55:43.242 INFO  io.mosire.simos.core.command.CommandBus - 命令提交: type=sd.CreateDecisionMaker commandId=68413818-2cca-4c66-9633-c5e91e4b45ff correlationId=68413818-2cca-4c66-9633-c5e91e4b45ff 新坐标=main@5
23:55:43.243 INFO  io.mosire.simos.app.gui.GuiServer - access POST /api/command -> 200 7ms remote=127.0.0.1
23:55:43.295 INFO  io.mosire.simos.core.command.CommandBus - 命令提交: type=sd.CreateDecisionMaker commandId=627cd8ce-eb8f-45ac-a419-e7dd6658bc40 correlationId=627cd8ce-eb8f-45ac-a419-e7dd6658bc40 新坐标=main@6
23:55:43.295 INFO  io.mosire.simos.app.gui.GuiServer - access POST /api/command -> 200 7ms remote=127.0.0.1
23:55:43.346 INFO  io.mosire.simos.core.command.CommandBus - 命令提交: type=sd.CreateDecisionMaker commandId=2b966c18-343e-40d7-a782-e7833116ab6b correlationId=2b966c18-343e-40d7-a782-e7833116ab6b 新坐标=main@7
23:55:43.346 INFO  io.mosire.simos.app.gui.GuiServer - access POST /api/command -> 200 7ms remote=127.0.0.1
23:55:43.401 INFO  io.mosire.simos.core.command.CommandBus - 命令提交: type=sd.IssueDirective commandId=51f0d43d-11d5-42bd-b90b-baf2d0de61d3 correlationId=51f0d43d-11d5-42bd-b90b-baf2d0de61d3 新坐标=main@8
23:55:43.401 INFO  io.mosire.simos.app.gui.GuiServer - access POST /api/command -> 200 9ms remote=127.0.0.1
23:55:43.457 INFO  io.mosire.simos.core.command.CommandBus - 命令提交: type=sd.IssueDirective commandId=99425044-6494-48da-b21d-4a05297f074b correlationId=99425044-6494-48da-b21d-4a05297f074b 新坐标=main@9
23:55:43.458 INFO  io.mosire.simos.app.gui.GuiServer - access POST /api/command -> 200 8ms remote=127.0.0.1
23:55:43.511 INFO  io.mosire.simos.core.command.CommandBus - 命令提交: type=sd.IssueDirective commandId=3404b40f-fdce-41c2-99da-88173d48d220 correlationId=3404b40f-fdce-41c2-99da-88173d48d220 新坐标=main@10
23:55:43.511 INFO  io.mosire.simos.app.gui.GuiServer - access POST /api/command -> 200 8ms remote=127.0.0.1
23:55:43.562 INFO  io.mosire.simos.core.command.CommandBus - 命令提交: type=sd.IssueDirective commandId=6a51cac8-0bc4-4a45-b57e-cc28d4134b8b correlationId=6a51cac8-0bc4-4a45-b57e-cc28d4134b8b 新坐标=main@11
23:55:43.562 INFO  io.mosire.simos.app.gui.GuiServer - access POST /api/command -> 200 6ms remote=127.0.0.1
23:55:43.610 INFO  io.mosire.simos.app.gui.GuiServer - access GET /api/sd/decision-makers/dm-first -> 200 2ms remote=127.0.0.1
23:55:43.655 INFO  io.mosire.agentlib.approval.ApprovalHttpEndpoint - 审批 HTTP 面已停止（端口 45911）
23:55:43.655 INFO  io.mosire.agentlib.approval.HttpApprovalChannel - HTTP 审批通道已关闭
23:55:43.717 INFO  io.mosire.agentlib.mcp.AgentToMcpServer - MCP streamable server 已启动: name=simos-shell version=0.1.0-SNAPSHOT 外发工具 16 个 [sd.IssueDirective, sd.SetViewScope, sd.StartDecision, sd.SubmitVerdict, simos.advance, simos.command.catalog, simos.command.submit, simos.fork, simos.map.hex, simos.map.overview, simos.social.population, simos.state.facets, simos.state.resolve, simos.timeline.branches, simos.unit.get, simos.unit.list]；Registry 共 16 个，未外发 0 个 []
23:55:43.727 INFO  io.mosire.agentlib.mcp.AgentToMcpServer - MCP streamable server 已启动: name=simos-shell-decision version=0.1.0-SNAPSHOT 外发工具 11 个 [sd.IssueDirective, sd.SubmitVerdict, simos.command.catalog, simos.map.hex, simos.map.overview, simos.social.population, simos.state.facets, simos.state.resolve, simos.timeline.branches, simos.unit.get, simos.unit.list]；Registry 共 11 个，未外发 0 个 []
23:55:43.738 INFO  io.mosire.simos.app.gui.GuiServer - GUI 服务器已启动: http://127.0.0.1:46351/（静态 /webui，同源，无 CORS 头）
23:55:43.738 INFO  io.mosire.simos.app.Shell - Shell 装配完成: store=/tmp/junit-129366501889524644 checkpointInterval=100 codec=4 handler=42 participant=2 resolver=4 facet=2 tool=16 decisionTool=11 mapId=Map1 bindAddress=127.0.0.1 mcpPort=46247 decisionAgentMcpPort=46023 guiPort=46351 approvalPort=45141
23:55:43.751 INFO  io.mosire.simos.core.command.CommandBus - 命令提交: type=sd.CreateNation commandId=4094da49-e495-45c5-acbd-defa7c2a029b correlationId=4094da49-e495-45c5-acbd-defa7c2a029b 新坐标=main@2
23:55:43.751 INFO  io.mosire.simos.app.gui.GuiServer - access POST /api/command -> 200 10ms remote=127.0.0.1
23:55:43.758 INFO  io.mosire.simos.core.command.CommandBus - 命令提交: type=sd.CreateArmy commandId=caaa30cf-d2d5-4695-8665-af72f46819e4 correlationId=caaa30cf-d2d5-4695-8665-af72f46819e4 新坐标=main@3
23:55:43.759 INFO  io.mosire.simos.app.gui.GuiServer - access POST /api/command -> 200 5ms remote=127.0.0.1
23:55:43.809 INFO  io.mosire.simos.core.command.CommandBus - 命令提交: type=sd.CreateDecisionMaker commandId=c1ffe10a-285b-4d97-821e-8354e323ae22 correlationId=c1ffe10a-285b-4d97-821e-8354e323ae22 新坐标=main@4
23:55:43.810 INFO  io.mosire.simos.app.gui.GuiServer - access POST /api/command -> 200 6ms remote=127.0.0.1
23:55:43.861 INFO  io.mosire.simos.core.command.CommandBus - 命令提交: type=sd.CreateDecisionMaker commandId=3db5934d-29e6-4c20-9316-c0ba71f26870 correlationId=3db5934d-29e6-4c20-9316-c0ba71f26870 新坐标=main@5
23:55:43.862 INFO  io.mosire.simos.app.gui.GuiServer - access POST /api/command -> 200 6ms remote=127.0.0.1
23:55:43.912 INFO  io.mosire.simos.core.command.CommandBus - 命令提交: type=sd.CreateDecisionMaker commandId=d01d8647-ac63-4a21-bd19-d9c977b7d74b correlationId=d01d8647-ac63-4a21-bd19-d9c977b7d74b 新坐标=main@6
23:55:43.913 INFO  io.mosire.simos.app.gui.GuiServer - access POST /api/command -> 200 5ms remote=127.0.0.1
23:55:43.960 INFO  io.mosire.simos.core.command.CommandBus - 命令提交: type=sd.CreateDecisionMaker commandId=70f29e63-bc6f-4d6f-801f-1a119bb2d042 correlationId=70f29e63-bc6f-4d6f-801f-1a119bb2d042 新坐标=main@7
23:55:43.961 INFO  io.mosire.simos.app.gui.GuiServer - access POST /api/command -> 200 6ms remote=127.0.0.1
23:55:44.014 INFO  io.mosire.simos.core.command.CommandBus - 命令提交: type=sd.IssueDirective commandId=14e7a172-bf02-42b4-94b5-8a604e13c4fd correlationId=14e7a172-bf02-42b4-94b5-8a604e13c4fd 新坐标=main@8
23:55:44.014 INFO  io.mosire.simos.app.gui.GuiServer - access POST /api/command -> 200 7ms remote=127.0.0.1
23:55:44.065 INFO  io.mosire.simos.core.command.CommandBus - 命令提交: type=sd.IssueDirective commandId=f05ef66e-f164-4774-a4b6-806e48aeb9ea correlationId=f05ef66e-f164-4774-a4b6-806e48aeb9ea 新坐标=main@9
23:55:44.065 INFO  io.mosire.simos.app.gui.GuiServer - access POST /api/command -> 200 5ms remote=127.0.0.1
23:55:44.116 INFO  io.mosire.simos.core.command.CommandBus - 命令提交: type=sd.IssueDirective commandId=132b1d07-1c7f-4ffd-89b1-6e1c22bd8888 correlationId=132b1d07-1c7f-4ffd-89b1-6e1c22bd8888 新坐标=main@10
23:55:44.117 INFO  io.mosire.simos.app.gui.GuiServer - access POST /api/command -> 200 6ms remote=127.0.0.1
23:55:44.169 INFO  io.mosire.simos.core.command.CommandBus - 命令提交: type=sd.IssueDirective commandId=d119ba6d-281d-4151-9653-dfd3de24d429 correlationId=d119ba6d-281d-4151-9653-dfd3de24d429 新坐标=main@11
23:55:44.170 INFO  io.mosire.simos.app.gui.GuiServer - access POST /api/command -> 200 6ms remote=127.0.0.1
23:55:44.224 INFO  io.mosire.simos.core.advance.TimeAdvance - 命令提交: type=core.AdvanceTime commandId=522a6410-e5fe-40f3-80a2-c582f306466a correlationId=522a6410-e5fe-40f3-80a2-c582f306466a 新坐标=main@12
23:55:44.225 INFO  io.mosire.simos.app.gui.GuiServer - access POST /api/advance -> 200 7ms remote=127.0.0.1
23:55:44.273 INFO  io.mosire.simos.app.gui.GuiServer - access GET /api/sd/decision-makers/dm-wait -> 200 0ms remote=127.0.0.1
23:55:44.319 INFO  io.mosire.simos.app.gui.GuiServer - access GET /api/sd/decision-makers/dm-first -> 200 0ms remote=127.0.0.1
23:55:44.364 INFO  io.mosire.agentlib.approval.ApprovalHttpEndpoint - 审批 HTTP 面已停止（端口 45141）
23:55:44.364 INFO  io.mosire.agentlib.approval.HttpApprovalChannel - HTTP 审批通道已关闭
23:55:44.424 INFO  io.mosire.agentlib.mcp.AgentToMcpServer - MCP streamable server 已启动: name=simos-shell version=0.1.0-SNAPSHOT 外发工具 16 个 [sd.IssueDirective, sd.SetViewScope, sd.StartDecision, sd.SubmitVerdict, simos.advance, simos.command.catalog, simos.command.submit, simos.fork, simos.map.hex, simos.map.overview, simos.social.population, simos.state.facets, simos.state.resolve, simos.timeline.branches, simos.unit.get, simos.unit.list]；Registry 共 16 个，未外发 0 个 []
23:55:44.433 INFO  io.mosire.agentlib.mcp.AgentToMcpServer - MCP streamable server 已启动: name=simos-shell-decision version=0.1.0-SNAPSHOT 外发工具 11 个 [sd.IssueDirective, sd.SubmitVerdict, simos.command.catalog, simos.map.hex, simos.map.overview, simos.social.population, simos.state.facets, simos.state.resolve, simos.timeline.branches, simos.unit.get, simos.unit.list]；Registry 共 11 个，未外发 0 个 []
23:55:44.444 INFO  io.mosire.simos.app.gui.GuiServer - GUI 服务器已启动: http://127.0.0.1:46415/（静态 /webui，同源，无 CORS 头）
23:55:44.444 INFO  io.mosire.simos.app.Shell - Shell 装配完成: store=/tmp/junit-7655964200168410657 checkpointInterval=100 codec=4 handler=42 participant=2 resolver=4 facet=2 tool=16 decisionTool=11 mapId=Map1 bindAddress=127.0.0.1 mcpPort=45305 decisionAgentMcpPort=44831 guiPort=46415 approvalPort=45133
23:55:44.454 INFO  io.mosire.simos.core.command.CommandBus - 命令提交: type=sd.CreateNation commandId=d3649b24-7e42-4aed-942a-18567163dbc5 correlationId=d3649b24-7e42-4aed-942a-18567163dbc5 新坐标=main@2
23:55:44.455 INFO  io.mosire.simos.app.gui.GuiServer - access POST /api/command -> 200 7ms remote=127.0.0.1
23:55:44.462 INFO  io.mosire.simos.core.command.CommandBus - 命令提交: type=sd.CreateArmy commandId=4bdb1e3c-40dd-47aa-b729-b78880442d50 correlationId=4bdb1e3c-40dd-47aa-b729-b78880442d50 新坐标=main@3
23:55:44.462 INFO  io.mosire.simos.app.gui.GuiServer - access POST /api/command -> 200 5ms remote=127.0.0.1
23:55:44.514 INFO  io.mosire.simos.core.command.CommandBus - 命令提交: type=sd.CreateDecisionMaker commandId=b6c7f728-bce8-4c63-a96b-d1c15097076b correlationId=b6c7f728-bce8-4c63-a96b-d1c15097076b 新坐标=main@4
23:55:44.514 INFO  io.mosire.simos.app.gui.GuiServer - access POST /api/command -> 200 6ms remote=127.0.0.1
23:55:44.564 INFO  io.mosire.simos.core.command.CommandBus - 命令提交: type=sd.CreateDecisionMaker commandId=4f16a972-ca37-4105-b632-c402aee1bd31 correlationId=4f16a972-ca37-4105-b632-c402aee1bd31 新坐标=main@5
23:55:44.565 INFO  io.mosire.simos.app.gui.GuiServer - access POST /api/command -> 200 5ms remote=127.0.0.1
23:55:44.611 INFO  io.mosire.simos.core.command.CommandBus - 命令提交: type=sd.SetViewScope commandId=115e3640-2252-4a18-a576-2944050a9a61 correlationId=115e3640-2252-4a18-a576-2944050a9a61 新坐标=main@6
23:55:44.612 INFO  io.mosire.simos.app.gui.GuiServer - access POST /api/command -> 200 5ms remote=127.0.0.1
23:55:44.655 INFO  io.mosire.simos.app.gui.GuiServer - access GET /api/sd/decision-makers -> 400 0ms remote=127.0.0.1
23:55:44.699 INFO  io.mosire.agentlib.approval.ApprovalHttpEndpoint - 审批 HTTP 面已停止（端口 45133）
23:55:44.699 INFO  io.mosire.agentlib.approval.HttpApprovalChannel - HTTP 审批通道已关闭
23:55:44.760 INFO  io.mosire.agentlib.mcp.AgentToMcpServer - MCP streamable server 已启动: name=simos-shell version=0.1.0-SNAPSHOT 外发工具 16 个 [sd.IssueDirective, sd.SetViewScope, sd.StartDecision, sd.SubmitVerdict, simos.advance, simos.command.catalog, simos.command.submit, simos.fork, simos.map.hex, simos.map.overview, simos.social.population, simos.state.facets, simos.state.resolve, simos.timeline.branches, simos.unit.get, simos.unit.list]；Registry 共 16 个，未外发 0 个 []
23:55:44.770 INFO  io.mosire.agentlib.mcp.AgentToMcpServer - MCP streamable server 已启动: name=simos-shell-decision version=0.1.0-SNAPSHOT 外发工具 11 个 [sd.IssueDirective, sd.SubmitVerdict, simos.command.catalog, simos.map.hex, simos.map.overview, simos.social.population, simos.state.facets, simos.state.resolve, simos.timeline.branches, simos.unit.get, simos.unit.list]；Registry 共 11 个，未外发 0 个 []
23:55:44.779 INFO  io.mosire.simos.app.gui.GuiServer - GUI 服务器已启动: http://127.0.0.1:46259/（静态 /webui，同源，无 CORS 头）
23:55:44.780 INFO  io.mosire.simos.app.Shell - Shell 装配完成: store=/tmp/junit-4837393869347526155 checkpointInterval=100 codec=4 handler=42 participant=2 resolver=4 facet=2 tool=16 decisionTool=11 mapId=Map1 bindAddress=127.0.0.1 mcpPort=45553 decisionAgentMcpPort=45645 guiPort=46259 approvalPort=45643
23:55:44.793 INFO  io.mosire.simos.core.command.CommandBus - 命令提交: type=sd.CreateNation commandId=e1394f0e-730e-4047-9ccb-28edc3e0082a correlationId=e1394f0e-730e-4047-9ccb-28edc3e0082a 新坐标=main@2
23:55:44.794 INFO  io.mosire.simos.app.gui.GuiServer - access POST /api/command -> 200 10ms remote=127.0.0.1
23:55:44.802 INFO  io.mosire.simos.core.command.CommandBus - 命令提交: type=sd.CreateArmy commandId=161bc277-f900-4575-833d-d811b707067b correlationId=161bc277-f900-4575-833d-d811b707067b 新坐标=main@3
23:55:44.803 INFO  io.mosire.simos.app.gui.GuiServer - access POST /api/command -> 200 6ms remote=127.0.0.1
23:55:44.859 INFO  io.mosire.simos.core.command.CommandBus - 命令提交: type=sd.CreateDecisionMaker commandId=e8343084-af1e-4648-905e-8ff2a14bf283 correlationId=e8343084-af1e-4648-905e-8ff2a14bf283 新坐标=main@4
23:55:44.860 INFO  io.mosire.simos.app.gui.GuiServer - access POST /api/command -> 200 12ms remote=127.0.0.1
23:55:44.915 INFO  io.mosire.simos.core.command.CommandBus - 命令提交: type=sd.CreateDecisionMaker commandId=590d69a9-f767-4a24-bf47-29f25a5f2d3b correlationId=590d69a9-f767-4a24-bf47-29f25a5f2d3b 新坐标=main@5
23:55:44.916 INFO  io.mosire.simos.app.gui.GuiServer - access POST /api/command -> 200 7ms remote=127.0.0.1
23:55:44.964 INFO  io.mosire.simos.core.command.CommandBus - 命令提交: type=sd.SetViewScope commandId=05aa7537-ea8f-4132-aaa4-0f70bb354b49 correlationId=05aa7537-ea8f-4132-aaa4-0f70bb354b49 新坐标=main@6
23:55:44.964 INFO  io.mosire.simos.app.gui.GuiServer - access POST /api/command -> 200 5ms remote=127.0.0.1
23:55:45.008 INFO  io.mosire.simos.app.gui.GuiServer - access GET /api/sd/decision-makers -> 400 0ms remote=127.0.0.1
23:55:45.051 INFO  io.mosire.agentlib.approval.ApprovalHttpEndpoint - 审批 HTTP 面已停止（端口 45643）
23:55:45.052 INFO  io.mosire.agentlib.approval.HttpApprovalChannel - HTTP 审批通道已关闭
23:55:45.105 INFO  io.mosire.agentlib.mcp.AgentToMcpServer - MCP streamable server 已启动: name=simos-shell version=0.1.0-SNAPSHOT 外发工具 16 个 [sd.IssueDirective, sd.SetViewScope, sd.StartDecision, sd.SubmitVerdict, simos.advance, simos.command.catalog, simos.command.submit, simos.fork, simos.map.hex, simos.map.overview, simos.social.population, simos.state.facets, simos.state.resolve, simos.timeline.branches, simos.unit.get, simos.unit.list]；Registry 共 16 个，未外发 0 个 []
23:55:45.115 INFO  io.mosire.agentlib.mcp.AgentToMcpServer - MCP streamable server 已启动: name=simos-shell-decision version=0.1.0-SNAPSHOT 外发工具 11 个 [sd.IssueDirective, sd.SubmitVerdict, simos.command.catalog, simos.map.hex, simos.map.overview, simos.social.population, simos.state.facets, simos.state.resolve, simos.timeline.branches, simos.unit.get, simos.unit.list]；Registry 共 11 个，未外发 0 个 []
23:55:45.125 INFO  io.mosire.simos.app.gui.GuiServer - GUI 服务器已启动: http://127.0.0.1:46543/（静态 /webui，同源，无 CORS 头）
23:55:45.125 INFO  io.mosire.simos.app.Shell - Shell 装配完成: store=/tmp/junit-5400713310117686429 checkpointInterval=100 codec=4 handler=42 participant=2 resolver=4 facet=2 tool=16 decisionTool=11 mapId=Map1 bindAddress=127.0.0.1 mcpPort=45149 decisionAgentMcpPort=45347 guiPort=46543 approvalPort=44883
23:55:45.135 INFO  io.mosire.simos.core.command.CommandBus - 命令提交: type=sd.CreateNation commandId=ee1187e7-ff7d-4698-a0b9-92d16c5fe724 correlationId=ee1187e7-ff7d-4698-a0b9-92d16c5fe724 新坐标=main@2
23:55:45.136 INFO  io.mosire.simos.app.gui.GuiServer - access POST /api/command -> 200 7ms remote=127.0.0.1
23:55:45.141 INFO  io.mosire.simos.core.command.CommandBus - 命令提交: type=sd.CreateArmy commandId=738d65f6-4894-4cad-ab1e-9b7bfea9613a correlationId=738d65f6-4894-4cad-ab1e-9b7bfea9613a 新坐标=main@3
23:55:45.141 INFO  io.mosire.simos.app.gui.GuiServer - access POST /api/command -> 200 4ms remote=127.0.0.1
23:55:45.192 INFO  io.mosire.simos.core.command.CommandBus - 命令提交: type=sd.CreateDecisionMaker commandId=3d2754b6-7886-469e-8017-41535bf3f715 correlationId=3d2754b6-7886-469e-8017-41535bf3f715 新坐标=main@4
23:55:45.193 INFO  io.mosire.simos.app.gui.GuiServer - access POST /api/command -> 200 5ms remote=127.0.0.1
23:55:45.240 INFO  io.mosire.simos.core.command.CommandBus - 命令提交: type=sd.CreateDecisionMaker commandId=ec6060a2-1812-4bc1-a4d5-d82a8e3b76b0 correlationId=ec6060a2-1812-4bc1-a4d5-d82a8e3b76b0 新坐标=main@5
23:55:45.240 INFO  io.mosire.simos.app.gui.GuiServer - access POST /api/command -> 200 5ms remote=127.0.0.1
23:55:45.288 INFO  io.mosire.simos.core.command.CommandBus - 命令提交: type=sd.CreateDecisionMaker commandId=2daa3a3c-946d-492d-8486-9afcccb8c875 correlationId=2daa3a3c-946d-492d-8486-9afcccb8c875 新坐标=main@6
23:55:45.288 INFO  io.mosire.simos.app.gui.GuiServer - access POST /api/command -> 200 5ms remote=127.0.0.1
23:55:45.337 INFO  io.mosire.simos.core.command.CommandBus - 命令提交: type=sd.CreateDecisionMaker commandId=c45447c7-3835-416d-8de0-14699f1e71aa correlationId=c45447c7-3835-416d-8de0-14699f1e71aa 新坐标=main@7
23:55:45.338 INFO  io.mosire.simos.app.gui.GuiServer - access POST /api/command -> 200 6ms remote=127.0.0.1
23:55:45.395 INFO  io.mosire.simos.core.command.CommandBus - 命令提交: type=sd.IssueDirective commandId=aec598a5-1590-47ed-8c84-149d8a28c474 correlationId=aec598a5-1590-47ed-8c84-149d8a28c474 新坐标=main@8
23:55:45.396 INFO  io.mosire.simos.app.gui.GuiServer - access POST /api/command -> 200 9ms remote=127.0.0.1
23:55:45.444 INFO  io.mosire.simos.core.command.CommandBus - 命令提交: type=sd.IssueDirective commandId=badfa909-061f-4b8d-b6dc-c5e442fc13ca correlationId=badfa909-061f-4b8d-b6dc-c5e442fc13ca 新坐标=main@9
23:55:45.444 INFO  io.mosire.simos.app.gui.GuiServer - access POST /api/command -> 200 5ms remote=127.0.0.1
23:55:45.493 INFO  io.mosire.simos.core.command.CommandBus - 命令提交: type=sd.IssueDirective commandId=2a65034e-b627-4df2-b811-7ef707aae73c correlationId=2a65034e-b627-4df2-b811-7ef707aae73c 新坐标=main@10
23:55:45.494 INFO  io.mosire.simos.app.gui.GuiServer - access POST /api/command -> 200 6ms remote=127.0.0.1
23:55:45.545 INFO  io.mosire.simos.core.command.CommandBus - 命令提交: type=sd.IssueDirective commandId=6de2ba1f-e39d-484e-8763-5c93c2ae0cdb correlationId=6de2ba1f-e39d-484e-8763-5c93c2ae0cdb 新坐标=main@11
23:55:45.545 INFO  io.mosire.simos.app.gui.GuiServer - access POST /api/command -> 200 6ms remote=127.0.0.1
23:55:45.593 INFO  io.mosire.simos.app.gui.GuiServer - access GET /api/sd/decision-makers -> 200 2ms remote=127.0.0.1
23:55:45.643 INFO  io.mosire.simos.app.gui.GuiServer - access GET /api/sd/decision-makers/dm-due -> 200 0ms remote=127.0.0.1
23:55:45.687 INFO  io.mosire.simos.app.gui.GuiServer - access GET /api/sd/decision-makers/dm-first -> 200 0ms remote=127.0.0.1
23:55:45.731 INFO  io.mosire.simos.app.gui.GuiServer - access GET /api/sd/decision-makers/dm-max -> 200 0ms remote=127.0.0.1
23:55:45.775 INFO  io.mosire.simos.app.gui.GuiServer - access GET /api/sd/decision-makers/dm-wait -> 200 0ms remote=127.0.0.1
23:55:45.819 INFO  io.mosire.agentlib.approval.ApprovalHttpEndpoint - 审批 HTTP 面已停止（端口 44883）
23:55:45.819 INFO  io.mosire.agentlib.approval.HttpApprovalChannel - HTTP 审批通道已关闭
23:55:45.876 INFO  io.mosire.agentlib.mcp.AgentToMcpServer - MCP streamable server 已启动: name=simos-shell version=0.1.0-SNAPSHOT 外发工具 16 个 [sd.IssueDirective, sd.SetViewScope, sd.StartDecision, sd.SubmitVerdict, simos.advance, simos.command.catalog, simos.command.submit, simos.fork, simos.map.hex, simos.map.overview, simos.social.population, simos.state.facets, simos.state.resolve, simos.timeline.branches, simos.unit.get, simos.unit.list]；Registry 共 16 个，未外发 0 个 []
23:55:45.886 INFO  io.mosire.agentlib.mcp.AgentToMcpServer - MCP streamable server 已启动: name=simos-shell-decision version=0.1.0-SNAPSHOT 外发工具 11 个 [sd.IssueDirective, sd.SubmitVerdict, simos.command.catalog, simos.map.hex, simos.map.overview, simos.social.population, simos.state.facets, simos.state.resolve, simos.timeline.branches, simos.unit.get, simos.unit.list]；Registry 共 11 个，未外发 0 个 []
23:55:45.896 INFO  io.mosire.simos.app.gui.GuiServer - GUI 服务器已启动: http://127.0.0.1:45809/（静态 /webui，同源，无 CORS 头）
23:55:45.896 INFO  io.mosire.simos.app.Shell - Shell 装配完成: store=/tmp/junit-17491374572394126453 checkpointInterval=100 codec=4 handler=42 participant=2 resolver=4 facet=2 tool=16 decisionTool=11 mapId=Map1 bindAddress=127.0.0.1 mcpPort=45017 decisionAgentMcpPort=44905 guiPort=45809 approvalPort=45357
23:55:45.906 INFO  io.mosire.simos.core.command.CommandBus - 命令提交: type=sd.CreateNation commandId=3ed982a9-c85e-4d78-bc56-f5d7b40a37df correlationId=3ed982a9-c85e-4d78-bc56-f5d7b40a37df 新坐标=main@2
23:55:45.907 INFO  io.mosire.simos.app.gui.GuiServer - access POST /api/command -> 200 8ms remote=127.0.0.1
23:55:45.913 INFO  io.mosire.simos.core.command.CommandBus - 命令提交: type=sd.CreateArmy commandId=bb1a0caa-bf0d-455f-ae45-ba5acc1d4a06 correlationId=bb1a0caa-bf0d-455f-ae45-ba5acc1d4a06 新坐标=main@3
23:55:45.913 INFO  io.mosire.simos.app.gui.GuiServer - access POST /api/command -> 200 4ms remote=127.0.0.1
23:55:45.964 INFO  io.mosire.simos.core.command.CommandBus - 命令提交: type=sd.CreateDecisionMaker commandId=23966222-ab1c-47c9-82dc-43411fd38acb correlationId=23966222-ab1c-47c9-82dc-43411fd38acb 新坐标=main@4
23:55:45.965 INFO  io.mosire.simos.app.gui.GuiServer - access POST /api/command -> 200 5ms remote=127.0.0.1
23:55:46.013 INFO  io.mosire.simos.core.command.CommandBus - 命令提交: type=sd.CreateDecisionMaker commandId=e9333052-b47d-426f-be69-1ef97f5fcc49 correlationId=e9333052-b47d-426f-be69-1ef97f5fcc49 新坐标=main@5
23:55:46.013 INFO  io.mosire.simos.app.gui.GuiServer - access POST /api/command -> 200 6ms remote=127.0.0.1
23:55:46.064 INFO  io.mosire.simos.core.command.CommandBus - 命令提交: type=sd.SetViewScope commandId=f936ff18-265c-4b06-842b-014575d1fa02 correlationId=f936ff18-265c-4b06-842b-014575d1fa02 新坐标=main@6
23:55:46.064 INFO  io.mosire.simos.app.gui.GuiServer - access POST /api/command -> 200 5ms remote=127.0.0.1
23:55:46.107 INFO  io.mosire.simos.app.gui.GuiServer - access POST /api/sd/decision-makers -> 405 0ms remote=127.0.0.1
23:55:46.151 INFO  io.mosire.agentlib.approval.ApprovalHttpEndpoint - 审批 HTTP 面已停止（端口 45357）
23:55:46.152 INFO  io.mosire.agentlib.approval.HttpApprovalChannel - HTTP 审批通道已关闭
23:55:46.201 INFO  io.mosire.agentlib.mcp.AgentToMcpServer - MCP streamable server 已启动: name=simos-shell version=0.1.0-SNAPSHOT 外发工具 16 个 [sd.IssueDirective, sd.SetViewScope, sd.StartDecision, sd.SubmitVerdict, simos.advance, simos.command.catalog, simos.command.submit, simos.fork, simos.map.hex, simos.map.overview, simos.social.population, simos.state.facets, simos.state.resolve, simos.timeline.branches, simos.unit.get, simos.unit.list]；Registry 共 16 个，未外发 0 个 []
23:55:46.211 INFO  io.mosire.agentlib.mcp.AgentToMcpServer - MCP streamable server 已启动: name=simos-shell-decision version=0.1.0-SNAPSHOT 外发工具 11 个 [sd.IssueDirective, sd.SubmitVerdict, simos.command.catalog, simos.map.hex, simos.map.overview, simos.social.population, simos.state.facets, simos.state.resolve, simos.timeline.branches, simos.unit.get, simos.unit.list]；Registry 共 11 个，未外发 0 个 []
23:55:46.221 INFO  io.mosire.simos.app.gui.GuiServer - GUI 服务器已启动: http://127.0.0.1:46447/（静态 /webui，同源，无 CORS 头）
23:55:46.221 INFO  io.mosire.simos.app.Shell - Shell 装配完成: store=/tmp/junit-7425350054245356565 checkpointInterval=100 codec=4 handler=42 participant=2 resolver=4 facet=2 tool=16 decisionTool=11 mapId=Map1 bindAddress=127.0.0.1 mcpPort=46031 decisionAgentMcpPort=45145 guiPort=46447 approvalPort=46227
23:55:46.231 INFO  io.mosire.simos.core.command.CommandBus - 命令提交: type=sd.CreateNation commandId=b417ca6a-355f-4e1a-b21f-9da963cdadf6 correlationId=b417ca6a-355f-4e1a-b21f-9da963cdadf6 新坐标=main@2
23:55:46.232 INFO  io.mosire.simos.app.gui.GuiServer - access POST /api/command -> 200 8ms remote=127.0.0.1
23:55:46.238 INFO  io.mosire.simos.core.command.CommandBus - 命令提交: type=sd.CreateArmy commandId=32f081f9-d274-4b7d-8625-e9844cfdc249 correlationId=32f081f9-d274-4b7d-8625-e9844cfdc249 新坐标=main@3
23:55:46.238 INFO  io.mosire.simos.app.gui.GuiServer - access POST /api/command -> 200 4ms remote=127.0.0.1
23:55:46.287 INFO  io.mosire.simos.core.command.CommandBus - 命令提交: type=sd.CreateDecisionMaker commandId=3cace7ac-12b3-4e05-bd4f-15a7b134a32f correlationId=3cace7ac-12b3-4e05-bd4f-15a7b134a32f 新坐标=main@4
23:55:46.288 INFO  io.mosire.simos.app.gui.GuiServer - access POST /api/command -> 200 5ms remote=127.0.0.1
23:55:46.337 INFO  io.mosire.simos.core.command.CommandBus - 命令提交: type=sd.CreateDecisionMaker commandId=7e79fded-da7c-4029-a0d7-2dbd1eae76cd correlationId=7e79fded-da7c-4029-a0d7-2dbd1eae76cd 新坐标=main@5
23:55:46.337 INFO  io.mosire.simos.app.gui.GuiServer - access POST /api/command -> 200 5ms remote=127.0.0.1
23:55:46.388 INFO  io.mosire.simos.core.command.CommandBus - 命令提交: type=sd.SetViewScope commandId=09b6dae5-5d54-41ac-b864-ae818f353e5a correlationId=09b6dae5-5d54-41ac-b864-ae818f353e5a 新坐标=main@6
23:55:46.389 INFO  io.mosire.simos.app.gui.GuiServer - access POST /api/command -> 200 6ms remote=127.0.0.1
23:55:46.436 INFO  io.mosire.simos.app.gui.GuiServer - access GET /api/sd/decision-makers/dm-nation -> 200 1ms remote=127.0.0.1
23:55:46.479 INFO  io.mosire.agentlib.approval.ApprovalHttpEndpoint - 审批 HTTP 面已停止（端口 46227）
23:55:46.479 INFO  io.mosire.agentlib.approval.HttpApprovalChannel - HTTP 审批通道已关闭
23:55:46.526 INFO  io.mosire.agentlib.mcp.AgentToMcpServer - MCP streamable server 已启动: name=simos-shell version=0.1.0-SNAPSHOT 外发工具 16 个 [sd.IssueDirective, sd.SetViewScope, sd.StartDecision, sd.SubmitVerdict, simos.advance, simos.command.catalog, simos.command.submit, simos.fork, simos.map.hex, simos.map.overview, simos.social.population, simos.state.facets, simos.state.resolve, simos.timeline.branches, simos.unit.get, simos.unit.list]；Registry 共 16 个，未外发 0 个 []
23:55:46.536 INFO  io.mosire.agentlib.mcp.AgentToMcpServer - MCP streamable server 已启动: name=simos-shell-decision version=0.1.0-SNAPSHOT 外发工具 11 个 [sd.IssueDirective, sd.SubmitVerdict, simos.command.catalog, simos.map.hex, simos.map.overview, simos.social.population, simos.state.facets, simos.state.resolve, simos.timeline.branches, simos.unit.get, simos.unit.list]；Registry 共 11 个，未外发 0 个 []
23:55:46.546 INFO  io.mosire.simos.app.gui.GuiServer - GUI 服务器已启动: http://127.0.0.1:46117/（静态 /webui，同源，无 CORS 头）
23:55:46.546 INFO  io.mosire.simos.app.Shell - Shell 装配完成: store=/tmp/junit-2609556326561237769 checkpointInterval=100 codec=4 handler=42 participant=2 resolver=4 facet=2 tool=16 decisionTool=11 mapId=Map1 bindAddress=127.0.0.1 mcpPort=45095 decisionAgentMcpPort=46175 guiPort=46117 approvalPort=46141
23:55:46.557 INFO  io.mosire.simos.core.command.CommandBus - 命令提交: type=sd.CreateNation commandId=a64c43c8-31dc-4963-8f4c-fd5e251dd03d correlationId=a64c43c8-31dc-4963-8f4c-fd5e251dd03d 新坐标=main@2
23:55:46.558 INFO  io.mosire.simos.app.gui.GuiServer - access POST /api/command -> 200 9ms remote=127.0.0.1
23:55:46.563 INFO  io.mosire.simos.core.command.CommandBus - 命令提交: type=sd.CreateArmy commandId=068d4935-b03d-46d5-8f4e-c1ddf0ce5818 correlationId=068d4935-b03d-46d5-8f4e-c1ddf0ce5818 新坐标=main@3
23:55:46.563 INFO  io.mosire.simos.app.gui.GuiServer - access POST /api/command -> 200 4ms remote=127.0.0.1
23:55:46.612 INFO  io.mosire.simos.core.command.CommandBus - 命令提交: type=sd.CreateDecisionMaker commandId=8ebf5d86-fa68-455f-bfc0-9c58bcf81843 correlationId=8ebf5d86-fa68-455f-bfc0-9c58bcf81843 新坐标=main@4
23:55:46.612 INFO  io.mosire.simos.app.gui.GuiServer - access POST /api/command -> 200 5ms remote=127.0.0.1
23:55:46.660 INFO  io.mosire.simos.core.command.CommandBus - 命令提交: type=sd.CreateDecisionMaker commandId=e773fc0e-3d4f-4206-b3f8-0d4c053ce05b correlationId=e773fc0e-3d4f-4206-b3f8-0d4c053ce05b 新坐标=main@5
23:55:46.660 INFO  io.mosire.simos.app.gui.GuiServer - access POST /api/command -> 200 5ms remote=127.0.0.1
23:55:46.709 INFO  io.mosire.simos.core.command.CommandBus - 命令提交: type=sd.SetViewScope commandId=f06dda55-9828-4b5e-9300-0da3ca5a3353 correlationId=f06dda55-9828-4b5e-9300-0da3ca5a3353 新坐标=main@6
23:55:46.709 INFO  io.mosire.simos.app.gui.GuiServer - access POST /api/command -> 200 6ms remote=127.0.0.1
23:55:46.757 INFO  io.mosire.simos.app.gui.GuiServer - access GET /api/sd/decision-makers/dm-nope -> 404 1ms remote=127.0.0.1
23:55:46.803 INFO  io.mosire.agentlib.approval.ApprovalHttpEndpoint - 审批 HTTP 面已停止（端口 46141）
23:55:46.803 INFO  io.mosire.agentlib.approval.HttpApprovalChannel - HTTP 审批通道已关闭
23:55:46.854 INFO  io.mosire.agentlib.mcp.AgentToMcpServer - MCP streamable server 已启动: name=simos-shell version=0.1.0-SNAPSHOT 外发工具 16 个 [sd.IssueDirective, sd.SetViewScope, sd.StartDecision, sd.SubmitVerdict, simos.advance, simos.command.catalog, simos.command.submit, simos.fork, simos.map.hex, simos.map.overview, simos.social.population, simos.state.facets, simos.state.resolve, simos.timeline.branches, simos.unit.get, simos.unit.list]；Registry 共 16 个，未外发 0 个 []
23:55:46.863 INFO  io.mosire.agentlib.mcp.AgentToMcpServer - MCP streamable server 已启动: name=simos-shell-decision version=0.1.0-SNAPSHOT 外发工具 11 个 [sd.IssueDirective, sd.SubmitVerdict, simos.command.catalog, simos.map.hex, simos.map.overview, simos.social.population, simos.state.facets, simos.state.resolve, simos.timeline.branches, simos.unit.get, simos.unit.list]；Registry 共 11 个，未外发 0 个 []
23:55:46.873 INFO  io.mosire.simos.app.gui.GuiServer - GUI 服务器已启动: http://127.0.0.1:46301/（静态 /webui，同源，无 CORS 头）
23:55:46.874 INFO  io.mosire.simos.app.Shell - Shell 装配完成: store=/tmp/junit-2519360079512481904 checkpointInterval=100 codec=4 handler=42 participant=2 resolver=4 facet=2 tool=16 decisionTool=11 mapId=Map1 bindAddress=127.0.0.1 mcpPort=46417 decisionAgentMcpPort=45029 guiPort=46301 approvalPort=45321
23:55:46.890 INFO  io.mosire.simos.core.command.CommandBus - 命令提交: type=sd.CreateNation commandId=00a3adc5-30bf-4f25-b956-921701a559dd correlationId=00a3adc5-30bf-4f25-b956-921701a559dd 新坐标=main@2
23:55:46.891 INFO  io.mosire.simos.app.gui.GuiServer - access POST /api/command -> 200 14ms remote=127.0.0.1
23:55:46.898 INFO  io.mosire.simos.core.command.CommandBus - 命令提交: type=sd.CreateArmy commandId=fc405e39-4879-4d2a-877c-a67d5f5955aa correlationId=fc405e39-4879-4d2a-877c-a67d5f5955aa 新坐标=main@3
23:55:46.899 INFO  io.mosire.simos.app.gui.GuiServer - access POST /api/command -> 200 5ms remote=127.0.0.1
23:55:46.947 INFO  io.mosire.simos.core.command.CommandBus - 命令提交: type=sd.CreateDecisionMaker commandId=094f4fb6-1cad-481b-bcc0-8a5f15f25e2a correlationId=094f4fb6-1cad-481b-bcc0-8a5f15f25e2a 新坐标=main@4
23:55:46.948 INFO  io.mosire.simos.app.gui.GuiServer - access POST /api/command -> 200 5ms remote=127.0.0.1
23:55:46.996 INFO  io.mosire.simos.core.command.CommandBus - 命令提交: type=sd.CreateDecisionMaker commandId=bd1ecb2e-5764-4cf8-8e7f-c50921cd100a correlationId=bd1ecb2e-5764-4cf8-8e7f-c50921cd100a 新坐标=main@5
23:55:46.997 INFO  io.mosire.simos.app.gui.GuiServer - access POST /api/command -> 200 5ms remote=127.0.0.1
23:55:47.044 INFO  io.mosire.simos.core.command.CommandBus - 命令提交: type=sd.SetViewScope commandId=322d6f7c-0225-4266-9ef6-b2c520e483b0 correlationId=322d6f7c-0225-4266-9ef6-b2c520e483b0 新坐标=main@6
23:55:47.045 INFO  io.mosire.simos.app.gui.GuiServer - access POST /api/command -> 200 6ms remote=127.0.0.1
23:55:47.092 INFO  io.mosire.simos.app.gui.GuiServer - access GET /api/sd/decision-makers -> 200 1ms remote=127.0.0.1
23:55:47.135 INFO  io.mosire.agentlib.approval.ApprovalHttpEndpoint - 审批 HTTP 面已停止（端口 45321）
23:55:47.135 INFO  io.mosire.agentlib.approval.HttpApprovalChannel - HTTP 审批通道已关闭
23:55:47.181 INFO  io.mosire.agentlib.mcp.AgentToMcpServer - MCP streamable server 已启动: name=simos-shell version=0.1.0-SNAPSHOT 外发工具 16 个 [sd.IssueDirective, sd.SetViewScope, sd.StartDecision, sd.SubmitVerdict, simos.advance, simos.command.catalog, simos.command.submit, simos.fork, simos.map.hex, simos.map.overview, simos.social.population, simos.state.facets, simos.state.resolve, simos.timeline.branches, simos.unit.get, simos.unit.list]；Registry 共 16 个，未外发 0 个 []
23:55:47.192 INFO  io.mosire.agentlib.mcp.AgentToMcpServer - MCP streamable server 已启动: name=simos-shell-decision version=0.1.0-SNAPSHOT 外发工具 11 个 [sd.IssueDirective, sd.SubmitVerdict, simos.command.catalog, simos.map.hex, simos.map.overview, simos.social.population, simos.state.facets, simos.state.resolve, simos.timeline.branches, simos.unit.get, simos.unit.list]；Registry 共 11 个，未外发 0 个 []
23:55:47.201 INFO  io.mosire.simos.app.gui.GuiServer - GUI 服务器已启动: http://127.0.0.1:45963/（静态 /webui，同源，无 CORS 头）
23:55:47.202 INFO  io.mosire.simos.app.Shell - Shell 装配完成: store=/tmp/junit-18353101075522435557 checkpointInterval=100 codec=4 handler=42 participant=2 resolver=4 facet=2 tool=16 decisionTool=11 mapId=Map1 bindAddress=127.0.0.1 mcpPort=46427 decisionAgentMcpPort=45251 guiPort=45963 approvalPort=44665
23:55:47.216 INFO  io.mosire.simos.core.command.CommandBus - 命令提交: type=sd.CreateNation commandId=e3ecadb7-d8f7-4879-9494-c6e18d3534b4 correlationId=e3ecadb7-d8f7-4879-9494-c6e18d3534b4 新坐标=main@2
23:55:47.217 INFO  io.mosire.simos.app.gui.GuiServer - access POST /api/command -> 200 12ms remote=127.0.0.1
23:55:47.223 INFO  io.mosire.simos.core.command.CommandBus - 命令提交: type=sd.CreateArmy commandId=2a056f1d-0183-4dc6-a475-167000c71345 correlationId=2a056f1d-0183-4dc6-a475-167000c71345 新坐标=main@3
23:55:47.223 INFO  io.mosire.simos.app.gui.GuiServer - access POST /api/command -> 200 3ms remote=127.0.0.1
23:55:47.271 INFO  io.mosire.simos.core.command.CommandBus - 命令提交: type=sd.CreateDecisionMaker commandId=78068274-6c9d-4573-8c07-c48fd2fc48eb correlationId=78068274-6c9d-4573-8c07-c48fd2fc48eb 新坐标=main@4
23:55:47.271 INFO  io.mosire.simos.app.gui.GuiServer - access POST /api/command -> 200 4ms remote=127.0.0.1
23:55:47.319 INFO  io.mosire.simos.core.command.CommandBus - 命令提交: type=sd.CreateDecisionMaker commandId=4042574e-a0fa-450f-8b37-c8a26d97f2b8 correlationId=4042574e-a0fa-450f-8b37-c8a26d97f2b8 新坐标=main@5
23:55:47.320 INFO  io.mosire.simos.app.gui.GuiServer - access POST /api/command -> 200 5ms remote=127.0.0.1
23:55:47.367 INFO  io.mosire.simos.core.command.CommandBus - 命令提交: type=sd.SetViewScope commandId=cefdf0cf-e9ea-4c74-88d3-0bfae590e937 correlationId=cefdf0cf-e9ea-4c74-88d3-0bfae590e937 新坐标=main@6
23:55:47.367 INFO  io.mosire.simos.app.gui.GuiServer - access POST /api/command -> 200 4ms remote=127.0.0.1
23:55:47.411 INFO  io.mosire.simos.app.gui.GuiServer - access GET /api/sd/decision-makers -> 400 0ms remote=127.0.0.1
23:55:47.455 INFO  io.mosire.agentlib.approval.ApprovalHttpEndpoint - 审批 HTTP 面已停止（端口 44665）
23:55:47.455 INFO  io.mosire.agentlib.approval.HttpApprovalChannel - HTTP 审批通道已关闭
23:55:47.501 INFO  io.mosire.agentlib.mcp.AgentToMcpServer - MCP streamable server 已启动: name=simos-shell version=0.1.0-SNAPSHOT 外发工具 16 个 [sd.IssueDirective, sd.SetViewScope, sd.StartDecision, sd.SubmitVerdict, simos.advance, simos.command.catalog, simos.command.submit, simos.fork, simos.map.hex, simos.map.overview, simos.social.population, simos.state.facets, simos.state.resolve, simos.timeline.branches, simos.unit.get, simos.unit.list]；Registry 共 16 个，未外发 0 个 []
23:55:47.511 INFO  io.mosire.agentlib.mcp.AgentToMcpServer - MCP streamable server 已启动: name=simos-shell-decision version=0.1.0-SNAPSHOT 外发工具 11 个 [sd.IssueDirective, sd.SubmitVerdict, simos.command.catalog, simos.map.hex, simos.map.overview, simos.social.population, simos.state.facets, simos.state.resolve, simos.timeline.branches, simos.unit.get, simos.unit.list]；Registry 共 11 个，未外发 0 个 []
23:55:47.521 INFO  io.mosire.simos.app.gui.GuiServer - GUI 服务器已启动: http://127.0.0.1:46583/（静态 /webui，同源，无 CORS 头）
23:55:47.521 INFO  io.mosire.simos.app.Shell - Shell 装配完成: store=/tmp/junit-14630734539517949931 checkpointInterval=100 codec=4 handler=42 participant=2 resolver=4 facet=2 tool=16 decisionTool=11 mapId=Map1 bindAddress=127.0.0.1 mcpPort=46151 decisionAgentMcpPort=45805 guiPort=46583 approvalPort=44749
23:55:47.530 INFO  io.mosire.simos.core.command.CommandBus - 命令提交: type=sd.CreateNation commandId=734b9f20-e101-4fc7-a9f6-df688d22592c correlationId=734b9f20-e101-4fc7-a9f6-df688d22592c 新坐标=main@2
23:55:47.531 INFO  io.mosire.simos.app.gui.GuiServer - access POST /api/command -> 200 7ms remote=127.0.0.1
23:55:47.538 INFO  io.mosire.simos.core.command.CommandBus - 命令提交: type=sd.CreateArmy commandId=97a410b8-80f2-4920-a030-13a3289a73b0 correlationId=97a410b8-80f2-4920-a030-13a3289a73b0 新坐标=main@3
23:55:47.538 INFO  io.mosire.simos.app.gui.GuiServer - access POST /api/command -> 200 5ms remote=127.0.0.1
23:55:47.588 INFO  io.mosire.simos.core.command.CommandBus - 命令提交: type=sd.CreateDecisionMaker commandId=04207a9e-4304-41f5-b653-d0b609e76585 correlationId=04207a9e-4304-41f5-b653-d0b609e76585 新坐标=main@4
23:55:47.588 INFO  io.mosire.simos.app.gui.GuiServer - access POST /api/command -> 200 5ms remote=127.0.0.1
23:55:47.637 INFO  io.mosire.simos.core.command.CommandBus - 命令提交: type=sd.CreateDecisionMaker commandId=0fa7a670-16dd-4060-b5e7-d71cc82f5ba5 correlationId=0fa7a670-16dd-4060-b5e7-d71cc82f5ba5 新坐标=main@5
23:55:47.637 INFO  io.mosire.simos.app.gui.GuiServer - access POST /api/command -> 200 5ms remote=127.0.0.1
23:55:47.688 INFO  io.mosire.simos.core.command.CommandBus - 命令提交: type=sd.CreateDecisionMaker commandId=156253f6-a36b-44b6-ad94-6c2bfa4460b8 correlationId=156253f6-a36b-44b6-ad94-6c2bfa4460b8 新坐标=main@6
23:55:47.689 INFO  io.mosire.simos.app.gui.GuiServer - access POST /api/command -> 200 5ms remote=127.0.0.1
23:55:47.740 INFO  io.mosire.simos.core.command.CommandBus - 命令提交: type=sd.CreateDecisionMaker commandId=4be2849d-b439-4b24-bb00-1be0ee142369 correlationId=4be2849d-b439-4b24-bb00-1be0ee142369 新坐标=main@7
23:55:47.740 INFO  io.mosire.simos.app.gui.GuiServer - access POST /api/command -> 200 5ms remote=127.0.0.1
23:55:47.788 INFO  io.mosire.simos.core.command.CommandBus - 命令提交: type=sd.IssueDirective commandId=7d0852f3-3872-4028-a421-3a8e77c52006 correlationId=7d0852f3-3872-4028-a421-3a8e77c52006 新坐标=main@8
23:55:47.789 INFO  io.mosire.simos.app.gui.GuiServer - access POST /api/command -> 200 5ms remote=127.0.0.1
23:55:47.840 INFO  io.mosire.simos.core.command.CommandBus - 命令提交: type=sd.IssueDirective commandId=80c025b0-44e1-46b3-9fb2-704994828460 correlationId=80c025b0-44e1-46b3-9fb2-704994828460 新坐标=main@9
23:55:47.840 INFO  io.mosire.simos.app.gui.GuiServer - access POST /api/command -> 200 5ms remote=127.0.0.1
23:55:47.889 INFO  io.mosire.simos.core.command.CommandBus - 命令提交: type=sd.IssueDirective commandId=df69d3c1-61b3-4507-ae25-12b81512108c correlationId=df69d3c1-61b3-4507-ae25-12b81512108c 新坐标=main@10
23:55:47.889 INFO  io.mosire.simos.app.gui.GuiServer - access POST /api/command -> 200 6ms remote=127.0.0.1
23:55:47.940 INFO  io.mosire.simos.core.command.CommandBus - 命令提交: type=sd.IssueDirective commandId=f2ac634f-d2fb-4670-bd6f-2bf46c44365f correlationId=f2ac634f-d2fb-4670-bd6f-2bf46c44365f 新坐标=main@11
23:55:47.941 INFO  io.mosire.simos.app.gui.GuiServer - access POST /api/command -> 200 6ms remote=127.0.0.1
23:55:47.993 INFO  io.mosire.simos.core.advance.TimeAdvance - 命令提交: type=core.AdvanceTime commandId=a0a31b8c-9708-4cbc-8fb1-c833a0a7be59 correlationId=a0a31b8c-9708-4cbc-8fb1-c833a0a7be59 新坐标=main@12
23:55:47.993 INFO  io.mosire.simos.app.gui.GuiServer - access POST /api/advance -> 200 6ms remote=127.0.0.1
23:55:48.042 INFO  io.mosire.simos.app.gui.GuiServer - access GET /api/sd/decision-makers -> 200 2ms remote=127.0.0.1
23:55:48.087 INFO  io.mosire.agentlib.approval.ApprovalHttpEndpoint - 审批 HTTP 面已停止（端口 44749）
23:55:48.087 INFO  io.mosire.agentlib.approval.HttpApprovalChannel - HTTP 审批通道已关闭
23:55:48.144 INFO  io.mosire.agentlib.mcp.AgentToMcpServer - MCP streamable server 已启动: name=simos-shell version=0.1.0-SNAPSHOT 外发工具 16 个 [sd.IssueDirective, sd.SetViewScope, sd.StartDecision, sd.SubmitVerdict, simos.advance, simos.command.catalog, simos.command.submit, simos.fork, simos.map.hex, simos.map.overview, simos.social.population, simos.state.facets, simos.state.resolve, simos.timeline.branches, simos.unit.get, simos.unit.list]；Registry 共 16 个，未外发 0 个 []
23:55:48.154 INFO  io.mosire.agentlib.mcp.AgentToMcpServer - MCP streamable server 已启动: name=simos-shell-decision version=0.1.0-SNAPSHOT 外发工具 11 个 [sd.IssueDirective, sd.SubmitVerdict, simos.command.catalog, simos.map.hex, simos.map.overview, simos.social.population, simos.state.facets, simos.state.resolve, simos.timeline.branches, simos.unit.get, simos.unit.list]；Registry 共 11 个，未外发 0 个 []
23:55:48.164 INFO  io.mosire.simos.app.gui.GuiServer - GUI 服务器已启动: http://127.0.0.1:45825/（静态 /webui，同源，无 CORS 头）
23:55:48.165 INFO  io.mosire.simos.app.Shell - Shell 装配完成: store=/tmp/junit-12275719332974681897 checkpointInterval=100 codec=4 handler=42 participant=2 resolver=4 facet=2 tool=16 decisionTool=11 mapId=Map1 bindAddress=127.0.0.1 mcpPort=45345 decisionAgentMcpPort=45855 guiPort=45825 approvalPort=45813
23:55:48.176 INFO  io.mosire.simos.core.command.CommandBus - 命令提交: type=sd.CreateNation commandId=337b5548-d3db-4794-960d-8a15a0f0e21d correlationId=337b5548-d3db-4794-960d-8a15a0f0e21d 新坐标=main@2
23:55:48.177 INFO  io.mosire.simos.app.gui.GuiServer - access POST /api/command -> 200 9ms remote=127.0.0.1
23:55:48.182 INFO  io.mosire.simos.core.command.CommandBus - 命令提交: type=sd.CreateArmy commandId=582eaf02-ded6-4d8f-8c67-17134a7e2ae7 correlationId=582eaf02-ded6-4d8f-8c67-17134a7e2ae7 新坐标=main@3
23:55:48.183 INFO  io.mosire.simos.app.gui.GuiServer - access POST /api/command -> 200 4ms remote=127.0.0.1
23:55:48.232 INFO  io.mosire.simos.core.command.CommandBus - 命令提交: type=sd.CreateDecisionMaker commandId=b3f3efd0-41f9-456f-ae30-93dbdc8b8d1b correlationId=b3f3efd0-41f9-456f-ae30-93dbdc8b8d1b 新坐标=main@4
23:55:48.232 INFO  io.mosire.simos.app.gui.GuiServer - access POST /api/command -> 200 5ms remote=127.0.0.1
23:55:48.280 INFO  io.mosire.simos.core.command.CommandBus - 命令提交: type=sd.CreateDecisionMaker commandId=953f7f9e-3f37-452d-a558-7180a7bdc076 correlationId=953f7f9e-3f37-452d-a558-7180a7bdc076 新坐标=main@5
23:55:48.281 INFO  io.mosire.simos.app.gui.GuiServer - access POST /api/command -> 200 6ms remote=127.0.0.1
23:55:48.334 INFO  io.mosire.simos.core.command.CommandBus - 命令提交: type=sd.SetViewScope commandId=a2c16a29-2236-4f9c-a1f3-95b95860f3cb correlationId=a2c16a29-2236-4f9c-a1f3-95b95860f3cb 新坐标=main@6
23:55:48.334 INFO  io.mosire.simos.app.gui.GuiServer - access POST /api/command -> 200 5ms remote=127.0.0.1
23:55:48.382 INFO  io.mosire.simos.app.gui.GuiServer - access GET /api/sd/decision-makers -> 200 1ms remote=127.0.0.1
23:55:48.428 INFO  io.mosire.agentlib.approval.ApprovalHttpEndpoint - 审批 HTTP 面已停止（端口 45813）
23:55:48.428 INFO  io.mosire.agentlib.approval.HttpApprovalChannel - HTTP 审批通道已关闭
23:55:48.482 INFO  io.mosire.agentlib.mcp.AgentToMcpServer - MCP streamable server 已启动: name=simos-shell version=0.1.0-SNAPSHOT 外发工具 16 个 [sd.IssueDirective, sd.SetViewScope, sd.StartDecision, sd.SubmitVerdict, simos.advance, simos.command.catalog, simos.command.submit, simos.fork, simos.map.hex, simos.map.overview, simos.social.population, simos.state.facets, simos.state.resolve, simos.timeline.branches, simos.unit.get, simos.unit.list]；Registry 共 16 个，未外发 0 个 []
23:55:48.493 INFO  io.mosire.agentlib.mcp.AgentToMcpServer - MCP streamable server 已启动: name=simos-shell-decision version=0.1.0-SNAPSHOT 外发工具 11 个 [sd.IssueDirective, sd.SubmitVerdict, simos.command.catalog, simos.map.hex, simos.map.overview, simos.social.population, simos.state.facets, simos.state.resolve, simos.timeline.branches, simos.unit.get, simos.unit.list]；Registry 共 11 个，未外发 0 个 []
23:55:48.501 INFO  io.mosire.simos.app.gui.GuiServer - GUI 服务器已启动: http://127.0.0.1:46121/（静态 /webui，同源，无 CORS 头）
23:55:48.502 INFO  io.mosire.simos.app.Shell - Shell 装配完成: store=/tmp/junit-17657462234883028711 checkpointInterval=100 codec=4 handler=42 participant=2 resolver=4 facet=2 tool=16 decisionTool=11 mapId=Map1 bindAddress=127.0.0.1 mcpPort=44769 decisionAgentMcpPort=44969 guiPort=46121 approvalPort=45605
23:55:48.510 INFO  io.mosire.simos.core.command.CommandBus - 命令提交: type=sd.CreateNation commandId=863e9ddb-391c-4802-901d-76110a6d8f6b correlationId=863e9ddb-391c-4802-901d-76110a6d8f6b 新坐标=main@2
23:55:48.511 INFO  io.mosire.simos.app.gui.GuiServer - access POST /api/command -> 200 6ms remote=127.0.0.1
23:55:48.516 INFO  io.mosire.simos.core.command.CommandBus - 命令提交: type=sd.CreateArmy commandId=b5b1ad0d-76f7-4350-85ed-c41c88be346a correlationId=b5b1ad0d-76f7-4350-85ed-c41c88be346a 新坐标=main@3
23:55:48.516 INFO  io.mosire.simos.app.gui.GuiServer - access POST /api/command -> 200 3ms remote=127.0.0.1
23:55:48.564 INFO  io.mosire.simos.core.command.CommandBus - 命令提交: type=sd.CreateDecisionMaker commandId=7fc9b7e1-e41c-4bfe-8e8d-4a5b738e97ed correlationId=7fc9b7e1-e41c-4bfe-8e8d-4a5b738e97ed 新坐标=main@4
23:55:48.565 INFO  io.mosire.simos.app.gui.GuiServer - access POST /api/command -> 200 5ms remote=127.0.0.1
23:55:48.616 INFO  io.mosire.simos.core.command.CommandBus - 命令提交: type=sd.CreateDecisionMaker commandId=ad769143-c46f-4e2f-bba5-c7c452c0aaab correlationId=ad769143-c46f-4e2f-bba5-c7c452c0aaab 新坐标=main@5
23:55:48.617 INFO  io.mosire.simos.app.gui.GuiServer - access POST /api/command -> 200 5ms remote=127.0.0.1
23:55:48.669 INFO  io.mosire.simos.core.command.CommandBus - 命令提交: type=sd.CreateDecisionMaker commandId=b0d57c39-cbd5-4bdf-880e-a2432951bb20 correlationId=b0d57c39-cbd5-4bdf-880e-a2432951bb20 新坐标=main@6
23:55:48.669 INFO  io.mosire.simos.app.gui.GuiServer - access POST /api/command -> 200 5ms remote=127.0.0.1
23:55:48.722 INFO  io.mosire.simos.core.command.CommandBus - 命令提交: type=sd.CreateDecisionMaker commandId=0209ec31-200b-4d73-a283-7a92e20a4a23 correlationId=0209ec31-200b-4d73-a283-7a92e20a4a23 新坐标=main@7
23:55:48.722 INFO  io.mosire.simos.app.gui.GuiServer - access POST /api/command -> 200 5ms remote=127.0.0.1
23:55:48.775 INFO  io.mosire.simos.core.command.CommandBus - 命令提交: type=sd.IssueDirective commandId=fd9803e7-c52c-44fe-967f-eca585db6093 correlationId=fd9803e7-c52c-44fe-967f-eca585db6093 新坐标=main@8
23:55:48.775 INFO  io.mosire.simos.app.gui.GuiServer - access POST /api/command -> 200 7ms remote=127.0.0.1
23:55:48.826 INFO  io.mosire.simos.core.command.CommandBus - 命令提交: type=sd.IssueDirective commandId=d3f9d396-2b9c-475b-810b-e63273c51c98 correlationId=d3f9d396-2b9c-475b-810b-e63273c51c98 新坐标=main@9
23:55:48.827 INFO  io.mosire.simos.app.gui.GuiServer - access POST /api/command -> 200 6ms remote=127.0.0.1
23:55:48.880 INFO  io.mosire.simos.core.command.CommandBus - 命令提交: type=sd.IssueDirective commandId=70aa8d39-878f-4254-b52a-7add202e379e correlationId=70aa8d39-878f-4254-b52a-7add202e379e 新坐标=main@10
23:55:48.880 INFO  io.mosire.simos.app.gui.GuiServer - access POST /api/command -> 200 7ms remote=127.0.0.1
23:55:48.935 INFO  io.mosire.simos.core.command.CommandBus - 命令提交: type=sd.IssueDirective commandId=197a7751-31e2-4995-8810-f778535c7a45 correlationId=197a7751-31e2-4995-8810-f778535c7a45 新坐标=main@11
23:55:48.936 INFO  io.mosire.simos.app.gui.GuiServer - access POST /api/command -> 200 6ms remote=127.0.0.1
23:55:48.983 INFO  io.mosire.simos.app.gui.GuiServer - access GET /api/sd/decision-makers/dm-due -> 200 1ms remote=127.0.0.1
23:55:49.037 INFO  io.mosire.simos.core.advance.TimeAdvance - 命令提交: type=core.AdvanceTime commandId=fe9d0742-bedf-42b8-8166-bb9335e9b4aa correlationId=fe9d0742-bedf-42b8-8166-bb9335e9b4aa 新坐标=main@12
23:55:49.037 INFO  io.mosire.simos.app.gui.GuiServer - access POST /api/advance -> 200 8ms remote=127.0.0.1
23:55:49.086 INFO  io.mosire.simos.app.gui.GuiServer - access GET /api/sd/decision-makers/dm-due -> 200 1ms remote=127.0.0.1
23:55:49.133 INFO  io.mosire.agentlib.approval.ApprovalHttpEndpoint - 审批 HTTP 面已停止（端口 45605）
23:55:49.133 INFO  io.mosire.agentlib.approval.HttpApprovalChannel - HTTP 审批通道已关闭
23:55:49.188 INFO  io.mosire.agentlib.mcp.AgentToMcpServer - MCP streamable server 已启动: name=simos-shell version=0.1.0-SNAPSHOT 外发工具 16 个 [sd.IssueDirective, sd.SetViewScope, sd.StartDecision, sd.SubmitVerdict, simos.advance, simos.command.catalog, simos.command.submit, simos.fork, simos.map.hex, simos.map.overview, simos.social.population, simos.state.facets, simos.state.resolve, simos.timeline.branches, simos.unit.get, simos.unit.list]；Registry 共 16 个，未外发 0 个 []
23:55:49.199 INFO  io.mosire.agentlib.mcp.AgentToMcpServer - MCP streamable server 已启动: name=simos-shell-decision version=0.1.0-SNAPSHOT 外发工具 11 个 [sd.IssueDirective, sd.SubmitVerdict, simos.command.catalog, simos.map.hex, simos.map.overview, simos.social.population, simos.state.facets, simos.state.resolve, simos.timeline.branches, simos.unit.get, simos.unit.list]；Registry 共 11 个，未外发 0 个 []
23:55:49.208 INFO  io.mosire.simos.app.gui.GuiServer - GUI 服务器已启动: http://127.0.0.1:45263/（静态 /webui，同源，无 CORS 头）
23:55:49.208 INFO  io.mosire.simos.app.Shell - Shell 装配完成: store=/tmp/junit-14925418580118492774 checkpointInterval=100 codec=4 handler=42 participant=2 resolver=4 facet=2 tool=16 decisionTool=11 mapId=Map1 bindAddress=127.0.0.1 mcpPort=45245 decisionAgentMcpPort=45445 guiPort=45263 approvalPort=44699
23:55:49.219 INFO  io.mosire.simos.core.command.CommandBus - 命令提交: type=sd.CreateNation commandId=4a0a8279-1664-4623-8cde-417d2fd88b7a correlationId=4a0a8279-1664-4623-8cde-417d2fd88b7a 新坐标=main@2
23:55:49.220 INFO  io.mosire.simos.app.gui.GuiServer - access POST /api/command -> 200 9ms remote=127.0.0.1
23:55:49.225 INFO  io.mosire.simos.core.command.CommandBus - 命令提交: type=sd.CreateArmy commandId=52292f04-f43f-41ab-9493-d69caefbb6f1 correlationId=52292f04-f43f-41ab-9493-d69caefbb6f1 新坐标=main@3
23:55:49.226 INFO  io.mosire.simos.app.gui.GuiServer - access POST /api/command -> 200 4ms remote=127.0.0.1
23:55:49.277 INFO  io.mosire.simos.core.command.CommandBus - 命令提交: type=sd.CreateDecisionMaker commandId=d751145b-a4ba-4631-beb4-3829ff6b5e2f correlationId=d751145b-a4ba-4631-beb4-3829ff6b5e2f 新坐标=main@4
23:55:49.277 INFO  io.mosire.simos.app.gui.GuiServer - access POST /api/command -> 200 6ms remote=127.0.0.1
23:55:49.327 INFO  io.mosire.simos.core.command.CommandBus - 命令提交: type=sd.CreateDecisionMaker commandId=c5886a44-9bd1-4c67-abc8-a16e987ed673 correlationId=c5886a44-9bd1-4c67-abc8-a16e987ed673 新坐标=main@5
23:55:49.328 INFO  io.mosire.simos.app.gui.GuiServer - access POST /api/command -> 200 5ms remote=127.0.0.1
23:55:49.378 INFO  io.mosire.simos.core.command.CommandBus - 命令提交: type=sd.CreateDecisionMaker commandId=c8d359b5-fe41-4cc2-a38a-8d2d0f9dacd2 correlationId=c8d359b5-fe41-4cc2-a38a-8d2d0f9dacd2 新坐标=main@6
23:55:49.378 INFO  io.mosire.simos.app.gui.GuiServer - access POST /api/command -> 200 6ms remote=127.0.0.1
23:55:49.428 INFO  io.mosire.simos.core.command.CommandBus - 命令提交: type=sd.CreateDecisionMaker commandId=7fe0eeb0-b655-4cf6-b763-118a09c0686b correlationId=7fe0eeb0-b655-4cf6-b763-118a09c0686b 新坐标=main@7
23:55:49.428 INFO  io.mosire.simos.app.gui.GuiServer - access POST /api/command -> 200 5ms remote=127.0.0.1
23:55:49.476 INFO  io.mosire.simos.core.command.CommandBus - 命令提交: type=sd.IssueDirective commandId=02542513-bcf8-47bd-abad-580bd7d316ea correlationId=02542513-bcf8-47bd-abad-580bd7d316ea 新坐标=main@8
23:55:49.476 INFO  io.mosire.simos.app.gui.GuiServer - access POST /api/command -> 200 5ms remote=127.0.0.1
23:55:49.526 INFO  io.mosire.simos.core.command.CommandBus - 命令提交: type=sd.IssueDirective commandId=f899ab05-de44-42a6-8816-1cd63a165c91 correlationId=f899ab05-de44-42a6-8816-1cd63a165c91 新坐标=main@9
23:55:49.527 INFO  io.mosire.simos.app.gui.GuiServer - access POST /api/command -> 200 7ms remote=127.0.0.1
23:55:49.579 INFO  io.mosire.simos.core.command.CommandBus - 命令提交: type=sd.IssueDirective commandId=80f11cb0-93ac-4130-8161-e8ad04f4cbd5 correlationId=80f11cb0-93ac-4130-8161-e8ad04f4cbd5 新坐标=main@10
23:55:49.579 INFO  io.mosire.simos.app.gui.GuiServer - access POST /api/command -> 200 8ms remote=127.0.0.1
23:55:49.630 INFO  io.mosire.simos.core.command.CommandBus - 命令提交: type=sd.IssueDirective commandId=b3578374-b721-47b2-96e3-822a04cbbaae correlationId=b3578374-b721-47b2-96e3-822a04cbbaae 新坐标=main@11
23:55:49.630 INFO  io.mosire.simos.app.gui.GuiServer - access POST /api/command -> 200 7ms remote=127.0.0.1
23:55:49.676 INFO  io.mosire.simos.app.gui.GuiServer - access GET /api/sd/decision-makers/dm-max -> 200 1ms remote=127.0.0.1
23:55:49.719 INFO  io.mosire.agentlib.approval.ApprovalHttpEndpoint - 审批 HTTP 面已停止（端口 44699）
23:55:49.720 INFO  io.mosire.agentlib.approval.HttpApprovalChannel - HTTP 审批通道已关闭
23:55:49.775 INFO  io.mosire.agentlib.mcp.AgentToMcpServer - MCP streamable server 已启动: name=simos-shell version=0.1.0-SNAPSHOT 外发工具 16 个 [sd.IssueDirective, sd.SetViewScope, sd.StartDecision, sd.SubmitVerdict, simos.advance, simos.command.catalog, simos.command.submit, simos.fork, simos.map.hex, simos.map.overview, simos.social.population, simos.state.facets, simos.state.resolve, simos.timeline.branches, simos.unit.get, simos.unit.list]；Registry 共 16 个，未外发 0 个 []
23:55:49.784 INFO  io.mosire.agentlib.mcp.AgentToMcpServer - MCP streamable server 已启动: name=simos-shell-decision version=0.1.0-SNAPSHOT 外发工具 11 个 [sd.IssueDirective, sd.SubmitVerdict, simos.command.catalog, simos.map.hex, simos.map.overview, simos.social.population, simos.state.facets, simos.state.resolve, simos.timeline.branches, simos.unit.get, simos.unit.list]；Registry 共 11 个，未外发 0 个 []
23:55:49.795 INFO  io.mosire.simos.app.gui.GuiServer - GUI 服务器已启动: http://127.0.0.1:46007/（静态 /webui，同源，无 CORS 头）
23:55:49.795 INFO  io.mosire.simos.app.Shell - Shell 装配完成: store=/tmp/junit-6242748742418038618 checkpointInterval=100 codec=4 handler=42 participant=2 resolver=4 facet=2 tool=16 decisionTool=11 mapId=Map1 bindAddress=127.0.0.1 mcpPort=45527 decisionAgentMcpPort=46273 guiPort=46007 approvalPort=45773
23:55:49.809 INFO  io.mosire.simos.core.command.CommandBus - 命令提交: type=sd.CreateNation commandId=27365a31-aebe-4703-b76f-74bbd6c49b3a correlationId=27365a31-aebe-4703-b76f-74bbd6c49b3a 新坐标=main@2
23:55:49.810 INFO  io.mosire.simos.app.gui.GuiServer - access POST /api/command -> 200 10ms remote=127.0.0.1
23:55:49.814 INFO  io.mosire.simos.core.command.CommandBus - 命令提交: type=sd.CreateArmy commandId=b7ac74d1-2df2-44cb-b69e-dfa61d7bd895 correlationId=b7ac74d1-2df2-44cb-b69e-dfa61d7bd895 新坐标=main@3
23:55:49.815 INFO  io.mosire.simos.app.gui.GuiServer - access POST /api/command -> 200 3ms remote=127.0.0.1
23:55:49.867 INFO  io.mosire.simos.core.command.CommandBus - 命令提交: type=sd.CreateDecisionMaker commandId=eaaba6a8-5454-4594-b235-cc93c2da643a correlationId=eaaba6a8-5454-4594-b235-cc93c2da643a 新坐标=main@4
23:55:49.868 INFO  io.mosire.simos.app.gui.GuiServer - access POST /api/command -> 200 6ms remote=127.0.0.1
23:55:49.917 INFO  io.mosire.simos.core.command.CommandBus - 命令提交: type=sd.CreateDecisionMaker commandId=55c3502a-9201-4382-94e1-e68bcf21c4c6 correlationId=55c3502a-9201-4382-94e1-e68bcf21c4c6 新坐标=main@5
23:55:49.918 INFO  io.mosire.simos.app.gui.GuiServer - access POST /api/command -> 200 5ms remote=127.0.0.1
23:55:49.970 INFO  io.mosire.simos.core.command.CommandBus - 命令提交: type=sd.SetViewScope commandId=3541cccd-ed0f-4f72-ae8e-983091df9213 correlationId=3541cccd-ed0f-4f72-ae8e-983091df9213 新坐标=main@6
23:55:49.971 INFO  io.mosire.simos.app.gui.GuiServer - access POST /api/command -> 200 6ms remote=127.0.0.1
23:55:50.019 INFO  io.mosire.simos.app.gui.GuiServer - access GET /api/sd/decision-makers -> 200 1ms remote=127.0.0.1
23:55:50.065 INFO  io.mosire.simos.app.gui.GuiServer - access GET /api/sd/decision-makers -> 200 0ms remote=127.0.0.1
23:55:50.113 INFO  io.mosire.agentlib.approval.ApprovalHttpEndpoint - 审批 HTTP 面已停止（端口 45773）
23:55:50.113 INFO  io.mosire.agentlib.approval.HttpApprovalChannel - HTTP 审批通道已关闭
23:55:50.174 INFO  io.mosire.agentlib.mcp.AgentToMcpServer - MCP streamable server 已启动: name=simos-shell version=0.1.0-SNAPSHOT 外发工具 16 个 [sd.IssueDirective, sd.SetViewScope, sd.StartDecision, sd.SubmitVerdict, simos.advance, simos.command.catalog, simos.command.submit, simos.fork, simos.map.hex, simos.map.overview, simos.social.population, simos.state.facets, simos.state.resolve, simos.timeline.branches, simos.unit.get, simos.unit.list]；Registry 共 16 个，未外发 0 个 []
23:55:50.185 INFO  io.mosire.agentlib.mcp.AgentToMcpServer - MCP streamable server 已启动: name=simos-shell-decision version=0.1.0-SNAPSHOT 外发工具 11 个 [sd.IssueDirective, sd.SubmitVerdict, simos.command.catalog, simos.map.hex, simos.map.overview, simos.social.population, simos.state.facets, simos.state.resolve, simos.timeline.branches, simos.unit.get, simos.unit.list]；Registry 共 11 个，未外发 0 个 []
23:55:50.195 INFO  io.mosire.simos.app.gui.GuiServer - GUI 服务器已启动: http://127.0.0.1:45851/（静态 /webui，同源，无 CORS 头）
23:55:50.195 INFO  io.mosire.simos.app.Shell - Shell 装配完成: store=/tmp/junit-8510405766736990321 checkpointInterval=100 codec=4 handler=42 participant=2 resolver=4 facet=2 tool=16 decisionTool=11 mapId=Map1 bindAddress=127.0.0.1 mcpPort=45531 decisionAgentMcpPort=44657 guiPort=45851 approvalPort=46425
23:55:50.209 INFO  io.mosire.simos.core.command.CommandBus - 命令提交: type=sd.CreateNation commandId=e392ccf2-cbb7-44ce-aa19-aebda35f53cb correlationId=e392ccf2-cbb7-44ce-aa19-aebda35f53cb 新坐标=main@2
23:55:50.209 INFO  io.mosire.simos.app.gui.GuiServer - access POST /api/command -> 200 11ms remote=127.0.0.1
23:55:50.214 INFO  io.mosire.simos.core.command.CommandBus - 命令提交: type=sd.CreateArmy commandId=b4898a28-37b0-40b2-b915-e6ce768455d6 correlationId=b4898a28-37b0-40b2-b915-e6ce768455d6 新坐标=main@3
23:55:50.214 INFO  io.mosire.simos.app.gui.GuiServer - access POST /api/command -> 200 3ms remote=127.0.0.1
23:55:50.264 INFO  io.mosire.simos.core.command.CommandBus - 命令提交: type=sd.CreateDecisionMaker commandId=ed4074b7-adde-4e9e-95d3-1cb1a7e165a8 correlationId=ed4074b7-adde-4e9e-95d3-1cb1a7e165a8 新坐标=main@4
23:55:50.264 INFO  io.mosire.simos.app.gui.GuiServer - access POST /api/command -> 200 5ms remote=127.0.0.1
23:55:50.314 INFO  io.mosire.simos.core.command.CommandBus - 命令提交: type=sd.CreateDecisionMaker commandId=e2750347-2cf5-440c-b835-d60b67af2da4 correlationId=e2750347-2cf5-440c-b835-d60b67af2da4 新坐标=main@5
23:55:50.314 INFO  io.mosire.simos.app.gui.GuiServer - access POST /api/command -> 200 6ms remote=127.0.0.1
23:55:50.365 INFO  io.mosire.simos.core.command.CommandBus - 命令提交: type=sd.SetViewScope commandId=a9510006-c1a6-455e-b759-ed7769d431c7 correlationId=a9510006-c1a6-455e-b759-ed7769d431c7 新坐标=main@6
23:55:50.366 INFO  io.mosire.simos.app.gui.GuiServer - access POST /api/command -> 200 6ms remote=127.0.0.1
23:55:50.414 INFO  io.mosire.simos.app.gui.GuiServer - access GET /api/sd/decision-makers -> 200 2ms remote=127.0.0.1
23:55:50.459 INFO  io.mosire.agentlib.approval.ApprovalHttpEndpoint - 审批 HTTP 面已停止（端口 46425）
23:55:50.459 INFO  io.mosire.agentlib.approval.HttpApprovalChannel - HTTP 审批通道已关闭
23:55:50.519 INFO  io.mosire.agentlib.mcp.AgentToMcpServer - MCP streamable server 已启动: name=simos-shell version=0.1.0-SNAPSHOT 外发工具 16 个 [sd.IssueDirective, sd.SetViewScope, sd.StartDecision, sd.SubmitVerdict, simos.advance, simos.command.catalog, simos.command.submit, simos.fork, simos.map.hex, simos.map.overview, simos.social.population, simos.state.facets, simos.state.resolve, simos.timeline.branches, simos.unit.get, simos.unit.list]；Registry 共 16 个，未外发 0 个 []
23:55:50.529 INFO  io.mosire.agentlib.mcp.AgentToMcpServer - MCP streamable server 已启动: name=simos-shell-decision version=0.1.0-SNAPSHOT 外发工具 11 个 [sd.IssueDirective, sd.SubmitVerdict, simos.command.catalog, simos.map.hex, simos.map.overview, simos.social.population, simos.state.facets, simos.state.resolve, simos.timeline.branches, simos.unit.get, simos.unit.list]；Registry 共 11 个，未外发 0 个 []
23:55:50.539 INFO  io.mosire.simos.app.gui.GuiServer - GUI 服务器已启动: http://127.0.0.1:46167/（静态 /webui，同源，无 CORS 头）
23:55:50.539 INFO  io.mosire.simos.app.Shell - Shell 装配完成: store=/tmp/junit-12061976059536093447 checkpointInterval=100 codec=4 handler=42 participant=2 resolver=4 facet=2 tool=16 decisionTool=11 mapId=Map1 bindAddress=127.0.0.1 mcpPort=44953 decisionAgentMcpPort=46647 guiPort=46167 approvalPort=44985
23:55:50.550 INFO  io.mosire.simos.core.command.CommandBus - 命令提交: type=sd.CreateNation commandId=7f245da3-0fd2-4647-8819-2bd43a25af0b correlationId=7f245da3-0fd2-4647-8819-2bd43a25af0b 新坐标=main@2
23:55:50.550 INFO  io.mosire.simos.app.gui.GuiServer - access POST /api/command -> 200 7ms remote=127.0.0.1
23:55:50.556 INFO  io.mosire.simos.core.command.CommandBus - 命令提交: type=sd.CreateArmy commandId=f58f7f40-febc-486b-b085-054e370c0231 correlationId=f58f7f40-febc-486b-b085-054e370c0231 新坐标=main@3
23:55:50.556 INFO  io.mosire.simos.app.gui.GuiServer - access POST /api/command -> 200 3ms remote=127.0.0.1
23:55:50.607 INFO  io.mosire.simos.core.command.CommandBus - 命令提交: type=sd.CreateDecisionMaker commandId=dcc180f8-9c88-4f9c-a437-38aa9f285303 correlationId=dcc180f8-9c88-4f9c-a437-38aa9f285303 新坐标=main@4
23:55:50.607 INFO  io.mosire.simos.app.gui.GuiServer - access POST /api/command -> 200 6ms remote=127.0.0.1
23:55:50.660 INFO  io.mosire.simos.core.command.CommandBus - 命令提交: type=sd.CreateDecisionMaker commandId=bcee4e67-4cc9-48c9-88c5-883725b6f69c correlationId=bcee4e67-4cc9-48c9-88c5-883725b6f69c 新坐标=main@5
23:55:50.661 INFO  io.mosire.simos.app.gui.GuiServer - access POST /api/command -> 200 8ms remote=127.0.0.1
23:55:50.718 INFO  io.mosire.simos.core.command.CommandBus - 命令提交: type=sd.SetViewScope commandId=d51b2170-6b1b-4c0a-b7fa-c6e90dbec9b9 correlationId=d51b2170-6b1b-4c0a-b7fa-c6e90dbec9b9 新坐标=main@6
23:55:50.718 INFO  io.mosire.simos.app.gui.GuiServer - access POST /api/command -> 200 8ms remote=127.0.0.1
23:55:50.767 INFO  io.mosire.simos.app.gui.GuiServer - access GET /api/sd/decision-makers/dm-nation -> 200 0ms remote=127.0.0.1
23:55:50.814 INFO  io.mosire.agentlib.approval.ApprovalHttpEndpoint - 审批 HTTP 面已停止（端口 44985）
23:55:50.814 INFO  io.mosire.agentlib.approval.HttpApprovalChannel - HTTP 审批通道已关闭
[INFO] Tests run: 19, Failures: 0, Errors: 0, Skipped: 0, Time elapsed: 8.211 s -- in io.mosire.simos.app.gui.SdDecisionMakerApiTest
[INFO] Running io.mosire.simos.app.gui.MapOverviewBlocksTest
[INFO] Tests run: 3, Failures: 0, Errors: 0, Skipped: 0, Time elapsed: 0.003 s -- in io.mosire.simos.app.gui.MapOverviewBlocksTest
[INFO] Running io.mosire.simos.app.gui.GuiAccessLogTest
23:55:50.863 INFO  io.mosire.agentlib.mcp.AgentToMcpServer - MCP streamable server 已启动: name=simos-shell version=0.1.0-SNAPSHOT 外发工具 16 个 [sd.IssueDirective, sd.SetViewScope, sd.StartDecision, sd.SubmitVerdict, simos.advance, simos.command.catalog, simos.command.submit, simos.fork, simos.map.hex, simos.map.overview, simos.social.population, simos.state.facets, simos.state.resolve, simos.timeline.branches, simos.unit.get, simos.unit.list]；Registry 共 16 个，未外发 0 个 []
23:55:50.874 INFO  io.mosire.agentlib.mcp.AgentToMcpServer - MCP streamable server 已启动: name=simos-shell-decision version=0.1.0-SNAPSHOT 外发工具 11 个 [sd.IssueDirective, sd.SubmitVerdict, simos.command.catalog, simos.map.hex, simos.map.overview, simos.social.population, simos.state.facets, simos.state.resolve, simos.timeline.branches, simos.unit.get, simos.unit.list]；Registry 共 11 个，未外发 0 个 []
23:55:50.884 INFO  io.mosire.simos.app.gui.GuiServer - GUI 服务器已启动: http://127.0.0.1:45651/（静态 /webui，同源，无 CORS 头）
23:55:50.884 INFO  io.mosire.simos.app.Shell - Shell 装配完成: store=/tmp/junit-18099035166379793147 checkpointInterval=100 codec=4 handler=42 participant=2 resolver=4 facet=2 tool=16 decisionTool=11 mapId=Map1 bindAddress=127.0.0.1 mcpPort=46431 decisionAgentMcpPort=46241 guiPort=45651 approvalPort=45439
23:55:50.889 INFO  io.mosire.simos.app.gui.GuiServer - access GET /nope -> 404 0ms remote=127.0.0.1
23:55:50.892 INFO  io.mosire.simos.app.gui.GuiServer - access POST /api/state -> 405 0ms remote=127.0.0.1
23:55:50.939 INFO  io.mosire.agentlib.approval.ApprovalHttpEndpoint - 审批 HTTP 面已停止（端口 45439）
23:55:50.939 INFO  io.mosire.agentlib.approval.HttpApprovalChannel - HTTP 审批通道已关闭
23:55:50.987 INFO  io.mosire.agentlib.mcp.AgentToMcpServer - MCP streamable server 已启动: name=simos-shell version=0.1.0-SNAPSHOT 外发工具 16 个 [sd.IssueDirective, sd.SetViewScope, sd.StartDecision, sd.SubmitVerdict, simos.advance, simos.command.catalog, simos.command.submit, simos.fork, simos.map.hex, simos.map.overview, simos.social.population, simos.state.facets, simos.state.resolve, simos.timeline.branches, simos.unit.get, simos.unit.list]；Registry 共 16 个，未外发 0 个 []
23:55:50.996 INFO  io.mosire.agentlib.mcp.AgentToMcpServer - MCP streamable server 已启动: name=simos-shell-decision version=0.1.0-SNAPSHOT 外发工具 11 个 [sd.IssueDirective, sd.SubmitVerdict, simos.command.catalog, simos.map.hex, simos.map.overview, simos.social.population, simos.state.facets, simos.state.resolve, simos.timeline.branches, simos.unit.get, simos.unit.list]；Registry 共 11 个，未外发 0 个 []
23:55:51.006 INFO  io.mosire.simos.app.gui.GuiServer - GUI 服务器已启动: http://127.0.0.1:46085/（静态 /webui，同源，无 CORS 头）
23:55:51.006 INFO  io.mosire.simos.app.Shell - Shell 装配完成: store=/tmp/junit-16885629104473748197 checkpointInterval=100 codec=4 handler=42 participant=2 resolver=4 facet=2 tool=16 decisionTool=11 mapId=Map1 bindAddress=127.0.0.1 mcpPort=46601 decisionAgentMcpPort=45917 guiPort=46085 approvalPort=46579
23:55:51.010 INFO  io.mosire.simos.app.gui.GuiServer - access GET /api/state -> 200 0ms remote=127.0.0.1
23:55:51.014 INFO  io.mosire.agentlib.approval.ApprovalHttpEndpoint - 审批 HTTP 面已停止（端口 46579）
23:55:51.014 INFO  io.mosire.agentlib.approval.HttpApprovalChannel - HTTP 审批通道已关闭
23:55:51.061 INFO  io.mosire.agentlib.mcp.AgentToMcpServer - MCP streamable server 已启动: name=simos-shell version=0.1.0-SNAPSHOT 外发工具 16 个 [sd.IssueDirective, sd.SetViewScope, sd.StartDecision, sd.SubmitVerdict, simos.advance, simos.command.catalog, simos.command.submit, simos.fork, simos.map.hex, simos.map.overview, simos.social.population, simos.state.facets, simos.state.resolve, simos.timeline.branches, simos.unit.get, simos.unit.list]；Registry 共 16 个，未外发 0 个 []
23:55:51.071 INFO  io.mosire.agentlib.mcp.AgentToMcpServer - MCP streamable server 已启动: name=simos-shell-decision version=0.1.0-SNAPSHOT 外发工具 11 个 [sd.IssueDirective, sd.SubmitVerdict, simos.command.catalog, simos.map.hex, simos.map.overview, simos.social.population, simos.state.facets, simos.state.resolve, simos.timeline.branches, simos.unit.get, simos.unit.list]；Registry 共 11 个，未外发 0 个 []
23:55:51.080 INFO  io.mosire.simos.app.gui.GuiServer - GUI 服务器已启动: http://127.0.0.1:45307/（静态 /webui，同源，无 CORS 头）
23:55:51.080 INFO  io.mosire.simos.app.Shell - Shell 装配完成: store=/tmp/junit-6954366761988212986 checkpointInterval=100 codec=4 handler=42 participant=2 resolver=4 facet=2 tool=16 decisionTool=11 mapId=Map1 bindAddress=127.0.0.1 mcpPort=46625 decisionAgentMcpPort=46175 guiPort=45307 approvalPort=44963
23:55:51.084 INFO  io.mosire.simos.app.gui.GuiServer - access GET / -> 200 0ms remote=127.0.0.1
23:55:51.087 INFO  io.mosire.simos.app.gui.GuiServer - access GET /api/state -> 200 0ms remote=127.0.0.1
23:55:51.133 INFO  io.mosire.agentlib.approval.ApprovalHttpEndpoint - 审批 HTTP 面已停止（端口 44963）
23:55:51.133 INFO  io.mosire.agentlib.approval.HttpApprovalChannel - HTTP 审批通道已关闭
23:55:51.176 INFO  io.mosire.agentlib.mcp.AgentToMcpServer - MCP streamable server 已启动: name=simos-shell version=0.1.0-SNAPSHOT 外发工具 16 个 [sd.IssueDirective, sd.SetViewScope, sd.StartDecision, sd.SubmitVerdict, simos.advance, simos.command.catalog, simos.command.submit, simos.fork, simos.map.hex, simos.map.overview, simos.social.population, simos.state.facets, simos.state.resolve, simos.timeline.branches, simos.unit.get, simos.unit.list]；Registry 共 16 个，未外发 0 个 []
23:55:51.186 INFO  io.mosire.agentlib.mcp.AgentToMcpServer - MCP streamable server 已启动: name=simos-shell-decision version=0.1.0-SNAPSHOT 外发工具 11 个 [sd.IssueDirective, sd.SubmitVerdict, simos.command.catalog, simos.map.hex, simos.map.overview, simos.social.population, simos.state.facets, simos.state.resolve, simos.timeline.branches, simos.unit.get, simos.unit.list]；Registry 共 11 个，未外发 0 个 []
23:55:51.196 INFO  io.mosire.simos.app.gui.GuiServer - GUI 服务器已启动: http://127.0.0.1:44635/（静态 /webui，同源，无 CORS 头）
23:55:51.196 INFO  io.mosire.simos.app.Shell - Shell 装配完成: store=/tmp/junit-6164885496179570410 checkpointInterval=100 codec=4 handler=42 participant=2 resolver=4 facet=2 tool=16 decisionTool=11 mapId=Map1 bindAddress=127.0.0.1 mcpPort=46087 decisionAgentMcpPort=45463 guiPort=44635 approvalPort=44927
23:55:51.199 INFO  io.mosire.simos.app.gui.GuiServer - access GET / -> 200 0ms remote=127.0.0.1
23:55:51.201 INFO  io.mosire.agentlib.approval.ApprovalHttpEndpoint - 审批 HTTP 面已停止（端口 44927）
23:55:51.201 INFO  io.mosire.agentlib.approval.HttpApprovalChannel - HTTP 审批通道已关闭
[INFO] Tests run: 4, Failures: 0, Errors: 0, Skipped: 0, Time elapsed: 0.382 s -- in io.mosire.simos.app.gui.GuiAccessLogTest
[INFO] Running io.mosire.simos.app.gui.GmToolUsageApiTest
23:55:51.252 INFO  io.mosire.agentlib.mcp.AgentToMcpServer - MCP streamable server 已启动: name=simos-shell version=0.1.0-SNAPSHOT 外发工具 16 个 [sd.IssueDirective, sd.SetViewScope, sd.StartDecision, sd.SubmitVerdict, simos.advance, simos.command.catalog, simos.command.submit, simos.fork, simos.map.hex, simos.map.overview, simos.social.population, simos.state.facets, simos.state.resolve, simos.timeline.branches, simos.unit.get, simos.unit.list]；Registry 共 16 个，未外发 0 个 []
23:55:51.260 INFO  io.mosire.agentlib.mcp.AgentToMcpServer - MCP streamable server 已启动: name=simos-shell-decision version=0.1.0-SNAPSHOT 外发工具 11 个 [sd.IssueDirective, sd.SubmitVerdict, simos.command.catalog, simos.map.hex, simos.map.overview, simos.social.population, simos.state.facets, simos.state.resolve, simos.timeline.branches, simos.unit.get, simos.unit.list]；Registry 共 11 个，未外发 0 个 []
23:55:51.270 INFO  io.mosire.simos.app.gui.GuiServer - GUI 服务器已启动: http://127.0.0.1:45989/（静态 /webui，同源，无 CORS 头）
23:55:51.270 INFO  io.mosire.simos.app.Shell - Shell 装配完成: store=/tmp/junit-6953228057019006117 checkpointInterval=100 codec=4 handler=42 participant=2 resolver=4 facet=2 tool=16 decisionTool=11 mapId=Map1 bindAddress=127.0.0.1 mcpPort=45065 decisionAgentMcpPort=45285 guiPort=45989 approvalPort=45877
23:55:51.274 INFO  io.mosire.simos.app.gui.GuiServer - access GET /api/gm/tool-usage -> 400 0ms remote=127.0.0.1
23:55:51.276 INFO  io.mosire.agentlib.approval.ApprovalHttpEndpoint - 审批 HTTP 面已停止（端口 45877）
23:55:51.276 INFO  io.mosire.agentlib.approval.HttpApprovalChannel - HTTP 审批通道已关闭
23:55:51.320 INFO  io.mosire.agentlib.mcp.AgentToMcpServer - MCP streamable server 已启动: name=simos-shell version=0.1.0-SNAPSHOT 外发工具 16 个 [sd.IssueDirective, sd.SetViewScope, sd.StartDecision, sd.SubmitVerdict, simos.advance, simos.command.catalog, simos.command.submit, simos.fork, simos.map.hex, simos.map.overview, simos.social.population, simos.state.facets, simos.state.resolve, simos.timeline.branches, simos.unit.get, simos.unit.list]；Registry 共 16 个，未外发 0 个 []
23:55:51.330 INFO  io.mosire.agentlib.mcp.AgentToMcpServer - MCP streamable server 已启动: name=simos-shell-decision version=0.1.0-SNAPSHOT 外发工具 11 个 [sd.IssueDirective, sd.SubmitVerdict, simos.command.catalog, simos.map.hex, simos.map.overview, simos.social.population, simos.state.facets, simos.state.resolve, simos.timeline.branches, simos.unit.get, simos.unit.list]；Registry 共 11 个，未外发 0 个 []
23:55:51.340 INFO  io.mosire.simos.app.gui.GuiServer - GUI 服务器已启动: http://127.0.0.1:45495/（静态 /webui，同源，无 CORS 头）
23:55:51.340 INFO  io.mosire.simos.app.Shell - Shell 装配完成: store=/tmp/junit-10674369215054862940 checkpointInterval=100 codec=4 handler=42 participant=2 resolver=4 facet=2 tool=16 decisionTool=11 mapId=Map1 bindAddress=127.0.0.1 mcpPort=46147 decisionAgentMcpPort=44771 guiPort=45495 approvalPort=45137
23:55:51.344 INFO  io.mosire.simos.app.gui.GuiServer - access GET /api/gm/tool-usage -> 200 0ms remote=127.0.0.1
23:55:51.345 INFO  io.mosire.agentlib.approval.ApprovalHttpEndpoint - 审批 HTTP 面已停止（端口 45137）
23:55:51.345 INFO  io.mosire.agentlib.approval.HttpApprovalChannel - HTTP 审批通道已关闭
23:55:51.397 INFO  io.mosire.agentlib.mcp.AgentToMcpServer - MCP streamable server 已启动: name=simos-shell version=0.1.0-SNAPSHOT 外发工具 16 个 [sd.IssueDirective, sd.SetViewScope, sd.StartDecision, sd.SubmitVerdict, simos.advance, simos.command.catalog, simos.command.submit, simos.fork, simos.map.hex, simos.map.overview, simos.social.population, simos.state.facets, simos.state.resolve, simos.timeline.branches, simos.unit.get, simos.unit.list]；Registry 共 16 个，未外发 0 个 []
23:55:51.406 INFO  io.mosire.agentlib.mcp.AgentToMcpServer - MCP streamable server 已启动: name=simos-shell-decision version=0.1.0-SNAPSHOT 外发工具 11 个 [sd.IssueDirective, sd.SubmitVerdict, simos.command.catalog, simos.map.hex, simos.map.overview, simos.social.population, simos.state.facets, simos.state.resolve, simos.timeline.branches, simos.unit.get, simos.unit.list]；Registry 共 11 个，未外发 0 个 []
23:55:51.415 INFO  io.mosire.simos.app.gui.GuiServer - GUI 服务器已启动: http://127.0.0.1:45889/（静态 /webui，同源，无 CORS 头）
23:55:51.415 INFO  io.mosire.simos.app.Shell - Shell 装配完成: store=/tmp/junit-16121424160342187649 checkpointInterval=100 codec=4 handler=42 participant=2 resolver=4 facet=2 tool=16 decisionTool=11 mapId=Map1 bindAddress=127.0.0.1 mcpPort=46233 decisionAgentMcpPort=44707 guiPort=45889 approvalPort=44663
23:55:51.418 INFO  io.mosire.simos.app.gui.GuiServer - access GET /api/gm/tool-usage -> 200 0ms remote=127.0.0.1
23:55:51.419 INFO  io.mosire.agentlib.approval.ApprovalHttpEndpoint - 审批 HTTP 面已停止（端口 44663）
23:55:51.419 INFO  io.mosire.agentlib.approval.HttpApprovalChannel - HTTP 审批通道已关闭
23:55:51.459 INFO  io.mosire.agentlib.mcp.AgentToMcpServer - MCP streamable server 已启动: name=simos-shell version=0.1.0-SNAPSHOT 外发工具 16 个 [sd.IssueDirective, sd.SetViewScope, sd.StartDecision, sd.SubmitVerdict, simos.advance, simos.command.catalog, simos.command.submit, simos.fork, simos.map.hex, simos.map.overview, simos.social.population, simos.state.facets, simos.state.resolve, simos.timeline.branches, simos.unit.get, simos.unit.list]；Registry 共 16 个，未外发 0 个 []
23:55:51.469 INFO  io.mosire.agentlib.mcp.AgentToMcpServer - MCP streamable server 已启动: name=simos-shell-decision version=0.1.0-SNAPSHOT 外发工具 11 个 [sd.IssueDirective, sd.SubmitVerdict, simos.command.catalog, simos.map.hex, simos.map.overview, simos.social.population, simos.state.facets, simos.state.resolve, simos.timeline.branches, simos.unit.get, simos.unit.list]；Registry 共 11 个，未外发 0 个 []
23:55:51.479 INFO  io.mosire.simos.app.gui.GuiServer - GUI 服务器已启动: http://127.0.0.1:45917/（静态 /webui，同源，无 CORS 头）
23:55:51.479 INFO  io.mosire.simos.app.Shell - Shell 装配完成: store=/tmp/junit-3481505689891397955 checkpointInterval=100 codec=4 handler=42 participant=2 resolver=4 facet=2 tool=16 decisionTool=11 mapId=Map1 bindAddress=127.0.0.1 mcpPort=45343 decisionAgentMcpPort=45991 guiPort=45917 approvalPort=46135
23:55:51.482 INFO  io.mosire.simos.app.gui.GuiServer - access GET /api/gm/tool-usage -> 200 0ms remote=127.0.0.1
23:55:51.484 INFO  io.mosire.agentlib.approval.ApprovalHttpEndpoint - 审批 HTTP 面已停止（端口 46135）
23:55:51.484 INFO  io.mosire.agentlib.approval.HttpApprovalChannel - HTTP 审批通道已关闭
23:55:51.525 INFO  io.mosire.agentlib.mcp.AgentToMcpServer - MCP streamable server 已启动: name=simos-shell version=0.1.0-SNAPSHOT 外发工具 16 个 [sd.IssueDirective, sd.SetViewScope, sd.StartDecision, sd.SubmitVerdict, simos.advance, simos.command.catalog, simos.command.submit, simos.fork, simos.map.hex, simos.map.overview, simos.social.population, simos.state.facets, simos.state.resolve, simos.timeline.branches, simos.unit.get, simos.unit.list]；Registry 共 16 个，未外发 0 个 []
23:55:51.535 INFO  io.mosire.agentlib.mcp.AgentToMcpServer - MCP streamable server 已启动: name=simos-shell-decision version=0.1.0-SNAPSHOT 外发工具 11 个 [sd.IssueDirective, sd.SubmitVerdict, simos.command.catalog, simos.map.hex, simos.map.overview, simos.social.population, simos.state.facets, simos.state.resolve, simos.timeline.branches, simos.unit.get, simos.unit.list]；Registry 共 11 个，未外发 0 个 []
23:55:51.545 INFO  io.mosire.simos.app.gui.GuiServer - GUI 服务器已启动: http://127.0.0.1:46169/（静态 /webui，同源，无 CORS 头）
23:55:51.545 INFO  io.mosire.simos.app.Shell - Shell 装配完成: store=/tmp/junit-17061886885303097904 checkpointInterval=100 codec=4 handler=42 participant=2 resolver=4 facet=2 tool=16 decisionTool=11 mapId=Map1 bindAddress=127.0.0.1 mcpPort=46407 decisionAgentMcpPort=46585 guiPort=46169 approvalPort=45083
23:55:51.548 INFO  io.mosire.simos.app.gui.GuiServer - access POST /api/gm/tool-usage -> 405 0ms remote=127.0.0.1
23:55:51.549 INFO  io.mosire.agentlib.approval.ApprovalHttpEndpoint - 审批 HTTP 面已停止（端口 45083）
23:55:51.549 INFO  io.mosire.agentlib.approval.HttpApprovalChannel - HTTP 审批通道已关闭
23:55:51.589 INFO  io.mosire.agentlib.mcp.AgentToMcpServer - MCP streamable server 已启动: name=simos-shell version=0.1.0-SNAPSHOT 外发工具 16 个 [sd.IssueDirective, sd.SetViewScope, sd.StartDecision, sd.SubmitVerdict, simos.advance, simos.command.catalog, simos.command.submit, simos.fork, simos.map.hex, simos.map.overview, simos.social.population, simos.state.facets, simos.state.resolve, simos.timeline.branches, simos.unit.get, simos.unit.list]；Registry 共 16 个，未外发 0 个 []
23:55:51.600 INFO  io.mosire.agentlib.mcp.AgentToMcpServer - MCP streamable server 已启动: name=simos-shell-decision version=0.1.0-SNAPSHOT 外发工具 11 个 [sd.IssueDirective, sd.SubmitVerdict, simos.command.catalog, simos.map.hex, simos.map.overview, simos.social.population, simos.state.facets, simos.state.resolve, simos.timeline.branches, simos.unit.get, simos.unit.list]；Registry 共 11 个，未外发 0 个 []
23:55:51.610 INFO  io.mosire.simos.app.gui.GuiServer - GUI 服务器已启动: http://127.0.0.1:45379/（静态 /webui，同源，无 CORS 头）
23:55:51.610 INFO  io.mosire.simos.app.Shell - Shell 装配完成: store=/tmp/junit-7028442604095038654 checkpointInterval=100 codec=4 handler=42 participant=2 resolver=4 facet=2 tool=16 decisionTool=11 mapId=Map1 bindAddress=127.0.0.1 mcpPort=45045 decisionAgentMcpPort=45069 guiPort=45379 approvalPort=46635
23:55:51.614 INFO  io.mosire.simos.app.gui.GuiServer - access GET /api/gm/tool-usage -> 200 0ms remote=127.0.0.1
23:55:51.617 INFO  io.mosire.agentlib.approval.ApprovalHttpEndpoint - 审批 HTTP 面已停止（端口 46635）
23:55:51.617 INFO  io.mosire.agentlib.approval.HttpApprovalChannel - HTTP 审批通道已关闭
23:55:51.665 INFO  io.mosire.agentlib.mcp.AgentToMcpServer - MCP streamable server 已启动: name=simos-shell version=0.1.0-SNAPSHOT 外发工具 16 个 [sd.IssueDirective, sd.SetViewScope, sd.StartDecision, sd.SubmitVerdict, simos.advance, simos.command.catalog, simos.command.submit, simos.fork, simos.map.hex, simos.map.overview, simos.social.population, simos.state.facets, simos.state.resolve, simos.timeline.branches, simos.unit.get, simos.unit.list]；Registry 共 16 个，未外发 0 个 []
23:55:51.675 INFO  io.mosire.agentlib.mcp.AgentToMcpServer - MCP streamable server 已启动: name=simos-shell-decision version=0.1.0-SNAPSHOT 外发工具 11 个 [sd.IssueDirective, sd.SubmitVerdict, simos.command.catalog, simos.map.hex, simos.map.overview, simos.social.population, simos.state.facets, simos.state.resolve, simos.timeline.branches, simos.unit.get, simos.unit.list]；Registry 共 11 个，未外发 0 个 []
23:55:51.685 INFO  io.mosire.simos.app.gui.GuiServer - GUI 服务器已启动: http://127.0.0.1:44817/（静态 /webui，同源，无 CORS 头）
23:55:51.685 INFO  io.mosire.simos.app.Shell - Shell 装配完成: store=/tmp/junit-18349004264846946076 checkpointInterval=100 codec=4 handler=42 participant=2 resolver=4 facet=2 tool=16 decisionTool=11 mapId=Map1 bindAddress=127.0.0.1 mcpPort=45449 decisionAgentMcpPort=45305 guiPort=44817 approvalPort=46537
23:55:51.688 INFO  io.mosire.simos.app.gui.GuiServer - access GET /api/gm/tool-usage -> 200 0ms remote=127.0.0.1
23:55:51.689 INFO  io.mosire.agentlib.approval.ApprovalHttpEndpoint - 审批 HTTP 面已停止（端口 46537）
23:55:51.689 INFO  io.mosire.agentlib.approval.HttpApprovalChannel - HTTP 审批通道已关闭
[INFO] Tests run: 7, Failures: 0, Errors: 0, Skipped: 0, Time elapsed: 0.488 s -- in io.mosire.simos.app.gui.GmToolUsageApiTest
[INFO] Running io.mosire.simos.app.gui.GuiApiTest
23:55:51.749 INFO  io.mosire.agentlib.mcp.AgentToMcpServer - MCP streamable server 已启动: name=simos-shell version=0.1.0-SNAPSHOT 外发工具 16 个 [sd.IssueDirective, sd.SetViewScope, sd.StartDecision, sd.SubmitVerdict, simos.advance, simos.command.catalog, simos.command.submit, simos.fork, simos.map.hex, simos.map.overview, simos.social.population, simos.state.facets, simos.state.resolve, simos.timeline.branches, simos.unit.get, simos.unit.list]；Registry 共 16 个，未外发 0 个 []
23:55:51.759 INFO  io.mosire.agentlib.mcp.AgentToMcpServer - MCP streamable server 已启动: name=simos-shell-decision version=0.1.0-SNAPSHOT 外发工具 11 个 [sd.IssueDirective, sd.SubmitVerdict, simos.command.catalog, simos.map.hex, simos.map.overview, simos.social.population, simos.state.facets, simos.state.resolve, simos.timeline.branches, simos.unit.get, simos.unit.list]；Registry 共 11 个，未外发 0 个 []
23:55:51.769 INFO  io.mosire.simos.app.gui.GuiServer - GUI 服务器已启动: http://127.0.0.1:45027/（静态 /webui，同源，无 CORS 头）
23:55:51.769 INFO  io.mosire.simos.app.Shell - Shell 装配完成: store=/tmp/junit-9243917825601502419 checkpointInterval=100 codec=4 handler=42 participant=2 resolver=4 facet=2 tool=16 decisionTool=11 mapId=Map1 bindAddress=127.0.0.1 mcpPort=45373 decisionAgentMcpPort=44899 guiPort=45027 approvalPort=46031
23:55:51.774 INFO  io.mosire.simos.app.gui.GuiServer - access GET /api/unit/u-1 -> 200 1ms remote=127.0.0.1
23:55:51.777 INFO  io.mosire.simos.app.gui.GuiServer - access GET /api/units -> 200 0ms remote=127.0.0.1
23:55:51.824 INFO  io.mosire.agentlib.approval.ApprovalHttpEndpoint - 审批 HTTP 面已停止（端口 46031）
23:55:51.824 INFO  io.mosire.agentlib.approval.HttpApprovalChannel - HTTP 审批通道已关闭
23:55:51.871 INFO  io.mosire.agentlib.mcp.AgentToMcpServer - MCP streamable server 已启动: name=simos-shell version=0.1.0-SNAPSHOT 外发工具 16 个 [sd.IssueDirective, sd.SetViewScope, sd.StartDecision, sd.SubmitVerdict, simos.advance, simos.command.catalog, simos.command.submit, simos.fork, simos.map.hex, simos.map.overview, simos.social.population, simos.state.facets, simos.state.resolve, simos.timeline.branches, simos.unit.get, simos.unit.list]；Registry 共 16 个，未外发 0 个 []
23:55:51.881 INFO  io.mosire.agentlib.mcp.AgentToMcpServer - MCP streamable server 已启动: name=simos-shell-decision version=0.1.0-SNAPSHOT 外发工具 11 个 [sd.IssueDirective, sd.SubmitVerdict, simos.command.catalog, simos.map.hex, simos.map.overview, simos.social.population, simos.state.facets, simos.state.resolve, simos.timeline.branches, simos.unit.get, simos.unit.list]；Registry 共 11 个，未外发 0 个 []
23:55:51.892 INFO  io.mosire.simos.app.gui.GuiServer - GUI 服务器已启动: http://127.0.0.1:46423/（静态 /webui，同源，无 CORS 头）
23:55:51.892 INFO  io.mosire.simos.app.Shell - Shell 装配完成: store=/tmp/junit-12883331448491730224 checkpointInterval=100 codec=4 handler=42 participant=2 resolver=4 facet=2 tool=16 decisionTool=11 mapId=Map1 bindAddress=127.0.0.1 mcpPort=46487 decisionAgentMcpPort=45231 guiPort=46423 approvalPort=45487
23:55:51.896 INFO  io.mosire.simos.app.gui.GuiServer - access GET /api/map/path -> 200 1ms remote=127.0.0.1
23:55:51.899 INFO  io.mosire.agentlib.approval.ApprovalHttpEndpoint - 审批 HTTP 面已停止（端口 45487）
23:55:51.899 INFO  io.mosire.agentlib.approval.HttpApprovalChannel - HTTP 审批通道已关闭
23:55:51.972 INFO  io.mosire.agentlib.mcp.AgentToMcpServer - MCP streamable server 已启动: name=simos-shell version=0.1.0-SNAPSHOT 外发工具 16 个 [sd.IssueDirective, sd.SetViewScope, sd.StartDecision, sd.SubmitVerdict, simos.advance, simos.command.catalog, simos.command.submit, simos.fork, simos.map.hex, simos.map.overview, simos.social.population, simos.state.facets, simos.state.resolve, simos.timeline.branches, simos.unit.get, simos.unit.list]；Registry 共 16 个，未外发 0 个 []
23:55:51.982 INFO  io.mosire.agentlib.mcp.AgentToMcpServer - MCP streamable server 已启动: name=simos-shell-decision version=0.1.0-SNAPSHOT 外发工具 11 个 [sd.IssueDirective, sd.SubmitVerdict, simos.command.catalog, simos.map.hex, simos.map.overview, simos.social.population, simos.state.facets, simos.state.resolve, simos.timeline.branches, simos.unit.get, simos.unit.list]；Registry 共 11 个，未外发 0 个 []
23:55:51.992 INFO  io.mosire.simos.app.gui.GuiServer - GUI 服务器已启动: http://127.0.0.1:45231/（静态 /webui，同源，无 CORS 头）
23:55:51.992 INFO  io.mosire.simos.app.Shell - Shell 装配完成: store=/tmp/junit-14928586660502662112 checkpointInterval=100 codec=4 handler=42 participant=2 resolver=4 facet=2 tool=16 decisionTool=11 mapId=Map1 bindAddress=127.0.0.1 mcpPort=46307 decisionAgentMcpPort=46521 guiPort=45231 approvalPort=46443
23:55:51.995 INFO  io.mosire.simos.app.gui.GuiServer - access GET /api/map/overview -> 200 1ms remote=127.0.0.1
23:55:51.997 INFO  io.mosire.agentlib.approval.ApprovalHttpEndpoint - 审批 HTTP 面已停止（端口 46443）
23:55:51.997 INFO  io.mosire.agentlib.approval.HttpApprovalChannel - HTTP 审批通道已关闭
23:55:52.043 INFO  io.mosire.agentlib.mcp.AgentToMcpServer - MCP streamable server 已启动: name=simos-shell version=0.1.0-SNAPSHOT 外发工具 16 个 [sd.IssueDirective, sd.SetViewScope, sd.StartDecision, sd.SubmitVerdict, simos.advance, simos.command.catalog, simos.command.submit, simos.fork, simos.map.hex, simos.map.overview, simos.social.population, simos.state.facets, simos.state.resolve, simos.timeline.branches, simos.unit.get, simos.unit.list]；Registry 共 16 个，未外发 0 个 []
23:55:52.053 INFO  io.mosire.agentlib.mcp.AgentToMcpServer - MCP streamable server 已启动: name=simos-shell-decision version=0.1.0-SNAPSHOT 外发工具 11 个 [sd.IssueDirective, sd.SubmitVerdict, simos.command.catalog, simos.map.hex, simos.map.overview, simos.social.population, simos.state.facets, simos.state.resolve, simos.timeline.branches, simos.unit.get, simos.unit.list]；Registry 共 11 个，未外发 0 个 []
23:55:52.063 INFO  io.mosire.simos.app.gui.GuiServer - GUI 服务器已启动: http://127.0.0.1:45965/（静态 /webui，同源，无 CORS 头）
23:55:52.063 INFO  io.mosire.simos.app.Shell - Shell 装配完成: store=/tmp/junit-13223761807792872105 checkpointInterval=100 codec=4 handler=42 participant=2 resolver=4 facet=2 tool=16 decisionTool=11 mapId=Map1 bindAddress=127.0.0.1 mcpPort=46499 decisionAgentMcpPort=45957 guiPort=45965 approvalPort=44653
23:55:52.074 INFO  io.mosire.simos.core.command.CommandBus - 命令提交: type=unit.RenameUnit commandId=2e218146-29a2-455d-a75a-599a0ddbce54 correlationId=2e218146-29a2-455d-a75a-599a0ddbce54 新坐标=main@2
23:55:52.075 INFO  io.mosire.simos.app.gui.GuiServer - access POST /api/command -> 200 8ms remote=127.0.0.1
23:55:52.083 INFO  io.mosire.simos.app.gui.GuiServer - access GET /api/unit/u-1 -> 200 0ms remote=127.0.0.1
23:55:52.132 INFO  io.mosire.agentlib.approval.ApprovalHttpEndpoint - 审批 HTTP 面已停止（端口 44653）
23:55:52.132 INFO  io.mosire.agentlib.approval.HttpApprovalChannel - HTTP 审批通道已关闭
23:55:52.188 INFO  io.mosire.agentlib.mcp.AgentToMcpServer - MCP streamable server 已启动: name=simos-shell version=0.1.0-SNAPSHOT 外发工具 16 个 [sd.IssueDirective, sd.SetViewScope, sd.StartDecision, sd.SubmitVerdict, simos.advance, simos.command.catalog, simos.command.submit, simos.fork, simos.map.hex, simos.map.overview, simos.social.population, simos.state.facets, simos.state.resolve, simos.timeline.branches, simos.unit.get, simos.unit.list]；Registry 共 16 个，未外发 0 个 []
23:55:52.198 INFO  io.mosire.agentlib.mcp.AgentToMcpServer - MCP streamable server 已启动: name=simos-shell-decision version=0.1.0-SNAPSHOT 外发工具 11 个 [sd.IssueDirective, sd.SubmitVerdict, simos.command.catalog, simos.map.hex, simos.map.overview, simos.social.population, simos.state.facets, simos.state.resolve, simos.timeline.branches, simos.unit.get, simos.unit.list]；Registry 共 11 个，未外发 0 个 []
23:55:52.208 INFO  io.mosire.simos.app.gui.GuiServer - GUI 服务器已启动: http://127.0.0.1:45421/（静态 /webui，同源，无 CORS 头）
23:55:52.208 INFO  io.mosire.simos.app.Shell - Shell 装配完成: store=/tmp/junit-14851647188814741476 checkpointInterval=100 codec=4 handler=42 participant=2 resolver=4 facet=2 tool=16 decisionTool=11 mapId=Map1 bindAddress=127.0.0.1 mcpPort=45985 decisionAgentMcpPort=45835 guiPort=45421 approvalPort=44729
23:55:52.212 INFO  io.mosire.simos.app.gui.GuiServer - access GET /api/map/overview -> 200 1ms remote=127.0.0.1
23:55:52.213 INFO  io.mosire.simos.app.gui.GuiServer - access GET /api/map/overview -> 200 0ms remote=127.0.0.1
23:55:52.260 INFO  io.mosire.agentlib.approval.ApprovalHttpEndpoint - 审批 HTTP 面已停止（端口 44729）
23:55:52.261 INFO  io.mosire.agentlib.approval.HttpApprovalChannel - HTTP 审批通道已关闭
23:55:52.315 INFO  io.mosire.agentlib.mcp.AgentToMcpServer - MCP streamable server 已启动: name=simos-shell version=0.1.0-SNAPSHOT 外发工具 16 个 [sd.IssueDirective, sd.SetViewScope, sd.StartDecision, sd.SubmitVerdict, simos.advance, simos.command.catalog, simos.command.submit, simos.fork, simos.map.hex, simos.map.overview, simos.social.population, simos.state.facets, simos.state.resolve, simos.timeline.branches, simos.unit.get, simos.unit.list]；Registry 共 16 个，未外发 0 个 []
23:55:52.324 INFO  io.mosire.agentlib.mcp.AgentToMcpServer - MCP streamable server 已启动: name=simos-shell-decision version=0.1.0-SNAPSHOT 外发工具 11 个 [sd.IssueDirective, sd.SubmitVerdict, simos.command.catalog, simos.map.hex, simos.map.overview, simos.social.population, simos.state.facets, simos.state.resolve, simos.timeline.branches, simos.unit.get, simos.unit.list]；Registry 共 11 个，未外发 0 个 []
23:55:52.334 INFO  io.mosire.simos.app.gui.GuiServer - GUI 服务器已启动: http://127.0.0.1:45587/（静态 /webui，同源，无 CORS 头）
23:55:52.334 INFO  io.mosire.simos.app.Shell - Shell 装配完成: store=/tmp/junit-136589631607940551 checkpointInterval=100 codec=4 handler=42 participant=2 resolver=4 facet=2 tool=16 decisionTool=11 mapId=Map1 bindAddress=127.0.0.1 mcpPort=46307 decisionAgentMcpPort=45561 guiPort=45587 approvalPort=46215
23:55:52.339 INFO  io.mosire.simos.app.gui.GuiServer - access GET /api/nope -> 404 0ms remote=127.0.0.1
23:55:52.341 INFO  io.mosire.simos.app.gui.GuiServer - access GET /api/command -> 405 0ms remote=127.0.0.1
23:55:52.389 INFO  io.mosire.simos.app.gui.GuiServer - access POST /api/state -> 405 0ms remote=127.0.0.1
23:55:52.437 INFO  io.mosire.simos.app.gui.GuiServer - access POST /api/map/path -> 405 0ms remote=127.0.0.1
23:55:52.485 INFO  io.mosire.agentlib.approval.ApprovalHttpEndpoint - 审批 HTTP 面已停止（端口 46215）
23:55:52.485 INFO  io.mosire.agentlib.approval.HttpApprovalChannel - HTTP 审批通道已关闭
23:55:52.542 INFO  io.mosire.agentlib.mcp.AgentToMcpServer - MCP streamable server 已启动: name=simos-shell version=0.1.0-SNAPSHOT 外发工具 16 个 [sd.IssueDirective, sd.SetViewScope, sd.StartDecision, sd.SubmitVerdict, simos.advance, simos.command.catalog, simos.command.submit, simos.fork, simos.map.hex, simos.map.overview, simos.social.population, simos.state.facets, simos.state.resolve, simos.timeline.branches, simos.unit.get, simos.unit.list]；Registry 共 16 个，未外发 0 个 []
23:55:52.553 INFO  io.mosire.agentlib.mcp.AgentToMcpServer - MCP streamable server 已启动: name=simos-shell-decision version=0.1.0-SNAPSHOT 外发工具 11 个 [sd.IssueDirective, sd.SubmitVerdict, simos.command.catalog, simos.map.hex, simos.map.overview, simos.social.population, simos.state.facets, simos.state.resolve, simos.timeline.branches, simos.unit.get, simos.unit.list]；Registry 共 11 个，未外发 0 个 []
23:55:52.562 INFO  io.mosire.simos.app.gui.GuiServer - GUI 服务器已启动: http://127.0.0.1:45745/（静态 /webui，同源，无 CORS 头）
23:55:52.562 INFO  io.mosire.simos.app.Shell - Shell 装配完成: store=/tmp/junit-6565589130879975901 checkpointInterval=100 codec=4 handler=42 participant=2 resolver=4 facet=2 tool=16 decisionTool=11 mapId=Map1 bindAddress=127.0.0.1 mcpPort=46573 decisionAgentMcpPort=46275 guiPort=45745 approvalPort=45467
23:55:52.567 INFO  io.mosire.simos.app.gui.GuiServer - access GET /api/resolve -> 200 1ms remote=127.0.0.1
23:55:52.570 INFO  io.mosire.agentlib.approval.ApprovalHttpEndpoint - 审批 HTTP 面已停止（端口 45467）
23:55:52.571 INFO  io.mosire.agentlib.approval.HttpApprovalChannel - HTTP 审批通道已关闭
23:55:52.621 INFO  io.mosire.agentlib.mcp.AgentToMcpServer - MCP streamable server 已启动: name=simos-shell version=0.1.0-SNAPSHOT 外发工具 16 个 [sd.IssueDirective, sd.SetViewScope, sd.StartDecision, sd.SubmitVerdict, simos.advance, simos.command.catalog, simos.command.submit, simos.fork, simos.map.hex, simos.map.overview, simos.social.population, simos.state.facets, simos.state.resolve, simos.timeline.branches, simos.unit.get, simos.unit.list]；Registry 共 16 个，未外发 0 个 []
23:55:52.631 INFO  io.mosire.agentlib.mcp.AgentToMcpServer - MCP streamable server 已启动: name=simos-shell-decision version=0.1.0-SNAPSHOT 外发工具 11 个 [sd.IssueDirective, sd.SubmitVerdict, simos.command.catalog, simos.map.hex, simos.map.overview, simos.social.population, simos.state.facets, simos.state.resolve, simos.timeline.branches, simos.unit.get, simos.unit.list]；Registry 共 11 个，未外发 0 个 []
23:55:52.641 INFO  io.mosire.simos.app.gui.GuiServer - GUI 服务器已启动: http://127.0.0.1:44999/（静态 /webui，同源，无 CORS 头）
23:55:52.641 INFO  io.mosire.simos.app.Shell - Shell 装配完成: store=/tmp/junit-10142129811194465856 checkpointInterval=100 codec=4 handler=42 participant=2 resolver=4 facet=2 tool=16 decisionTool=11 mapId=Map1 bindAddress=127.0.0.1 mcpPort=46001 decisionAgentMcpPort=46499 guiPort=44999 approvalPort=46215
23:55:52.645 INFO  io.mosire.simos.app.gui.GuiServer - access GET /api/facets -> 200 1ms remote=127.0.0.1
23:55:52.647 INFO  io.mosire.agentlib.approval.ApprovalHttpEndpoint - 审批 HTTP 面已停止（端口 46215）
23:55:52.647 INFO  io.mosire.agentlib.approval.HttpApprovalChannel - HTTP 审批通道已关闭
23:55:52.703 INFO  io.mosire.agentlib.mcp.AgentToMcpServer - MCP streamable server 已启动: name=simos-shell version=0.1.0-SNAPSHOT 外发工具 16 个 [sd.IssueDirective, sd.SetViewScope, sd.StartDecision, sd.SubmitVerdict, simos.advance, simos.command.catalog, simos.command.submit, simos.fork, simos.map.hex, simos.map.overview, simos.social.population, simos.state.facets, simos.state.resolve, simos.timeline.branches, simos.unit.get, simos.unit.list]；Registry 共 16 个，未外发 0 个 []
23:55:52.713 INFO  io.mosire.agentlib.mcp.AgentToMcpServer - MCP streamable server 已启动: name=simos-shell-decision version=0.1.0-SNAPSHOT 外发工具 11 个 [sd.IssueDirective, sd.SubmitVerdict, simos.command.catalog, simos.map.hex, simos.map.overview, simos.social.population, simos.state.facets, simos.state.resolve, simos.timeline.branches, simos.unit.get, simos.unit.list]；Registry 共 11 个，未外发 0 个 []
23:55:52.723 INFO  io.mosire.simos.app.gui.GuiServer - GUI 服务器已启动: http://127.0.0.1:46293/（静态 /webui，同源，无 CORS 头）
23:55:52.723 INFO  io.mosire.simos.app.Shell - Shell 装配完成: store=/tmp/junit-4444041904808192917 checkpointInterval=100 codec=4 handler=42 participant=2 resolver=4 facet=2 tool=16 decisionTool=11 mapId=Map1 bindAddress=127.0.0.1 mcpPort=45467 decisionAgentMcpPort=46163 guiPort=46293 approvalPort=46185
23:55:52.728 INFO  io.mosire.simos.app.gui.GuiServer - access GET /api/map/hex -> 200 2ms remote=127.0.0.1
23:55:52.730 INFO  io.mosire.simos.app.gui.GuiServer - access GET /api/map/hex -> 200 0ms remote=127.0.0.1
23:55:52.775 INFO  io.mosire.agentlib.approval.ApprovalHttpEndpoint - 审批 HTTP 面已停止（端口 46185）
23:55:52.775 INFO  io.mosire.agentlib.approval.HttpApprovalChannel - HTTP 审批通道已关闭
23:55:52.821 INFO  io.mosire.agentlib.mcp.AgentToMcpServer - MCP streamable server 已启动: name=simos-shell version=0.1.0-SNAPSHOT 外发工具 16 个 [sd.IssueDirective, sd.SetViewScope, sd.StartDecision, sd.SubmitVerdict, simos.advance, simos.command.catalog, simos.command.submit, simos.fork, simos.map.hex, simos.map.overview, simos.social.population, simos.state.facets, simos.state.resolve, simos.timeline.branches, simos.unit.get, simos.unit.list]；Registry 共 16 个，未外发 0 个 []
23:55:52.831 INFO  io.mosire.agentlib.mcp.AgentToMcpServer - MCP streamable server 已启动: name=simos-shell-decision version=0.1.0-SNAPSHOT 外发工具 11 个 [sd.IssueDirective, sd.SubmitVerdict, simos.command.catalog, simos.map.hex, simos.map.overview, simos.social.population, simos.state.facets, simos.state.resolve, simos.timeline.branches, simos.unit.get, simos.unit.list]；Registry 共 11 个，未外发 0 个 []
23:55:52.842 INFO  io.mosire.simos.app.gui.GuiServer - GUI 服务器已启动: http://127.0.0.1:46391/（静态 /webui，同源，无 CORS 头）
23:55:52.842 INFO  io.mosire.simos.app.Shell - Shell 装配完成: store=/tmp/junit-4560071556180978582 checkpointInterval=100 codec=4 handler=42 participant=2 resolver=4 facet=2 tool=16 decisionTool=11 mapId=Map1 bindAddress=127.0.0.1 mcpPort=46335 decisionAgentMcpPort=46163 guiPort=46391 approvalPort=45407
23:55:52.846 INFO  io.mosire.simos.app.gui.GuiServer - access GET /api/state -> 200 1ms remote=127.0.0.1
23:55:52.849 INFO  io.mosire.simos.app.gui.GuiServer - access GET /api/map/path -> 200 0ms remote=127.0.0.1
23:55:52.895 INFO  io.mosire.simos.app.gui.GuiServer - access GET /api/map/path -> 200 0ms remote=127.0.0.1
23:55:52.939 INFO  io.mosire.simos.app.gui.GuiServer - access GET /api/state -> 200 0ms remote=127.0.0.1
23:55:52.983 INFO  io.mosire.simos.app.gui.GuiServer - access GET /api/timeline -> 200 0ms remote=127.0.0.1
23:55:53.027 INFO  io.mosire.agentlib.approval.ApprovalHttpEndpoint - 审批 HTTP 面已停止（端口 45407）
23:55:53.028 INFO  io.mosire.agentlib.approval.HttpApprovalChannel - HTTP 审批通道已关闭
23:55:53.074 INFO  io.mosire.agentlib.mcp.AgentToMcpServer - MCP streamable server 已启动: name=simos-shell version=0.1.0-SNAPSHOT 外发工具 16 个 [sd.IssueDirective, sd.SetViewScope, sd.StartDecision, sd.SubmitVerdict, simos.advance, simos.command.catalog, simos.command.submit, simos.fork, simos.map.hex, simos.map.overview, simos.social.population, simos.state.facets, simos.state.resolve, simos.timeline.branches, simos.unit.get, simos.unit.list]；Registry 共 16 个，未外发 0 个 []
23:55:53.084 INFO  io.mosire.agentlib.mcp.AgentToMcpServer - MCP streamable server 已启动: name=simos-shell-decision version=0.1.0-SNAPSHOT 外发工具 11 个 [sd.IssueDirective, sd.SubmitVerdict, simos.command.catalog, simos.map.hex, simos.map.overview, simos.social.population, simos.state.facets, simos.state.resolve, simos.timeline.branches, simos.unit.get, simos.unit.list]；Registry 共 11 个，未外发 0 个 []
23:55:53.095 INFO  io.mosire.simos.app.gui.GuiServer - GUI 服务器已启动: http://127.0.0.1:46621/（静态 /webui，同源，无 CORS 头）
23:55:53.095 INFO  io.mosire.simos.app.Shell - Shell 装配完成: store=/tmp/junit-14785075870438827368 checkpointInterval=100 codec=4 handler=42 participant=2 resolver=4 facet=2 tool=16 decisionTool=11 mapId=Map1 bindAddress=127.0.0.1 mcpPort=46507 decisionAgentMcpPort=44711 guiPort=46621 approvalPort=46585
23:55:53.096 INFO  io.mosire.agentlib.approval.ApprovalHttpEndpoint - 审批 HTTP 面已停止（端口 46585）
23:55:53.096 INFO  io.mosire.agentlib.approval.HttpApprovalChannel - HTTP 审批通道已关闭
23:55:53.155 INFO  io.mosire.agentlib.mcp.AgentToMcpServer - MCP streamable server 已启动: name=simos-shell version=0.1.0-SNAPSHOT 外发工具 16 个 [sd.IssueDirective, sd.SetViewScope, sd.StartDecision, sd.SubmitVerdict, simos.advance, simos.command.catalog, simos.command.submit, simos.fork, simos.map.hex, simos.map.overview, simos.social.population, simos.state.facets, simos.state.resolve, simos.timeline.branches, simos.unit.get, simos.unit.list]；Registry 共 16 个，未外发 0 个 []
23:55:53.164 INFO  io.mosire.agentlib.mcp.AgentToMcpServer - MCP streamable server 已启动: name=simos-shell-decision version=0.1.0-SNAPSHOT 外发工具 11 个 [sd.IssueDirective, sd.SubmitVerdict, simos.command.catalog, simos.map.hex, simos.map.overview, simos.social.population, simos.state.facets, simos.state.resolve, simos.timeline.branches, simos.unit.get, simos.unit.list]；Registry 共 11 个，未外发 0 个 []
23:55:53.174 INFO  io.mosire.simos.app.gui.GuiServer - GUI 服务器已启动: http://127.0.0.1:44755/（静态 /webui，同源，无 CORS 头）
23:55:53.175 INFO  io.mosire.simos.app.Shell - Shell 装配完成: store=/tmp/junit-436337286804714402 checkpointInterval=100 codec=4 handler=42 participant=2 resolver=4 facet=2 tool=16 decisionTool=11 mapId=Map1 bindAddress=127.0.0.1 mcpPort=45455 decisionAgentMcpPort=46061 guiPort=44755 approvalPort=44629
23:55:53.178 INFO  io.mosire.simos.app.gui.GuiServer - access GET /api/map/path -> 200 1ms remote=127.0.0.1
23:55:53.188 INFO  io.mosire.simos.core.command.CommandBus - 命令提交: type=unit.PlanRoute commandId=2bf46c38-c149-4d78-a7a7-44120eb0e79d correlationId=2bf46c38-c149-4d78-a7a7-44120eb0e79d 新坐标=main@2
23:55:53.189 INFO  io.mosire.simos.app.gui.GuiServer - access POST /api/command -> 200 8ms remote=127.0.0.1
23:55:53.237 INFO  io.mosire.simos.app.gui.GuiServer - access GET /api/unit/u-1 -> 200 1ms remote=127.0.0.1
23:55:53.284 INFO  io.mosire.agentlib.approval.ApprovalHttpEndpoint - 审批 HTTP 面已停止（端口 44629）
23:55:53.284 INFO  io.mosire.agentlib.approval.HttpApprovalChannel - HTTP 审批通道已关闭
23:55:53.338 INFO  io.mosire.agentlib.mcp.AgentToMcpServer - MCP streamable server 已启动: name=simos-shell version=0.1.0-SNAPSHOT 外发工具 16 个 [sd.IssueDirective, sd.SetViewScope, sd.StartDecision, sd.SubmitVerdict, simos.advance, simos.command.catalog, simos.command.submit, simos.fork, simos.map.hex, simos.map.overview, simos.social.population, simos.state.facets, simos.state.resolve, simos.timeline.branches, simos.unit.get, simos.unit.list]；Registry 共 16 个，未外发 0 个 []
23:55:53.348 INFO  io.mosire.agentlib.mcp.AgentToMcpServer - MCP streamable server 已启动: name=simos-shell-decision version=0.1.0-SNAPSHOT 外发工具 11 个 [sd.IssueDirective, sd.SubmitVerdict, simos.command.catalog, simos.map.hex, simos.map.overview, simos.social.population, simos.state.facets, simos.state.resolve, simos.timeline.branches, simos.unit.get, simos.unit.list]；Registry 共 11 个，未外发 0 个 []
23:55:53.359 INFO  io.mosire.simos.app.gui.GuiServer - GUI 服务器已启动: http://127.0.0.1:46579/（静态 /webui，同源，无 CORS 头）
23:55:53.359 INFO  io.mosire.simos.app.Shell - Shell 装配完成: store=/tmp/junit-7554675600690230446 checkpointInterval=100 codec=4 handler=42 participant=2 resolver=4 facet=2 tool=16 decisionTool=11 mapId=Map1 bindAddress=127.0.0.1 mcpPort=45539 decisionAgentMcpPort=46187 guiPort=46579 approvalPort=45843
23:55:53.362 INFO  io.mosire.simos.app.gui.GuiServer - access GET /api/map/path -> 200 0ms remote=127.0.0.1
23:55:53.364 INFO  io.mosire.agentlib.approval.ApprovalHttpEndpoint - 审批 HTTP 面已停止（端口 45843）
23:55:53.364 INFO  io.mosire.agentlib.approval.HttpApprovalChannel - HTTP 审批通道已关闭
23:55:53.414 INFO  io.mosire.agentlib.mcp.AgentToMcpServer - MCP streamable server 已启动: name=simos-shell version=0.1.0-SNAPSHOT 外发工具 16 个 [sd.IssueDirective, sd.SetViewScope, sd.StartDecision, sd.SubmitVerdict, simos.advance, simos.command.catalog, simos.command.submit, simos.fork, simos.map.hex, simos.map.overview, simos.social.population, simos.state.facets, simos.state.resolve, simos.timeline.branches, simos.unit.get, simos.unit.list]；Registry 共 16 个，未外发 0 个 []
23:55:53.423 INFO  io.mosire.agentlib.mcp.AgentToMcpServer - MCP streamable server 已启动: name=simos-shell-decision version=0.1.0-SNAPSHOT 外发工具 11 个 [sd.IssueDirective, sd.SubmitVerdict, simos.command.catalog, simos.map.hex, simos.map.overview, simos.social.population, simos.state.facets, simos.state.resolve, simos.timeline.branches, simos.unit.get, simos.unit.list]；Registry 共 11 个，未外发 0 个 []
23:55:53.432 INFO  io.mosire.simos.app.gui.GuiServer - GUI 服务器已启动: http://127.0.0.1:45085/（静态 /webui，同源，无 CORS 头）
23:55:53.432 INFO  io.mosire.simos.app.Shell - Shell 装配完成: store=/tmp/junit-9478262776759115457 checkpointInterval=100 codec=4 handler=42 participant=2 resolver=4 facet=2 tool=16 decisionTool=11 mapId=Map1 bindAddress=127.0.0.1 mcpPort=45699 decisionAgentMcpPort=46593 guiPort=45085 approvalPort=45299
23:55:53.435 INFO  io.mosire.simos.app.gui.GuiServer - access GET /api/map/hex -> 200 1ms remote=127.0.0.1
23:55:53.437 INFO  io.mosire.agentlib.approval.ApprovalHttpEndpoint - 审批 HTTP 面已停止（端口 45299）
23:55:53.437 INFO  io.mosire.agentlib.approval.HttpApprovalChannel - HTTP 审批通道已关闭
23:55:53.482 INFO  io.mosire.agentlib.mcp.AgentToMcpServer - MCP streamable server 已启动: name=simos-shell version=0.1.0-SNAPSHOT 外发工具 16 个 [sd.IssueDirective, sd.SetViewScope, sd.StartDecision, sd.SubmitVerdict, simos.advance, simos.command.catalog, simos.command.submit, simos.fork, simos.map.hex, simos.map.overview, simos.social.population, simos.state.facets, simos.state.resolve, simos.timeline.branches, simos.unit.get, simos.unit.list]；Registry 共 16 个，未外发 0 个 []
23:55:53.492 INFO  io.mosire.agentlib.mcp.AgentToMcpServer - MCP streamable server 已启动: name=simos-shell-decision version=0.1.0-SNAPSHOT 外发工具 11 个 [sd.IssueDirective, sd.SubmitVerdict, simos.command.catalog, simos.map.hex, simos.map.overview, simos.social.population, simos.state.facets, simos.state.resolve, simos.timeline.branches, simos.unit.get, simos.unit.list]；Registry 共 11 个，未外发 0 个 []
23:55:53.502 INFO  io.mosire.simos.app.gui.GuiServer - GUI 服务器已启动: http://127.0.0.1:45185/（静态 /webui，同源，无 CORS 头）
23:55:53.502 INFO  io.mosire.simos.app.Shell - Shell 装配完成: store=/tmp/junit-5247529303101972681 checkpointInterval=100 codec=4 handler=42 participant=2 resolver=4 facet=2 tool=16 decisionTool=11 mapId=Map1 bindAddress=127.0.0.1 mcpPort=46597 decisionAgentMcpPort=46257 guiPort=45185 approvalPort=45259
23:55:53.505 INFO  io.mosire.simos.app.gui.GuiServer - access GET /api/map/path -> 404 0ms remote=127.0.0.1
23:55:53.506 INFO  io.mosire.agentlib.approval.ApprovalHttpEndpoint - 审批 HTTP 面已停止（端口 45259）
23:55:53.507 INFO  io.mosire.agentlib.approval.HttpApprovalChannel - HTTP 审批通道已关闭
23:55:53.551 INFO  io.mosire.agentlib.mcp.AgentToMcpServer - MCP streamable server 已启动: name=simos-shell version=0.1.0-SNAPSHOT 外发工具 16 个 [sd.IssueDirective, sd.SetViewScope, sd.StartDecision, sd.SubmitVerdict, simos.advance, simos.command.catalog, simos.command.submit, simos.fork, simos.map.hex, simos.map.overview, simos.social.population, simos.state.facets, simos.state.resolve, simos.timeline.branches, simos.unit.get, simos.unit.list]；Registry 共 16 个，未外发 0 个 []
23:55:53.561 INFO  io.mosire.agentlib.mcp.AgentToMcpServer - MCP streamable server 已启动: name=simos-shell-decision version=0.1.0-SNAPSHOT 外发工具 11 个 [sd.IssueDirective, sd.SubmitVerdict, simos.command.catalog, simos.map.hex, simos.map.overview, simos.social.population, simos.state.facets, simos.state.resolve, simos.timeline.branches, simos.unit.get, simos.unit.list]；Registry 共 11 个，未外发 0 个 []
23:55:53.571 INFO  io.mosire.simos.app.gui.GuiServer - GUI 服务器已启动: http://127.0.0.1:46535/（静态 /webui，同源，无 CORS 头）
23:55:53.571 INFO  io.mosire.simos.app.Shell - Shell 装配完成: store=/tmp/junit-14663546637022701123 checkpointInterval=100 codec=4 handler=42 participant=2 resolver=4 facet=2 tool=16 decisionTool=11 mapId=Map1 bindAddress=127.0.0.1 mcpPort=45281 decisionAgentMcpPort=45105 guiPort=46535 approvalPort=45451
23:55:53.575 INFO  io.mosire.simos.app.gui.GuiServer - access GET /api/map/overview -> 200 1ms remote=127.0.0.1
23:55:53.577 INFO  io.mosire.agentlib.approval.ApprovalHttpEndpoint - 审批 HTTP 面已停止（端口 45451）
23:55:53.577 INFO  io.mosire.agentlib.approval.HttpApprovalChannel - HTTP 审批通道已关闭
23:55:53.625 INFO  io.mosire.agentlib.mcp.AgentToMcpServer - MCP streamable server 已启动: name=simos-shell version=0.1.0-SNAPSHOT 外发工具 16 个 [sd.IssueDirective, sd.SetViewScope, sd.StartDecision, sd.SubmitVerdict, simos.advance, simos.command.catalog, simos.command.submit, simos.fork, simos.map.hex, simos.map.overview, simos.social.population, simos.state.facets, simos.state.resolve, simos.timeline.branches, simos.unit.get, simos.unit.list]；Registry 共 16 个，未外发 0 个 []
23:55:53.634 INFO  io.mosire.agentlib.mcp.AgentToMcpServer - MCP streamable server 已启动: name=simos-shell-decision version=0.1.0-SNAPSHOT 外发工具 11 个 [sd.IssueDirective, sd.SubmitVerdict, simos.command.catalog, simos.map.hex, simos.map.overview, simos.social.population, simos.state.facets, simos.state.resolve, simos.timeline.branches, simos.unit.get, simos.unit.list]；Registry 共 11 个，未外发 0 个 []
23:55:53.645 INFO  io.mosire.simos.app.gui.GuiServer - GUI 服务器已启动: http://127.0.0.1:45751/（静态 /webui，同源，无 CORS 头）
23:55:53.645 INFO  io.mosire.simos.app.Shell - Shell 装配完成: store=/tmp/junit-8788981123624745435 checkpointInterval=100 codec=4 handler=42 participant=2 resolver=4 facet=2 tool=16 decisionTool=11 mapId=Map1 bindAddress=127.0.0.1 mcpPort=45465 decisionAgentMcpPort=46393 guiPort=45751 approvalPort=44983
23:55:53.648 INFO  io.mosire.simos.app.gui.GuiServer - access GET /api/units -> 200 0ms remote=127.0.0.1
23:55:53.650 INFO  io.mosire.simos.app.gui.GuiServer - access GET /api/unit/u-1 -> 200 0ms remote=127.0.0.1
23:55:53.695 INFO  io.mosire.agentlib.approval.ApprovalHttpEndpoint - 审批 HTTP 面已停止（端口 44983）
23:55:53.695 INFO  io.mosire.agentlib.approval.HttpApprovalChannel - HTTP 审批通道已关闭
23:55:53.746 INFO  io.mosire.agentlib.mcp.AgentToMcpServer - MCP streamable server 已启动: name=simos-shell version=0.1.0-SNAPSHOT 外发工具 16 个 [sd.IssueDirective, sd.SetViewScope, sd.StartDecision, sd.SubmitVerdict, simos.advance, simos.command.catalog, simos.command.submit, simos.fork, simos.map.hex, simos.map.overview, simos.social.population, simos.state.facets, simos.state.resolve, simos.timeline.branches, simos.unit.get, simos.unit.list]；Registry 共 16 个，未外发 0 个 []
23:55:53.757 INFO  io.mosire.agentlib.mcp.AgentToMcpServer - MCP streamable server 已启动: name=simos-shell-decision version=0.1.0-SNAPSHOT 外发工具 11 个 [sd.IssueDirective, sd.SubmitVerdict, simos.command.catalog, simos.map.hex, simos.map.overview, simos.social.population, simos.state.facets, simos.state.resolve, simos.timeline.branches, simos.unit.get, simos.unit.list]；Registry 共 11 个，未外发 0 个 []
23:55:53.767 INFO  io.mosire.simos.app.gui.GuiServer - GUI 服务器已启动: http://127.0.0.1:44769/（静态 /webui，同源，无 CORS 头）
23:55:53.767 INFO  io.mosire.simos.app.Shell - Shell 装配完成: store=/tmp/junit-5653767606661046253 checkpointInterval=100 codec=4 handler=42 participant=2 resolver=4 facet=2 tool=16 decisionTool=11 mapId=Map1 bindAddress=127.0.0.1 mcpPort=45103 decisionAgentMcpPort=45405 guiPort=44769 approvalPort=45813
23:55:53.771 INFO  io.mosire.simos.app.gui.GuiServer - access GET /api/map/hex -> 200 1ms remote=127.0.0.1
23:55:53.772 INFO  io.mosire.agentlib.approval.ApprovalHttpEndpoint - 审批 HTTP 面已停止（端口 45813）
23:55:53.772 INFO  io.mosire.agentlib.approval.HttpApprovalChannel - HTTP 审批通道已关闭
23:55:53.817 INFO  io.mosire.agentlib.mcp.AgentToMcpServer - MCP streamable server 已启动: name=simos-shell version=0.1.0-SNAPSHOT 外发工具 16 个 [sd.IssueDirective, sd.SetViewScope, sd.StartDecision, sd.SubmitVerdict, simos.advance, simos.command.catalog, simos.command.submit, simos.fork, simos.map.hex, simos.map.overview, simos.social.population, simos.state.facets, simos.state.resolve, simos.timeline.branches, simos.unit.get, simos.unit.list]；Registry 共 16 个，未外发 0 个 []
23:55:53.827 INFO  io.mosire.agentlib.mcp.AgentToMcpServer - MCP streamable server 已启动: name=simos-shell-decision version=0.1.0-SNAPSHOT 外发工具 11 个 [sd.IssueDirective, sd.SubmitVerdict, simos.command.catalog, simos.map.hex, simos.map.overview, simos.social.population, simos.state.facets, simos.state.resolve, simos.timeline.branches, simos.unit.get, simos.unit.list]；Registry 共 11 个，未外发 0 个 []
23:55:53.837 INFO  io.mosire.simos.app.gui.GuiServer - GUI 服务器已启动: http://127.0.0.1:46635/（静态 /webui，同源，无 CORS 头）
23:55:53.837 INFO  io.mosire.simos.app.Shell - Shell 装配完成: store=/tmp/junit-15204288354333640146 checkpointInterval=100 codec=4 handler=42 participant=2 resolver=4 facet=2 tool=16 decisionTool=11 mapId=Map1 bindAddress=127.0.0.1 mcpPort=44661 decisionAgentMcpPort=44981 guiPort=46635 approvalPort=44709
23:55:53.851 INFO  io.mosire.simos.app.gui.GuiServer - access GET /api/timeline -> 200 0ms remote=127.0.0.1
23:55:53.854 INFO  io.mosire.simos.app.gui.GuiServer - access GET /api/timeline -> 200 0ms remote=127.0.0.1
23:55:53.901 INFO  io.mosire.simos.app.gui.GuiServer - access GET /api/timeline -> 404 0ms remote=127.0.0.1
23:55:53.949 INFO  io.mosire.agentlib.approval.ApprovalHttpEndpoint - 审批 HTTP 面已停止（端口 44709）
23:55:53.949 INFO  io.mosire.agentlib.approval.HttpApprovalChannel - HTTP 审批通道已关闭
23:55:54.003 INFO  io.mosire.agentlib.mcp.AgentToMcpServer - MCP streamable server 已启动: name=simos-shell version=0.1.0-SNAPSHOT 外发工具 16 个 [sd.IssueDirective, sd.SetViewScope, sd.StartDecision, sd.SubmitVerdict, simos.advance, simos.command.catalog, simos.command.submit, simos.fork, simos.map.hex, simos.map.overview, simos.social.population, simos.state.facets, simos.state.resolve, simos.timeline.branches, simos.unit.get, simos.unit.list]；Registry 共 16 个，未外发 0 个 []
23:55:54.012 INFO  io.mosire.agentlib.mcp.AgentToMcpServer - MCP streamable server 已启动: name=simos-shell-decision version=0.1.0-SNAPSHOT 外发工具 11 个 [sd.IssueDirective, sd.SubmitVerdict, simos.command.catalog, simos.map.hex, simos.map.overview, simos.social.population, simos.state.facets, simos.state.resolve, simos.timeline.branches, simos.unit.get, simos.unit.list]；Registry 共 11 个，未外发 0 个 []
23:55:54.022 INFO  io.mosire.simos.app.gui.GuiServer - GUI 服务器已启动: http://127.0.0.1:46191/（静态 /webui，同源，无 CORS 头）
23:55:54.023 INFO  io.mosire.simos.app.Shell - Shell 装配完成: store=/tmp/junit-5381440156397720033 checkpointInterval=100 codec=4 handler=42 participant=2 resolver=4 facet=2 tool=16 decisionTool=11 mapId=Map1 bindAddress=127.0.0.1 mcpPort=45555 decisionAgentMcpPort=46625 guiPort=46191 approvalPort=46571
23:55:54.032 INFO  io.mosire.simos.core.command.CommandBus - 命令提交: type=unit.PlanRoute commandId=40aa530f-329a-4a86-8725-fb1f43e16d82 correlationId=40aa530f-329a-4a86-8725-fb1f43e16d82 新坐标=main@2
23:55:54.033 INFO  io.mosire.simos.app.gui.GuiServer - access POST /api/command -> 200 7ms remote=127.0.0.1
23:55:54.035 INFO  io.mosire.simos.app.gui.GuiServer - access GET /api/unit/u-1 -> 200 0ms remote=127.0.0.1
23:55:54.079 INFO  io.mosire.simos.app.gui.GuiServer - access GET /api/units -> 200 0ms remote=127.0.0.1
23:55:54.123 INFO  io.mosire.agentlib.approval.ApprovalHttpEndpoint - 审批 HTTP 面已停止（端口 46571）
23:55:54.123 INFO  io.mosire.agentlib.approval.HttpApprovalChannel - HTTP 审批通道已关闭
23:55:54.201 INFO  io.mosire.agentlib.mcp.AgentToMcpServer - MCP streamable server 已启动: name=simos-shell version=0.1.0-SNAPSHOT 外发工具 16 个 [sd.IssueDirective, sd.SetViewScope, sd.StartDecision, sd.SubmitVerdict, simos.advance, simos.command.catalog, simos.command.submit, simos.fork, simos.map.hex, simos.map.overview, simos.social.population, simos.state.facets, simos.state.resolve, simos.timeline.branches, simos.unit.get, simos.unit.list]；Registry 共 16 个，未外发 0 个 []
23:55:54.212 INFO  io.mosire.agentlib.mcp.AgentToMcpServer - MCP streamable server 已启动: name=simos-shell-decision version=0.1.0-SNAPSHOT 外发工具 11 个 [sd.IssueDirective, sd.SubmitVerdict, simos.command.catalog, simos.map.hex, simos.map.overview, simos.social.population, simos.state.facets, simos.state.resolve, simos.timeline.branches, simos.unit.get, simos.unit.list]；Registry 共 11 个，未外发 0 个 []
23:55:54.222 INFO  io.mosire.simos.app.gui.GuiServer - GUI 服务器已启动: http://127.0.0.1:45265/（静态 /webui，同源，无 CORS 头）
23:55:54.222 INFO  io.mosire.simos.app.Shell - Shell 装配完成: store=/tmp/junit-16261976993092005067 checkpointInterval=100 codec=4 handler=42 participant=2 resolver=4 facet=2 tool=16 decisionTool=11 mapId=Map1 bindAddress=127.0.0.1 mcpPort=45107 decisionAgentMcpPort=44821 guiPort=45265 approvalPort=45709
23:55:54.225 INFO  io.mosire.simos.app.gui.GuiServer - access GET /api/state -> 200 1ms remote=127.0.0.1
23:55:54.226 INFO  io.mosire.agentlib.approval.ApprovalHttpEndpoint - 审批 HTTP 面已停止（端口 45709）
23:55:54.226 INFO  io.mosire.agentlib.approval.HttpApprovalChannel - HTTP 审批通道已关闭
23:55:54.278 INFO  io.mosire.agentlib.mcp.AgentToMcpServer - MCP streamable server 已启动: name=simos-shell version=0.1.0-SNAPSHOT 外发工具 16 个 [sd.IssueDirective, sd.SetViewScope, sd.StartDecision, sd.SubmitVerdict, simos.advance, simos.command.catalog, simos.command.submit, simos.fork, simos.map.hex, simos.map.overview, simos.social.population, simos.state.facets, simos.state.resolve, simos.timeline.branches, simos.unit.get, simos.unit.list]；Registry 共 16 个，未外发 0 个 []
23:55:54.288 INFO  io.mosire.agentlib.mcp.AgentToMcpServer - MCP streamable server 已启动: name=simos-shell-decision version=0.1.0-SNAPSHOT 外发工具 11 个 [sd.IssueDirective, sd.SubmitVerdict, simos.command.catalog, simos.map.hex, simos.map.overview, simos.social.population, simos.state.facets, simos.state.resolve, simos.timeline.branches, simos.unit.get, simos.unit.list]；Registry 共 11 个，未外发 0 个 []
23:55:54.297 INFO  io.mosire.simos.app.gui.GuiServer - GUI 服务器已启动: http://127.0.0.1:45925/（静态 /webui，同源，无 CORS 头）
23:55:54.297 INFO  io.mosire.simos.app.Shell - Shell 装配完成: store=/tmp/junit-16503410150272540259 checkpointInterval=100 codec=4 handler=42 participant=2 resolver=4 facet=2 tool=16 decisionTool=11 mapId=Map1 bindAddress=127.0.0.1 mcpPort=45309 decisionAgentMcpPort=44985 guiPort=45925 approvalPort=46439
23:55:54.300 INFO  io.mosire.simos.app.gui.GuiServer - access GET /api/social/population -> 200 1ms remote=127.0.0.1
23:55:54.302 INFO  io.mosire.agentlib.approval.ApprovalHttpEndpoint - 审批 HTTP 面已停止（端口 46439）
23:55:54.302 INFO  io.mosire.agentlib.approval.HttpApprovalChannel - HTTP 审批通道已关闭
23:55:54.345 INFO  io.mosire.agentlib.mcp.AgentToMcpServer - MCP streamable server 已启动: name=simos-shell version=0.1.0-SNAPSHOT 外发工具 16 个 [sd.IssueDirective, sd.SetViewScope, sd.StartDecision, sd.SubmitVerdict, simos.advance, simos.command.catalog, simos.command.submit, simos.fork, simos.map.hex, simos.map.overview, simos.social.population, simos.state.facets, simos.state.resolve, simos.timeline.branches, simos.unit.get, simos.unit.list]；Registry 共 16 个，未外发 0 个 []
23:55:54.355 INFO  io.mosire.agentlib.mcp.AgentToMcpServer - MCP streamable server 已启动: name=simos-shell-decision version=0.1.0-SNAPSHOT 外发工具 11 个 [sd.IssueDirective, sd.SubmitVerdict, simos.command.catalog, simos.map.hex, simos.map.overview, simos.social.population, simos.state.facets, simos.state.resolve, simos.timeline.branches, simos.unit.get, simos.unit.list]；Registry 共 11 个，未外发 0 个 []
23:55:54.365 INFO  io.mosire.simos.app.gui.GuiServer - GUI 服务器已启动: http://127.0.0.1:45715/（静态 /webui，同源，无 CORS 头）
23:55:54.365 INFO  io.mosire.simos.app.Shell - Shell 装配完成: store=/tmp/junit-12009382059564052868 checkpointInterval=100 codec=4 handler=42 participant=2 resolver=4 facet=2 tool=16 decisionTool=11 mapId=Map1 bindAddress=127.0.0.1 mcpPort=45733 decisionAgentMcpPort=46289 guiPort=45715 approvalPort=46627
23:55:54.370 INFO  io.mosire.simos.app.gui.GuiServer - access GET /api/approvals -> 200 2ms remote=127.0.0.1
23:55:54.418 INFO  io.mosire.simos.app.gui.GuiServer - access POST /api/approvals/ap-nope -> 404 46ms remote=127.0.0.1
23:55:54.469 INFO  io.mosire.simos.app.gui.GuiServer - access GET /api/approvals/ap-nope -> 405 1ms remote=127.0.0.1
23:55:54.471 INFO  io.mosire.agentlib.approval.ApprovalHttpEndpoint - 审批 HTTP 面已停止（端口 46627）
23:55:54.471 INFO  io.mosire.agentlib.approval.HttpApprovalChannel - HTTP 审批通道已关闭
23:55:54.521 INFO  io.mosire.agentlib.mcp.AgentToMcpServer - MCP streamable server 已启动: name=simos-shell version=0.1.0-SNAPSHOT 外发工具 16 个 [sd.IssueDirective, sd.SetViewScope, sd.StartDecision, sd.SubmitVerdict, simos.advance, simos.command.catalog, simos.command.submit, simos.fork, simos.map.hex, simos.map.overview, simos.social.population, simos.state.facets, simos.state.resolve, simos.timeline.branches, simos.unit.get, simos.unit.list]；Registry 共 16 个，未外发 0 个 []
23:55:54.532 INFO  io.mosire.agentlib.mcp.AgentToMcpServer - MCP streamable server 已启动: name=simos-shell-decision version=0.1.0-SNAPSHOT 外发工具 11 个 [sd.IssueDirective, sd.SubmitVerdict, simos.command.catalog, simos.map.hex, simos.map.overview, simos.social.population, simos.state.facets, simos.state.resolve, simos.timeline.branches, simos.unit.get, simos.unit.list]；Registry 共 11 个，未外发 0 个 []
23:55:54.542 INFO  io.mosire.simos.app.gui.GuiServer - GUI 服务器已启动: http://127.0.0.1:45515/（静态 /webui，同源，无 CORS 头）
23:55:54.542 INFO  io.mosire.simos.app.Shell - Shell 装配完成: store=/tmp/junit-10559607507012658769 checkpointInterval=100 codec=4 handler=42 participant=2 resolver=4 facet=2 tool=16 decisionTool=11 mapId=Map1 bindAddress=127.0.0.1 mcpPort=45291 decisionAgentMcpPort=45367 guiPort=45515 approvalPort=45235
23:55:54.547 INFO  io.mosire.simos.app.gui.GuiServer - access GET /api/map/overview -> 200 0ms remote=127.0.0.1
23:55:54.550 INFO  io.mosire.simos.app.gui.GuiServer - access GET /api/map/hex -> 200 0ms remote=127.0.0.1
23:55:54.595 INFO  io.mosire.agentlib.approval.ApprovalHttpEndpoint - 审批 HTTP 面已停止（端口 45235）
23:55:54.595 INFO  io.mosire.agentlib.approval.HttpApprovalChannel - HTTP 审批通道已关闭
23:55:54.644 INFO  io.mosire.agentlib.mcp.AgentToMcpServer - MCP streamable server 已启动: name=simos-shell version=0.1.0-SNAPSHOT 外发工具 16 个 [sd.IssueDirective, sd.SetViewScope, sd.StartDecision, sd.SubmitVerdict, simos.advance, simos.command.catalog, simos.command.submit, simos.fork, simos.map.hex, simos.map.overview, simos.social.population, simos.state.facets, simos.state.resolve, simos.timeline.branches, simos.unit.get, simos.unit.list]；Registry 共 16 个，未外发 0 个 []
23:55:54.653 INFO  io.mosire.agentlib.mcp.AgentToMcpServer - MCP streamable server 已启动: name=simos-shell-decision version=0.1.0-SNAPSHOT 外发工具 11 个 [sd.IssueDirective, sd.SubmitVerdict, simos.command.catalog, simos.map.hex, simos.map.overview, simos.social.population, simos.state.facets, simos.state.resolve, simos.timeline.branches, simos.unit.get, simos.unit.list]；Registry 共 11 个，未外发 0 个 []
23:55:54.663 INFO  io.mosire.simos.app.gui.GuiServer - GUI 服务器已启动: http://127.0.0.1:46623/（静态 /webui，同源，无 CORS 头）
23:55:54.663 INFO  io.mosire.simos.app.Shell - Shell 装配完成: store=/tmp/junit-983934912757836315 checkpointInterval=100 codec=4 handler=42 participant=2 resolver=4 facet=2 tool=16 decisionTool=11 mapId=Map1 bindAddress=127.0.0.1 mcpPort=44951 decisionAgentMcpPort=46621 guiPort=46623 approvalPort=45223
23:55:54.666 INFO  io.mosire.simos.app.gui.GuiServer - access GET / -> 200 0ms remote=127.0.0.1
23:55:54.667 INFO  io.mosire.simos.app.gui.GuiServer - access GET /nope -> 404 0ms remote=127.0.0.1
23:55:54.710 INFO  io.mosire.agentlib.approval.ApprovalHttpEndpoint - 审批 HTTP 面已停止（端口 45223）
23:55:54.711 INFO  io.mosire.agentlib.approval.HttpApprovalChannel - HTTP 审批通道已关闭
23:55:54.760 INFO  io.mosire.agentlib.mcp.AgentToMcpServer - MCP streamable server 已启动: name=simos-shell version=0.1.0-SNAPSHOT 外发工具 16 个 [sd.IssueDirective, sd.SetViewScope, sd.StartDecision, sd.SubmitVerdict, simos.advance, simos.command.catalog, simos.command.submit, simos.fork, simos.map.hex, simos.map.overview, simos.social.population, simos.state.facets, simos.state.resolve, simos.timeline.branches, simos.unit.get, simos.unit.list]；Registry 共 16 个，未外发 0 个 []
23:55:54.770 INFO  io.mosire.agentlib.mcp.AgentToMcpServer - MCP streamable server 已启动: name=simos-shell-decision version=0.1.0-SNAPSHOT 外发工具 11 个 [sd.IssueDirective, sd.SubmitVerdict, simos.command.catalog, simos.map.hex, simos.map.overview, simos.social.population, simos.state.facets, simos.state.resolve, simos.timeline.branches, simos.unit.get, simos.unit.list]；Registry 共 11 个，未外发 0 个 []
23:55:54.780 INFO  io.mosire.simos.app.gui.GuiServer - GUI 服务器已启动: http://127.0.0.1:44851/（静态 /webui，同源，无 CORS 头）
23:55:54.780 INFO  io.mosire.simos.app.Shell - Shell 装配完成: store=/tmp/junit-285838205880794969 checkpointInterval=100 codec=4 handler=42 participant=2 resolver=4 facet=2 tool=16 decisionTool=11 mapId=Map1 bindAddress=127.0.0.1 mcpPort=45797 decisionAgentMcpPort=46107 guiPort=44851 approvalPort=46335
23:55:54.784 INFO  io.mosire.simos.app.gui.GuiServer - access GET /api/map/region/r-1 -> 200 1ms remote=127.0.0.1
23:55:54.785 INFO  io.mosire.simos.app.gui.GuiServer - access GET /api/map/region/r-ghost -> 404 0ms remote=127.0.0.1
23:55:54.830 INFO  io.mosire.agentlib.approval.ApprovalHttpEndpoint - 审批 HTTP 面已停止（端口 46335）
23:55:54.831 INFO  io.mosire.agentlib.approval.HttpApprovalChannel - HTTP 审批通道已关闭
23:55:54.879 INFO  io.mosire.agentlib.mcp.AgentToMcpServer - MCP streamable server 已启动: name=simos-shell version=0.1.0-SNAPSHOT 外发工具 16 个 [sd.IssueDirective, sd.SetViewScope, sd.StartDecision, sd.SubmitVerdict, simos.advance, simos.command.catalog, simos.command.submit, simos.fork, simos.map.hex, simos.map.overview, simos.social.population, simos.state.facets, simos.state.resolve, simos.timeline.branches, simos.unit.get, simos.unit.list]；Registry 共 16 个，未外发 0 个 []
23:55:54.889 INFO  io.mosire.agentlib.mcp.AgentToMcpServer - MCP streamable server 已启动: name=simos-shell-decision version=0.1.0-SNAPSHOT 外发工具 11 个 [sd.IssueDirective, sd.SubmitVerdict, simos.command.catalog, simos.map.hex, simos.map.overview, simos.social.population, simos.state.facets, simos.state.resolve, simos.timeline.branches, simos.unit.get, simos.unit.list]；Registry 共 11 个，未外发 0 个 []
23:55:54.900 INFO  io.mosire.simos.app.gui.GuiServer - GUI 服务器已启动: http://127.0.0.1:45711/（静态 /webui，同源，无 CORS 头）
23:55:54.900 INFO  io.mosire.simos.app.Shell - Shell 装配完成: store=/tmp/junit-2745053837336618244 checkpointInterval=100 codec=4 handler=42 participant=2 resolver=4 facet=2 tool=16 decisionTool=11 mapId=Map1 bindAddress=127.0.0.1 mcpPort=46027 decisionAgentMcpPort=45497 guiPort=45711 approvalPort=45923
23:55:54.903 INFO  io.mosire.simos.app.gui.GuiServer - access GET /api/map/hex -> 200 1ms remote=127.0.0.1
23:55:54.905 INFO  io.mosire.agentlib.approval.ApprovalHttpEndpoint - 审批 HTTP 面已停止（端口 45923）
23:55:54.905 INFO  io.mosire.agentlib.approval.HttpApprovalChannel - HTTP 审批通道已关闭
[INFO] Tests run: 27, Failures: 0, Errors: 0, Skipped: 0, Time elapsed: 3.210 s -- in io.mosire.simos.app.gui.GuiApiTest
[INFO] Running io.mosire.simos.app.gui.RedactionApiTest
23:55:54.953 INFO  io.mosire.agentlib.mcp.AgentToMcpServer - MCP streamable server 已启动: name=simos-shell version=0.1.0-SNAPSHOT 外发工具 16 个 [sd.IssueDirective, sd.SetViewScope, sd.StartDecision, sd.SubmitVerdict, simos.advance, simos.command.catalog, simos.command.submit, simos.fork, simos.map.hex, simos.map.overview, simos.social.population, simos.state.facets, simos.state.resolve, simos.timeline.branches, simos.unit.get, simos.unit.list]；Registry 共 16 个，未外发 0 个 []
23:55:54.963 INFO  io.mosire.agentlib.mcp.AgentToMcpServer - MCP streamable server 已启动: name=simos-shell-decision version=0.1.0-SNAPSHOT 外发工具 11 个 [sd.IssueDirective, sd.SubmitVerdict, simos.command.catalog, simos.map.hex, simos.map.overview, simos.social.population, simos.state.facets, simos.state.resolve, simos.timeline.branches, simos.unit.get, simos.unit.list]；Registry 共 11 个，未外发 0 个 []
23:55:54.972 INFO  io.mosire.simos.app.gui.GuiServer - GUI 服务器已启动: http://127.0.0.1:46355/（静态 /webui，同源，无 CORS 头）
23:55:54.973 INFO  io.mosire.simos.app.Shell - Shell 装配完成: store=/tmp/junit-510848635191795345 checkpointInterval=100 codec=4 handler=42 participant=2 resolver=4 facet=2 tool=16 decisionTool=11 mapId=Map1 bindAddress=127.0.0.1 mcpPort=44655 decisionAgentMcpPort=44967 guiPort=46355 approvalPort=45267
23:55:54.976 INFO  io.mosire.simos.app.gui.GuiServer - access GET /api/map/hex -> 404 1ms remote=127.0.0.1
23:55:54.978 INFO  io.mosire.simos.app.gui.GuiServer - access GET /api/map/hex -> 200 0ms remote=127.0.0.1
23:55:55.022 INFO  io.mosire.agentlib.approval.ApprovalHttpEndpoint - 审批 HTTP 面已停止（端口 45267）
23:55:55.022 INFO  io.mosire.agentlib.approval.HttpApprovalChannel - HTTP 审批通道已关闭
23:55:55.067 INFO  io.mosire.agentlib.mcp.AgentToMcpServer - MCP streamable server 已启动: name=simos-shell version=0.1.0-SNAPSHOT 外发工具 16 个 [sd.IssueDirective, sd.SetViewScope, sd.StartDecision, sd.SubmitVerdict, simos.advance, simos.command.catalog, simos.command.submit, simos.fork, simos.map.hex, simos.map.overview, simos.social.population, simos.state.facets, simos.state.resolve, simos.timeline.branches, simos.unit.get, simos.unit.list]；Registry 共 16 个，未外发 0 个 []
23:55:55.077 INFO  io.mosire.agentlib.mcp.AgentToMcpServer - MCP streamable server 已启动: name=simos-shell-decision version=0.1.0-SNAPSHOT 外发工具 11 个 [sd.IssueDirective, sd.SubmitVerdict, simos.command.catalog, simos.map.hex, simos.map.overview, simos.social.population, simos.state.facets, simos.state.resolve, simos.timeline.branches, simos.unit.get, simos.unit.list]；Registry 共 11 个，未外发 0 个 []
23:55:55.087 INFO  io.mosire.simos.app.gui.GuiServer - GUI 服务器已启动: http://127.0.0.1:45315/（静态 /webui，同源，无 CORS 头）
23:55:55.087 INFO  io.mosire.simos.app.Shell - Shell 装配完成: store=/tmp/junit-13657250610858385337 checkpointInterval=100 codec=4 handler=42 participant=2 resolver=4 facet=2 tool=16 decisionTool=11 mapId=Map1 bindAddress=127.0.0.1 mcpPort=45157 decisionAgentMcpPort=45783 guiPort=45315 approvalPort=45773
23:55:55.090 INFO  io.mosire.simos.app.gui.GuiServer - access GET /api/state -> 200 1ms remote=127.0.0.1
23:55:55.092 INFO  io.mosire.simos.app.gui.GuiServer - access GET /api/state -> 200 0ms remote=127.0.0.1
23:55:55.134 INFO  io.mosire.agentlib.approval.ApprovalHttpEndpoint - 审批 HTTP 面已停止（端口 45773）
23:55:55.135 INFO  io.mosire.agentlib.approval.HttpApprovalChannel - HTTP 审批通道已关闭
23:55:55.180 INFO  io.mosire.agentlib.mcp.AgentToMcpServer - MCP streamable server 已启动: name=simos-shell version=0.1.0-SNAPSHOT 外发工具 16 个 [sd.IssueDirective, sd.SetViewScope, sd.StartDecision, sd.SubmitVerdict, simos.advance, simos.command.catalog, simos.command.submit, simos.fork, simos.map.hex, simos.map.overview, simos.social.population, simos.state.facets, simos.state.resolve, simos.timeline.branches, simos.unit.get, simos.unit.list]；Registry 共 16 个，未外发 0 个 []
23:55:55.190 INFO  io.mosire.agentlib.mcp.AgentToMcpServer - MCP streamable server 已启动: name=simos-shell-decision version=0.1.0-SNAPSHOT 外发工具 11 个 [sd.IssueDirective, sd.SubmitVerdict, simos.command.catalog, simos.map.hex, simos.map.overview, simos.social.population, simos.state.facets, simos.state.resolve, simos.timeline.branches, simos.unit.get, simos.unit.list]；Registry 共 11 个，未外发 0 个 []
23:55:55.200 INFO  io.mosire.simos.app.gui.GuiServer - GUI 服务器已启动: http://127.0.0.1:45955/（静态 /webui，同源，无 CORS 头）
23:55:55.200 INFO  io.mosire.simos.app.Shell - Shell 装配完成: store=/tmp/junit-5548405924217545169 checkpointInterval=100 codec=4 handler=42 participant=2 resolver=4 facet=2 tool=16 decisionTool=11 mapId=Map1 bindAddress=127.0.0.1 mcpPort=46023 decisionAgentMcpPort=46425 guiPort=45955 approvalPort=46563
23:55:55.204 INFO  io.mosire.simos.app.gui.GuiServer - access GET /api/units -> 200 1ms remote=127.0.0.1
23:55:55.205 INFO  io.mosire.simos.app.gui.GuiServer - access GET /api/units -> 200 0ms remote=127.0.0.1
23:55:55.250 INFO  io.mosire.agentlib.approval.ApprovalHttpEndpoint - 审批 HTTP 面已停止（端口 46563）
23:55:55.251 INFO  io.mosire.agentlib.approval.HttpApprovalChannel - HTTP 审批通道已关闭
23:55:55.306 INFO  io.mosire.agentlib.mcp.AgentToMcpServer - MCP streamable server 已启动: name=simos-shell version=0.1.0-SNAPSHOT 外发工具 16 个 [sd.IssueDirective, sd.SetViewScope, sd.StartDecision, sd.SubmitVerdict, simos.advance, simos.command.catalog, simos.command.submit, simos.fork, simos.map.hex, simos.map.overview, simos.social.population, simos.state.facets, simos.state.resolve, simos.timeline.branches, simos.unit.get, simos.unit.list]；Registry 共 16 个，未外发 0 个 []
23:55:55.316 INFO  io.mosire.agentlib.mcp.AgentToMcpServer - MCP streamable server 已启动: name=simos-shell-decision version=0.1.0-SNAPSHOT 外发工具 11 个 [sd.IssueDirective, sd.SubmitVerdict, simos.command.catalog, simos.map.hex, simos.map.overview, simos.social.population, simos.state.facets, simos.state.resolve, simos.timeline.branches, simos.unit.get, simos.unit.list]；Registry 共 11 个，未外发 0 个 []
23:55:55.325 INFO  io.mosire.simos.app.gui.GuiServer - GUI 服务器已启动: http://127.0.0.1:45747/（静态 /webui，同源，无 CORS 头）
23:55:55.326 INFO  io.mosire.simos.app.Shell - Shell 装配完成: store=/tmp/junit-6327554221503526709 checkpointInterval=100 codec=4 handler=42 participant=2 resolver=4 facet=2 tool=16 decisionTool=11 mapId=Map1 bindAddress=127.0.0.1 mcpPort=46279 decisionAgentMcpPort=45569 guiPort=45747 approvalPort=45293
23:55:55.329 INFO  io.mosire.simos.app.gui.GuiServer - access GET /api/unit/u-1 -> 200 1ms remote=127.0.0.1
23:55:55.331 INFO  io.mosire.simos.app.gui.GuiServer - access GET /api/unit/u-1 -> 200 0ms remote=127.0.0.1
23:55:55.375 INFO  io.mosire.agentlib.approval.ApprovalHttpEndpoint - 审批 HTTP 面已停止（端口 45293）
23:55:55.375 INFO  io.mosire.agentlib.approval.HttpApprovalChannel - HTTP 审批通道已关闭
23:55:55.422 INFO  io.mosire.agentlib.mcp.AgentToMcpServer - MCP streamable server 已启动: name=simos-shell version=0.1.0-SNAPSHOT 外发工具 16 个 [sd.IssueDirective, sd.SetViewScope, sd.StartDecision, sd.SubmitVerdict, simos.advance, simos.command.catalog, simos.command.submit, simos.fork, simos.map.hex, simos.map.overview, simos.social.population, simos.state.facets, simos.state.resolve, simos.timeline.branches, simos.unit.get, simos.unit.list]；Registry 共 16 个，未外发 0 个 []
23:55:55.432 INFO  io.mosire.agentlib.mcp.AgentToMcpServer - MCP streamable server 已启动: name=simos-shell-decision version=0.1.0-SNAPSHOT 外发工具 11 个 [sd.IssueDirective, sd.SubmitVerdict, simos.command.catalog, simos.map.hex, simos.map.overview, simos.social.population, simos.state.facets, simos.state.resolve, simos.timeline.branches, simos.unit.get, simos.unit.list]；Registry 共 11 个，未外发 0 个 []
23:55:55.442 INFO  io.mosire.simos.app.gui.GuiServer - GUI 服务器已启动: http://127.0.0.1:45839/（静态 /webui，同源，无 CORS 头）
23:55:55.442 INFO  io.mosire.simos.app.Shell - Shell 装配完成: store=/tmp/junit-4692575614949632401 checkpointInterval=100 codec=4 handler=42 participant=2 resolver=4 facet=2 tool=16 decisionTool=11 mapId=Map1 bindAddress=127.0.0.1 mcpPort=46049 decisionAgentMcpPort=45785 guiPort=45839 approvalPort=45803
23:55:55.447 INFO  io.mosire.simos.app.gui.GuiServer - access GET /api/sd/verdicts -> 200 1ms remote=127.0.0.1
23:55:55.449 INFO  io.mosire.agentlib.approval.ApprovalHttpEndpoint - 审批 HTTP 面已停止（端口 45803）
23:55:55.449 INFO  io.mosire.agentlib.approval.HttpApprovalChannel - HTTP 审批通道已关闭
23:55:55.498 INFO  io.mosire.agentlib.mcp.AgentToMcpServer - MCP streamable server 已启动: name=simos-shell version=0.1.0-SNAPSHOT 外发工具 16 个 [sd.IssueDirective, sd.SetViewScope, sd.StartDecision, sd.SubmitVerdict, simos.advance, simos.command.catalog, simos.command.submit, simos.fork, simos.map.hex, simos.map.overview, simos.social.population, simos.state.facets, simos.state.resolve, simos.timeline.branches, simos.unit.get, simos.unit.list]；Registry 共 16 个，未外发 0 个 []
23:55:55.507 INFO  io.mosire.agentlib.mcp.AgentToMcpServer - MCP streamable server 已启动: name=simos-shell-decision version=0.1.0-SNAPSHOT 外发工具 11 个 [sd.IssueDirective, sd.SubmitVerdict, simos.command.catalog, simos.map.hex, simos.map.overview, simos.social.population, simos.state.facets, simos.state.resolve, simos.timeline.branches, simos.unit.get, simos.unit.list]；Registry 共 11 个，未外发 0 个 []
23:55:55.517 INFO  io.mosire.simos.app.gui.GuiServer - GUI 服务器已启动: http://127.0.0.1:46515/（静态 /webui，同源，无 CORS 头）
23:55:55.518 INFO  io.mosire.simos.app.Shell - Shell 装配完成: store=/tmp/junit-4945815753880783095 checkpointInterval=100 codec=4 handler=42 participant=2 resolver=4 facet=2 tool=16 decisionTool=11 mapId=Map1 bindAddress=127.0.0.1 mcpPort=44919 decisionAgentMcpPort=45057 guiPort=46515 approvalPort=45255
23:55:55.520 INFO  io.mosire.simos.app.gui.GuiServer - access GET /api/map/path -> 400 0ms remote=127.0.0.1
23:55:55.521 INFO  io.mosire.simos.app.gui.GuiServer - access GET /api/sd/decision-makers -> 400 0ms remote=127.0.0.1
23:55:55.567 INFO  io.mosire.simos.app.gui.GuiServer - access GET /api/sd/decision-makers/dm-full -> 400 0ms remote=127.0.0.1
23:55:55.611 INFO  io.mosire.agentlib.approval.ApprovalHttpEndpoint - 审批 HTTP 面已停止（端口 45255）
23:55:55.612 INFO  io.mosire.agentlib.approval.HttpApprovalChannel - HTTP 审批通道已关闭
23:55:55.659 INFO  io.mosire.agentlib.mcp.AgentToMcpServer - MCP streamable server 已启动: name=simos-shell version=0.1.0-SNAPSHOT 外发工具 16 个 [sd.IssueDirective, sd.SetViewScope, sd.StartDecision, sd.SubmitVerdict, simos.advance, simos.command.catalog, simos.command.submit, simos.fork, simos.map.hex, simos.map.overview, simos.social.population, simos.state.facets, simos.state.resolve, simos.timeline.branches, simos.unit.get, simos.unit.list]；Registry 共 16 个，未外发 0 个 []
23:55:55.669 INFO  io.mosire.agentlib.mcp.AgentToMcpServer - MCP streamable server 已启动: name=simos-shell-decision version=0.1.0-SNAPSHOT 外发工具 11 个 [sd.IssueDirective, sd.SubmitVerdict, simos.command.catalog, simos.map.hex, simos.map.overview, simos.social.population, simos.state.facets, simos.state.resolve, simos.timeline.branches, simos.unit.get, simos.unit.list]；Registry 共 11 个，未外发 0 个 []
23:55:55.679 INFO  io.mosire.simos.app.gui.GuiServer - GUI 服务器已启动: http://127.0.0.1:46469/（静态 /webui，同源，无 CORS 头）
23:55:55.679 INFO  io.mosire.simos.app.Shell - Shell 装配完成: store=/tmp/junit-7005838149682552641 checkpointInterval=100 codec=4 handler=42 participant=2 resolver=4 facet=2 tool=16 decisionTool=11 mapId=Map1 bindAddress=127.0.0.1 mcpPort=46151 decisionAgentMcpPort=45831 guiPort=46469 approvalPort=45201
23:55:55.683 INFO  io.mosire.simos.app.gui.GuiServer - access GET /api/units -> 200 1ms remote=127.0.0.1
23:55:55.685 INFO  io.mosire.simos.app.gui.GuiServer - access GET /api/units -> 200 0ms remote=127.0.0.1
23:55:55.728 INFO  io.mosire.agentlib.approval.ApprovalHttpEndpoint - 审批 HTTP 面已停止（端口 45201）
23:55:55.728 INFO  io.mosire.agentlib.approval.HttpApprovalChannel - HTTP 审批通道已关闭
23:55:55.778 INFO  io.mosire.agentlib.mcp.AgentToMcpServer - MCP streamable server 已启动: name=simos-shell version=0.1.0-SNAPSHOT 外发工具 16 个 [sd.IssueDirective, sd.SetViewScope, sd.StartDecision, sd.SubmitVerdict, simos.advance, simos.command.catalog, simos.command.submit, simos.fork, simos.map.hex, simos.map.overview, simos.social.population, simos.state.facets, simos.state.resolve, simos.timeline.branches, simos.unit.get, simos.unit.list]；Registry 共 16 个，未外发 0 个 []
23:55:55.788 INFO  io.mosire.agentlib.mcp.AgentToMcpServer - MCP streamable server 已启动: name=simos-shell-decision version=0.1.0-SNAPSHOT 外发工具 11 个 [sd.IssueDirective, sd.SubmitVerdict, simos.command.catalog, simos.map.hex, simos.map.overview, simos.social.population, simos.state.facets, simos.state.resolve, simos.timeline.branches, simos.unit.get, simos.unit.list]；Registry 共 11 个，未外发 0 个 []
23:55:55.798 INFO  io.mosire.simos.app.gui.GuiServer - GUI 服务器已启动: http://127.0.0.1:45233/（静态 /webui，同源，无 CORS 头）
23:55:55.798 INFO  io.mosire.simos.app.Shell - Shell 装配完成: store=/tmp/junit-17487264744341767283 checkpointInterval=100 codec=4 handler=42 participant=2 resolver=4 facet=2 tool=16 decisionTool=11 mapId=Map1 bindAddress=127.0.0.1 mcpPort=46593 decisionAgentMcpPort=45333 guiPort=45233 approvalPort=45833
23:55:55.801 INFO  io.mosire.simos.app.gui.GuiServer - access GET /api/sd/verdicts -> 200 1ms remote=127.0.0.1
23:55:55.803 INFO  io.mosire.simos.app.gui.GuiServer - access GET /api/sd/verdicts -> 200 0ms remote=127.0.0.1
23:55:55.847 INFO  io.mosire.simos.app.gui.GuiServer - access GET /api/sd/verdicts -> 200 0ms remote=127.0.0.1
23:55:55.892 INFO  io.mosire.agentlib.approval.ApprovalHttpEndpoint - 审批 HTTP 面已停止（端口 45833）
23:55:55.892 INFO  io.mosire.agentlib.approval.HttpApprovalChannel - HTTP 审批通道已关闭
23:55:55.944 INFO  io.mosire.agentlib.mcp.AgentToMcpServer - MCP streamable server 已启动: name=simos-shell version=0.1.0-SNAPSHOT 外发工具 16 个 [sd.IssueDirective, sd.SetViewScope, sd.StartDecision, sd.SubmitVerdict, simos.advance, simos.command.catalog, simos.command.submit, simos.fork, simos.map.hex, simos.map.overview, simos.social.population, simos.state.facets, simos.state.resolve, simos.timeline.branches, simos.unit.get, simos.unit.list]；Registry 共 16 个，未外发 0 个 []
23:55:55.954 INFO  io.mosire.agentlib.mcp.AgentToMcpServer - MCP streamable server 已启动: name=simos-shell-decision version=0.1.0-SNAPSHOT 外发工具 11 个 [sd.IssueDirective, sd.SubmitVerdict, simos.command.catalog, simos.map.hex, simos.map.overview, simos.social.population, simos.state.facets, simos.state.resolve, simos.timeline.branches, simos.unit.get, simos.unit.list]；Registry 共 11 个，未外发 0 个 []
23:55:55.964 INFO  io.mosire.simos.app.gui.GuiServer - GUI 服务器已启动: http://127.0.0.1:45373/（静态 /webui，同源，无 CORS 头）
23:55:55.964 INFO  io.mosire.simos.app.Shell - Shell 装配完成: store=/tmp/junit-3794794237262603088 checkpointInterval=100 codec=4 handler=42 participant=2 resolver=4 facet=2 tool=16 decisionTool=11 mapId=Map1 bindAddress=127.0.0.1 mcpPort=46393 decisionAgentMcpPort=46655 guiPort=45373 approvalPort=45271
23:55:55.968 INFO  io.mosire.simos.app.gui.GuiServer - access GET /api/unit/u-1 -> 404 1ms remote=127.0.0.1
23:55:55.971 INFO  io.mosire.agentlib.approval.ApprovalHttpEndpoint - 审批 HTTP 面已停止（端口 45271）
23:55:55.971 INFO  io.mosire.agentlib.approval.HttpApprovalChannel - HTTP 审批通道已关闭
23:55:56.015 INFO  io.mosire.agentlib.mcp.AgentToMcpServer - MCP streamable server 已启动: name=simos-shell version=0.1.0-SNAPSHOT 外发工具 16 个 [sd.IssueDirective, sd.SetViewScope, sd.StartDecision, sd.SubmitVerdict, simos.advance, simos.command.catalog, simos.command.submit, simos.fork, simos.map.hex, simos.map.overview, simos.social.population, simos.state.facets, simos.state.resolve, simos.timeline.branches, simos.unit.get, simos.unit.list]；Registry 共 16 个，未外发 0 个 []
23:55:56.024 INFO  io.mosire.agentlib.mcp.AgentToMcpServer - MCP streamable server 已启动: name=simos-shell-decision version=0.1.0-SNAPSHOT 外发工具 11 个 [sd.IssueDirective, sd.SubmitVerdict, simos.command.catalog, simos.map.hex, simos.map.overview, simos.social.population, simos.state.facets, simos.state.resolve, simos.timeline.branches, simos.unit.get, simos.unit.list]；Registry 共 11 个，未外发 0 个 []
23:55:56.035 INFO  io.mosire.simos.app.gui.GuiServer - GUI 服务器已启动: http://127.0.0.1:46633/（静态 /webui，同源，无 CORS 头）
23:55:56.035 INFO  io.mosire.simos.app.Shell - Shell 装配完成: store=/tmp/junit-6383491632282472482 checkpointInterval=100 codec=4 handler=42 participant=2 resolver=4 facet=2 tool=16 decisionTool=11 mapId=Map1 bindAddress=127.0.0.1 mcpPort=46471 decisionAgentMcpPort=45145 guiPort=46633 approvalPort=46551
23:55:56.039 INFO  io.mosire.simos.app.gui.GuiServer - access GET /api/sd/decision-makers -> 200 1ms remote=127.0.0.1
23:55:56.041 INFO  io.mosire.simos.app.gui.GuiServer - access GET /api/map/path -> 200 0ms remote=127.0.0.1
23:55:56.089 INFO  io.mosire.agentlib.approval.ApprovalHttpEndpoint - 审批 HTTP 面已停止（端口 46551）
23:55:56.089 INFO  io.mosire.agentlib.approval.HttpApprovalChannel - HTTP 审批通道已关闭
[INFO] Tests run: 10, Failures: 0, Errors: 0, Skipped: 0, Time elapsed: 1.184 s -- in io.mosire.simos.app.gui.RedactionApiTest
[INFO] Running io.mosire.simos.app.AppWritePathGuardTest
[INFO] Tests run: 2, Failures: 0, Errors: 0, Skipped: 0, Time elapsed: 0.008 s -- in io.mosire.simos.app.AppWritePathGuardTest
[INFO] Running io.mosire.simos.app.SdRegionDeleteGuardEndToEndTest
23:55:56.147 INFO  io.mosire.agentlib.mcp.AgentToMcpServer - MCP streamable server 已启动: name=simos-shell version=0.1.0-SNAPSHOT 外发工具 16 个 [sd.IssueDirective, sd.SetViewScope, sd.StartDecision, sd.SubmitVerdict, simos.advance, simos.command.catalog, simos.command.submit, simos.fork, simos.map.hex, simos.map.overview, simos.social.population, simos.state.facets, simos.state.resolve, simos.timeline.branches, simos.unit.get, simos.unit.list]；Registry 共 16 个，未外发 0 个 []
23:55:56.157 INFO  io.mosire.agentlib.mcp.AgentToMcpServer - MCP streamable server 已启动: name=simos-shell-decision version=0.1.0-SNAPSHOT 外发工具 11 个 [sd.IssueDirective, sd.SubmitVerdict, simos.command.catalog, simos.map.hex, simos.map.overview, simos.social.population, simos.state.facets, simos.state.resolve, simos.timeline.branches, simos.unit.get, simos.unit.list]；Registry 共 11 个，未外发 0 个 []
23:55:56.167 INFO  io.mosire.simos.app.gui.GuiServer - GUI 服务器已启动: http://127.0.0.1:45267/（静态 /webui，同源，无 CORS 头）
23:55:56.167 INFO  io.mosire.simos.app.Shell - Shell 装配完成: store=/tmp/junit-5421882533403996216 checkpointInterval=100 codec=4 handler=42 participant=2 resolver=4 facet=2 tool=16 decisionTool=11 mapId=Map1 bindAddress=127.0.0.1 mcpPort=45339 decisionAgentMcpPort=46339 guiPort=45267 approvalPort=45721
23:55:56.177 INFO  io.mosire.simos.core.command.CommandBus - 命令提交: type=map.DeleteRegion commandId=cmd-del correlationId=cmd-del 新坐标=main@2
23:55:56.178 INFO  io.mosire.agentlib.approval.ApprovalHttpEndpoint - 审批 HTTP 面已停止（端口 45721）
23:55:56.178 INFO  io.mosire.agentlib.approval.HttpApprovalChannel - HTTP 审批通道已关闭
23:55:56.228 INFO  io.mosire.agentlib.mcp.AgentToMcpServer - MCP streamable server 已启动: name=simos-shell version=0.1.0-SNAPSHOT 外发工具 16 个 [sd.IssueDirective, sd.SetViewScope, sd.StartDecision, sd.SubmitVerdict, simos.advance, simos.command.catalog, simos.command.submit, simos.fork, simos.map.hex, simos.map.overview, simos.social.population, simos.state.facets, simos.state.resolve, simos.timeline.branches, simos.unit.get, simos.unit.list]；Registry 共 16 个，未外发 0 个 []
23:55:56.237 INFO  io.mosire.agentlib.mcp.AgentToMcpServer - MCP streamable server 已启动: name=simos-shell-decision version=0.1.0-SNAPSHOT 外发工具 11 个 [sd.IssueDirective, sd.SubmitVerdict, simos.command.catalog, simos.map.hex, simos.map.overview, simos.social.population, simos.state.facets, simos.state.resolve, simos.timeline.branches, simos.unit.get, simos.unit.list]；Registry 共 11 个，未外发 0 个 []
23:55:56.247 INFO  io.mosire.simos.app.gui.GuiServer - GUI 服务器已启动: http://127.0.0.1:45161/（静态 /webui，同源，无 CORS 头）
23:55:56.247 INFO  io.mosire.simos.app.Shell - Shell 装配完成: store=/tmp/junit-17094728078877970215 checkpointInterval=100 codec=4 handler=42 participant=2 resolver=4 facet=2 tool=16 decisionTool=11 mapId=Map1 bindAddress=127.0.0.1 mcpPort=46141 decisionAgentMcpPort=45681 guiPort=45161 approvalPort=45749
23:55:56.255 INFO  io.mosire.simos.core.command.CommandBus - 命令被拒: type=map.DeleteRegion commandId=cmd-del correlationId=cmd-del 原因=Region r1 带国家 tag（nation:n1），不可删（spec §九）
23:55:56.256 INFO  io.mosire.agentlib.approval.ApprovalHttpEndpoint - 审批 HTTP 面已停止（端口 45749）
23:55:56.256 INFO  io.mosire.agentlib.approval.HttpApprovalChannel - HTTP 审批通道已关闭
23:55:56.305 INFO  io.mosire.agentlib.mcp.AgentToMcpServer - MCP streamable server 已启动: name=simos-shell version=0.1.0-SNAPSHOT 外发工具 16 个 [sd.IssueDirective, sd.SetViewScope, sd.StartDecision, sd.SubmitVerdict, simos.advance, simos.command.catalog, simos.command.submit, simos.fork, simos.map.hex, simos.map.overview, simos.social.population, simos.state.facets, simos.state.resolve, simos.timeline.branches, simos.unit.get, simos.unit.list]；Registry 共 16 个，未外发 0 个 []
23:55:56.314 INFO  io.mosire.agentlib.mcp.AgentToMcpServer - MCP streamable server 已启动: name=simos-shell-decision version=0.1.0-SNAPSHOT 外发工具 11 个 [sd.IssueDirective, sd.SubmitVerdict, simos.command.catalog, simos.map.hex, simos.map.overview, simos.social.population, simos.state.facets, simos.state.resolve, simos.timeline.branches, simos.unit.get, simos.unit.list]；Registry 共 11 个，未外发 0 个 []
23:55:56.324 INFO  io.mosire.simos.app.gui.GuiServer - GUI 服务器已启动: http://127.0.0.1:45775/（静态 /webui，同源，无 CORS 头）
23:55:56.324 INFO  io.mosire.simos.app.Shell - Shell 装配完成: store=/tmp/junit-4930664370198694971 checkpointInterval=100 codec=4 handler=42 participant=2 resolver=4 facet=2 tool=16 decisionTool=11 mapId=Map1 bindAddress=127.0.0.1 mcpPort=45073 decisionAgentMcpPort=45045 guiPort=45775 approvalPort=44793
23:55:56.331 INFO  io.mosire.simos.core.command.CommandBus - 命令提交: type=sd.PutInfo commandId=cmd-put correlationId=cmd-put 新坐标=main@2
23:55:56.332 INFO  io.mosire.agentlib.approval.ApprovalHttpEndpoint - 审批 HTTP 面已停止（端口 44793）
23:55:56.332 INFO  io.mosire.agentlib.approval.HttpApprovalChannel - HTTP 审批通道已关闭
[INFO] Tests run: 3, Failures: 0, Errors: 0, Skipped: 0, Time elapsed: 0.237 s -- in io.mosire.simos.app.SdRegionDeleteGuardEndToEndTest
[INFO] Running io.mosire.simos.app.ShellEndToEndTest
23:55:56.376 INFO  io.mosire.agentlib.mcp.AgentToMcpServer - MCP streamable server 已启动: name=simos-shell version=0.1.0-SNAPSHOT 外发工具 16 个 [sd.IssueDirective, sd.SetViewScope, sd.StartDecision, sd.SubmitVerdict, simos.advance, simos.command.catalog, simos.command.submit, simos.fork, simos.map.hex, simos.map.overview, simos.social.population, simos.state.facets, simos.state.resolve, simos.timeline.branches, simos.unit.get, simos.unit.list]；Registry 共 16 个，未外发 0 个 []
23:55:56.386 INFO  io.mosire.agentlib.mcp.AgentToMcpServer - MCP streamable server 已启动: name=simos-shell-decision version=0.1.0-SNAPSHOT 外发工具 11 个 [sd.IssueDirective, sd.SubmitVerdict, simos.command.catalog, simos.map.hex, simos.map.overview, simos.social.population, simos.state.facets, simos.state.resolve, simos.timeline.branches, simos.unit.get, simos.unit.list]；Registry 共 11 个，未外发 0 个 []
23:55:56.396 INFO  io.mosire.simos.app.gui.GuiServer - GUI 服务器已启动: http://127.0.0.1:46483/（静态 /webui，同源，无 CORS 头）
23:55:56.396 INFO  io.mosire.simos.app.Shell - Shell 装配完成: store=/tmp/junit-9440174341315244442 checkpointInterval=100 codec=4 handler=42 participant=2 resolver=4 facet=2 tool=16 decisionTool=11 mapId=Map1 bindAddress=127.0.0.1 mcpPort=46357 decisionAgentMcpPort=45029 guiPort=46483 approvalPort=46429
23:55:56.399 INFO  io.modelcontextprotocol.server.McpAsyncServer - Client initialize request - Protocol: 2025-11-25, Capabilities: ClientCapabilities[experimental=null, roots=null, sampling=null, elicitation=null], Info: Implementation[name=Java SDK MCP Client, title=null, version=0.15.0, description=null, icons=null, websiteUrl=null]
23:55:56.401 INFO  io.modelcontextprotocol.client.LifecycleInitializer - Server response with Protocol: 2025-11-25, Capabilities: ServerCapabilities[completions=null, experimental=null, logging=LoggingCapabilities[], prompts=null, resources=null, tools=ToolCapabilities[listChanged=true]], Info: Implementation[name=simos-shell, title=null, version=0.1.0-SNAPSHOT, description=null, icons=null, websiteUrl=null] and Instructions null
23:55:56.411 INFO  io.mosire.simos.core.command.CommandBus - 命令提交: type=unit.RenameUnit commandId=36d462b3-c771-4faa-a9be-260fdf2b05c7 correlationId=36d462b3-c771-4faa-a9be-260fdf2b05c7 新坐标=main@2
23:55:56.411 INFO  io.mosire.simos.app.gui.GuiServer - access POST /api/command -> 200 7ms remote=127.0.0.1
23:55:56.427 INFO  io.mosire.simos.core.command.CommandBus - 命令提交: type=unit.RenameUnit commandId=527705f4-0fcc-4f23-870e-13afbf21161b correlationId=527705f4-0fcc-4f23-870e-13afbf21161b 新坐标=main@3
23:55:56.476 INFO  io.mosire.simos.core.advance.TimeAdvance - 命令提交: type=core.AdvanceTime commandId=376e73ce-c0d0-4d52-896d-b583df1a7f11 correlationId=376e73ce-c0d0-4d52-896d-b583df1a7f11 新坐标=main@4
23:55:56.527 INFO  io.mosire.agentlib.approval.ApprovalHttpEndpoint - 审批 HTTP 面已停止（端口 46429）
23:55:56.527 INFO  io.mosire.agentlib.approval.HttpApprovalChannel - HTTP 审批通道已关闭
[INFO] Tests run: 1, Failures: 0, Errors: 0, Skipped: 0, Time elapsed: 0.192 s -- in io.mosire.simos.app.ShellEndToEndTest
[INFO] Running io.mosire.simos.app.binding.BindingRegistryTest
[INFO] Tests run: 12, Failures: 0, Errors: 0, Skipped: 0, Time elapsed: 0.009 s -- in io.mosire.simos.app.binding.BindingRegistryTest
[INFO] Running io.mosire.simos.app.sd.SdCommandDrainTest
23:55:56.578 INFO  io.mosire.simos.core.command.CommandBus - 命令提交: type=sd.RegisterEffect commandId=cmd-1 correlationId=cmd-1 新坐标=main@2
23:55:56.590 INFO  io.mosire.simos.core.command.CommandBus - 命令提交: type=sd.RegisterEffect commandId=cmd-2 correlationId=cmd-2 新坐标=main@3
23:55:56.597 INFO  io.mosire.simos.core.advance.TimeAdvance - 命令提交: type=core.AdvanceTime commandId=adv-3 correlationId=adv-3 新坐标=main@4
23:55:56.612 INFO  io.mosire.simos.core.command.CommandBus - 命令提交: type=unit.ApplyCasualties commandId=drain:e1 correlationId=drain:e1 新坐标=main@5
[C5] drain committed revision=5 member=90
23:55:56.656 INFO  io.mosire.simos.core.command.CommandBus - 命令提交: type=sd.RegisterEffect commandId=cmd-1 correlationId=cmd-1 新坐标=main@2
23:55:56.660 INFO  io.mosire.simos.core.advance.TimeAdvance - 命令提交: type=core.AdvanceTime commandId=adv-2 correlationId=adv-2 新坐标=main@3
23:55:56.675 INFO  io.mosire.simos.core.command.CommandBus - 命令被拒: type=unit.ApplyCasualties commandId=drain:e1 correlationId=drain:e1 原因=人员战损超出当前值: 100 + (-9999)
23:55:56.686 INFO  io.mosire.simos.core.command.CommandBus - 命令被拒: type=unit.ApplyCasualties commandId=drain:e1 correlationId=drain:e1 原因=人员战损超出当前值: 100 + (-9999)
[C5] rejected-drain intermediate state: sd=FIRED unit=100 rows=3
[INFO] Tests run: 2, Failures: 0, Errors: 0, Skipped: 0, Time elapsed: 0.152 s -- in io.mosire.simos.app.sd.SdCommandDrainTest
[INFO] Running io.mosire.simos.app.sd.SdTimeParticipantWiringTest
[INFO] Tests run: 1, Failures: 0, Errors: 0, Skipped: 0, Time elapsed: 0.035 s -- in io.mosire.simos.app.sd.SdTimeParticipantWiringTest
[INFO] Running io.mosire.simos.app.sd.channel.DecisionChannelTest
23:55:56.762 INFO  io.mosire.simos.core.command.CommandBus - 命令提交: type=sd.IssueDirective commandId=ce1f22ad-684d-475e-87ab-9869fe0213c9 correlationId=ce1f22ad-684d-475e-87ab-9869fe0213c9 新坐标=main@2
[INFO] Tests run: 3, Failures: 0, Errors: 0, Skipped: 0, Time elapsed: 0.105 s -- in io.mosire.simos.app.sd.channel.DecisionChannelTest
[INFO] Running io.mosire.simos.app.sd.AdjudicatorRunnerTest
23:55:56.868 INFO  io.mosire.simos.core.command.CommandBus - 命令提交: type=sd.SubmitVerdict commandId=adjudicated:D1:1 correlationId=adjudicated:D1:1 新坐标=main@2
23:55:56.873 INFO  io.mosire.simos.core.command.CommandBus - 命令提交: type=sd.SubmitVerdict commandId=adjudicated:D6:2 correlationId=adjudicated:D6:2 新坐标=main@3
23:55:56.906 INFO  io.mosire.simos.core.command.CommandBus - 命令提交: type=sd.SubmitVerdict commandId=adjudicated:D1:1 correlationId=adjudicated:D1:1 新坐标=main@2
23:55:56.941 INFO  io.mosire.simos.core.command.CommandBus - 命令提交: type=sd.SubmitVerdict commandId=adjudicated:D1:1 correlationId=adjudicated:D1:1 新坐标=main@2
[INFO] Tests run: 3, Failures: 0, Errors: 0, Skipped: 0, Time elapsed: 0.116 s -- in io.mosire.simos.app.sd.AdjudicatorRunnerTest
[INFO] Running io.mosire.simos.app.sd.SdCombatEndToEndTest
23:55:56.984 INFO  io.mosire.simos.core.command.CommandBus - 命令提交: type=sd.CreateCombat commandId=cmd-1 correlationId=cmd-1 新坐标=main@2
23:55:56.993 INFO  io.mosire.simos.core.command.CommandBus - 命令提交: type=sd.AddCombatStage commandId=cmd-2 correlationId=cmd-2 新坐标=main@3
23:55:56.999 INFO  io.mosire.simos.core.command.CommandBus - 命令提交: type=sd.AddCombatStage commandId=cmd-3 correlationId=cmd-3 新坐标=main@4
23:55:57.004 INFO  io.mosire.simos.core.advance.TimeAdvance - 命令提交: type=core.AdvanceTime commandId=adv-4 correlationId=adv-4 新坐标=main@5
23:55:57.008 INFO  io.mosire.simos.core.advance.TimeAdvance - 命令提交: type=core.AdvanceTime commandId=adv-5 correlationId=adv-5 新坐标=main@6
[C6] condition-driven: rev5=s1 rev6=s2
[C6] frozen: two replays byte-identical
23:55:57.017 INFO  io.mosire.simos.core.command.CommandBus - 命令提交: type=sd.CommitCombatOutcome commandId=cmd-6 correlationId=cmd-6 新坐标=main@7
23:55:57.021 INFO  io.mosire.simos.core.command.CommandBus - 命令被拒: type=sd.CommitCombatOutcome commandId=cmd-7 correlationId=cmd-7 原因=该交战已选定结局（不覆盖）: o2
[C6] exactly-one: selected o2 then rejected second
[INFO] Tests run: 1, Failures: 0, Errors: 0, Skipped: 0, Time elapsed: 0.078 s -- in io.mosire.simos.app.sd.SdCombatEndToEndTest
[INFO] Running io.mosire.simos.app.sd.StartDecisionEndToEndTest
23:55:57.069 INFO  io.mosire.agentlib.mcp.AgentToMcpServer - MCP streamable server 已启动: name=simos-shell version=0.1.0-SNAPSHOT 外发工具 16 个 [sd.IssueDirective, sd.SetViewScope, sd.StartDecision, sd.SubmitVerdict, simos.advance, simos.command.catalog, simos.command.submit, simos.fork, simos.map.hex, simos.map.overview, simos.social.population, simos.state.facets, simos.state.resolve, simos.timeline.branches, simos.unit.get, simos.unit.list]；Registry 共 16 个，未外发 0 个 []
23:55:57.079 INFO  io.mosire.agentlib.mcp.AgentToMcpServer - MCP streamable server 已启动: name=simos-shell-decision version=0.1.0-SNAPSHOT 外发工具 11 个 [sd.IssueDirective, sd.SubmitVerdict, simos.command.catalog, simos.map.hex, simos.map.overview, simos.social.population, simos.state.facets, simos.state.resolve, simos.timeline.branches, simos.unit.get, simos.unit.list]；Registry 共 11 个，未外发 0 个 []
23:55:57.089 INFO  io.mosire.simos.app.gui.GuiServer - GUI 服务器已启动: http://127.0.0.1:46365/（静态 /webui，同源，无 CORS 头）
23:55:57.089 INFO  io.mosire.simos.app.Shell - Shell 装配完成: store=/tmp/junit-16050117683439358155 checkpointInterval=100 codec=4 handler=42 participant=2 resolver=4 facet=2 tool=16 decisionTool=11 mapId=Map1 bindAddress=127.0.0.1 mcpPort=45413 decisionAgentMcpPort=46517 guiPort=46365 approvalPort=45893
23:55:57.098 INFO  io.mosire.simos.core.command.CommandBus - 命令提交: type=sd.StartDecision commandId=106cd230-3239-4c69-a21c-5d7d83be42f4 correlationId=106cd230-3239-4c69-a21c-5d7d83be42f4 新坐标=main@2
23:55:57.099 INFO  io.mosire.simos.app.gui.GuiServer - access POST /api/sd/start-decision -> 200 7ms remote=127.0.0.1
23:55:57.105 INFO  io.mosire.simos.core.command.CommandBus - 命令提交: type=sd.IssueDirective commandId=44837963-8066-4afe-b287-b279bee0256c correlationId=44837963-8066-4afe-b287-b279bee0256c 新坐标=main@3
23:55:57.105 INFO  io.mosire.simos.app.gui.GuiServer - access POST /api/command -> 200 4ms remote=127.0.0.1
23:55:57.108 INFO  io.mosire.agentlib.approval.ApprovalHttpEndpoint - 审批 HTTP 面已停止（端口 45893）
23:55:57.108 INFO  io.mosire.agentlib.approval.HttpApprovalChannel - HTTP 审批通道已关闭
23:55:57.155 INFO  io.mosire.agentlib.mcp.AgentToMcpServer - MCP streamable server 已启动: name=simos-shell version=0.1.0-SNAPSHOT 外发工具 16 个 [sd.IssueDirective, sd.SetViewScope, sd.StartDecision, sd.SubmitVerdict, simos.advance, simos.command.catalog, simos.command.submit, simos.fork, simos.map.hex, simos.map.overview, simos.social.population, simos.state.facets, simos.state.resolve, simos.timeline.branches, simos.unit.get, simos.unit.list]；Registry 共 16 个，未外发 0 个 []
23:55:57.165 INFO  io.mosire.agentlib.mcp.AgentToMcpServer - MCP streamable server 已启动: name=simos-shell-decision version=0.1.0-SNAPSHOT 外发工具 11 个 [sd.IssueDirective, sd.SubmitVerdict, simos.command.catalog, simos.map.hex, simos.map.overview, simos.social.population, simos.state.facets, simos.state.resolve, simos.timeline.branches, simos.unit.get, simos.unit.list]；Registry 共 11 个，未外发 0 个 []
23:55:57.175 INFO  io.mosire.simos.app.gui.GuiServer - GUI 服务器已启动: http://127.0.0.1:44949/（静态 /webui，同源，无 CORS 头）
23:55:57.175 INFO  io.mosire.simos.app.Shell - Shell 装配完成: store=/tmp/junit-5689304960729918933 checkpointInterval=100 codec=4 handler=42 participant=2 resolver=4 facet=2 tool=16 decisionTool=11 mapId=Map1 bindAddress=127.0.0.1 mcpPort=45901 decisionAgentMcpPort=45503 guiPort=44949 approvalPort=46591
23:55:57.186 INFO  io.mosire.simos.core.command.CommandBus - 命令提交: type=sd.StartDecision commandId=630c1104-b5a7-46d1-8b4c-08dfa8fdcee1 correlationId=630c1104-b5a7-46d1-8b4c-08dfa8fdcee1 新坐标=main@2
23:55:57.186 INFO  io.mosire.simos.app.gui.GuiServer - access POST /api/sd/start-decision -> 200 8ms remote=127.0.0.1
23:55:57.194 INFO  io.mosire.agentlib.approval.ApprovalHttpEndpoint - 审批 HTTP 面已停止（端口 46591）
23:55:57.194 INFO  io.mosire.agentlib.approval.HttpApprovalChannel - HTTP 审批通道已关闭
23:55:57.242 INFO  io.mosire.agentlib.mcp.AgentToMcpServer - MCP streamable server 已启动: name=simos-shell version=0.1.0-SNAPSHOT 外发工具 16 个 [sd.IssueDirective, sd.SetViewScope, sd.StartDecision, sd.SubmitVerdict, simos.advance, simos.command.catalog, simos.command.submit, simos.fork, simos.map.hex, simos.map.overview, simos.social.population, simos.state.facets, simos.state.resolve, simos.timeline.branches, simos.unit.get, simos.unit.list]；Registry 共 16 个，未外发 0 个 []
23:55:57.252 INFO  io.mosire.agentlib.mcp.AgentToMcpServer - MCP streamable server 已启动: name=simos-shell-decision version=0.1.0-SNAPSHOT 外发工具 11 个 [sd.IssueDirective, sd.SubmitVerdict, simos.command.catalog, simos.map.hex, simos.map.overview, simos.social.population, simos.state.facets, simos.state.resolve, simos.timeline.branches, simos.unit.get, simos.unit.list]；Registry 共 11 个，未外发 0 个 []
23:55:57.262 INFO  io.mosire.simos.app.gui.GuiServer - GUI 服务器已启动: http://127.0.0.1:45181/（静态 /webui，同源，无 CORS 头）
23:55:57.262 INFO  io.mosire.simos.app.Shell - Shell 装配完成: store=/tmp/junit-17973196138278480361 checkpointInterval=100 codec=4 handler=42 participant=2 resolver=4 facet=2 tool=16 decisionTool=11 mapId=Map1 bindAddress=127.0.0.1 mcpPort=44699 decisionAgentMcpPort=45171 guiPort=45181 approvalPort=46413
23:55:57.271 INFO  io.mosire.simos.core.command.CommandBus - 命令被拒: type=sd.StartDecision commandId=dcc96703-a3f9-435f-a1fe-932d521bccc6 correlationId=dcc96703-a3f9-435f-a1fe-932d521bccc6 原因=决策人不存在: dm-nope
23:55:57.271 INFO  io.mosire.simos.app.gui.GuiServer - access POST /api/sd/start-decision -> 422 7ms remote=127.0.0.1
23:55:57.273 INFO  io.mosire.agentlib.approval.ApprovalHttpEndpoint - 审批 HTTP 面已停止（端口 46413）
23:55:57.273 INFO  io.mosire.agentlib.approval.HttpApprovalChannel - HTTP 审批通道已关闭
23:55:57.325 INFO  io.mosire.agentlib.mcp.AgentToMcpServer - MCP streamable server 已启动: name=simos-shell version=0.1.0-SNAPSHOT 外发工具 16 个 [sd.IssueDirective, sd.SetViewScope, sd.StartDecision, sd.SubmitVerdict, simos.advance, simos.command.catalog, simos.command.submit, simos.fork, simos.map.hex, simos.map.overview, simos.social.population, simos.state.facets, simos.state.resolve, simos.timeline.branches, simos.unit.get, simos.unit.list]；Registry 共 16 个，未外发 0 个 []
23:55:57.334 INFO  io.mosire.agentlib.mcp.AgentToMcpServer - MCP streamable server 已启动: name=simos-shell-decision version=0.1.0-SNAPSHOT 外发工具 11 个 [sd.IssueDirective, sd.SubmitVerdict, simos.command.catalog, simos.map.hex, simos.map.overview, simos.social.population, simos.state.facets, simos.state.resolve, simos.timeline.branches, simos.unit.get, simos.unit.list]；Registry 共 11 个，未外发 0 个 []
23:55:57.344 INFO  io.mosire.simos.app.gui.GuiServer - GUI 服务器已启动: http://127.0.0.1:46467/（静态 /webui，同源，无 CORS 头）
23:55:57.345 INFO  io.mosire.simos.app.Shell - Shell 装配完成: store=/tmp/junit-16598360984451653735 checkpointInterval=100 codec=4 handler=42 participant=2 resolver=4 facet=2 tool=16 decisionTool=11 mapId=Map1 bindAddress=127.0.0.1 mcpPort=46325 decisionAgentMcpPort=44971 guiPort=46467 approvalPort=46613
23:55:57.346 INFO  io.mosire.agentlib.approval.ApprovalHttpEndpoint - 审批 HTTP 面已停止（端口 46613）
23:55:57.346 INFO  io.mosire.agentlib.approval.HttpApprovalChannel - HTTP 审批通道已关闭
23:55:57.398 INFO  io.mosire.agentlib.mcp.AgentToMcpServer - MCP streamable server 已启动: name=simos-shell version=0.1.0-SNAPSHOT 外发工具 16 个 [sd.IssueDirective, sd.SetViewScope, sd.StartDecision, sd.SubmitVerdict, simos.advance, simos.command.catalog, simos.command.submit, simos.fork, simos.map.hex, simos.map.overview, simos.social.population, simos.state.facets, simos.state.resolve, simos.timeline.branches, simos.unit.get, simos.unit.list]；Registry 共 16 个，未外发 0 个 []
23:55:57.408 INFO  io.mosire.agentlib.mcp.AgentToMcpServer - MCP streamable server 已启动: name=simos-shell-decision version=0.1.0-SNAPSHOT 外发工具 11 个 [sd.IssueDirective, sd.SubmitVerdict, simos.command.catalog, simos.map.hex, simos.map.overview, simos.social.population, simos.state.facets, simos.state.resolve, simos.timeline.branches, simos.unit.get, simos.unit.list]；Registry 共 11 个，未外发 0 个 []
23:55:57.418 INFO  io.mosire.simos.app.gui.GuiServer - GUI 服务器已启动: http://127.0.0.1:44913/（静态 /webui，同源，无 CORS 头）
23:55:57.418 INFO  io.mosire.simos.app.Shell - Shell 装配完成: store=/tmp/junit-4979849377229121574 checkpointInterval=100 codec=4 handler=42 participant=2 resolver=4 facet=2 tool=16 decisionTool=11 mapId=Map1 bindAddress=127.0.0.1 mcpPort=46373 decisionAgentMcpPort=45709 guiPort=44913 approvalPort=45465
23:55:57.446 INFO  io.mosire.simos.core.command.CommandBus - 命令提交: type=sd.StartDecision commandId=fc9f4753-5382-42d8-b65c-c617f8425f20 correlationId=fc9f4753-5382-42d8-b65c-c617f8425f20 新坐标=main@2
23:55:57.453 INFO  io.mosire.agentlib.approval.ApprovalHttpEndpoint - 审批 HTTP 面已停止（端口 45465）
23:55:57.453 INFO  io.mosire.agentlib.approval.HttpApprovalChannel - HTTP 审批通道已关闭
[INFO] Tests run: 5, Failures: 0, Errors: 0, Skipped: 0, Time elapsed: 0.429 s -- in io.mosire.simos.app.sd.StartDecisionEndToEndTest
[INFO] Running io.mosire.simos.app.demo.RichWorldTest
[INFO] Tests run: 9, Failures: 0, Errors: 0, Skipped: 0, Time elapsed: 5.349 s -- in io.mosire.simos.app.demo.RichWorldTest
[INFO] Running io.mosire.simos.app.demo.DemoWorldTest
[INFO] Tests run: 5, Failures: 0, Errors: 0, Skipped: 0, Time elapsed: 0.005 s -- in io.mosire.simos.app.demo.DemoWorldTest
[INFO] Running io.mosire.simos.app.demo.T12InfoRedlineTest
[INFO] Tests run: 2, Failures: 0, Errors: 0, Skipped: 0, Time elapsed: 0.499 s -- in io.mosire.simos.app.demo.T12InfoRedlineTest
[INFO] Running io.mosire.simos.app.SdVerdictFreezeEndToEndTest
23:56:03.348 INFO  io.mosire.simos.core.command.CommandBus - 命令被拒: type=sd.SubmitVerdict commandId=cmd-1 correlationId=cmd-1 原因=subject 不在断点 D1 的裁决面（判决只裁决 sd:combat.*）: map:Map1
23:56:03.394 INFO  io.mosire.simos.core.command.CommandBus - 命令被拒: type=sd.SubmitVerdict commandId=cmd-1 correlationId=cmd-1 原因=model 不得为空白
23:56:03.430 INFO  io.mosire.simos.core.command.CommandBus - 命令提交: type=sd.SubmitVerdict commandId=cmd-1 correlationId=cmd-1 新坐标=main@2
23:56:03.470 INFO  io.mosire.simos.core.command.CommandBus - 命令提交: type=sd.SubmitVerdict commandId=cmd-1 correlationId=cmd-1 新坐标=main@2
[INFO] Tests run: 4, Failures: 0, Errors: 0, Skipped: 0, Time elapsed: 0.167 s -- in io.mosire.simos.app.SdVerdictFreezeEndToEndTest
[INFO] Running io.mosire.simos.app.BindAddressTest
23:56:03.516 INFO  io.mosire.agentlib.mcp.AgentToMcpServer - MCP streamable server 已启动: name=simos-shell version=0.1.0-SNAPSHOT 外发工具 16 个 [sd.IssueDirective, sd.SetViewScope, sd.StartDecision, sd.SubmitVerdict, simos.advance, simos.command.catalog, simos.command.submit, simos.fork, simos.map.hex, simos.map.overview, simos.social.population, simos.state.facets, simos.state.resolve, simos.timeline.branches, simos.unit.get, simos.unit.list]；Registry 共 16 个，未外发 0 个 []
23:56:03.526 INFO  io.mosire.agentlib.mcp.AgentToMcpServer - MCP streamable server 已启动: name=simos-shell-decision version=0.1.0-SNAPSHOT 外发工具 11 个 [sd.IssueDirective, sd.SubmitVerdict, simos.command.catalog, simos.map.hex, simos.map.overview, simos.social.population, simos.state.facets, simos.state.resolve, simos.timeline.branches, simos.unit.get, simos.unit.list]；Registry 共 11 个，未外发 0 个 []
23:56:03.536 INFO  io.mosire.simos.app.gui.GuiServer - GUI 服务器已启动: http://127.0.0.1:45959/（静态 /webui，同源，无 CORS 头）
23:56:03.536 INFO  io.mosire.simos.app.Shell - Shell 装配完成: store=/tmp/junit-6559942211760233025/loop checkpointInterval=100 codec=4 handler=42 participant=2 resolver=4 facet=2 tool=16 decisionTool=11 mapId=Map1 bindAddress=127.0.0.1 mcpPort=46373 decisionAgentMcpPort=45671 guiPort=45959 approvalPort=45561
23:56:03.537 INFO  io.mosire.agentlib.approval.ApprovalHttpEndpoint - 审批 HTTP 面已停止（端口 45561）
23:56:03.538 INFO  io.mosire.agentlib.approval.HttpApprovalChannel - HTTP 审批通道已关闭
23:56:03.576 WARN  io.mosire.agentlib.mcp.AgentToMcpServer - MCP HTTP 面绑定非回环地址 0.0.0.0（无鉴权、无 TLS）：任何能连到该地址的人都能列举并调用工具。仅在你已在本机/网络层另有隔离时这样做。path=/mcp
23:56:03.585 INFO  io.mosire.agentlib.mcp.AgentToMcpServer - MCP streamable server 已启动: name=simos-shell version=0.1.0-SNAPSHOT 外发工具 16 个 [sd.IssueDirective, sd.SetViewScope, sd.StartDecision, sd.SubmitVerdict, simos.advance, simos.command.catalog, simos.command.submit, simos.fork, simos.map.hex, simos.map.overview, simos.social.population, simos.state.facets, simos.state.resolve, simos.timeline.branches, simos.unit.get, simos.unit.list]；Registry 共 16 个，未外发 0 个 []
23:56:03.586 WARN  io.mosire.agentlib.mcp.AgentToMcpServer - MCP HTTP 面绑定非回环地址 0.0.0.0（无鉴权、无 TLS）：任何能连到该地址的人都能列举并调用工具。仅在你已在本机/网络层另有隔离时这样做。path=/mcp
23:56:03.596 INFO  io.mosire.agentlib.mcp.AgentToMcpServer - MCP streamable server 已启动: name=simos-shell-decision version=0.1.0-SNAPSHOT 外发工具 11 个 [sd.IssueDirective, sd.SubmitVerdict, simos.command.catalog, simos.map.hex, simos.map.overview, simos.social.population, simos.state.facets, simos.state.resolve, simos.timeline.branches, simos.unit.get, simos.unit.list]；Registry 共 11 个，未外发 0 个 []
23:56:03.606 INFO  io.mosire.simos.app.gui.GuiServer - GUI 服务器已启动: http://0.0.0.0:44983/（静态 /webui，同源，无 CORS 头）
23:56:03.606 INFO  io.mosire.simos.app.Shell - Shell 装配完成: store=/tmp/junit-18104262756627872695/wild checkpointInterval=100 codec=4 handler=42 participant=2 resolver=4 facet=2 tool=16 decisionTool=11 mapId=Map1 bindAddress=0.0.0.0 mcpPort=46039 decisionAgentMcpPort=45071 guiPort=44983 approvalPort=44813
23:56:03.607 INFO  io.mosire.agentlib.approval.ApprovalHttpEndpoint - 审批 HTTP 面已停止（端口 44813）
23:56:03.607 INFO  io.mosire.agentlib.approval.HttpApprovalChannel - HTTP 审批通道已关闭
23:56:03.643 WARN  io.mosire.agentlib.mcp.AgentToMcpServer - MCP HTTP 面绑定非回环地址 0.0.0.0（无鉴权、无 TLS）：任何能连到该地址的人都能列举并调用工具。仅在你已在本机/网络层另有隔离时这样做。path=/mcp
23:56:03.655 INFO  io.mosire.agentlib.mcp.AgentToMcpServer - MCP streamable server 已启动: name=simos-shell version=0.1.0-SNAPSHOT 外发工具 16 个 [sd.IssueDirective, sd.SetViewScope, sd.StartDecision, sd.SubmitVerdict, simos.advance, simos.command.catalog, simos.command.submit, simos.fork, simos.map.hex, simos.map.overview, simos.social.population, simos.state.facets, simos.state.resolve, simos.timeline.branches, simos.unit.get, simos.unit.list]；Registry 共 16 个，未外发 0 个 []
23:56:03.655 WARN  io.mosire.agentlib.mcp.AgentToMcpServer - MCP HTTP 面绑定非回环地址 0.0.0.0（无鉴权、无 TLS）：任何能连到该地址的人都能列举并调用工具。仅在你已在本机/网络层另有隔离时这样做。path=/mcp
23:56:03.664 INFO  io.mosire.agentlib.mcp.AgentToMcpServer - MCP streamable server 已启动: name=simos-shell-decision version=0.1.0-SNAPSHOT 外发工具 11 个 [sd.IssueDirective, sd.SubmitVerdict, simos.command.catalog, simos.map.hex, simos.map.overview, simos.social.population, simos.state.facets, simos.state.resolve, simos.timeline.branches, simos.unit.get, simos.unit.list]；Registry 共 11 个，未外发 0 个 []
23:56:03.674 INFO  io.mosire.simos.app.gui.GuiServer - GUI 服务器已启动: http://0.0.0.0:46367/（静态 /webui，同源，无 CORS 头）
23:56:03.674 INFO  io.mosire.simos.app.Shell - Shell 装配完成: store=/tmp/junit-2022084256916128476/wild-iface checkpointInterval=100 codec=4 handler=42 participant=2 resolver=4 facet=2 tool=16 decisionTool=11 mapId=Map1 bindAddress=0.0.0.0 mcpPort=45415 decisionAgentMcpPort=44827 guiPort=46367 approvalPort=45893
23:56:03.676 INFO  io.mosire.agentlib.approval.ApprovalHttpEndpoint - 审批 HTTP 面已停止（端口 45893）
23:56:03.676 INFO  io.mosire.agentlib.approval.HttpApprovalChannel - HTTP 审批通道已关闭
23:56:03.723 INFO  io.mosire.agentlib.mcp.AgentToMcpServer - MCP streamable server 已启动: name=simos-shell version=0.1.0-SNAPSHOT 外发工具 16 个 [sd.IssueDirective, sd.SetViewScope, sd.StartDecision, sd.SubmitVerdict, simos.advance, simos.command.catalog, simos.command.submit, simos.fork, simos.map.hex, simos.map.overview, simos.social.population, simos.state.facets, simos.state.resolve, simos.timeline.branches, simos.unit.get, simos.unit.list]；Registry 共 16 个，未外发 0 个 []
23:56:03.734 INFO  io.mosire.agentlib.mcp.AgentToMcpServer - MCP streamable server 已启动: name=simos-shell-decision version=0.1.0-SNAPSHOT 外发工具 11 个 [sd.IssueDirective, sd.SubmitVerdict, simos.command.catalog, simos.map.hex, simos.map.overview, simos.social.population, simos.state.facets, simos.state.resolve, simos.timeline.branches, simos.unit.get, simos.unit.list]；Registry 共 11 个，未外发 0 个 []
23:56:03.744 INFO  io.mosire.simos.app.gui.GuiServer - GUI 服务器已启动: http://127.0.0.1:46331/（静态 /webui，同源，无 CORS 头）
23:56:03.744 INFO  io.mosire.simos.app.Shell - Shell 装配完成: store=/tmp/junit-2022084256916128476/loop-iface checkpointInterval=100 codec=4 handler=42 participant=2 resolver=4 facet=2 tool=16 decisionTool=11 mapId=Map1 bindAddress=127.0.0.1 mcpPort=45883 decisionAgentMcpPort=45343 guiPort=46331 approvalPort=45083
23:56:03.745 INFO  io.mosire.agentlib.approval.ApprovalHttpEndpoint - 审批 HTTP 面已停止（端口 45083）
23:56:03.745 INFO  io.mosire.agentlib.approval.HttpApprovalChannel - HTTP 审批通道已关闭
[INFO] Tests run: 3, Failures: 0, Errors: 0, Skipped: 0, Time elapsed: 0.276 s -- in io.mosire.simos.app.BindAddressTest
[INFO] Running io.mosire.simos.app.McpCoverageTest
23:56:03.802 INFO  io.mosire.agentlib.mcp.AgentToMcpServer - MCP streamable server 已启动: name=simos-shell version=0.1.0-SNAPSHOT 外发工具 16 个 [sd.IssueDirective, sd.SetViewScope, sd.StartDecision, sd.SubmitVerdict, simos.advance, simos.command.catalog, simos.command.submit, simos.fork, simos.map.hex, simos.map.overview, simos.social.population, simos.state.facets, simos.state.resolve, simos.timeline.branches, simos.unit.get, simos.unit.list]；Registry 共 16 个，未外发 0 个 []
23:56:03.812 INFO  io.mosire.agentlib.mcp.AgentToMcpServer - MCP streamable server 已启动: name=simos-shell-decision version=0.1.0-SNAPSHOT 外发工具 11 个 [sd.IssueDirective, sd.SubmitVerdict, simos.command.catalog, simos.map.hex, simos.map.overview, simos.social.population, simos.state.facets, simos.state.resolve, simos.timeline.branches, simos.unit.get, simos.unit.list]；Registry 共 11 个，未外发 0 个 []
23:56:03.821 INFO  io.mosire.simos.app.gui.GuiServer - GUI 服务器已启动: http://127.0.0.1:46123/（静态 /webui，同源，无 CORS 头）
23:56:03.822 INFO  io.mosire.simos.app.Shell - Shell 装配完成: store=/tmp/junit-5202598117421106648 checkpointInterval=100 codec=4 handler=42 participant=2 resolver=4 facet=2 tool=16 decisionTool=11 mapId=Map1 bindAddress=127.0.0.1 mcpPort=45897 decisionAgentMcpPort=44831 guiPort=46123 approvalPort=46617
23:56:03.826 INFO  io.modelcontextprotocol.server.McpAsyncServer - Client initialize request - Protocol: 2025-11-25, Capabilities: ClientCapabilities[experimental=null, roots=null, sampling=null, elicitation=null], Info: Implementation[name=Java SDK MCP Client, title=null, version=0.15.0, description=null, icons=null, websiteUrl=null]
23:56:03.827 INFO  io.modelcontextprotocol.client.LifecycleInitializer - Server response with Protocol: 2025-11-25, Capabilities: ServerCapabilities[completions=null, experimental=null, logging=LoggingCapabilities[], prompts=null, resources=null, tools=ToolCapabilities[listChanged=true]], Info: Implementation[name=simos-shell, title=null, version=0.1.0-SNAPSHOT, description=null, icons=null, websiteUrl=null] and Instructions null
23:56:03.852 INFO  io.mosire.simos.core.command.CommandBus - 命令提交: type=unit.CreateUnit commandId=32bfdbe2-3a94-45b0-8b78-88e6056444e2 correlationId=32bfdbe2-3a94-45b0-8b78-88e6056444e2 新坐标=main@2
23:56:03.895 INFO  io.mosire.simos.core.command.CommandBus - 命令提交: type=unit.RenameUnit commandId=88c6143c-fe08-4c78-94bb-7314020f3703 correlationId=88c6143c-fe08-4c78-94bb-7314020f3703 新坐标=main@3
23:56:03.939 INFO  io.mosire.simos.core.command.CommandBus - 命令提交: type=unit.SetStrength commandId=3950b78a-d5e7-4299-bfce-1aa1a9fba7f6 correlationId=3950b78a-d5e7-4299-bfce-1aa1a9fba7f6 新坐标=main@4
23:56:03.984 INFO  io.mosire.simos.core.command.CommandBus - 命令提交: type=unit.ReparentUnit commandId=3b0d1368-660a-4f1a-8f0d-785be631dc04 correlationId=3b0d1368-660a-4f1a-8f0d-785be631dc04 新坐标=main@5
23:56:04.032 INFO  io.mosire.simos.core.command.CommandBus - 命令提交: type=unit.PlaceAt commandId=04822298-273b-40fb-9697-425406181066 correlationId=04822298-273b-40fb-9697-425406181066 新坐标=main@6
23:56:04.074 INFO  io.mosire.simos.core.command.CommandBus - 命令提交: type=unit.PlanRoute commandId=619b6b6b-2fd9-4773-a11a-5419bcae0016 correlationId=619b6b6b-2fd9-4773-a11a-5419bcae0016 新坐标=main@7
23:56:04.118 INFO  io.mosire.simos.core.command.CommandBus - 命令提交: type=unit.CancelRoute commandId=d652004c-ebd0-470f-9f57-080e159470ea correlationId=d652004c-ebd0-470f-9f57-080e159470ea 新坐标=main@8
23:56:04.161 INFO  io.mosire.simos.core.command.CommandBus - 命令提交: type=unit.SetStatus commandId=eb7dad96-ec1a-46e2-baf4-8832b7c84fcf correlationId=eb7dad96-ec1a-46e2-baf4-8832b7c84fcf 新坐标=main@9
23:56:04.206 INFO  io.mosire.simos.core.command.CommandBus - 命令提交: type=unit.SetRejoinTarget commandId=d887c586-88da-4dd9-ae63-55693b2df099 correlationId=d887c586-88da-4dd9-ae63-55693b2df099 新坐标=main@10
23:56:04.253 INFO  io.mosire.simos.core.command.CommandBus - 命令提交: type=unit.ApplyCasualties commandId=a373edf5-63a5-4143-bfe5-285c80f9ce8f correlationId=a373edf5-63a5-4143-bfe5-285c80f9ce8f 新坐标=main@11
23:56:04.294 INFO  io.mosire.simos.core.command.CommandBus - 命令提交: type=unit.PlanSparseRoute commandId=659afea9-6f59-4a3d-9f2a-e8c3709c3b06 correlationId=659afea9-6f59-4a3d-9f2a-e8c3709c3b06 新坐标=main@12
23:56:04.338 INFO  io.mosire.simos.core.command.CommandBus - 命令提交: type=unit.CreateCommandChain commandId=e39253bd-691e-4ff4-bad8-ac4f5a6c6822 correlationId=e39253bd-691e-4ff4-bad8-ac4f5a6c6822 新坐标=main@13
23:56:04.381 INFO  io.mosire.simos.core.command.CommandBus - 命令提交: type=unit.UpdateCommandChain commandId=6e3f366b-e152-4b84-8bfe-5a0886590fb9 correlationId=6e3f366b-e152-4b84-8bfe-5a0886590fb9 新坐标=main@14
23:56:04.427 INFO  io.mosire.simos.core.command.CommandBus - 命令提交: type=unit.AttachUnit commandId=0e3a53b4-fa8c-419f-9755-952029e91f17 correlationId=0e3a53b4-fa8c-419f-9755-952029e91f17 新坐标=main@15
23:56:04.472 INFO  io.mosire.simos.core.command.CommandBus - 命令提交: type=unit.ReparentSubtree commandId=592ff22d-e074-4870-b7b7-52e8e03b55e7 correlationId=592ff22d-e074-4870-b7b7-52e8e03b55e7 新坐标=main@16
23:56:04.515 INFO  io.mosire.simos.core.command.CommandBus - 命令提交: type=unit.DetachUnit commandId=68548ed4-2973-449c-8490-98851fa8081a correlationId=68548ed4-2973-449c-8490-98851fa8081a 新坐标=main@17
23:56:04.559 INFO  io.mosire.simos.core.command.CommandBus - 命令提交: type=unit.SplitFormation commandId=971bd0fc-7cd0-4dd4-8f0f-9219b0428962 correlationId=971bd0fc-7cd0-4dd4-8f0f-9219b0428962 新坐标=main@18
23:56:04.603 INFO  io.mosire.simos.core.command.CommandBus - 命令提交: type=unit.MergeFormation commandId=33010aec-6a80-4d07-852b-f7d4f2f5d656 correlationId=33010aec-6a80-4d07-852b-f7d4f2f5d656 新坐标=main@19
23:56:04.647 INFO  io.mosire.simos.core.command.CommandBus - 命令提交: type=unit.SetFormationOffset commandId=fe8d1fc8-8614-442b-8ccc-d4d84fad57a8 correlationId=fe8d1fc8-8614-442b-8ccc-d4d84fad57a8 新坐标=main@20
23:56:04.692 INFO  io.mosire.simos.core.command.CommandBus - 命令提交: type=unit.DisbandUnit commandId=654c33fe-da1c-4802-b0aa-ab0d1abe3de2 correlationId=654c33fe-da1c-4802-b0aa-ab0d1abe3de2 新坐标=main@21
23:56:04.735 INFO  io.mosire.simos.core.command.CommandBus - 命令提交: type=map.SetTerrain commandId=8994c7b2-be66-47dd-aa55-155d5bb07451 correlationId=8994c7b2-be66-47dd-aa55-155d5bb07451 新坐标=main@22
23:56:04.783 INFO  io.mosire.simos.core.command.CommandBus - 命令提交: type=map.CreateRegion commandId=ff9e0044-f8fa-4c84-961f-f2ec50547484 correlationId=ff9e0044-f8fa-4c84-961f-f2ec50547484 新坐标=main@23
23:56:04.824 INFO  io.mosire.simos.core.command.CommandBus - 命令提交: type=map.UpdateRegion commandId=2be25fb5-a160-44e2-a296-80adc7726be9 correlationId=2be25fb5-a160-44e2-a296-80adc7726be9 新坐标=main@24
23:56:04.869 INFO  io.mosire.simos.core.command.CommandBus - 命令提交: type=map.DeleteRegion commandId=9d344901-a263-4368-93ae-4c62ba40101a correlationId=9d344901-a263-4368-93ae-4c62ba40101a 新坐标=main@25
23:56:04.915 INFO  io.mosire.simos.core.command.CommandBus - 命令提交: type=map.SetEdge commandId=5b437d95-2ff1-4826-a4b3-ebce7395322a correlationId=5b437d95-2ff1-4826-a4b3-ebce7395322a 新坐标=main@26
23:56:04.957 INFO  io.mosire.simos.core.command.CommandBus - 命令提交: type=map.RandomizeRegion commandId=ea7a7455-64f7-413e-81fe-efbb487b6dce correlationId=ea7a7455-64f7-413e-81fe-efbb487b6dce 新坐标=main@27
23:56:05.002 INFO  io.mosire.simos.core.command.CommandBus - 命令提交: type=sd.CreateNation commandId=cf999d60-03a9-4205-91de-ff248dd00346 correlationId=cf999d60-03a9-4205-91de-ff248dd00346 新坐标=main@28
23:56:05.044 INFO  io.mosire.simos.core.command.CommandBus - 命令提交: type=sd.CreateArmy commandId=881bfab4-d8db-4ffa-95b3-b40fd0b35ae0 correlationId=881bfab4-d8db-4ffa-95b3-b40fd0b35ae0 新坐标=main@29
23:56:05.091 INFO  io.mosire.simos.core.command.CommandBus - 命令提交: type=sd.CreateDecisionMaker commandId=80a04af7-93d1-448c-ae7a-24ea9840728e correlationId=80a04af7-93d1-448c-ae7a-24ea9840728e 新坐标=main@30
23:56:05.136 INFO  io.mosire.simos.core.command.CommandBus - 命令提交: type=sd.PutInfo commandId=0e18bc2c-e588-4a64-86c1-4c35430d19e8 correlationId=0e18bc2c-e588-4a64-86c1-4c35430d19e8 新坐标=main@31
23:56:05.180 INFO  io.mosire.simos.core.command.CommandBus - 命令提交: type=sd.CreateCombat commandId=527b0a75-6f3b-4af0-addf-77e372fe05fe correlationId=527b0a75-6f3b-4af0-addf-77e372fe05fe 新坐标=main@32
23:56:05.225 INFO  io.mosire.simos.core.command.CommandBus - 命令提交: type=sd.AddCombatStage commandId=cd0ec2ac-f5f1-49a8-8e1b-048690aa31e7 correlationId=cd0ec2ac-f5f1-49a8-8e1b-048690aa31e7 新坐标=main@33
23:56:05.272 INFO  io.mosire.simos.core.command.CommandBus - 命令提交: type=sd.SetStageOutcomeTable commandId=07157a3d-a382-495a-83cf-5a6d69d7da40 correlationId=07157a3d-a382-495a-83cf-5a6d69d7da40 新坐标=main@34
23:56:05.319 INFO  io.mosire.simos.core.command.CommandBus - 命令提交: type=sd.RecordCasualties commandId=16da5037-2773-4a04-8451-e0d1ac205d4e correlationId=16da5037-2773-4a04-8451-e0d1ac205d4e 新坐标=main@35
23:56:05.362 INFO  io.mosire.simos.core.command.CommandBus - 命令提交: type=sd.CommitCombatOutcome commandId=998d40a9-9491-47bd-875a-689caee6c8b0 correlationId=998d40a9-9491-47bd-875a-689caee6c8b0 新坐标=main@36
23:56:05.403 INFO  io.mosire.simos.core.command.CommandBus - 命令提交: type=sd.RegisterEffect commandId=59b64d5d-95b4-41b8-a470-113f6838705c correlationId=59b64d5d-95b4-41b8-a470-113f6838705c 新坐标=main@37
23:56:05.449 INFO  io.mosire.simos.core.command.CommandBus - 命令提交: type=sd.CancelEffect commandId=2f7152f9-9107-4b76-bbd5-6fa310980e62 correlationId=2f7152f9-9107-4b76-bbd5-6fa310980e62 新坐标=main@38
23:56:05.497 INFO  io.mosire.simos.core.command.CommandBus - 命令提交: type=sd.SetViewScope commandId=f19b3d49-243e-45d5-b717-aa6874fe9a50 correlationId=f19b3d49-243e-45d5-b717-aa6874fe9a50 新坐标=main@39
23:56:05.539 INFO  io.mosire.simos.core.command.CommandBus - 命令提交: type=sd.IssueDirective commandId=205ba286-2173-4504-a1e3-3eba71875768 correlationId=205ba286-2173-4504-a1e3-3eba71875768 新坐标=main@40
23:56:05.584 INFO  io.mosire.simos.core.command.CommandBus - 命令提交: type=sd.SubmitVerdict commandId=84c09807-5ada-49e5-af78-3e12fe0cb2db correlationId=84c09807-5ada-49e5-af78-3e12fe0cb2db 新坐标=main@41
23:56:05.629 INFO  io.mosire.simos.core.command.CommandBus - 命令提交: type=map.RegisterPathwayGroup commandId=b5fa53e0-c024-4688-9911-14d92ffdb681 correlationId=b5fa53e0-c024-4688-9911-14d92ffdb681 新坐标=main@42
23:56:05.673 INFO  io.mosire.simos.core.command.CommandBus - 命令提交: type=sd.StartDecision commandId=c9666e46-bd81-4981-9131-5a032efd5a88 correlationId=c9666e46-bd81-4981-9131-5a032efd5a88 新坐标=main@43
[T11-COVERAGE] type=unit.CreateUnit result=committed revision=2
[T11-COVERAGE] type=unit.RenameUnit result=committed revision=3
[T11-COVERAGE] type=unit.SetStrength result=committed revision=4
[T11-COVERAGE] type=unit.ReparentUnit result=committed revision=5
[T11-COVERAGE] type=unit.PlaceAt result=committed revision=6
[T11-COVERAGE] type=unit.PlanRoute result=committed revision=7
[T11-COVERAGE] type=unit.CancelRoute result=committed revision=8
[T11-COVERAGE] type=unit.SetStatus result=committed revision=9
[T11-COVERAGE] type=unit.SetRejoinTarget result=committed revision=10
[T11-COVERAGE] type=unit.ApplyCasualties result=committed revision=11
[T11-COVERAGE] type=unit.PlanSparseRoute result=committed revision=12
[T11-COVERAGE] type=unit.CreateCommandChain result=committed revision=13
[T11-COVERAGE] type=unit.UpdateCommandChain result=committed revision=14
[T11-COVERAGE] type=unit.AttachUnit result=committed revision=15
[T11-COVERAGE] type=unit.ReparentSubtree result=committed revision=16
[T11-COVERAGE] type=unit.DetachUnit result=committed revision=17
[T11-COVERAGE] type=unit.SplitFormation result=committed revision=18
[T11-COVERAGE] type=unit.MergeFormation result=committed revision=19
[T11-COVERAGE] type=unit.SetFormationOffset result=committed revision=20
[T11-COVERAGE] type=unit.DisbandUnit result=committed revision=21
[T11-COVERAGE] type=map.SetTerrain result=committed revision=22
[T11-COVERAGE] type=map.CreateRegion result=committed revision=23
[T11-COVERAGE] type=map.UpdateRegion result=committed revision=24
[T11-COVERAGE] type=map.DeleteRegion result=committed revision=25
[T11-COVERAGE] type=map.SetEdge result=committed revision=26
[T11-COVERAGE] type=map.RandomizeRegion result=committed revision=27
[T11-COVERAGE] type=sd.CreateNation result=committed revision=28
[T11-COVERAGE] type=sd.CreateArmy result=committed revision=29
[T11-COVERAGE] type=sd.CreateDecisionMaker result=committed revision=30
[T11-COVERAGE] type=sd.PutInfo result=committed revision=31
[T11-COVERAGE] type=sd.CreateCombat result=committed revision=32
[T11-COVERAGE] type=sd.AddCombatStage result=committed revision=33
[T11-COVERAGE] type=sd.SetStageOutcomeTable result=committed revision=34
[T11-COVERAGE] type=sd.RecordCasualties result=committed revision=35
[T11-COVERAGE] type=sd.CommitCombatOutcome result=committed revision=36
[T11-COVERAGE] type=sd.RegisterEffect result=committed revision=37
[T11-COVERAGE] type=sd.CancelEffect result=committed revision=38
[T11-COVERAGE] type=sd.SetViewScope result=committed revision=39
[T11-COVERAGE] type=sd.IssueDirective result=committed revision=40
[T11-COVERAGE] type=sd.SubmitVerdict result=committed revision=41
[T11-COVERAGE] type=map.RegisterPathwayGroup result=committed revision=42
[T11-COVERAGE] type=sd.StartDecision result=committed revision=43
23:56:05.719 INFO  io.mosire.simos.core.advance.TimeAdvance - 命令提交: type=core.AdvanceTime commandId=8e66593a-8bfc-49ce-8fda-d2e12d920f29 correlationId=8e66593a-8bfc-49ce-8fda-d2e12d920f29 新坐标=main@44
[T11-COVERAGE] tool=simos.advance result=committed revision=32
23:56:05.765 WARN  io.mosire.simos.core.store.CheckpointStore - checkpoint 缺失（C18：回退到更早的 checkpoint，最坏从创世重放，不失败）: /tmp/junit-5202598117421106648/checkpoints/main/44.json
[T11-COVERAGE] tool=simos.fork result=committed branch=mcp-branch revision=1
23:56:05.820 INFO  io.mosire.simos.core.command.CommandBus - 命令被拒: type=unit.RenameUnit commandId=f0edafa7-c0f7-4f10-ad4a-7918c0f14fa7 correlationId=f0edafa7-c0f7-4f10-ad4a-7918c0f14fa7 原因=payload 必须是 {"id":字符串,"name":字符串}: {"id":"u-2"}
[T11-COVERAGE] reverse=bad-payload result=rejected
23:56:05.858 INFO  io.mosire.agentlib.approval.ApprovalHttpEndpoint - 审批 HTTP 面已停止（端口 46617）
23:56:05.859 INFO  io.mosire.agentlib.approval.HttpApprovalChannel - HTTP 审批通道已关闭
[INFO] Tests run: 1, Failures: 0, Errors: 0, Skipped: 0, Time elapsed: 2.107 s -- in io.mosire.simos.app.McpCoverageTest
[INFO] Running io.mosire.simos.app.ShellMainParseTest
[INFO] Tests run: 6, Failures: 0, Errors: 0, Skipped: 0, Time elapsed: 0.003 s -- in io.mosire.simos.app.ShellMainParseTest
[INFO] Running io.mosire.simos.app.McpServerTest
23:56:05.913 INFO  io.mosire.agentlib.mcp.AgentToMcpServer - MCP streamable server 已启动: name=simos-shell version=0.1.0-SNAPSHOT 外发工具 16 个 [sd.IssueDirective, sd.SetViewScope, sd.StartDecision, sd.SubmitVerdict, simos.advance, simos.command.catalog, simos.command.submit, simos.fork, simos.map.hex, simos.map.overview, simos.social.population, simos.state.facets, simos.state.resolve, simos.timeline.branches, simos.unit.get, simos.unit.list]；Registry 共 16 个，未外发 0 个 []
23:56:05.923 INFO  io.mosire.agentlib.mcp.AgentToMcpServer - MCP streamable server 已启动: name=simos-shell-decision version=0.1.0-SNAPSHOT 外发工具 11 个 [sd.IssueDirective, sd.SubmitVerdict, simos.command.catalog, simos.map.hex, simos.map.overview, simos.social.population, simos.state.facets, simos.state.resolve, simos.timeline.branches, simos.unit.get, simos.unit.list]；Registry 共 11 个，未外发 0 个 []
23:56:05.934 INFO  io.mosire.simos.app.gui.GuiServer - GUI 服务器已启动: http://127.0.0.1:46547/（静态 /webui，同源，无 CORS 头）
23:56:05.934 INFO  io.mosire.simos.app.Shell - Shell 装配完成: store=/tmp/junit-8230889593767047718 checkpointInterval=100 codec=4 handler=42 participant=2 resolver=4 facet=2 tool=16 decisionTool=11 mapId=Map1 bindAddress=127.0.0.1 mcpPort=45817 decisionAgentMcpPort=46637 guiPort=46547 approvalPort=46195
23:56:05.936 INFO  io.modelcontextprotocol.server.McpAsyncServer - Client initialize request - Protocol: 2025-11-25, Capabilities: ClientCapabilities[experimental=null, roots=null, sampling=null, elicitation=null], Info: Implementation[name=Java SDK MCP Client, title=null, version=0.15.0, description=null, icons=null, websiteUrl=null]
23:56:05.938 INFO  io.modelcontextprotocol.client.LifecycleInitializer - Server response with Protocol: 2025-11-25, Capabilities: ServerCapabilities[completions=null, experimental=null, logging=LoggingCapabilities[], prompts=null, resources=null, tools=ToolCapabilities[listChanged=true]], Info: Implementation[name=simos-shell, title=null, version=0.1.0-SNAPSHOT, description=null, icons=null, websiteUrl=null] and Instructions null
23:56:05.944 INFO  io.mosire.agentlib.approval.ApprovalHttpEndpoint - 审批 HTTP 面已停止（端口 46195）
23:56:05.944 INFO  io.mosire.agentlib.approval.HttpApprovalChannel - HTTP 审批通道已关闭
23:56:05.991 INFO  io.mosire.agentlib.mcp.AgentToMcpServer - MCP streamable server 已启动: name=simos-shell version=0.1.0-SNAPSHOT 外发工具 16 个 [sd.IssueDirective, sd.SetViewScope, sd.StartDecision, sd.SubmitVerdict, simos.advance, simos.command.catalog, simos.command.submit, simos.fork, simos.map.hex, simos.map.overview, simos.social.population, simos.state.facets, simos.state.resolve, simos.timeline.branches, simos.unit.get, simos.unit.list]；Registry 共 16 个，未外发 0 个 []
23:56:06.001 INFO  io.mosire.agentlib.mcp.AgentToMcpServer - MCP streamable server 已启动: name=simos-shell-decision version=0.1.0-SNAPSHOT 外发工具 11 个 [sd.IssueDirective, sd.SubmitVerdict, simos.command.catalog, simos.map.hex, simos.map.overview, simos.social.population, simos.state.facets, simos.state.resolve, simos.timeline.branches, simos.unit.get, simos.unit.list]；Registry 共 11 个，未外发 0 个 []
23:56:06.011 INFO  io.mosire.simos.app.gui.GuiServer - GUI 服务器已启动: http://127.0.0.1:44873/（静态 /webui，同源，无 CORS 头）
23:56:06.011 INFO  io.mosire.simos.app.Shell - Shell 装配完成: store=/tmp/junit-13543431429311649820 checkpointInterval=100 codec=4 handler=42 participant=2 resolver=4 facet=2 tool=16 decisionTool=11 mapId=Map1 bindAddress=127.0.0.1 mcpPort=45355 decisionAgentMcpPort=45169 guiPort=44873 approvalPort=45479
23:56:06.014 INFO  io.modelcontextprotocol.server.McpAsyncServer - Client initialize request - Protocol: 2025-11-25, Capabilities: ClientCapabilities[experimental=null, roots=null, sampling=null, elicitation=null], Info: Implementation[name=Java SDK MCP Client, title=null, version=0.15.0, description=null, icons=null, websiteUrl=null]
23:56:06.015 INFO  io.modelcontextprotocol.client.LifecycleInitializer - Server response with Protocol: 2025-11-25, Capabilities: ServerCapabilities[completions=null, experimental=null, logging=LoggingCapabilities[], prompts=null, resources=null, tools=ToolCapabilities[listChanged=true]], Info: Implementation[name=simos-shell, title=null, version=0.1.0-SNAPSHOT, description=null, icons=null, websiteUrl=null] and Instructions null
23:56:06.064 INFO  io.mosire.agentlib.approval.ApprovalHttpEndpoint - 审批 HTTP 面已停止（端口 45479）
23:56:06.065 INFO  io.mosire.agentlib.approval.HttpApprovalChannel - HTTP 审批通道已关闭
23:56:06.110 INFO  io.mosire.agentlib.mcp.AgentToMcpServer - MCP streamable server 已启动: name=simos-shell version=0.1.0-SNAPSHOT 外发工具 16 个 [sd.IssueDirective, sd.SetViewScope, sd.StartDecision, sd.SubmitVerdict, simos.advance, simos.command.catalog, simos.command.submit, simos.fork, simos.map.hex, simos.map.overview, simos.social.population, simos.state.facets, simos.state.resolve, simos.timeline.branches, simos.unit.get, simos.unit.list]；Registry 共 16 个，未外发 0 个 []
23:56:06.120 INFO  io.mosire.agentlib.mcp.AgentToMcpServer - MCP streamable server 已启动: name=simos-shell-decision version=0.1.0-SNAPSHOT 外发工具 11 个 [sd.IssueDirective, sd.SubmitVerdict, simos.command.catalog, simos.map.hex, simos.map.overview, simos.social.population, simos.state.facets, simos.state.resolve, simos.timeline.branches, simos.unit.get, simos.unit.list]；Registry 共 11 个，未外发 0 个 []
23:56:06.130 INFO  io.mosire.simos.app.gui.GuiServer - GUI 服务器已启动: http://127.0.0.1:45577/（静态 /webui，同源，无 CORS 头）
23:56:06.130 INFO  io.mosire.simos.app.Shell - Shell 装配完成: store=/tmp/junit-7728656689325634321 checkpointInterval=100 codec=4 handler=42 participant=2 resolver=4 facet=2 tool=16 decisionTool=11 mapId=Map1 bindAddress=127.0.0.1 mcpPort=44761 decisionAgentMcpPort=44837 guiPort=45577 approvalPort=45927
23:56:06.133 INFO  io.modelcontextprotocol.server.McpAsyncServer - Client initialize request - Protocol: 2025-11-25, Capabilities: ClientCapabilities[experimental=null, roots=null, sampling=null, elicitation=null], Info: Implementation[name=Java SDK MCP Client, title=null, version=0.15.0, description=null, icons=null, websiteUrl=null]
23:56:06.134 INFO  io.modelcontextprotocol.client.LifecycleInitializer - Server response with Protocol: 2025-11-25, Capabilities: ServerCapabilities[completions=null, experimental=null, logging=LoggingCapabilities[], prompts=null, resources=null, tools=ToolCapabilities[listChanged=true]], Info: Implementation[name=simos-shell, title=null, version=0.1.0-SNAPSHOT, description=null, icons=null, websiteUrl=null] and Instructions null
23:56:06.195 INFO  io.mosire.simos.core.command.CommandBus - 命令提交: type=unit.RenameUnit commandId=b212de90-67ca-471e-8509-e24aea03c1b9 correlationId=b212de90-67ca-471e-8509-e24aea03c1b9 新坐标=main@2
23:56:06.276 INFO  io.mosire.agentlib.approval.ApprovalHttpEndpoint - 审批 HTTP 面已停止（端口 45927）
23:56:06.277 INFO  io.mosire.agentlib.approval.HttpApprovalChannel - HTTP 审批通道已关闭
23:56:06.322 INFO  io.mosire.agentlib.mcp.AgentToMcpServer - MCP streamable server 已启动: name=simos-shell version=0.1.0-SNAPSHOT 外发工具 16 个 [sd.IssueDirective, sd.SetViewScope, sd.StartDecision, sd.SubmitVerdict, simos.advance, simos.command.catalog, simos.command.submit, simos.fork, simos.map.hex, simos.map.overview, simos.social.population, simos.state.facets, simos.state.resolve, simos.timeline.branches, simos.unit.get, simos.unit.list]；Registry 共 16 个，未外发 0 个 []
23:56:06.331 INFO  io.mosire.agentlib.mcp.AgentToMcpServer - MCP streamable server 已启动: name=simos-shell-decision version=0.1.0-SNAPSHOT 外发工具 11 个 [sd.IssueDirective, sd.SubmitVerdict, simos.command.catalog, simos.map.hex, simos.map.overview, simos.social.population, simos.state.facets, simos.state.resolve, simos.timeline.branches, simos.unit.get, simos.unit.list]；Registry 共 11 个，未外发 0 个 []
23:56:06.342 INFO  io.mosire.simos.app.gui.GuiServer - GUI 服务器已启动: http://127.0.0.1:45547/（静态 /webui，同源，无 CORS 头）
23:56:06.342 INFO  io.mosire.simos.app.Shell - Shell 装配完成: store=/tmp/junit-10798707532559994942 checkpointInterval=100 codec=4 handler=42 participant=2 resolver=4 facet=2 tool=16 decisionTool=11 mapId=Map1 bindAddress=127.0.0.1 mcpPort=46253 decisionAgentMcpPort=45603 guiPort=45547 approvalPort=45063
23:56:06.345 INFO  io.modelcontextprotocol.server.McpAsyncServer - Client initialize request - Protocol: 2025-11-25, Capabilities: ClientCapabilities[experimental=null, roots=null, sampling=null, elicitation=null], Info: Implementation[name=Java SDK MCP Client, title=null, version=0.15.0, description=null, icons=null, websiteUrl=null]
23:56:06.347 INFO  io.modelcontextprotocol.client.LifecycleInitializer - Server response with Protocol: 2025-11-25, Capabilities: ServerCapabilities[completions=null, experimental=null, logging=LoggingCapabilities[], prompts=null, resources=null, tools=ToolCapabilities[listChanged=true]], Info: Implementation[name=simos-shell, title=null, version=0.1.0-SNAPSHOT, description=null, icons=null, websiteUrl=null] and Instructions null
23:56:06.396 INFO  io.mosire.agentlib.approval.ApprovalHttpEndpoint - 审批 HTTP 面已停止（端口 45063）
23:56:06.396 INFO  io.mosire.agentlib.approval.HttpApprovalChannel - HTTP 审批通道已关闭
[INFO] Tests run: 4, Failures: 0, Errors: 0, Skipped: 0, Time elapsed: 0.534 s -- in io.mosire.simos.app.McpServerTest
[INFO] 
[INFO] Results:
[INFO] 
[INFO] Tests run: 211, Failures: 0, Errors: 0, Skipped: 0
[INFO] 
[INFO] 
[INFO] --- exec:3.4.1:exec (frontend-unit-tests) @ simos-app ---
TAP version 13
# Subtest: decodeBlocks-restores-vertex-world-coordinates
ok 1 - decodeBlocks-restores-vertex-world-coordinates
  ---
  duration_ms: 0.928569
  type: 'test'
  ...
# Subtest: decodeBlocks-preserves-block-metadata
ok 2 - decodeBlocks-preserves-block-metadata
  ---
  duration_ms: 0.334144
  type: 'test'
  ...
# Subtest: decodeBlocks-keeps-rings-closed-with-same-vertex-count
ok 3 - decodeBlocks-keeps-rings-closed-with-same-vertex-count
  ---
  duration_ms: 0.291298
  type: 'test'
  ...
# Subtest: decodeBlocks-does-not-mutate-the-wire-input
ok 4 - decodeBlocks-does-not-mutate-the-wire-input
  ---
  duration_ms: 0.885987
  type: 'test'
  ...
# Subtest: terrainAt-reads-decoded-block-at-hex-center
ok 5 - terrainAt-reads-decoded-block-at-hex-center
  ---
  duration_ms: 0.177425
  type: 'test'
  ...
# Subtest: countsByTerrain-sums-decoded-hex-counts
ok 6 - countsByTerrain-sums-decoded-hex-counts
  ---
  duration_ms: 0.099934
  type: 'test'
  ...
# Subtest: module-loads
ok 7 - module-loads
  ---
  duration_ms: 0.773205
  type: 'test'
  ...
# Subtest: subpage-ids-and-labels
ok 8 - subpage-ids-and-labels
  ---
  duration_ms: 1.227614
  type: 'test'
  ...
# Subtest: subpage-state-is-fail-closed
ok 9 - subpage-state-is-fail-closed
  ---
  duration_ms: 0.169879
  type: 'test'
  ...
# Subtest: subpage-visibility-is-mutually-exclusive
ok 10 - subpage-visibility-is-mutually-exclusive
  ---
  duration_ms: 0.19307
  type: 'test'
  ...
# Subtest: decision-groups-put-nation-then-army-and-sort-by-id
ok 11 - decision-groups-put-nation-then-army-and-sort-by-id
  ---
  duration_ms: 3.920605
  type: 'test'
  ...
# Subtest: decision-groups-keep-unknown-kinds-and-preserve-length
ok 12 - decision-groups-keep-unknown-kinds-and-preserve-length
  ---
  duration_ms: 0.166839
  type: 'test'
  ...
# Subtest: decision-makers-for-nation-matches-exactly
ok 13 - decision-makers-for-nation-matches-exactly
  ---
  duration_ms: 0.157936
  type: 'test'
  ...
# Subtest: decision-maker-for-unit-resolves-root-and-descendants
ok 14 - decision-maker-for-unit-resolves-root-and-descendants
  ---
  duration_ms: 0.222182
  type: 'test'
  ...
# Subtest: decision-maker-for-unit-is-deterministic-across-two-armies
ok 15 - decision-maker-for-unit-is-deterministic-across-two-armies
  ---
  duration_ms: 0.166395
  type: 'test'
  ...
# Subtest: decision-maker-for-unit-survives-a-parent-cycle
ok 16 - decision-maker-for-unit-survives-a-parent-cycle
  ---
  duration_ms: 0.201239
  type: 'test'
  ...
# Subtest: pending-status-text-never-fabricates
ok 17 - pending-status-text-never-fabricates
  ---
  duration_ms: 0.088214
  type: 'test'
  ...
# Subtest: affiliation-label-formats-kind-name-and-id
ok 18 - affiliation-label-formats-kind-name-and-id
  ---
  duration_ms: 0.081318
  type: 'test'
  ...
# Subtest: start-decision-gate-requires-due
ok 19 - start-decision-gate-requires-due
  ---
  duration_ms: 0.069219
  type: 'test'
  ...
# Subtest: render-left-gates-the-start-button-on-due
ok 20 - render-left-gates-the-start-button-on-due
  ---
  duration_ms: 8.17883
  type: 'test'
  ...
# Subtest: render-left-disables-the-start-button-when-not-due
ok 21 - render-left-disables-the-start-button-when-not-due
  ---
  duration_ms: 5.087983
  type: 'test'
  ...
# Subtest: start-decision-posts-the-target-when-due
ok 22 - start-decision-posts-the-target-when-due
  ---
  duration_ms: 3.431976
  type: 'test'
  ...
# Subtest: start-decision-refuses-when-target-is-not-due
ok 23 - start-decision-refuses-when-target-is-not-due
  ---
  duration_ms: 3.593695
  type: 'test'
  ...
# Subtest: decision-maker-fields-project-the-server-shape
ok 24 - decision-maker-fields-project-the-server-shape
  ---
  duration_ms: 0.189926
  type: 'test'
  ...
# Subtest: nation-region-ids-are-set-equal-not-subset
ok 25 - nation-region-ids-are-set-equal-not-subset
  ---
  duration_ms: 0.162074
  type: 'test'
  ...
# Subtest: nation-tag-helpers-ignore-non-nation-and-blank-tags
ok 26 - nation-tag-helpers-ignore-non-nation-and-blank-tags
  ---
  duration_ms: 0.058661
  type: 'test'
  ...
# Subtest: nation-ids-of-regions-unions-distinct-nations
ok 27 - nation-ids-of-regions-unions-distinct-nations
  ---
  duration_ms: 0.313504
  type: 'test'
  ...
# Subtest: render-left-shows-army-decision-maker-for-a-descendant-unit
ok 28 - render-left-shows-army-decision-maker-for-a-descendant-unit
  ---
  duration_ms: 3.701309
  type: 'test'
  ...
# Subtest: render-left-shows-no-decision-maker-for-an-unrelated-unit
ok 29 - render-left-shows-no-decision-maker-for-an-unrelated-unit
  ---
  duration_ms: 3.411823
  type: 'test'
  ...
# Subtest: render-left-shows-nation-decision-maker-for-a-nation-region-hex
ok 30 - render-left-shows-nation-decision-maker-for-a-nation-region-hex
  ---
  duration_ms: 2.05841
  type: 'test'
  ...
# Subtest: index-html-has-six-modes-and-decision-panel
ok 31 - index-html-has-six-modes-and-decision-panel
  ---
  duration_ms: 0.234158
  type: 'test'
  ...
# Subtest: index-html-decision-mode-has-start-decision-button
ok 32 - index-html-decision-mode-has-start-decision-button
  ---
  duration_ms: 0.112499
  type: 'test'
  ...
# Subtest: map-js-wires-decision-click-to-nation-highlight
ok 33 - map-js-wires-decision-click-to-nation-highlight
  ---
  duration_ms: 0.716626
  type: 'test'
  ...
# Subtest: panels-js-and-app-js-delegate-subpage-visibility
ok 34 - panels-js-and-app-js-delegate-subpage-visibility
  ---
  duration_ms: 0.45732
  type: 'test'
  ...
# Subtest: all-required-test-files-are-present
ok 35 - all-required-test-files-are-present
  ---
  duration_ms: 0.94584
  type: 'test'
  ...
# Subtest: assertion-count-is-not-below-the-frozen-floor
ok 36 - assertion-count-is-not-below-the-frozen-floor
  ---
  duration_ms: 4.800336
  type: 'test'
  ...
# Subtest: module-loads
ok 37 - module-loads
  ---
  duration_ms: 1.320017
  type: 'test'
  ...
# Subtest: toolUsageEntries-reads-two-response-shapes
ok 38 - toolUsageEntries-reads-two-response-shapes
  ---
  duration_ms: 0.371981
  type: 'test'
  ...
# Subtest: resultText-marks-success-and-failure
ok 39 - resultText-marks-success-and-failure
  ---
  duration_ms: 0.077412
  type: 'test'
  ...
# Subtest: formatEntry-includes-tool-and-result
ok 40 - formatEntry-includes-tool-and-result
  ---
  duration_ms: 8.865416
  type: 'test'
  ...
# Subtest: renderPlan-empty-state-is-explicit
ok 41 - renderPlan-empty-state-is-explicit
  ---
  duration_ms: 0.181048
  type: 'test'
  ...
# Subtest: renderPlan-keeps-server-order-and-flags
ok 42 - renderPlan-keeps-server-order-and-flags
  ---
  duration_ms: 0.132303
  type: 'test'
  ...
# Subtest: renderInto-reads-exactly-one-GET-api-gm-tool-usage
ok 43 - renderInto-reads-exactly-one-GET-api-gm-tool-usage
  ---
  duration_ms: 1.245576
  type: 'test'
  ...
# Subtest: renderInto-renders-server-entries-from-the-response
ok 44 - renderInto-renders-server-entries-from-the-response
  ---
  duration_ms: 0.153223
  type: 'test'
  ...
# Subtest: renderInto-shows-empty-state-when-server-has-none
ok 45 - renderInto-shows-empty-state-when-server-has-none
  ---
  duration_ms: 0.225226
  type: 'test'
  ...
# Subtest: renderInto-degrades-when-endpoint-unavailable
ok 46 - renderInto-degrades-when-endpoint-unavailable
  ---
  duration_ms: 0.323325
  type: 'test'
  ...
# Subtest: setOpen-toggles-overlay-and-aria-expanded
ok 47 - setOpen-toggles-overlay-and-aria-expanded
  ---
  duration_ms: 0.12321
  type: 'test'
  ...
# Subtest: mount-wires-open-close-and-refresh
ok 48 - mount-wires-open-close-and-refresh
  ---
  duration_ms: 7.304756
  type: 'test'
  ...
# Subtest: index.html-has-gm-button-in-timeline-bar-and-fullscreen-overlay
ok 49 - index.html-has-gm-button-in-timeline-bar-and-fullscreen-overlay
  ---
  duration_ms: 0.272865
  type: 'test'
  ...
# Subtest: gm-overlay-is-fixed-hidden-by-default-and-clickable
ok 50 - gm-overlay-is-fixed-hidden-by-default-and-clickable
  ---
  duration_ms: 0.285065
  type: 'test'
  ...
# Subtest: gm-overlay-has-no-chat-input
ok 51 - gm-overlay-has-no-chat-input
  ---
  duration_ms: 0.156425
  type: 'test'
  ...
# Subtest: module-loads
ok 52 - module-loads
  ---
  duration_ms: 1.350394
  type: 'test'
  ...
# Subtest: subtool-ids-and-labels
ok 53 - subtool-ids-and-labels
  ---
  duration_ms: 0.40809
  type: 'test'
  ...
# Subtest: subtool-state-is-fail-closed
ok 54 - subtool-state-is-fail-closed
  ---
  duration_ms: 0.184928
  type: 'test'
  ...
# Subtest: subtool-tools-return-a-snapshot-and-default-tool
ok 55 - subtool-tools-return-a-snapshot-and-default-tool
  ---
  duration_ms: 0.105205
  type: 'test'
  ...
# Subtest: mapEditSubtoolOf-maps-tools-and-rejects-unknown
ok 56 - mapEditSubtoolOf-maps-tools-and-rejects-unknown
  ---
  duration_ms: 0.087577
  type: 'test'
  ...
# Subtest: write-allowed-is-per-subtool-and-cross-line-is-denied
ok 57 - write-allowed-is-per-subtool-and-cross-line-is-denied
  ---
  duration_ms: 0.062959
  type: 'test'
  ...
# Subtest: write-gate-resolves-tool-then-subtool
ok 58 - write-gate-resolves-tool-then-subtool
  ---
  duration_ms: 0.121595
  type: 'test'
  ...
# Subtest: panel-visibility-is-mutually-exclusive
ok 59 - panel-visibility-is-mutually-exclusive
  ---
  duration_ms: 0.09503
  type: 'test'
  ...
# Subtest: index-html-has-suboption-control-and-grouped-panels
ok 60 - index-html-has-suboption-control-and-grouped-panels
  ---
  duration_ms: 0.387841
  type: 'test'
  ...
# Subtest: suboptions-are-not-new-modes
ok 61 - suboptions-are-not-new-modes
  ---
  duration_ms: 0.367653
  type: 'test'
  ...
# Subtest: map-js-gates-every-map-write-with-the-matching-type
ok 62 - map-js-gates-every-map-write-with-the-matching-type
  ---
  duration_ms: 0.725073
  type: 'test'
  ...
# Subtest: page-delegates-to-the-single-guard-implementation
ok 63 - page-delegates-to-the-single-guard-implementation
  ---
  duration_ms: 0.642528
  type: 'test'
  ...
# Subtest: edgeKeyOf-is-canonical-by-q-then-r
ok 64 - edgeKeyOf-is-canonical-by-q-then-r
  ---
  duration_ms: 0.616144
  type: 'test'
  ...
# Subtest: edgeKeyOf-rejects-self-loops-and-incomplete-points
ok 65 - edgeKeyOf-rejects-self-loops-and-incomplete-points
  ---
  duration_ms: 0.073037
  type: 'test'
  ...
# Subtest: edgeChainEdges-connects-an-adjacent-run
ok 66 - edgeChainEdges-connects-an-adjacent-run
  ---
  duration_ms: 0.407151
  type: 'test'
  ...
# Subtest: edgeChainEdges-dedupes-a-repeated-pair
ok 67 - edgeChainEdges-dedupes-a-repeated-pair
  ---
  duration_ms: 0.076821
  type: 'test'
  ...
# Subtest: edgeChainEdges-skips-a-non-adjacent-jump-and-keeps-the-anchor
ok 68 - edgeChainEdges-skips-a-non-adjacent-jump-and-keeps-the-anchor
  ---
  duration_ms: 0.150142
  type: 'test'
  ...
# Subtest: edgeChainEdges-same-hex-as-the-anchor-ends-the-path
ok 69 - edgeChainEdges-same-hex-as-the-anchor-ends-the-path
  ---
  duration_ms: 0.088116
  type: 'test'
  ...
# Subtest: edgeChainResult-reports-ending-and-skipped-non-adjacency
ok 70 - edgeChainResult-reports-ending-and-skipped-non-adjacency
  ---
  duration_ms: 0.141172
  type: 'test'
  ...
# Subtest: edgeChainEdges-treats-a-missing-sample-as-no-op
ok 71 - edgeChainEdges-treats-a-missing-sample-as-no-op
  ---
  duration_ms: 0.076928
  type: 'test'
  ...
# Subtest: edgeModeState-has-no-default
ok 72 - edgeModeState-has-no-default
  ---
  duration_ms: 0.220653
  type: 'test'
  ...
# Subtest: parseSeedInput-does-not-fall-back-to-zero
ok 73 - parseSeedInput-does-not-fall-back-to-zero
  ---
  duration_ms: 0.340535
  type: 'test'
  ...
# Subtest: randomizeSelectionState-rejects-an-empty-selection
ok 74 - randomizeSelectionState-rejects-an-empty-selection
  ---
  duration_ms: 0.136185
  type: 'test'
  ...
# Subtest: page-层-uses-the-guards-instead-of-re-implementing-them
ok 75 - page-层-uses-the-guards-instead-of-re-implementing-them
  ---
  duration_ms: 1.033035
  type: 'test'
  ...
# Subtest: parseEdgeKey-round-trips-and-rejects-malformed-keys
ok 76 - parseEdgeKey-round-trips-and-rejects-malformed-keys
  ---
  duration_ms: 0.14687
  type: 'test'
  ...
# Subtest: edgeHitAtWorldPoint-honours-the-12px-threshold-and-kind
ok 77 - edgeHitAtWorldPoint-honours-the-12px-threshold-and-kind
  ---
  duration_ms: 0.187726
  type: 'test'
  ...
# Subtest: edgeDeletePlan-replaces-with-the-surviving-set
ok 78 - edgeDeletePlan-replaces-with-the-surviving-set
  ---
  duration_ms: 0.102189
  type: 'test'
  ...
# Subtest: registered-edge-kinds-default-then-follow-the-server
ok 79 - registered-edge-kinds-default-then-follow-the-server
  ---
  duration_ms: 0.123646
  type: 'test'
  ...
# Subtest: axialNeighbors-six-exact-vectors
ok 80 - axialNeighbors-six-exact-vectors
  ---
  duration_ms: 1.498022
  type: 'test'
  ...
# Subtest: axialNeighbors-offset-by-origin
ok 81 - axialNeighbors-offset-by-origin
  ---
  duration_ms: 0.140336
  type: 'test'
  ...
# Subtest: axialNeighbors-are-distinct-and-at-distance-one
ok 82 - axialNeighbors-are-distinct-and-at-distance-one
  ---
  duration_ms: 0.119837
  type: 'test'
  ...
# Subtest: axialDistance-frozen-values
ok 83 - axialDistance-frozen-values
  ---
  duration_ms: 0.071767
  type: 'test'
  ...
# Subtest: hexLine-endpoints-are-exact
ok 84 - hexLine-endpoints-are-exact
  ---
  duration_ms: 0.403729
  type: 'test'
  ...
# Subtest: hexLine-length-is-distance-plus-one
ok 85 - hexLine-length-is-distance-plus-one
  ---
  duration_ms: 0.132218
  type: 'test'
  ...
# Subtest: hexLine-has-no-duplicates-and-no-gaps
ok 86 - hexLine-has-no-duplicates-and-no-gaps
  ---
  duration_ms: 0.20918
  type: 'test'
  ...
# Subtest: hexLine-long-diagonal-is-dense
ok 87 - hexLine-long-diagonal-is-dense
  ---
  duration_ms: 0.074555
  type: 'test'
  ...
# Subtest: hexLine-single-cell-returns-fresh-single
ok 88 - hexLine-single-cell-returns-fresh-single
  ---
  duration_ms: 0.210075
  type: 'test'
  ...
# Subtest: module-loads
ok 89 - module-loads
  ---
  duration_ms: 1.279164
  type: 'test'
  ...
# Subtest: mode-ids-order
ok 90 - mode-ids-order
  ---
  duration_ms: 0.357269
  type: 'test'
  ...
# Subtest: mode-labels
ok 91 - mode-labels
  ---
  duration_ms: 0.073223
  type: 'test'
  ...
# Subtest: mode-label-unknown-passthrough
ok 92 - mode-label-unknown-passthrough
  ---
  duration_ms: 0.060912
  type: 'test'
  ...
# Subtest: view-allows-no-write
ok 93 - view-allows-no-write
  ---
  duration_ms: 0.115362
  type: 'test'
  ...
# Subtest: region-allows-no-write
ok 94 - region-allows-no-write
  ---
  duration_ms: 0.070264
  type: 'test'
  ...
# Subtest: map-edit-allows-exactly-four-writes
ok 95 - map-edit-allows-exactly-four-writes
  ---
  duration_ms: 0.10189
  type: 'test'
  ...
# Subtest: region-edit-allows-three-writes
ok 96 - region-edit-allows-three-writes
  ---
  duration_ms: 0.05383
  type: 'test'
  ...
# Subtest: unit-allows-route-and-editor-writes
ok 97 - unit-allows-route-and-editor-writes
  ---
  duration_ms: 0.165785
  type: 'test'
  ...
# Subtest: decision-allows-exactly-start-decision
ok 98 - decision-allows-exactly-start-decision
  ---
  duration_ms: 0.213661
  type: 'test'
  ...
# Subtest: fail-closed-on-unknown-mode-and-empty-type
ok 99 - fail-closed-on-unknown-mode-and-empty-type
  ---
  duration_ms: 0.086541
  type: 'test'
  ...
# Subtest: allowedWrites-returns-a-snapshot
ok 100 - allowedWrites-returns-a-snapshot
  ---
  duration_ms: 0.046963
  type: 'test'
  ...
# Subtest: workbench-write-calls-are-all-whitelisted
ok 101 - workbench-write-calls-are-all-whitelisted
  ---
  duration_ms: 2.153697
  type: 'test'
  ...
# Subtest: whitelist-entries-are-well-formed-command-types
ok 102 - whitelist-entries-are-well-formed-command-types
  ---
  duration_ms: 0.112947
  type: 'test'
  ...
# Subtest: module-loads
ok 103 - module-loads
  ---
  duration_ms: 0.390768
  type: 'test'
  ...
# Subtest: pendingCount-reads-the-three-response-shapes
ok 104 - pendingCount-reads-the-three-response-shapes
  ---
  duration_ms: 0.089952
  type: 'test'
  ...
# Subtest: summaryText-shows-the-count
ok 105 - summaryText-shows-the-count
  ---
  duration_ms: 0.091612
  type: 'test'
  ...
# Subtest: renderInto-reads-exactly-one-GET-api-approvals
ok 106 - renderInto-reads-exactly-one-GET-api-approvals
  ---
  duration_ms: 1.881522
  type: 'test'
  ...
# Subtest: renderInto-degrades-when-approvals-unavailable
ok 107 - renderInto-degrades-when-approvals-unavailable
  ---
  duration_ms: 0.211869
  type: 'test'
  ...
# Subtest: index.html-has-notification-element-and-no-right-panel-approvals
ok 108 - index.html-has-notification-element-and-no-right-panel-approvals
  ---
  duration_ms: 0.232676
  type: 'test'
  ...
# Subtest: module-exports-the-pending-helpers
ok 109 - module-exports-the-pending-helpers
  ---
  duration_ms: 0.393127
  type: 'test'
  ...
# Subtest: pending-status-text-maps-only-real-booleans-and-never-fabricates
ok 110 - pending-status-text-maps-only-real-booleans-and-never-fabricates
  ---
  duration_ms: 0.127154
  type: 'test'
  ...
# Subtest: decision-maker-fields-project-due-into-pending
ok 111 - decision-maker-fields-project-due-into-pending
  ---
  duration_ms: 0.127348
  type: 'test'
  ...
# Subtest: right-list-renders-pending-from-server-due
ok 112 - right-list-renders-pending-from-server-due
  ---
  duration_ms: 9.538831
  type: 'test'
  ...
# Subtest: left-detail-shows-pending-from-server-due
ok 113 - left-detail-shows-pending-from-server-due
  ---
  duration_ms: 2.81592
  type: 'test'
  ...
# Subtest: panels-list-item-wires-server-due-into-pending-text
ok 114 - panels-list-item-wires-server-due-into-pending-text
  ---
  duration_ms: 0.312361
  type: 'test'
  ...
# Subtest: rings-and-vertex-counts-match-independent-derivation
ok 115 - rings-and-vertex-counts-match-independent-derivation
  ---
  duration_ms: 2.113793
  type: 'test'
  ...
# Subtest: donut-has-outer-18-and-inner-hole-6
ok 116 - donut-has-outer-18-and-inner-hole-6
  ---
  duration_ms: 0.707137
  type: 'test'
  ...
# Subtest: single-hex-vertices-are-exactly-the-six-corners
ok 117 - single-hex-vertices-are-exactly-the-six-corners
  ---
  duration_ms: 0.157463
  type: 'test'
  ...
# Subtest: every-ring-is-closed-with-unit-edges
ok 118 - every-ring-is-closed-with-unit-edges
  ---
  duration_ms: 0.447593
  type: 'test'
  ...
# Subtest: vertices-are-distinct-within-a-ring
ok 119 - vertices-are-distinct-within-a-ring
  ---
  duration_ms: 1.044946
  type: 'test'
  ...
# Subtest: vertices-lie-on-the-hex-vertex-lattice
ok 120 - vertices-lie-on-the-hex-vertex-lattice
  ---
  duration_ms: 0.35089
  type: 'test'
  ...
# Subtest: vertices-are-not-hex-centers
ok 121 - vertices-are-not-hex-centers
  ---
  duration_ms: 0.350424
  type: 'test'
  ...
# Subtest: empty-and-invalid-input-return-no-ring
ok 122 - empty-and-invalid-input-return-no-ring
  ---
  duration_ms: 0.136247
  type: 'test'
  ...
# Subtest: deterministic-across-calls
ok 123 - deterministic-across-calls
  ---
  duration_ms: 0.342308
  type: 'test'
  ...
# Subtest: buildRegionHighlightPlan-puts-focus-regions-first
ok 124 - buildRegionHighlightPlan-puts-focus-regions-first
  ---
  duration_ms: 1.137318
  type: 'test'
  ...
# Subtest: buildRegionHighlightPlan-highlights-every-owner-of-a-shared-hex
ok 125 - buildRegionHighlightPlan-highlights-every-owner-of-a-shared-hex
  ---
  duration_ms: 0.188312
  type: 'test'
  ...
# Subtest: buildRegionHighlightPlan-region-view-without-focus-paints-nothing
ok 126 - buildRegionHighlightPlan-region-view-without-focus-paints-nothing
  ---
  duration_ms: 0.108062
  type: 'test'
  ...
# Subtest: buildRegionHighlightPlan-region-edit-without-focus-fades-everything
ok 127 - buildRegionHighlightPlan-region-edit-without-focus-fades-everything
  ---
  duration_ms: 0.208635
  type: 'test'
  ...
# Subtest: the-two-modes-share-one-plan-and-differ-only-in-parameters
ok 128 - the-two-modes-share-one-plan-and-differ-only-in-parameters
  ---
  duration_ms: 0.097608
  type: 'test'
  ...
# Subtest: page-层-uses-the-shared-plan-for-both-modes
ok 129 - page-层-uses-the-shared-plan-for-both-modes
  ---
  duration_ms: 0.79116
  type: 'test'
  ...
# Subtest: regionMembershipSummary-counts-each-region-itself-and-unions-the-hexes
ok 130 - regionMembershipSummary-counts-each-region-itself-and-unions-the-hexes
  ---
  duration_ms: 0.219333
  type: 'test'
  ...
# Subtest: regionMembershipSummary-keeps-three-owners-as-one-hex
ok 131 - regionMembershipSummary-keeps-three-owners-as-one-hex
  ---
  duration_ms: 0.084978
  type: 'test'
  ...
# Subtest: regionMembershipSummary-refuses-to-guess-without-hex-lists
ok 132 - regionMembershipSummary-refuses-to-guess-without-hex-lists
  ---
  duration_ms: 0.183328
  type: 'test'
  ...
# Subtest: page-层-shows-the-union-and-never-a-summed-total
ok 133 - page-层-shows-the-union-and-never-a-summed-total
  ---
  duration_ms: 1.195552
  type: 'test'
  ...
# Subtest: debug-hooks-for-the-region-view-mode-are-exposed
ok 134 - debug-hooks-for-the-region-view-mode-are-exposed
  ---
  duration_ms: 0.099938
  type: 'test'
  ...
# Subtest: layout-constants-are-frozen
ok 135 - layout-constants-are-frozen
  ---
  duration_ms: 1.275592
  type: 'test'
  ...
# Subtest: columnX-is-left-margin-plus-column-minus-one-times-width
ok 136 - columnX-is-left-margin-plus-column-minus-one-times-width
  ---
  duration_ms: 0.181898
  type: 'test'
  ...
# Subtest: main-branch-columns-follow-tick-order
ok 137 - main-branch-columns-follow-tick-order
  ---
  duration_ms: 0.148776
  type: 'test'
  ...
# Subtest: forked-branch-first-tick-aligns-with-parent-column
ok 138 - forked-branch-first-tick-aligns-with-parent-column
  ---
  duration_ms: 0.09043
  type: 'test'
  ...
# Subtest: unknown-tick-falls-back-to-first-column
ok 139 - unknown-tick-falls-back-to-first-column
  ---
  duration_ms: 0.090805
  type: 'test'
  ...
# Subtest: tickOfRevision-reads-the-injected-table
ok 140 - tickOfRevision-reads-the-injected-table
  ---
  duration_ms: 0.137608
  type: 'test'
  ...
# Subtest: nodeX-composes-columnOf-with-columnX
ok 141 - nodeX-composes-columnOf-with-columnX
  ---
  duration_ms: 0.136766
  type: 'test'
  ...
# Subtest: groupByTick-merges-same-tick-into-one-node
ok 142 - groupByTick-merges-same-tick-into-one-node
  ---
  duration_ms: 0.414544
  type: 'test'
  ...
# Subtest: groupByTick-empty-input
ok 143 - groupByTick-empty-input
  ---
  duration_ms: 0.196547
  type: 'test'
  ...
# Subtest: isAtTip-only-true-at-branch-head
ok 144 - isAtTip-only-true-at-branch-head
  ---
  duration_ms: 0.234043
  type: 'test'
  ...
# Subtest: shortCommandType-takes-last-segment
ok 145 - shortCommandType-takes-last-segment
  ---
  duration_ms: 0.100404
  type: 'test'
  ...
# Subtest: nextBranchName-picks-smallest-free-b-name
ok 146 - nextBranchName-picks-smallest-free-b-name
  ---
  duration_ms: 0.216839
  type: 'test'
  ...
# Subtest: orderedBranches-puts-main-first-then-lexicographic
ok 147 - orderedBranches-puts-main-first-then-lexicographic
  ---
  duration_ms: 0.080824
  type: 'test'
  ...
# Subtest: tickIndex-finds-position
ok 148 - tickIndex-finds-position
  ---
  duration_ms: 0.044221
  type: 'test'
  ...
# Subtest: buildTree-depth-parent-children-per-node
ok 149 - buildTree-depth-parent-children-per-node
  ---
  duration_ms: 1.592461
  type: 'test'
  ...
# Subtest: branch-point-is-two-or-more-direct-children-only
ok 150 - branch-point-is-two-or-more-direct-children-only
  ---
  duration_ms: 0.930914
  type: 'test'
  ...
# Subtest: branch-teeth-single-vs-double-vs-zero
ok 151 - branch-teeth-single-vs-double-vs-zero
  ---
  duration_ms: 0.132969
  type: 'test'
  ...
# Subtest: multi-root-forest-in-input-order
ok 152 - multi-root-forest-in-input-order
  ---
  duration_ms: 0.11681
  type: 'test'
  ...
# Subtest: missing-or-null-parent-becomes-root
ok 153 - missing-or-null-parent-becomes-root
  ---
  duration_ms: 0.076575
  type: 'test'
  ...
# Subtest: dangling-parent-becomes-root-and-is-preserved
ok 154 - dangling-parent-becomes-root-and-is-preserved
  ---
  duration_ms: 0.066114
  type: 'test'
  ...
# Subtest: descendant-count-is-postorder-total
ok 155 - descendant-count-is-postorder-total
  ---
  duration_ms: 0.111662
  type: 'test'
  ...
# Subtest: empty-input-returns-empty-forest
ok 156 - empty-input-returns-empty-forest
  ---
  duration_ms: 0.059097
  type: 'test'
  ...
# Subtest: flatten-returns-depth-first-including-self
ok 157 - flatten-returns-depth-first-including-self
  ---
  duration_ms: 0.203616
  type: 'test'
  ...
# Subtest: terrainDimAlpha-is-nonzero-only-in-region-modes
ok 158 - terrainDimAlpha-is-nonzero-only-in-region-modes
  ---
  duration_ms: 0.876742
  type: 'test'
  ...
# Subtest: terrain-dim-is-painted-after-terrain-and-before-highlights
ok 159 - terrain-dim-is-painted-after-terrain-and-before-highlights
  ---
  duration_ms: 0.715672
  type: 'test'
  ...
# Subtest: terrain-dim-is-a-full-canvas-dark-scrim
ok 160 - terrain-dim-is-a-full-canvas-dark-scrim
  ---
  duration_ms: 0.71375
  type: 'test'
  ...
# Subtest: pixel-sampling-hook-is-exposed-for-color-level-evidence
ok 161 - pixel-sampling-hook-is-exposed-for-color-level-evidence
  ---
  duration_ms: 0.078718
  type: 'test'
  ...
# Subtest: regionLabelLayout-uses-centroid-and-sqrt-font
ok 162 - regionLabelLayout-uses-centroid-and-sqrt-font
  ---
  duration_ms: 0.130768
  type: 'test'
  ...
# Subtest: regionLabelLayout-refuses-to-guess-without-label-or-hexcount
ok 163 - regionLabelLayout-refuses-to-guess-without-label-or-hexcount
  ---
  duration_ms: 0.077127
  type: 'test'
  ...
# Subtest: region-name-draws-both-stroke-and-fill-with-zoom-guard
ok 164 - region-name-draws-both-stroke-and-fill-with-zoom-guard
  ---
  duration_ms: 1.273248
  type: 'test'
  ...
# Subtest: region-names-are-actually-invoked-in-render-order
ok 165 - region-names-are-actually-invoked-in-render-order
  ---
  duration_ms: 0.614053
  type: 'test'
  ...
# Subtest: region-name-toggle-is-wired-and-persisted
ok 166 - region-name-toggle-is-wired-and-persisted
  ---
  duration_ms: 1.725568
  type: 'test'
  ...
# Subtest: regionTag-keeps-null-and-string-verbatim
ok 167 - regionTag-keeps-null-and-string-verbatim
  ---
  duration_ms: 0.221107
  type: 'test'
  ...
# Subtest: single-plan-brightens-focus-and-fades-only-same-tag
ok 168 - single-plan-brightens-focus-and-fades-only-same-tag
  ---
  duration_ms: 0.448095
  type: 'test'
  ...
# Subtest: single-focus-alpha-is-higher-than-tag-group-alpha
ok 169 - single-focus-alpha-is-higher-than-tag-group-alpha
  ---
  duration_ms: 0.111669
  type: 'test'
  ...
# Subtest: tag-group-plan-is-unchanged
ok 170 - tag-group-plan-is-unchanged
  ---
  duration_ms: 0.148397
  type: 'test'
  ...
# Subtest: setHighlightRegions-infers-kind-and-honours-explicit-kind
ok 171 - setHighlightRegions-infers-kind-and-honours-explicit-kind
  ---
  duration_ms: 0.138144
  type: 'test'
  ...
# Subtest: sources-split-single-vs-group-at-the-three-call-sites
ok 172 - sources-split-single-vs-group-at-the-three-call-sites
  ---
  duration_ms: 0.688282
  type: 'test'
  ...
# Subtest: regionViewDebug-exposes-kind-and-both-alphas
ok 173 - regionViewDebug-exposes-kind-and-both-alphas
  ---
  duration_ms: 0.647181
  type: 'test'
  ...
# Subtest: loadRegionNamesAndDimDefaultsDoNotThrowUnderNodeHost
ok 174 - loadRegionNamesAndDimDefaultsDoNotThrowUnderNodeHost
  ---
  duration_ms: 0.042995
  type: 'test'
  ...
# Subtest: right-panel-has-data-modes-and-never-shows-in-view-mode
ok 175 - right-panel-has-data-modes-and-never-shows-in-view-mode
  ---
  duration_ms: 0.185897
  type: 'test'
  ...
# Subtest: side-columns-have-a-usable-stable-width
ok 176 - side-columns-have-a-usable-stable-width
  ---
  duration_ms: 0.188381
  type: 'test'
  ...
# Subtest: kv-value-column-is-not-squeezed-to-one-character
ok 177 - kv-value-column-is-not-squeezed-to-one-character
  ---
  duration_ms: 0.10116
  type: 'test'
  ...
# Subtest: region-names-only-show-in-the-two-region-modes
ok 178 - region-names-only-show-in-the-two-region-modes
  ---
  duration_ms: 0.050274
  type: 'test'
  ...
# Subtest: region-name-paint-is-gated-by-mode
ok 179 - region-name-paint-is-gated-by-mode
  ---
  duration_ms: 0.55689
  type: 'test'
  ...
# Subtest: region-name-toggle-is-in-the-topbar-and-hidden-when-irrelevant
ok 180 - region-name-toggle-is-in-the-topbar-and-hidden-when-irrelevant
  ---
  duration_ms: 0.1011
  type: 'test'
  ...
# Subtest: api.js-declares-exactly-the-allowed-write-endpoints
ok 181 - api.js-declares-exactly-the-allowed-write-endpoints
  ---
  duration_ms: 0.861103
  type: 'test'
  ...
# Subtest: api.js-exports-the-command-and-approval-write-functions
ok 182 - api.js-exports-the-command-and-approval-write-functions
  ---
  duration_ms: 1.759433
  type: 'test'
  ...
# Subtest: no-other-webui-asset-has-a-write-call
ok 183 - no-other-webui-asset-has-a-write-call
  ---
  duration_ms: 1.603859
  type: 'test'
  ...
# Subtest: scanner-has-teeth-on-undeclared-endpoint
ok 184 - scanner-has-teeth-on-undeclared-endpoint
  ---
  duration_ms: 0.222234
  type: 'test'
  ...
# Subtest: scanner-detects-a-missing-declared-endpoint
ok 185 - scanner-detects-a-missing-declared-endpoint
  ---
  duration_ms: 0.200873
  type: 'test'
  ...
# Subtest: dynamic-write-functions-hit-only-allowed-endpoints
ok 186 - dynamic-write-functions-hit-only-allowed-endpoints
  ---
  duration_ms: 1.581986
  type: 'test'
  ...
# Subtest: module-path-resolution-is-non-empty
ok 187 - module-path-resolution-is-non-empty
  ---
  duration_ms: 0.136538
  type: 'test'
  ...
1..187
# tests 187
# suites 0
# pass 187
# fail 0
# cancelled 0
# skipped 0
# todo 0
# duration_ms 153.423121
[frontend-gate] OK tests=187 pass=187 fail=0
[INFO] 
[INFO] --- jar:3.5.0:jar (default-jar) @ simos-app ---
[INFO] Building jar: /home/cna/SimulatorMosire/simos-app/target/simos-app-0.1.0-SNAPSHOT.jar
[INFO] 
[INFO] --- shade:3.6.0:shade (shade-executable) @ simos-app ---
[INFO] Including io.mosire:simos-core:jar:0.1.0-SNAPSHOT in the shaded jar.
[INFO] Including io.mosire:simos-util:jar:0.1.0-SNAPSHOT in the shaded jar.
[INFO] Including com.fasterxml.jackson.datatype:jackson-datatype-jdk8:jar:2.22.2 in the shaded jar.
[INFO] Including org.xerial:sqlite-jdbc:jar:3.53.4.0 in the shaded jar.
[INFO] Including io.mosire:simos-map:jar:0.1.0-SNAPSHOT in the shaded jar.
[INFO] Including io.mosire:simos-social:jar:0.1.0-SNAPSHOT in the shaded jar.
[INFO] Including io.mosire:simos-unit:jar:0.1.0-SNAPSHOT in the shaded jar.
[INFO] Including io.mosire:simos-sd:jar:0.1.0-SNAPSHOT in the shaded jar.
[INFO] Including io.mosire:agentlib-mosire:jar:0.1.0-SNAPSHOT in the shaded jar.
[INFO] Including com.networknt:json-schema-validator:jar:2.0.4 in the shaded jar.
[INFO] Including com.ethlo.time:itu:jar:1.14.0 in the shaded jar.
[INFO] Including com.fasterxml.jackson.dataformat:jackson-dataformat-yaml:jar:2.22.2 in the shaded jar.
[INFO] Including org.yaml:snakeyaml:jar:2.5 in the shaded jar.
[INFO] Including org.slf4j:slf4j-api:jar:2.0.19 in the shaded jar.
[INFO] Including org.pf4j:pf4j:jar:3.15.1 in the shaded jar.
[INFO] Including com.github.zafarkhaja:java-semver:jar:0.10.2 in the shaded jar.
[INFO] Including io.modelcontextprotocol.sdk:mcp-core:jar:2.0.1 in the shaded jar.
[INFO] Including com.fasterxml.jackson.core:jackson-annotations:jar:2.22 in the shaded jar.
[INFO] Including io.projectreactor:reactor-core:jar:3.7.0 in the shaded jar.
[INFO] Including org.reactivestreams:reactive-streams:jar:1.0.4 in the shaded jar.
[INFO] Including io.modelcontextprotocol.sdk:mcp-json-jackson2:jar:2.0.1 in the shaded jar.
[INFO] Including com.fasterxml.jackson.core:jackson-databind:jar:2.22.2 in the shaded jar.
[INFO] Including com.fasterxml.jackson.core:jackson-core:jar:2.22.2 in the shaded jar.
[INFO] Including org.apache.logging.log4j:log4j-core:jar:2.26.1 in the shaded jar.
[INFO] Including org.apache.logging.log4j:log4j-api:jar:2.26.1 in the shaded jar.
[INFO] Including org.apache.logging.log4j:log4j-slf4j2-impl:jar:2.26.1 in the shaded jar.
[WARNING] agentlib-mosire-0.1.0-SNAPSHOT.jar, itu-1.14.0.jar, jackson-annotations-2.22.jar, jackson-core-2.22.2.jar, jackson-databind-2.22.2.jar, jackson-dataformat-yaml-2.22.2.jar, jackson-datatype-jdk8-2.22.2.jar, java-semver-0.10.2.jar, json-schema-validator-2.0.4.jar, log4j-api-2.26.1.jar, log4j-core-2.26.1.jar, log4j-slf4j2-impl-2.26.1.jar, mcp-core-2.0.1.jar, mcp-json-jackson2-2.0.1.jar, pf4j-3.15.1.jar, reactive-streams-1.0.4.jar, reactor-core-3.7.0.jar, simos-app-0.1.0-SNAPSHOT.jar, simos-core-0.1.0-SNAPSHOT.jar, simos-map-0.1.0-SNAPSHOT.jar, simos-sd-0.1.0-SNAPSHOT.jar, simos-social-0.1.0-SNAPSHOT.jar, simos-unit-0.1.0-SNAPSHOT.jar, simos-util-0.1.0-SNAPSHOT.jar, slf4j-api-2.0.19.jar, snakeyaml-2.5.jar, sqlite-jdbc-3.53.4.0.jar define 1 overlapping resource: 
[WARNING]   - META-INF/MANIFEST.MF
[WARNING] jackson-annotations-2.22.jar, jackson-core-2.22.2.jar, jackson-databind-2.22.2.jar, jackson-dataformat-yaml-2.22.2.jar, jackson-datatype-jdk8-2.22.2.jar, java-semver-0.10.2.jar, log4j-api-2.26.1.jar, log4j-core-2.26.1.jar, log4j-slf4j2-impl-2.26.1.jar define 1 overlapping resource: 
[WARNING]   - META-INF/LICENSE
[WARNING] agentlib-mosire-0.1.0-SNAPSHOT.jar, simos-app-0.1.0-SNAPSHOT.jar, simos-core-0.1.0-SNAPSHOT.jar, simos-sd-0.1.0-SNAPSHOT.jar define 1 overlapping resource: 
[WARNING]   - META-INF/extensions.idx
[WARNING] itu-1.14.0.jar, jackson-core-2.22.2.jar, jackson-databind-2.22.2.jar, jackson-dataformat-yaml-2.22.2.jar, jackson-datatype-jdk8-2.22.2.jar, json-schema-validator-2.0.4.jar, pf4j-3.15.1.jar, slf4j-api-2.0.19.jar, snakeyaml-2.5.jar, sqlite-jdbc-3.53.4.0.jar define 1 overlapping classes: 
[WARNING]   - META-INF.versions.9.module-info
[WARNING] log4j-api-2.26.1.jar, log4j-core-2.26.1.jar, log4j-slf4j2-impl-2.26.1.jar define 1 overlapping resource: 
[WARNING]   - META-INF/DEPENDENCIES
[WARNING] jackson-annotations-2.22.jar, jackson-core-2.22.2.jar, jackson-databind-2.22.2.jar, jackson-dataformat-yaml-2.22.2.jar, jackson-datatype-jdk8-2.22.2.jar, log4j-api-2.26.1.jar, log4j-core-2.26.1.jar, log4j-slf4j2-impl-2.26.1.jar define 1 overlapping resource: 
[WARNING]   - META-INF/NOTICE
[WARNING] maven-shade-plugin has detected that some files are
[WARNING] present in two or more JARs. When this happens, only one
[WARNING] single version of the file is copied to the uber jar.
[WARNING] Usually this is not harmful and you can skip these warnings,
[WARNING] otherwise try to manually exclude artifacts based on
[WARNING] mvn dependency:tree -Ddetail=true and the above output.
[WARNING] See https://maven.apache.org/plugins/maven-shade-plugin/
[INFO] Attaching shaded artifact.
[INFO] 
[INFO] --- spotless:3.10.2:check (spotless-check) @ simos-app ---
[INFO] Index file does not exist. Fallback to an empty index
[INFO] Spotless.Java is keeping 82 files clean - 0 needs changes to be clean, 82 were already clean, 0 were skipped because caching determined they were already clean
[INFO] 
[INFO] >>> spotbugs:4.10.4.1:check (spotbugs-check) > :spotbugs @ simos-app >>>
[INFO] 
[INFO] --- spotbugs:4.10.4.1:spotbugs (spotbugs) @ simos-app ---
[INFO] Done SpotBugs Analysis....
[INFO] Skipping com.github.spotbugs:spotbugs-maven-plugin:4.10.4.1:spotbugs report goal
[INFO] 
[INFO] <<< spotbugs:4.10.4.1:check (spotbugs-check) < :spotbugs @ simos-app <<<
[INFO] 
[INFO] 
[INFO] --- spotbugs:4.10.4.1:check (spotbugs-check) @ simos-app ---
[INFO] BugInstance size is 0
[INFO] Error size is 0
[INFO] No errors/warnings found
[INFO] 
[INFO] --- exec:3.4.1:exec (shaded-jar-guard) @ simos-app ---
[shaded-guard] OK   reactor/core/publisher/LambdaMonoSubscriber.class
[shaded-guard] OK   reactor/core/publisher/Mono.class
[shaded-guard] OK   io/modelcontextprotocol/spec/McpStreamableServerTransportProvider.class
[shaded-guard] OK   io/modelcontextprotocol/server/McpSyncServer.class
[shaded-guard] OK   org/apache/logging/log4j/message/ParameterizedMessage.class
[shaded-guard] OK   org/slf4j/Logger.class
[shaded-guard] OK   org/sqlite/JDBC.class
[shaded-guard] OK   Main-Class=io.mosire.simos.app.ShellMain
[shaded-guard] 结论：OK（6044 个条目；7 条运行期类 + Main-Class 全在）
[INFO] ------------------------------------------------------------------------
[INFO] Reactor Summary for SimulatorMosire 0.1.0-SNAPSHOT:
[INFO] 
[INFO] SimulatorMosire .................................... SUCCESS [  1.109 s]
[INFO] UtilSimos .......................................... SUCCESS [  7.021 s]
[INFO] MapSimos ........................................... SUCCESS [  7.280 s]
[INFO] SocialSimos ........................................ SUCCESS [  2.367 s]
[INFO] UnitSimos .......................................... SUCCESS [  4.008 s]
[INFO] CoreSimos .......................................... SUCCESS [  9.931 s]
[INFO] SDSimos ............................................ SUCCESS [  4.018 s]
[INFO] SimosApp ........................................... SUCCESS [ 36.530 s]
[INFO] ------------------------------------------------------------------------
[INFO] BUILD SUCCESS
[INFO] ------------------------------------------------------------------------
[INFO] Total time:  01:12 min
[INFO] Finished at: 2026-09-21T23:56:11+08:00
[INFO] ------------------------------------------------------------------------
