[INFO] Scanning for projects...
[INFO] ------------------------------------------------------------------------
[INFO] Reactor Build Order:
[INFO] 
[INFO] SimulatorMosire                                                    [pom]
[INFO] UtilSimos                                                          [jar]
[INFO] MapSimos                                                           [jar]
[INFO] SocialSimos                                                        [jar]
[INFO] UnitSimos                                                          [jar]
[INFO] CoreSimos                                                          [jar]
[INFO] SimosApp                                                           [jar]
[INFO] 
[INFO] -----------------------< io.mosire:simos-parent >-----------------------
[INFO] Building SimulatorMosire 0.1.0-SNAPSHOT                            [1/7]
[INFO]   from pom.xml
[INFO] --------------------------------[ pom ]---------------------------------
[INFO] 
[INFO] --- clean:3.2.0:clean (default-clean) @ simos-parent ---
[INFO] Deleting /home/cna/SimulatorMosire/target
[INFO] 
[INFO] --- enforcer:3.6.3:enforce (enforce-java-and-maven) @ simos-parent ---
[INFO] Rule 0: org.apache.maven.enforcer.rules.version.RequireJavaVersion passed
[INFO] Rule 1: org.apache.maven.enforcer.rules.version.RequireMavenVersion passed
[INFO] 
[INFO] --- checkstyle:3.6.0:check (checkstyle-check) @ simos-parent ---
[INFO] Starting audit...
Audit done.
[INFO] You have 0 Checkstyle violations.
[INFO] 
[INFO] --- spotless:3.10.2:check (spotless-check) @ simos-parent ---
[INFO] Index file does not exist. Fallback to an empty index
[INFO] 
[INFO] >>> spotbugs:4.10.4.1:check (spotbugs-check) > :spotbugs @ simos-parent >>>
[INFO] 
[INFO] --- spotbugs:4.10.4.1:spotbugs (spotbugs) @ simos-parent ---
[WARNING] No files found to generate report on. Check if compile phase has been run.
[INFO] Skipping com.github.spotbugs:spotbugs-maven-plugin:4.10.4.1:spotbugs report goal
[INFO] 
[INFO] <<< spotbugs:4.10.4.1:check (spotbugs-check) < :spotbugs @ simos-parent <<<
[INFO] 
[INFO] 
[INFO] --- spotbugs:4.10.4.1:check (spotbugs-check) @ simos-parent ---
[INFO] 
[INFO] ------------------------< io.mosire:simos-util >------------------------
[INFO] Building UtilSimos 0.1.0-SNAPSHOT                                  [2/7]
[INFO]   from simos-util/pom.xml
[INFO] --------------------------------[ jar ]---------------------------------
[INFO] 
[INFO] --- clean:3.2.0:clean (default-clean) @ simos-util ---
[INFO] Deleting /home/cna/SimulatorMosire/simos-util/target
[INFO] 
[INFO] --- enforcer:3.6.3:enforce (enforce-java-and-maven) @ simos-util ---
[INFO] 
[INFO] --- enforcer:3.6.3:enforce (enforce-module-boundaries) @ simos-util ---
[INFO] Rule 0: org.apache.maven.enforcer.rules.dependency.BannedDependencies passed
[INFO] 
[INFO] --- checkstyle:3.6.0:check (checkstyle-check) @ simos-util ---
[INFO] Starting audit...
Audit done.
[INFO] You have 0 Checkstyle violations.
[INFO] 
[INFO] --- resources:3.4.0:resources (default-resources) @ simos-util ---
[INFO] skip non existing resourceDirectory /home/cna/SimulatorMosire/simos-util/src/main/resources
[INFO] 
[INFO] --- compiler:3.16.0:compile (default-compile) @ simos-util ---
[INFO] Recompiling the module because of changed source code.
[INFO] Compiling 46 source files with javac [debug release 21] to target/classes
[INFO] 
[INFO] --- resources:3.4.0:testResources (default-testResources) @ simos-util ---
[INFO] skip non existing resourceDirectory /home/cna/SimulatorMosire/simos-util/src/test/resources
[INFO] 
[INFO] --- compiler:3.16.0:testCompile (default-testCompile) @ simos-util ---
[INFO] Recompiling the module because of changed dependency.
[INFO] Compiling 21 source files with javac [debug release 21] to target/test-classes
[INFO] 
[INFO] --- surefire:3.6.0:test (default-test) @ simos-util ---
[INFO] Using auto detected provider org.apache.maven.surefire.junitplatform.JUnitPlatformProvider
[INFO] 
[INFO] -------------------------------------------------------
[INFO]  T E S T S
[INFO] -------------------------------------------------------
[INFO] Running io.mosire.simos.util.state.StateRefTest
[INFO] Tests run: 9, Failures: 0, Errors: 0, Skipped: 0, Time elapsed: 0.063 s -- in io.mosire.simos.util.state.StateRefTest
[INFO] Running io.mosire.simos.util.state.SimulationStateTest
[INFO] Tests run: 8, Failures: 0, Errors: 0, Skipped: 0, Time elapsed: 0.018 s -- in io.mosire.simos.util.state.SimulationStateTest
[INFO] Running io.mosire.simos.util.state.SnapshotProtocolTest
[INFO] Tests run: 2, Failures: 0, Errors: 0, Skipped: 0, Time elapsed: 0.006 s -- in io.mosire.simos.util.state.SnapshotProtocolTest
[INFO] Running io.mosire.simos.util.json.FieldDeltaJsonTest
[INFO] Tests run: 5, Failures: 0, Errors: 0, Skipped: 0, Time elapsed: 0.157 s -- in io.mosire.simos.util.json.FieldDeltaJsonTest
[INFO] Running io.mosire.simos.util.json.SimosObjectMapperTest
[INFO] Tests run: 6, Failures: 0, Errors: 0, Skipped: 0, Time elapsed: 0.035 s -- in io.mosire.simos.util.json.SimosObjectMapperTest
[INFO] Running io.mosire.simos.util.info.InMemoryInfoSystemTest
[INFO] Tests run: 14, Failures: 0, Errors: 0, Skipped: 0, Time elapsed: 0.016 s -- in io.mosire.simos.util.info.InMemoryInfoSystemTest
[INFO] Running io.mosire.simos.util.facet.FacetRegistryTest
[INFO] Tests run: 10, Failures: 0, Errors: 0, Skipped: 0, Time elapsed: 0.008 s -- in io.mosire.simos.util.facet.FacetRegistryTest
[INFO] Running io.mosire.simos.util.resolve.ResolverRegistryTest
[INFO] Tests run: 8, Failures: 0, Errors: 0, Skipped: 0, Time elapsed: 0.006 s -- in io.mosire.simos.util.resolve.ResolverRegistryTest
[INFO] Running io.mosire.simos.util.identity.ResolvedSubjectTest
[INFO] Tests run: 5, Failures: 0, Errors: 0, Skipped: 0, Time elapsed: 0.007 s -- in io.mosire.simos.util.identity.ResolvedSubjectTest
[INFO] Running io.mosire.simos.util.identity.QueryResultTest
[INFO] Tests run: 2, Failures: 0, Errors: 0, Skipped: 0, Time elapsed: 0.002 s -- in io.mosire.simos.util.identity.QueryResultTest
[INFO] Running io.mosire.simos.util.identity.SubjectIdTest
[INFO] Tests run: 4, Failures: 0, Errors: 0, Skipped: 0, Time elapsed: 0.002 s -- in io.mosire.simos.util.identity.SubjectIdTest
[INFO] Running io.mosire.simos.util.time.TemporalSeriesTest
[INFO] Tests run: 16, Failures: 0, Errors: 0, Skipped: 0, Time elapsed: 0.013 s -- in io.mosire.simos.util.time.TemporalSeriesTest
[INFO] Running io.mosire.simos.util.time.TimeRangeTest
[INFO] Tests run: 4, Failures: 0, Errors: 0, Skipped: 0, Time elapsed: 0.002 s -- in io.mosire.simos.util.time.TimeRangeTest
[INFO] Running io.mosire.simos.util.time.SimosTimestampTest
[INFO] Tests run: 5, Failures: 0, Errors: 0, Skipped: 0, Time elapsed: 0.002 s -- in io.mosire.simos.util.time.SimosTimestampTest
[INFO] Running io.mosire.simos.util.address.AddressQuoteTest
[INFO] Tests run: 9, Failures: 0, Errors: 0, Skipped: 0, Time elapsed: 0.005 s -- in io.mosire.simos.util.address.AddressQuoteTest
[INFO] Running io.mosire.simos.util.address.AddressParseTest
[INFO] Tests run: 38, Failures: 0, Errors: 0, Skipped: 0, Time elapsed: 0.051 s -- in io.mosire.simos.util.address.AddressParseTest
[INFO] Running io.mosire.simos.util.address.AddressTolerantParseTest
[INFO] Tests run: 15, Failures: 0, Errors: 0, Skipped: 0, Time elapsed: 0.012 s -- in io.mosire.simos.util.address.AddressTolerantParseTest
[INFO] Running io.mosire.simos.util.spi.SpiShapesTest
[INFO] Tests run: 4, Failures: 0, Errors: 0, Skipped: 0, Time elapsed: 0.003 s -- in io.mosire.simos.util.spi.SpiShapesTest
[INFO] Running io.mosire.simos.util.verify.RoundTripAssertionsDriftTest
[INFO] Tests run: 1, Failures: 0, Errors: 0, Skipped: 0, Time elapsed: 0.009 s -- in io.mosire.simos.util.verify.RoundTripAssertionsDriftTest
[INFO] Running io.mosire.simos.util.verify.RoundTripAssertionsTest
[INFO] Tests run: 5, Failures: 0, Errors: 0, Skipped: 0, Time elapsed: 0.095 s -- in io.mosire.simos.util.verify.RoundTripAssertionsTest
[INFO] 
[INFO] Results:
[INFO] 
[INFO] Tests run: 170, Failures: 0, Errors: 0, Skipped: 0
[INFO] 
[INFO] 
[INFO] --- jar:3.5.0:jar (default-jar) @ simos-util ---
[INFO] Building jar: /home/cna/SimulatorMosire/simos-util/target/simos-util-0.1.0-SNAPSHOT.jar
[INFO] 
[INFO] --- spotless:3.10.2:check (spotless-check) @ simos-util ---
[INFO] Index file does not exist. Fallback to an empty index
[INFO] Spotless.Java is keeping 67 files clean - 0 needs changes to be clean, 67 were already clean, 0 were skipped because caching determined they were already clean
[INFO] 
[INFO] >>> spotbugs:4.10.4.1:check (spotbugs-check) > :spotbugs @ simos-util >>>
[INFO] 
[INFO] --- spotbugs:4.10.4.1:spotbugs (spotbugs) @ simos-util ---
[INFO] Done SpotBugs Analysis....
[INFO] Skipping com.github.spotbugs:spotbugs-maven-plugin:4.10.4.1:spotbugs report goal
[INFO] 
[INFO] <<< spotbugs:4.10.4.1:check (spotbugs-check) < :spotbugs @ simos-util <<<
[INFO] 
[INFO] 
[INFO] --- spotbugs:4.10.4.1:check (spotbugs-check) @ simos-util ---
[INFO] BugInstance size is 0
[INFO] Error size is 0
[INFO] No errors/warnings found
[INFO] 
[INFO] ------------------------< io.mosire:simos-map >-------------------------
[INFO] Building MapSimos 0.1.0-SNAPSHOT                                   [3/7]
[INFO]   from simos-map/pom.xml
[INFO] --------------------------------[ jar ]---------------------------------
[INFO] 
[INFO] --- clean:3.2.0:clean (default-clean) @ simos-map ---
[INFO] Deleting /home/cna/SimulatorMosire/simos-map/target
[INFO] 
[INFO] --- enforcer:3.6.3:enforce (enforce-java-and-maven) @ simos-map ---
[INFO] 
[INFO] --- enforcer:3.6.3:enforce (enforce-module-boundaries) @ simos-map ---
[INFO] Rule 0: org.apache.maven.enforcer.rules.dependency.BannedDependencies passed
[INFO] 
[INFO] --- checkstyle:3.6.0:check (checkstyle-check) @ simos-map ---
[INFO] Starting audit...
Audit done.
[INFO] You have 0 Checkstyle violations.
[INFO] 
[INFO] --- resources:3.4.0:resources (default-resources) @ simos-map ---
[INFO] skip non existing resourceDirectory /home/cna/SimulatorMosire/simos-map/src/main/resources
[INFO] 
[INFO] --- compiler:3.16.0:compile (default-compile) @ simos-map ---
[INFO] Recompiling the module because of changed dependency.
[INFO] Compiling 46 source files with javac [debug release 21] to target/classes
[INFO] /home/cna/SimulatorMosire/simos-map/src/main/java/io/mosire/simos/map/codec/MapCodec.java: /home/cna/SimulatorMosire/simos-map/src/main/java/io/mosire/simos/map/codec/MapCodec.java uses or overrides a deprecated API.
[INFO] /home/cna/SimulatorMosire/simos-map/src/main/java/io/mosire/simos/map/codec/MapCodec.java: Recompile with -Xlint:deprecation for details.
[INFO] 
[INFO] --- resources:3.4.0:testResources (default-testResources) @ simos-map ---
[INFO] skip non existing resourceDirectory /home/cna/SimulatorMosire/simos-map/src/test/resources
[INFO] 
[INFO] --- compiler:3.16.0:testCompile (default-testCompile) @ simos-map ---
[INFO] Recompiling the module because of changed dependency.
[INFO] Compiling 34 source files with javac [debug release 21] to target/test-classes
[INFO] 
[INFO] --- surefire:3.6.0:test (default-test) @ simos-map ---
[INFO] Using auto detected provider org.apache.maven.surefire.junitplatform.JUnitPlatformProvider
[INFO] 
[INFO] -------------------------------------------------------
[INFO]  T E S T S
[INFO] -------------------------------------------------------
[INFO] Running io.mosire.simos.map.GameMapTest
[INFO] Tests run: 18, Failures: 0, Errors: 0, Skipped: 0, Time elapsed: 0.110 s -- in io.mosire.simos.map.GameMapTest
[INFO] Running io.mosire.simos.map.generate.RiverBuilderTest
[INFO] Tests run: 11, Failures: 0, Errors: 0, Skipped: 0, Time elapsed: 0.036 s -- in io.mosire.simos.map.generate.RiverBuilderTest
[INFO] Running io.mosire.simos.map.generate.RegionRandomizerTest
[INFO] Tests run: 13, Failures: 0, Errors: 0, Skipped: 0, Time elapsed: 0.060 s -- in io.mosire.simos.map.generate.RegionRandomizerTest
[INFO] Running io.mosire.simos.map.generate.MapGeneratorTest
[INFO] Tests run: 13, Failures: 0, Errors: 0, Skipped: 0, Time elapsed: 2.188 s -- in io.mosire.simos.map.generate.MapGeneratorTest
[INFO] Running io.mosire.simos.map.generate.TerrainClassifierTest
[INFO] Tests run: 9, Failures: 0, Errors: 0, Skipped: 0, Time elapsed: 0.009 s -- in io.mosire.simos.map.generate.TerrainClassifierTest
[INFO] Running io.mosire.simos.map.generate.GenerationSpecTest
[INFO] Tests run: 18, Failures: 0, Errors: 0, Skipped: 0, Time elapsed: 0.014 s -- in io.mosire.simos.map.generate.GenerationSpecTest
[INFO] Running io.mosire.simos.map.CityTest
[INFO] Tests run: 6, Failures: 0, Errors: 0, Skipped: 0, Time elapsed: 0.004 s -- in io.mosire.simos.map.CityTest
[INFO] Running io.mosire.simos.map.terrain.ImpassableSentinelTest
[INFO] Tests run: 2, Failures: 0, Errors: 0, Skipped: 0, Time elapsed: 0.006 s -- in io.mosire.simos.map.terrain.ImpassableSentinelTest
[INFO] Running io.mosire.simos.map.terrain.TerrainCatalogTest
[INFO] Tests run: 13, Failures: 0, Errors: 0, Skipped: 0, Time elapsed: 0.010 s -- in io.mosire.simos.map.terrain.TerrainCatalogTest
[INFO] Running io.mosire.simos.map.RegressionGuardsTest
[INFO] Tests run: 9, Failures: 0, Errors: 0, Skipped: 0, Time elapsed: 0.235 s -- in io.mosire.simos.map.RegressionGuardsTest
[INFO] Running io.mosire.simos.map.ops.RegionOperationsTest
[INFO] Tests run: 16, Failures: 0, Errors: 0, Skipped: 0, Time elapsed: 0.015 s -- in io.mosire.simos.map.ops.RegionOperationsTest
[INFO] Running io.mosire.simos.map.ops.TerrainOperationsTest
[INFO] Tests run: 11, Failures: 0, Errors: 0, Skipped: 0, Time elapsed: 0.022 s -- in io.mosire.simos.map.ops.TerrainOperationsTest
[INFO] Running io.mosire.simos.map.region.RegionIndexTest
[INFO] Tests run: 4, Failures: 0, Errors: 0, Skipped: 0, Time elapsed: 0.138 s -- in io.mosire.simos.map.region.RegionIndexTest
[INFO] Running io.mosire.simos.map.region.RegionTest
[INFO] Tests run: 16, Failures: 0, Errors: 0, Skipped: 0, Time elapsed: 0.009 s -- in io.mosire.simos.map.region.RegionTest
[INFO] Running io.mosire.simos.map.region.RegionIndexGuardTest
[INFO] Tests run: 1, Failures: 0, Errors: 0, Skipped: 0, Time elapsed: 0.118 s -- in io.mosire.simos.map.region.RegionIndexGuardTest
[INFO] Running io.mosire.simos.map.region.RegionBoundaryTest
[INFO] Tests run: 10, Failures: 0, Errors: 0, Skipped: 0, Time elapsed: 0.005 s -- in io.mosire.simos.map.region.RegionBoundaryTest
[INFO] Running io.mosire.simos.map.HexCellTest
[INFO] Tests run: 4, Failures: 0, Errors: 0, Skipped: 0, Time elapsed: 0.002 s -- in io.mosire.simos.map.HexCellTest
[INFO] Running io.mosire.simos.map.resolve.MapResolverTest
[INFO] Tests run: 15, Failures: 0, Errors: 0, Skipped: 0, Time elapsed: 0.013 s -- in io.mosire.simos.map.resolve.MapResolverTest
[INFO] Running io.mosire.simos.map.block.TerrainBlocksTest
[INFO] Tests run: 10, Failures: 0, Errors: 0, Skipped: 0, Time elapsed: 0.006 s -- in io.mosire.simos.map.block.TerrainBlocksTest
[INFO] Running io.mosire.simos.map.pathway.PathwayTest
[INFO] Tests run: 17, Failures: 0, Errors: 0, Skipped: 0, Time elapsed: 0.010 s -- in io.mosire.simos.map.pathway.PathwayTest
[INFO] Running io.mosire.simos.map.pathway.EdgeRefTest
[INFO] Tests run: 8, Failures: 0, Errors: 0, Skipped: 0, Time elapsed: 0.006 s -- in io.mosire.simos.map.pathway.EdgeRefTest
[INFO] Running io.mosire.simos.map.pathway.EdgeTagsTest
[INFO] Tests run: 4, Failures: 0, Errors: 0, Skipped: 0, Time elapsed: 0.002 s -- in io.mosire.simos.map.pathway.EdgeTagsTest
[INFO] Running io.mosire.simos.map.pathway.PathwayGroupTest
[INFO] Tests run: 5, Failures: 0, Errors: 0, Skipped: 0, Time elapsed: 0.006 s -- in io.mosire.simos.map.pathway.PathwayGroupTest
[INFO] Running io.mosire.simos.map.codec.MapCodecTest
[INFO] Tests run: 7, Failures: 0, Errors: 0, Skipped: 0, Time elapsed: 0.082 s -- in io.mosire.simos.map.codec.MapCodecTest
[INFO] Running io.mosire.simos.map.codec.MapCodecLegacyTest
[INFO] Tests run: 3, Failures: 0, Errors: 0, Skipped: 0, Time elapsed: 0.014 s -- in io.mosire.simos.map.codec.MapCodecLegacyTest
[INFO] Running io.mosire.simos.map.guard.RepresentationLeakGuardTest
[INFO] Tests run: 2, Failures: 0, Errors: 0, Skipped: 0, Time elapsed: 0.033 s -- in io.mosire.simos.map.guard.RepresentationLeakGuardTest
[INFO] Running io.mosire.simos.map.change.RoundTripComponentsTest
[INFO] Tests run: 5, Failures: 0, Errors: 0, Skipped: 0, Time elapsed: 0.003 s -- in io.mosire.simos.map.change.RoundTripComponentsTest
[INFO] Running io.mosire.simos.map.change.MapChangeSetTest
[INFO] Tests run: 21, Failures: 0, Errors: 0, Skipped: 0, Time elapsed: 0.013 s -- in io.mosire.simos.map.change.MapChangeSetTest
[INFO] Running io.mosire.simos.map.spi.SetTerrainHandlerTest
[INFO] Tests run: 7, Failures: 0, Errors: 0, Skipped: 0, Time elapsed: 0.006 s -- in io.mosire.simos.map.spi.SetTerrainHandlerTest
[INFO] Running io.mosire.simos.map.spi.RegionHandlersTest
[INFO] Tests run: 15, Failures: 0, Errors: 0, Skipped: 0, Time elapsed: 0.009 s -- in io.mosire.simos.map.spi.RegionHandlersTest
[INFO] Running io.mosire.simos.map.hex.HexVertexTest
[INFO] Tests run: 2, Failures: 0, Errors: 0, Skipped: 0, Time elapsed: 0.001 s -- in io.mosire.simos.map.hex.HexVertexTest
[INFO] Running io.mosire.simos.map.hex.HexCoordTest
[INFO] Tests run: 13, Failures: 0, Errors: 0, Skipped: 0, Time elapsed: 0.014 s -- in io.mosire.simos.map.hex.HexCoordTest
[INFO] Running io.mosire.simos.map.hex.HexDirectionTest
[INFO] Tests run: 8, Failures: 0, Errors: 0, Skipped: 0, Time elapsed: 0.003 s -- in io.mosire.simos.map.hex.HexDirectionTest
[INFO] Running io.mosire.simos.map.hex.HexGridTest
[INFO] Tests run: 5, Failures: 0, Errors: 0, Skipped: 0, Time elapsed: 0.003 s -- in io.mosire.simos.map.hex.HexGridTest
[INFO] 
[INFO] Results:
[INFO] 
[INFO] Tests run: 321, Failures: 0, Errors: 0, Skipped: 0
[INFO] 
[INFO] 
[INFO] --- jar:3.5.0:jar (default-jar) @ simos-map ---
[INFO] Building jar: /home/cna/SimulatorMosire/simos-map/target/simos-map-0.1.0-SNAPSHOT.jar
[INFO] 
[INFO] --- spotless:3.10.2:check (spotless-check) @ simos-map ---
[INFO] Index file does not exist. Fallback to an empty index
[INFO] Spotless.Java is keeping 80 files clean - 0 needs changes to be clean, 80 were already clean, 0 were skipped because caching determined they were already clean
[INFO] 
[INFO] >>> spotbugs:4.10.4.1:check (spotbugs-check) > :spotbugs @ simos-map >>>
[INFO] 
[INFO] --- spotbugs:4.10.4.1:spotbugs (spotbugs) @ simos-map ---
[INFO] Done SpotBugs Analysis....
[INFO] Skipping com.github.spotbugs:spotbugs-maven-plugin:4.10.4.1:spotbugs report goal
[INFO] 
[INFO] <<< spotbugs:4.10.4.1:check (spotbugs-check) < :spotbugs @ simos-map <<<
[INFO] 
[INFO] 
[INFO] --- spotbugs:4.10.4.1:check (spotbugs-check) @ simos-map ---
[INFO] BugInstance size is 0
[INFO] Error size is 0
[INFO] No errors/warnings found
[INFO] 
[INFO] -----------------------< io.mosire:simos-social >-----------------------
[INFO] Building SocialSimos 0.1.0-SNAPSHOT                                [4/7]
[INFO]   from simos-social/pom.xml
[INFO] --------------------------------[ jar ]---------------------------------
[INFO] 
[INFO] --- clean:3.2.0:clean (default-clean) @ simos-social ---
[INFO] Deleting /home/cna/SimulatorMosire/simos-social/target
[INFO] 
[INFO] --- enforcer:3.6.3:enforce (enforce-java-and-maven) @ simos-social ---
[INFO] 
[INFO] --- enforcer:3.6.3:enforce (enforce-module-boundaries) @ simos-social ---
[INFO] Rule 0: org.apache.maven.enforcer.rules.dependency.BannedDependencies passed
[INFO] 
[INFO] --- checkstyle:3.6.0:check (checkstyle-check) @ simos-social ---
[INFO] Starting audit...
Audit done.
[INFO] You have 0 Checkstyle violations.
[INFO] 
[INFO] --- resources:3.4.0:resources (default-resources) @ simos-social ---
[INFO] skip non existing resourceDirectory /home/cna/SimulatorMosire/simos-social/src/main/resources
[INFO] 
[INFO] --- compiler:3.16.0:compile (default-compile) @ simos-social ---
[INFO] Recompiling the module because of changed dependency.
[INFO] Compiling 8 source files with javac [debug release 21] to target/classes
[INFO] 
[INFO] --- resources:3.4.0:testResources (default-testResources) @ simos-social ---
[INFO] skip non existing resourceDirectory /home/cna/SimulatorMosire/simos-social/src/test/resources
[INFO] 
[INFO] --- compiler:3.16.0:testCompile (default-testCompile) @ simos-social ---
[INFO] Recompiling the module because of changed dependency.
[INFO] Compiling 6 source files with javac [debug release 21] to target/test-classes
[INFO] 
[INFO] --- surefire:3.6.0:test (default-test) @ simos-social ---
[INFO] Using auto detected provider org.apache.maven.surefire.junitplatform.JUnitPlatformProvider
[INFO] 
[INFO] -------------------------------------------------------
[INFO]  T E S T S
[INFO] -------------------------------------------------------
[INFO] Running io.mosire.simos.social.facet.PopulationFacetTest
[INFO] Tests run: 8, Failures: 0, Errors: 0, Skipped: 0, Time elapsed: 0.075 s -- in io.mosire.simos.social.facet.PopulationFacetTest
[INFO] Running io.mosire.simos.social.resolve.SocialResolverTest
[INFO] Tests run: 9, Failures: 0, Errors: 0, Skipped: 0, Time elapsed: 0.011 s -- in io.mosire.simos.social.resolve.SocialResolverTest
[INFO] Running io.mosire.simos.social.codec.SocialCodecTest
[INFO] Tests run: 7, Failures: 0, Errors: 0, Skipped: 0, Time elapsed: 0.202 s -- in io.mosire.simos.social.codec.SocialCodecTest
[INFO] Running io.mosire.simos.social.population.PopulationSeriesTest
[INFO] Tests run: 10, Failures: 0, Errors: 0, Skipped: 0, Time elapsed: 0.010 s -- in io.mosire.simos.social.population.PopulationSeriesTest
[INFO] Running io.mosire.simos.social.change.SocialRoundTripTest
[INFO] Tests run: 4, Failures: 0, Errors: 0, Skipped: 0, Time elapsed: 0.006 s -- in io.mosire.simos.social.change.SocialRoundTripTest
[INFO] Running io.mosire.simos.social.change.SocialChangeSetTest
[INFO] Tests run: 7, Failures: 0, Errors: 0, Skipped: 0, Time elapsed: 0.013 s -- in io.mosire.simos.social.change.SocialChangeSetTest
[INFO] 
[INFO] Results:
[INFO] 
[INFO] Tests run: 45, Failures: 0, Errors: 0, Skipped: 0
[INFO] 
[INFO] 
[INFO] --- jar:3.5.0:jar (default-jar) @ simos-social ---
[INFO] Building jar: /home/cna/SimulatorMosire/simos-social/target/simos-social-0.1.0-SNAPSHOT.jar
[INFO] 
[INFO] --- spotless:3.10.2:check (spotless-check) @ simos-social ---
[INFO] Index file does not exist. Fallback to an empty index
[INFO] Spotless.Java is keeping 14 files clean - 0 needs changes to be clean, 14 were already clean, 0 were skipped because caching determined they were already clean
[INFO] 
[INFO] >>> spotbugs:4.10.4.1:check (spotbugs-check) > :spotbugs @ simos-social >>>
[INFO] 
[INFO] --- spotbugs:4.10.4.1:spotbugs (spotbugs) @ simos-social ---
[INFO] Done SpotBugs Analysis....
[INFO] Skipping com.github.spotbugs:spotbugs-maven-plugin:4.10.4.1:spotbugs report goal
[INFO] 
[INFO] <<< spotbugs:4.10.4.1:check (spotbugs-check) < :spotbugs @ simos-social <<<
[INFO] 
[INFO] 
[INFO] --- spotbugs:4.10.4.1:check (spotbugs-check) @ simos-social ---
[INFO] BugInstance size is 0
[INFO] Error size is 0
[INFO] No errors/warnings found
[INFO] 
[INFO] ------------------------< io.mosire:simos-unit >------------------------
[INFO] Building UnitSimos 0.1.0-SNAPSHOT                                  [5/7]
[INFO]   from simos-unit/pom.xml
[INFO] --------------------------------[ jar ]---------------------------------
[INFO] 
[INFO] --- clean:3.2.0:clean (default-clean) @ simos-unit ---
[INFO] Deleting /home/cna/SimulatorMosire/simos-unit/target
[INFO] 
[INFO] --- enforcer:3.6.3:enforce (enforce-java-and-maven) @ simos-unit ---
[INFO] 
[INFO] --- enforcer:3.6.3:enforce (enforce-module-boundaries) @ simos-unit ---
[INFO] Rule 0: org.apache.maven.enforcer.rules.dependency.BannedDependencies passed
[INFO] 
[INFO] --- checkstyle:3.6.0:check (checkstyle-check) @ simos-unit ---
[INFO] Starting audit...
Audit done.
[INFO] You have 0 Checkstyle violations.
[INFO] 
[INFO] --- resources:3.4.0:resources (default-resources) @ simos-unit ---
[INFO] skip non existing resourceDirectory /home/cna/SimulatorMosire/simos-unit/src/main/resources
[INFO] 
[INFO] --- compiler:3.16.0:compile (default-compile) @ simos-unit ---
[INFO] Recompiling the module because of changed dependency.
[INFO] Compiling 30 source files with javac [debug release 21] to target/classes
[INFO] /home/cna/SimulatorMosire/simos-unit/src/main/java/io/mosire/simos/unit/spi/UnitPayloads.java: /home/cna/SimulatorMosire/simos-unit/src/main/java/io/mosire/simos/unit/spi/UnitPayloads.java uses or overrides a deprecated API.
[INFO] /home/cna/SimulatorMosire/simos-unit/src/main/java/io/mosire/simos/unit/spi/UnitPayloads.java: Recompile with -Xlint:deprecation for details.
[INFO] 
[INFO] --- resources:3.4.0:testResources (default-testResources) @ simos-unit ---
[INFO] skip non existing resourceDirectory /home/cna/SimulatorMosire/simos-unit/src/test/resources
[INFO] 
[INFO] --- compiler:3.16.0:testCompile (default-testCompile) @ simos-unit ---
[INFO] Recompiling the module because of changed dependency.
[INFO] Compiling 17 source files with javac [debug release 21] to target/test-classes
[INFO] 
[INFO] --- surefire:3.6.0:test (default-test) @ simos-unit ---
[INFO] Using auto detected provider org.apache.maven.surefire.junitplatform.JUnitPlatformProvider
[INFO] 
[INFO] -------------------------------------------------------
[INFO]  T E S T S
[INFO] -------------------------------------------------------
[INFO] Running io.mosire.simos.unit.ops.UnitOperationsTest
[INFO] Tests run: 13, Failures: 0, Errors: 0, Skipped: 0, Time elapsed: 0.096 s -- in io.mosire.simos.unit.ops.UnitOperationsTest
[INFO] Running io.mosire.simos.unit.facet.UnitsHereFacetTest
[INFO] Tests run: 9, Failures: 0, Errors: 0, Skipped: 0, Time elapsed: 0.015 s -- in io.mosire.simos.unit.facet.UnitsHereFacetTest
[INFO] Running io.mosire.simos.unit.resolve.UnitResolverTest
[INFO] Tests run: 9, Failures: 0, Errors: 0, Skipped: 0, Time elapsed: 0.014 s -- in io.mosire.simos.unit.resolve.UnitResolverTest
[INFO] Running io.mosire.simos.unit.UnitTest
[INFO] Tests run: 5, Failures: 0, Errors: 0, Skipped: 0, Time elapsed: 0.007 s -- in io.mosire.simos.unit.UnitTest
[INFO] Running io.mosire.simos.unit.codec.UnitCodecTest
[INFO] Tests run: 7, Failures: 0, Errors: 0, Skipped: 0, Time elapsed: 0.201 s -- in io.mosire.simos.unit.codec.UnitCodecTest
[INFO] Running io.mosire.simos.unit.move.UnitMovesTest
[INFO] Tests run: 10, Failures: 0, Errors: 0, Skipped: 0, Time elapsed: 0.020 s -- in io.mosire.simos.unit.move.UnitMovesTest
[INFO] Running io.mosire.simos.unit.move.TerrainMovementCostTest
[INFO] Tests run: 7, Failures: 0, Errors: 0, Skipped: 0, Time elapsed: 0.008 s -- in io.mosire.simos.unit.move.TerrainMovementCostTest
[INFO] Running io.mosire.simos.unit.move.PathFinderTest
[INFO] Tests run: 6, Failures: 0, Errors: 0, Skipped: 0, Time elapsed: 0.010 s -- in io.mosire.simos.unit.move.PathFinderTest
[INFO] Running io.mosire.simos.unit.change.UnitChangeSetTest
[INFO] Tests run: 7, Failures: 0, Errors: 0, Skipped: 0, Time elapsed: 0.008 s -- in io.mosire.simos.unit.change.UnitChangeSetTest
[INFO] Running io.mosire.simos.unit.change.UnitRoundTripTest
[INFO] Tests run: 4, Failures: 0, Errors: 0, Skipped: 0, Time elapsed: 0.004 s -- in io.mosire.simos.unit.change.UnitRoundTripTest
[INFO] Running io.mosire.simos.unit.spi.UnitTimeParticipantTest
[INFO] Tests run: 9, Failures: 0, Errors: 0, Skipped: 0, Time elapsed: 0.009 s -- in io.mosire.simos.unit.spi.UnitTimeParticipantTest
[INFO] Running io.mosire.simos.unit.spi.RenameUnitHandlerTest
[INFO] Tests run: 9, Failures: 0, Errors: 0, Skipped: 0, Time elapsed: 0.013 s -- in io.mosire.simos.unit.spi.RenameUnitHandlerTest
[INFO] Running io.mosire.simos.unit.spi.UnitCommandHandlersTest
[INFO] Tests run: 29, Failures: 0, Errors: 0, Skipped: 0, Time elapsed: 0.031 s -- in io.mosire.simos.unit.spi.UnitCommandHandlersTest
[INFO] Running io.mosire.simos.unit.UnitStateTest
[INFO] Tests run: 5, Failures: 0, Errors: 0, Skipped: 0, Time elapsed: 0.004 s -- in io.mosire.simos.unit.UnitStateTest
[INFO] Running io.mosire.simos.unit.UnitIdTest
[INFO] Tests run: 2, Failures: 0, Errors: 0, Skipped: 0, Time elapsed: 0.002 s -- in io.mosire.simos.unit.UnitIdTest
[INFO] 
[INFO] Results:
[INFO] 
[INFO] Tests run: 131, Failures: 0, Errors: 0, Skipped: 0
[INFO] 
[INFO] 
[INFO] --- jar:3.5.0:jar (default-jar) @ simos-unit ---
[INFO] Building jar: /home/cna/SimulatorMosire/simos-unit/target/simos-unit-0.1.0-SNAPSHOT.jar
[INFO] 
[INFO] --- spotless:3.10.2:check (spotless-check) @ simos-unit ---
[INFO] Index file does not exist. Fallback to an empty index
[INFO] Spotless.Java is keeping 47 files clean - 0 needs changes to be clean, 47 were already clean, 0 were skipped because caching determined they were already clean
[INFO] 
[INFO] >>> spotbugs:4.10.4.1:check (spotbugs-check) > :spotbugs @ simos-unit >>>
[INFO] 
[INFO] --- spotbugs:4.10.4.1:spotbugs (spotbugs) @ simos-unit ---
[INFO] Done SpotBugs Analysis....
[INFO] Skipping com.github.spotbugs:spotbugs-maven-plugin:4.10.4.1:spotbugs report goal
[INFO] 
[INFO] <<< spotbugs:4.10.4.1:check (spotbugs-check) < :spotbugs @ simos-unit <<<
[INFO] 
[INFO] 
[INFO] --- spotbugs:4.10.4.1:check (spotbugs-check) @ simos-unit ---
[INFO] BugInstance size is 0
[INFO] Error size is 0
[INFO] No errors/warnings found
[INFO] 
[INFO] ------------------------< io.mosire:simos-core >------------------------
[INFO] Building CoreSimos 0.1.0-SNAPSHOT                                  [6/7]
[INFO]   from simos-core/pom.xml
[INFO] --------------------------------[ jar ]---------------------------------
[INFO] 
[INFO] --- clean:3.2.0:clean (default-clean) @ simos-core ---
[INFO] Deleting /home/cna/SimulatorMosire/simos-core/target
[INFO] 
[INFO] --- enforcer:3.6.3:enforce (enforce-java-and-maven) @ simos-core ---
[INFO] 
[INFO] --- enforcer:3.6.3:enforce (enforce-core-boundaries) @ simos-core ---
[INFO] Rule 0: org.apache.maven.enforcer.rules.dependency.BannedDependencies passed
[INFO] 
[INFO] --- checkstyle:3.6.0:check (checkstyle-check) @ simos-core ---
[INFO] Starting audit...
Audit done.
[INFO] You have 0 Checkstyle violations.
[INFO] 
[INFO] --- resources:3.4.0:resources (default-resources) @ simos-core ---
[INFO] skip non existing resourceDirectory /home/cna/SimulatorMosire/simos-core/src/main/resources
[INFO] 
[INFO] --- compiler:3.16.0:compile (default-compile) @ simos-core ---
[INFO] Recompiling the module because of changed dependency.
[INFO] Compiling 25 source files with javac [debug release 21] to target/classes
[INFO] Annotation processing is enabled because one or more processors were found
  on the class path. A future release of javac may disable annotation processing
  unless at least one processor is specified by name (-processor), or a search
  path is specified (--processor-path, --processor-module-path), or annotation
  processing is enabled explicitly (-proc:only, -proc:full).
  Use -Xlint:-options to suppress this message.
  Use -proc:none to disable annotation processing.
[INFO] org.pf4j.processor.ExtensionAnnotationProcessor init
[INFO] Options {}
[INFO] Processing @org.pf4j.Extension
[INFO] /home/cna/SimulatorMosire/simos-core/src/main/java/io/mosire/simos/core/store/Envelope.java: /home/cna/SimulatorMosire/simos-core/src/main/java/io/mosire/simos/core/store/Envelope.java uses or overrides a deprecated API.
[INFO] /home/cna/SimulatorMosire/simos-core/src/main/java/io/mosire/simos/core/store/Envelope.java: Recompile with -Xlint:deprecation for details.
[INFO] 
[INFO] --- resources:3.4.0:testResources (default-testResources) @ simos-core ---
[INFO] skip non existing resourceDirectory /home/cna/SimulatorMosire/simos-core/src/test/resources
[INFO] 
[INFO] --- compiler:3.16.0:testCompile (default-testCompile) @ simos-core ---
[INFO] Recompiling the module because of changed dependency.
[INFO] Compiling 25 source files with javac [debug release 21] to target/test-classes
[INFO] Annotation processing is enabled because one or more processors were found
  on the class path. A future release of javac may disable annotation processing
  unless at least one processor is specified by name (-processor), or a search
  path is specified (--processor-path, --processor-module-path), or annotation
  processing is enabled explicitly (-proc:only, -proc:full).
  Use -Xlint:-options to suppress this message.
  Use -proc:none to disable annotation processing.
[INFO] org.pf4j.processor.ExtensionAnnotationProcessor init
[INFO] Options {}
[INFO] Processing @org.pf4j.Extension
[INFO] 
[INFO] --- surefire:3.6.0:test (default-test) @ simos-core ---
[INFO] Using auto detected provider org.apache.maven.surefire.junitplatform.JUnitPlatformProvider
[INFO] 
[INFO] -------------------------------------------------------
[INFO]  T E S T S
[INFO] -------------------------------------------------------
[INFO] Running io.mosire.simos.core.state.WorldChangeSetTest
[INFO] Tests run: 5, Failures: 0, Errors: 0, Skipped: 0, Time elapsed: 0.073 s -- in io.mosire.simos.core.state.WorldChangeSetTest
[INFO] Running io.mosire.simos.core.observe.EventTypesTest
[INFO] Tests run: 6, Failures: 0, Errors: 0, Skipped: 0, Time elapsed: 0.010 s -- in io.mosire.simos.core.observe.EventTypesTest
[INFO] Running io.mosire.simos.core.observe.DigestTest
[INFO] Tests run: 6, Failures: 0, Errors: 0, Skipped: 0, Time elapsed: 0.019 s -- in io.mosire.simos.core.observe.DigestTest
[INFO] Running io.mosire.simos.core.timeline.TimelineTest
[INFO] Tests run: 16, Failures: 0, Errors: 0, Skipped: 0, Time elapsed: 1.259 s -- in io.mosire.simos.core.timeline.TimelineTest
[INFO] Running io.mosire.simos.core.advance.TimeProposalResolverTest
[INFO] Tests run: 8, Failures: 0, Errors: 0, Skipped: 0, Time elapsed: 0.008 s -- in io.mosire.simos.core.advance.TimeProposalResolverTest
[INFO] Running io.mosire.simos.core.advance.TimeAdvanceTest
[INFO] Tests run: 16, Failures: 0, Errors: 0, Skipped: 0, Time elapsed: 0.898 s -- in io.mosire.simos.core.advance.TimeAdvanceTest
[INFO] Running io.mosire.simos.core.RealmEffectEndToEndTest
[INFO] Tests run: 2, Failures: 0, Errors: 0, Skipped: 0, Time elapsed: 0.235 s -- in io.mosire.simos.core.RealmEffectEndToEndTest
[INFO] Running io.mosire.simos.core.BranchingEndToEndTest
[INFO] Tests run: 1, Failures: 0, Errors: 0, Skipped: 0, Time elapsed: 0.136 s -- in io.mosire.simos.core.BranchingEndToEndTest
[INFO] Running io.mosire.simos.core.ArchitectureGuardsTest
[INFO] Tests run: 1, Failures: 0, Errors: 0, Skipped: 0, Time elapsed: 0.019 s -- in io.mosire.simos.core.ArchitectureGuardsTest
[INFO] Running io.mosire.simos.core.MapSetTerrainEndToEndTest
[INFO] Tests run: 3, Failures: 0, Errors: 0, Skipped: 0, Time elapsed: 0.261 s -- in io.mosire.simos.core.MapSetTerrainEndToEndTest
[INFO] Running io.mosire.simos.core.StateValueEqualityTest
[INFO] Tests run: 2, Failures: 0, Errors: 0, Skipped: 0, Time elapsed: 0.017 s -- in io.mosire.simos.core.StateValueEqualityTest
[INFO] Running io.mosire.simos.core.command.OptimisticConcurrencyTest
[INFO] Tests run: 1, Failures: 0, Errors: 0, Skipped: 0, Time elapsed: 0.553 s -- in io.mosire.simos.core.command.OptimisticConcurrencyTest
[INFO] Running io.mosire.simos.core.command.CorrelationChainTest
[INFO] Tests run: 6, Failures: 0, Errors: 0, Skipped: 0, Time elapsed: 0.295 s -- in io.mosire.simos.core.command.CorrelationChainTest
[INFO] Running io.mosire.simos.core.command.CommandBusDispatchTest
[INFO] Tests run: 13, Failures: 0, Errors: 0, Skipped: 0, Time elapsed: 0.671 s -- in io.mosire.simos.core.command.CommandBusDispatchTest
[INFO] Running io.mosire.simos.core.command.CommandBusLoggingTest
2026-09-19T17:39:44.680153039Z main DEBUG 命令接收: type=unit.RenameUnit commandId=cmd-canary correlationId=corr-canary branch=main expectedRevision=1
2026-09-19T17:39:44.689710153Z main INFO 命令提交: type=unit.RenameUnit commandId=cmd-canary correlationId=corr-canary 新坐标=main@2
2026-09-19T17:39:44.741578873Z main DEBUG 命令接收: type=unit.RenameUnit commandId=cmd-c correlationId=corr-c branch=main expectedRevision=9
2026-09-19T17:39:44.745980205Z main INFO 命令冲突: type=unit.RenameUnit commandId=cmd-c correlationId=corr-c 真实head=main@1
2026-09-19T17:39:44.806727233Z main DEBUG 命令接收: type=unit.RenameUnit commandId=cmd-x correlationId=corr-x branch=main expectedRevision=1
2026-09-19T17:39:44.816941665Z main INFO 命令提交: type=unit.RenameUnit commandId=cmd-x correlationId=corr-x 新坐标=main@2
2026-09-19T17:39:44.870346761Z main DEBUG 命令接收: type=unit.RenameUnit commandId=cmd-ok correlationId=corr-ok branch=main expectedRevision=1
2026-09-19T17:39:44.874860029Z main INFO 命令提交: type=unit.RenameUnit commandId=cmd-ok correlationId=corr-ok 新坐标=main@2
2026-09-19T17:39:44.875503325Z main DEBUG 命令接收: type=unit.RenameUnit commandId=cmd-no correlationId=corr-no branch=main expectedRevision=2
2026-09-19T17:39:44.879812185Z main INFO 命令被拒: type=unit.RenameUnit commandId=cmd-no correlationId=corr-no 原因=领域侧不答应
2026-09-19T17:39:44.924490778Z main DEBUG 命令接收: type=unit.RenameUnit commandId=cmd-a correlationId=corr-a branch=main expectedRevision=1
2026-09-19T17:39:44.928381682Z main INFO 命令提交: type=unit.RenameUnit commandId=cmd-a correlationId=corr-a 新坐标=main@2
2026-09-19T17:39:44.928805059Z main DEBUG 命令接收: type=unit.NotRegistered commandId=cmd-b correlationId=corr-b branch=main expectedRevision=2
2026-09-19T17:39:44.931987896Z main INFO 命令被拒: type=unit.NotRegistered commandId=cmd-b correlationId=corr-b 原因=未注册的命令类型: unit.NotRegistered
2026-09-19T17:39:44.932327418Z main DEBUG 命令接收: type=unit.RenameUnit commandId=cmd-c correlationId=corr-c branch=main expectedRevision=9
2026-09-19T17:39:44.935826962Z main INFO 命令冲突: type=unit.RenameUnit commandId=cmd-c correlationId=corr-c 真实head=main@2
2026-09-19T17:39:44.983250816Z main DEBUG 命令接收: type=unit.RenameUnit commandId=cmd-a correlationId=corr-a branch=main expectedRevision=1
2026-09-19T17:39:44.988992641Z main INFO 命令提交: type=unit.RenameUnit commandId=cmd-a correlationId=corr-a 新坐标=main@2
2026-09-19T17:39:44.989509142Z main DEBUG 命令接收: type=unit.NotRegistered commandId=cmd-b correlationId=corr-b branch=main expectedRevision=2
2026-09-19T17:39:44.993739028Z main INFO 命令被拒: type=unit.NotRegistered commandId=cmd-b correlationId=corr-b 原因=未注册的命令类型: unit.NotRegistered
2026-09-19T17:39:44.994133457Z main DEBUG 命令接收: type=unit.RenameUnit commandId=cmd-c correlationId=corr-c branch=main expectedRevision=9
2026-09-19T17:39:44.999050269Z main INFO 命令冲突: type=unit.RenameUnit commandId=cmd-c correlationId=corr-c 真实head=main@2
[INFO] Tests run: 6, Failures: 0, Errors: 0, Skipped: 0, Time elapsed: 0.380 s -- in io.mosire.simos.core.command.CommandBusLoggingTest
[INFO] Running io.mosire.simos.core.command.CommandRegistryTest
[INFO] Tests run: 6, Failures: 0, Errors: 0, Skipped: 0, Time elapsed: 0.005 s -- in io.mosire.simos.core.command.CommandRegistryTest
[INFO] Running io.mosire.simos.core.AgentLibAvailabilityTest
[INFO] Tests run: 18, Failures: 0, Errors: 0, Skipped: 0, Time elapsed: 0.057 s -- in io.mosire.simos.core.AgentLibAvailabilityTest
[INFO] Running io.mosire.simos.core.MapRegionEndToEndTest
[INFO] Tests run: 3, Failures: 0, Errors: 0, Skipped: 0, Time elapsed: 0.259 s -- in io.mosire.simos.core.MapRegionEndToEndTest
[INFO] Running io.mosire.simos.core.MapTerrainBlockEndToEndTest
[INFO] Tests run: 1, Failures: 0, Errors: 0, Skipped: 0, Time elapsed: 0.071 s -- in io.mosire.simos.core.MapTerrainBlockEndToEndTest
[INFO] Running io.mosire.simos.core.store.EnvelopeTest
[INFO] Tests run: 7, Failures: 0, Errors: 0, Skipped: 0, Time elapsed: 0.008 s -- in io.mosire.simos.core.store.EnvelopeTest
[INFO] Running io.mosire.simos.core.store.SqliteStoreTest
[INFO] Tests run: 8, Failures: 0, Errors: 0, Skipped: 0, Time elapsed: 0.599 s -- in io.mosire.simos.core.store.SqliteStoreTest
[INFO] Running io.mosire.simos.core.store.CheckpointStoreTest
2026-09-19T17:39:46.012459910Z main WARN checkpoint 缺失（C18：回退到更早的 checkpoint，最坏从创世重放，不失败）: /tmp/junit-17780946206772163287/checkpoints/main/1.json
[INFO] Tests run: 5, Failures: 0, Errors: 0, Skipped: 0, Time elapsed: 0.090 s -- in io.mosire.simos.core.store.CheckpointStoreTest
[INFO] Running io.mosire.simos.core.store.ReplayTest
[INFO] Tests run: 11, Failures: 0, Errors: 0, Skipped: 0, Time elapsed: 1.030 s -- in io.mosire.simos.core.store.ReplayTest
[INFO] Running io.mosire.simos.core.CoreSimosTest
[INFO] Tests run: 10, Failures: 0, Errors: 0, Skipped: 0, Time elapsed: 0.570 s -- in io.mosire.simos.core.CoreSimosTest
[INFO] 
[INFO] Results:
[INFO] 
[INFO] Tests run: 161, Failures: 0, Errors: 0, Skipped: 0
[INFO] 
[INFO] 
[INFO] --- jar:3.5.0:jar (default-jar) @ simos-core ---
[INFO] Building jar: /home/cna/SimulatorMosire/simos-core/target/simos-core-0.1.0-SNAPSHOT.jar
[INFO] 
[INFO] --- spotless:3.10.2:check (spotless-check) @ simos-core ---
[INFO] Index file does not exist. Fallback to an empty index
[INFO] Spotless.Java is keeping 50 files clean - 0 needs changes to be clean, 50 were already clean, 0 were skipped because caching determined they were already clean
[INFO] 
[INFO] >>> spotbugs:4.10.4.1:check (spotbugs-check) > :spotbugs @ simos-core >>>
[INFO] 
[INFO] --- spotbugs:4.10.4.1:spotbugs (spotbugs) @ simos-core ---
[INFO] Done SpotBugs Analysis....
[INFO] Skipping com.github.spotbugs:spotbugs-maven-plugin:4.10.4.1:spotbugs report goal
[INFO] 
[INFO] <<< spotbugs:4.10.4.1:check (spotbugs-check) < :spotbugs @ simos-core <<<
[INFO] 
[INFO] 
[INFO] --- spotbugs:4.10.4.1:check (spotbugs-check) @ simos-core ---
[INFO] BugInstance size is 0
[INFO] Error size is 0
[INFO] No errors/warnings found
[INFO] 
[INFO] ------------------------< io.mosire:simos-app >-------------------------
[INFO] Building SimosApp 0.1.0-SNAPSHOT                                   [7/7]
[INFO]   from simos-app/pom.xml
[INFO] --------------------------------[ jar ]---------------------------------
[INFO] 
[INFO] --- clean:3.2.0:clean (default-clean) @ simos-app ---
[INFO] Deleting /home/cna/SimulatorMosire/simos-app/target
[INFO] 
[INFO] --- enforcer:3.6.3:enforce (enforce-java-and-maven) @ simos-app ---
[INFO] 
[INFO] --- checkstyle:3.6.0:check (checkstyle-check) @ simos-app ---
[INFO] Starting audit...
Audit done.
[INFO] You have 0 Checkstyle violations.
[INFO] 
[INFO] --- resources:3.4.0:resources (default-resources) @ simos-app ---
[INFO] Copying 16 resources from src/main/resources to target/classes
[INFO] 
[INFO] --- compiler:3.16.0:compile (default-compile) @ simos-app ---
[INFO] Recompiling the module because of changed dependency.
[INFO] Compiling 28 source files with javac [debug release 21] to target/classes
[INFO] Annotation processing is enabled because one or more processors were found
  on the class path. A future release of javac may disable annotation processing
  unless at least one processor is specified by name (-processor), or a search
  path is specified (--processor-path, --processor-module-path), or annotation
  processing is enabled explicitly (-proc:only, -proc:full).
  Use -Xlint:-options to suppress this message.
  Use -proc:none to disable annotation processing.
[INFO] org.pf4j.processor.ExtensionAnnotationProcessor init
[INFO] Options {}
[INFO] Processing @org.pf4j.Extension
[INFO] 
[INFO] --- resources:3.4.0:testResources (default-testResources) @ simos-app ---
[INFO] skip non existing resourceDirectory /home/cna/SimulatorMosire/simos-app/src/test/resources
[INFO] 
[INFO] --- compiler:3.16.0:testCompile (default-testCompile) @ simos-app ---
[INFO] Recompiling the module because of changed dependency.
[INFO] Compiling 14 source files with javac [debug release 21] to target/test-classes
[INFO] Annotation processing is enabled because one or more processors were found
  on the class path. A future release of javac may disable annotation processing
  unless at least one processor is specified by name (-processor), or a search
  path is specified (--processor-path, --processor-module-path), or annotation
  processing is enabled explicitly (-proc:only, -proc:full).
  Use -Xlint:-options to suppress this message.
  Use -proc:none to disable annotation processing.
[INFO] org.pf4j.processor.ExtensionAnnotationProcessor init
[INFO] Options {}
[INFO] Processing @org.pf4j.Extension
[INFO] /home/cna/SimulatorMosire/simos-app/src/test/java/io/mosire/simos/app/McpCoverageTest.java: Some input files use or override a deprecated API.
[INFO] /home/cna/SimulatorMosire/simos-app/src/test/java/io/mosire/simos/app/McpCoverageTest.java: Recompile with -Xlint:deprecation for details.
[INFO] 
[INFO] --- surefire:3.6.0:test (default-test) @ simos-app ---
[INFO] Using auto detected provider org.apache.maven.surefire.junitplatform.JUnitPlatformProvider
[INFO] 
[INFO] -------------------------------------------------------
[INFO]  T E S T S
[INFO] -------------------------------------------------------
[INFO] Running io.mosire.simos.app.ShellSmokeTest
01:39:52.317 INFO  io.mosire.agentlib.mcp.AgentToMcpServer - MCP streamable server 已启动: name=simos-shell version=0.1.0-SNAPSHOT 外发工具 12 个 [simos.advance, simos.command.catalog, simos.command.submit, simos.fork, simos.map.hex, simos.map.overview, simos.social.population, simos.state.facets, simos.state.resolve, simos.timeline.branches, simos.unit.get, simos.unit.list]；Registry 共 12 个，未外发 0 个 []
01:39:52.441 INFO  io.mosire.simos.app.gui.GuiServer - GUI 服务器已启动: http://127.0.0.1:45117/（静态 /webui，同源，无 CORS 头）
01:39:52.442 INFO  io.mosire.simos.app.Shell - Shell 装配完成: store=/tmp/junit-13169736449647750404 checkpointInterval=100 codec=3 handler=12 participant=1 resolver=3 facet=2 tool=12 mapId=Map1 mcpPort=46061 guiPort=45117 approvalPort=45939
01:39:52.474 INFO  io.mosire.agentlib.approval.ApprovalHttpEndpoint - 审批 HTTP 面已停止（端口 45939）
01:39:52.475 INFO  io.mosire.agentlib.approval.HttpApprovalChannel - HTTP 审批通道已关闭
01:39:52.553 INFO  io.mosire.agentlib.mcp.AgentToMcpServer - MCP streamable server 已启动: name=simos-shell version=0.1.0-SNAPSHOT 外发工具 12 个 [simos.advance, simos.command.catalog, simos.command.submit, simos.fork, simos.map.hex, simos.map.overview, simos.social.population, simos.state.facets, simos.state.resolve, simos.timeline.branches, simos.unit.get, simos.unit.list]；Registry 共 12 个，未外发 0 个 []
01:39:52.561 INFO  io.mosire.simos.app.gui.GuiServer - GUI 服务器已启动: http://127.0.0.1:45383/（静态 /webui，同源，无 CORS 头）
01:39:52.562 INFO  io.mosire.simos.app.Shell - Shell 装配完成: store=/tmp/junit-17138646505821143525 checkpointInterval=100 codec=3 handler=12 participant=1 resolver=3 facet=2 tool=12 mapId=Map1 mcpPort=45157 guiPort=45383 approvalPort=45083
01:39:52.563 INFO  io.mosire.agentlib.approval.ApprovalHttpEndpoint - 审批 HTTP 面已停止（端口 45083）
01:39:52.564 INFO  io.mosire.agentlib.approval.HttpApprovalChannel - HTTP 审批通道已关闭
01:39:52.628 INFO  io.mosire.agentlib.mcp.AgentToMcpServer - MCP streamable server 已启动: name=simos-shell version=0.1.0-SNAPSHOT 外发工具 12 个 [simos.advance, simos.command.catalog, simos.command.submit, simos.fork, simos.map.hex, simos.map.overview, simos.social.population, simos.state.facets, simos.state.resolve, simos.timeline.branches, simos.unit.get, simos.unit.list]；Registry 共 12 个，未外发 0 个 []
01:39:52.635 INFO  io.mosire.simos.app.gui.GuiServer - GUI 服务器已启动: http://127.0.0.1:46475/（静态 /webui，同源，无 CORS 头）
01:39:52.636 INFO  io.mosire.simos.app.Shell - Shell 装配完成: store=/tmp/junit-2274444683336587710 checkpointInterval=100 codec=3 handler=12 participant=1 resolver=3 facet=2 tool=12 mapId=Map1 mcpPort=45303 guiPort=46475 approvalPort=46149
01:39:52.722 INFO  io.mosire.simos.core.command.CommandBus - 命令提交: type=unit.RenameUnit commandId=cmd-rename correlationId=corr-rename 新坐标=main@2
01:39:52.744 INFO  io.mosire.agentlib.approval.ApprovalHttpEndpoint - 审批 HTTP 面已停止（端口 46149）
01:39:52.745 INFO  io.mosire.agentlib.approval.HttpApprovalChannel - HTTP 审批通道已关闭
01:39:52.806 INFO  io.mosire.agentlib.mcp.AgentToMcpServer - MCP streamable server 已启动: name=simos-shell version=0.1.0-SNAPSHOT 外发工具 12 个 [simos.advance, simos.command.catalog, simos.command.submit, simos.fork, simos.map.hex, simos.map.overview, simos.social.population, simos.state.facets, simos.state.resolve, simos.timeline.branches, simos.unit.get, simos.unit.list]；Registry 共 12 个，未外发 0 个 []
01:39:52.815 INFO  io.mosire.simos.app.gui.GuiServer - GUI 服务器已启动: http://127.0.0.1:45983/（静态 /webui，同源，无 CORS 头）
01:39:52.815 INFO  io.mosire.simos.app.Shell - Shell 装配完成: store=/tmp/junit-3043929401656412936 checkpointInterval=100 codec=3 handler=12 participant=1 resolver=3 facet=2 tool=12 mapId=Map1 mcpPort=45211 guiPort=45983 approvalPort=44879
01:39:52.836 INFO  io.mosire.simos.core.advance.TimeAdvance - 命令提交: type=core.AdvanceTime commandId=cmd-advance correlationId=corr-advance 新坐标=main@2
01:39:52.842 INFO  io.mosire.agentlib.approval.ApprovalHttpEndpoint - 审批 HTTP 面已停止（端口 44879）
01:39:52.842 INFO  io.mosire.agentlib.approval.HttpApprovalChannel - HTTP 审批通道已关闭
[INFO] Tests run: 4, Failures: 0, Errors: 0, Skipped: 0, Time elapsed: 1.152 s -- in io.mosire.simos.app.ShellSmokeTest
[INFO] Running io.mosire.simos.app.ShellApprovalTest
01:39:52.934 INFO  io.mosire.agentlib.mcp.AgentToMcpServer - MCP streamable server 已启动: name=simos-shell version=0.1.0-SNAPSHOT 外发工具 12 个 [simos.advance, simos.command.catalog, simos.command.submit, simos.fork, simos.map.hex, simos.map.overview, simos.social.population, simos.state.facets, simos.state.resolve, simos.timeline.branches, simos.unit.get, simos.unit.list]；Registry 共 12 个，未外发 0 个 []
01:39:52.942 INFO  io.mosire.simos.app.gui.GuiServer - GUI 服务器已启动: http://127.0.0.1:46085/（静态 /webui，同源，无 CORS 头）
01:39:52.942 INFO  io.mosire.simos.app.Shell - Shell 装配完成: store=/tmp/junit-16166623318331117945 checkpointInterval=100 codec=3 handler=12 participant=1 resolver=3 facet=2 tool=12 mapId=Map1 mcpPort=46227 guiPort=46085 approvalPort=45593
01:39:52.989 INFO  io.mosire.simos.core.command.CommandBus - 命令提交: type=unit.RenameUnit commandId=d3dc68f1-d9f7-4371-941a-16c262f60474 correlationId=d3dc68f1-d9f7-4371-941a-16c262f60474 新坐标=main@2
01:39:53.010 INFO  io.mosire.agentlib.approval.ApprovalHttpEndpoint - 审批 HTTP 面已停止（端口 45593）
01:39:53.011 INFO  io.mosire.agentlib.approval.HttpApprovalChannel - HTTP 审批通道已关闭
01:39:53.075 INFO  io.mosire.agentlib.mcp.AgentToMcpServer - MCP streamable server 已启动: name=simos-shell version=0.1.0-SNAPSHOT 外发工具 12 个 [simos.advance, simos.command.catalog, simos.command.submit, simos.fork, simos.map.hex, simos.map.overview, simos.social.population, simos.state.facets, simos.state.resolve, simos.timeline.branches, simos.unit.get, simos.unit.list]；Registry 共 12 个，未外发 0 个 []
01:39:53.083 INFO  io.mosire.simos.app.gui.GuiServer - GUI 服务器已启动: http://127.0.0.1:45337/（静态 /webui，同源，无 CORS 头）
01:39:53.083 INFO  io.mosire.simos.app.Shell - Shell 装配完成: store=/tmp/junit-4865966518080503175 checkpointInterval=100 codec=3 handler=12 participant=1 resolver=3 facet=2 tool=12 mapId=Map1 mcpPort=45785 guiPort=45337 approvalPort=45267
01:39:53.191 INFO  io.mosire.agentlib.approval.ApprovalHttpEndpoint - 审批面收到人的答复 id=ap-dea38cbb-5bd3-4a8e-bba0-4782176f914f decision=approve scope=once
01:39:53.204 INFO  io.mosire.simos.core.command.CommandBus - 命令提交: type=unit.RenameUnit commandId=d36d2301-46da-495e-8a1b-b166f88eb7a5 correlationId=d36d2301-46da-495e-8a1b-b166f88eb7a5 新坐标=main@2
01:39:53.409 INFO  io.mosire.agentlib.approval.ApprovalHttpEndpoint - 审批 HTTP 面已停止（端口 45267）
01:39:53.410 INFO  io.mosire.agentlib.approval.HttpApprovalChannel - HTTP 审批通道已关闭
01:39:53.478 INFO  io.mosire.agentlib.mcp.AgentToMcpServer - MCP streamable server 已启动: name=simos-shell version=0.1.0-SNAPSHOT 外发工具 12 个 [simos.advance, simos.command.catalog, simos.command.submit, simos.fork, simos.map.hex, simos.map.overview, simos.social.population, simos.state.facets, simos.state.resolve, simos.timeline.branches, simos.unit.get, simos.unit.list]；Registry 共 12 个，未外发 0 个 []
01:39:53.488 INFO  io.mosire.simos.app.gui.GuiServer - GUI 服务器已启动: http://127.0.0.1:46479/（静态 /webui，同源，无 CORS 头）
01:39:53.488 INFO  io.mosire.simos.app.Shell - Shell 装配完成: store=/tmp/junit-2641812663873953485 checkpointInterval=100 codec=3 handler=12 participant=1 resolver=3 facet=2 tool=12 mapId=Map1 mcpPort=44875 guiPort=46479 approvalPort=46219
01:39:53.498 INFO  io.mosire.simos.app.gui.GuiServer - GUI 服务器已启动: http://127.0.0.1:44979/（静态 /webui，同源，无 CORS 头）
01:39:53.509 INFO  io.mosire.agentlib.approval.ApprovalHttpEndpoint - 审批 HTTP 面已停止（端口 46219）
01:39:53.509 INFO  io.mosire.agentlib.approval.HttpApprovalChannel - HTTP 审批通道已关闭
[INFO] Tests run: 3, Failures: 0, Errors: 0, Skipped: 0, Time elapsed: 0.661 s -- in io.mosire.simos.app.ShellApprovalTest
[INFO] Running io.mosire.simos.app.tools.SimosToolsTest
01:39:53.576 INFO  io.mosire.agentlib.mcp.AgentToMcpServer - MCP streamable server 已启动: name=simos-shell version=0.1.0-SNAPSHOT 外发工具 12 个 [simos.advance, simos.command.catalog, simos.command.submit, simos.fork, simos.map.hex, simos.map.overview, simos.social.population, simos.state.facets, simos.state.resolve, simos.timeline.branches, simos.unit.get, simos.unit.list]；Registry 共 12 个，未外发 0 个 []
01:39:53.584 INFO  io.mosire.simos.app.gui.GuiServer - GUI 服务器已启动: http://127.0.0.1:45177/（静态 /webui，同源，无 CORS 头）
01:39:53.584 INFO  io.mosire.simos.app.Shell - Shell 装配完成: store=/tmp/junit-3821404337986739170 checkpointInterval=100 codec=3 handler=12 participant=1 resolver=3 facet=2 tool=12 mapId=Map1 mcpPort=45223 guiPort=45177 approvalPort=45765
01:39:53.594 INFO  io.mosire.simos.core.command.CommandBus - 命令被拒: type=core.Nope commandId=69d8b537-5c2a-422a-a496-a291f0aaa395 correlationId=69d8b537-5c2a-422a-a496-a291f0aaa395 原因=未注册的命令类型: core.Nope
01:39:53.599 INFO  io.mosire.agentlib.approval.ApprovalHttpEndpoint - 审批 HTTP 面已停止（端口 45765）
01:39:53.599 INFO  io.mosire.agentlib.approval.HttpApprovalChannel - HTTP 审批通道已关闭
01:39:53.675 INFO  io.mosire.agentlib.mcp.AgentToMcpServer - MCP streamable server 已启动: name=simos-shell version=0.1.0-SNAPSHOT 外发工具 12 个 [simos.advance, simos.command.catalog, simos.command.submit, simos.fork, simos.map.hex, simos.map.overview, simos.social.population, simos.state.facets, simos.state.resolve, simos.timeline.branches, simos.unit.get, simos.unit.list]；Registry 共 12 个，未外发 0 个 []
01:39:53.684 INFO  io.mosire.simos.app.gui.GuiServer - GUI 服务器已启动: http://127.0.0.1:46271/（静态 /webui，同源，无 CORS 头）
01:39:53.685 INFO  io.mosire.simos.app.Shell - Shell 装配完成: store=/tmp/junit-9076286532147657519 checkpointInterval=100 codec=3 handler=12 participant=1 resolver=3 facet=2 tool=12 mapId=Map1 mcpPort=46317 guiPort=46271 approvalPort=45375
01:39:53.694 INFO  io.mosire.simos.core.command.CommandBus - 命令冲突: type=unit.RenameUnit commandId=0c6759eb-e106-4966-a502-a15dc3a32379 correlationId=0c6759eb-e106-4966-a502-a15dc3a32379 真实head=main@1
01:39:53.696 INFO  io.mosire.agentlib.approval.ApprovalHttpEndpoint - 审批 HTTP 面已停止（端口 45375）
01:39:53.696 INFO  io.mosire.agentlib.approval.HttpApprovalChannel - HTTP 审批通道已关闭
01:39:53.766 INFO  io.mosire.agentlib.mcp.AgentToMcpServer - MCP streamable server 已启动: name=simos-shell version=0.1.0-SNAPSHOT 外发工具 12 个 [simos.advance, simos.command.catalog, simos.command.submit, simos.fork, simos.map.hex, simos.map.overview, simos.social.population, simos.state.facets, simos.state.resolve, simos.timeline.branches, simos.unit.get, simos.unit.list]；Registry 共 12 个，未外发 0 个 []
01:39:53.774 INFO  io.mosire.simos.app.gui.GuiServer - GUI 服务器已启动: http://127.0.0.1:45533/（静态 /webui，同源，无 CORS 头）
01:39:53.775 INFO  io.mosire.simos.app.Shell - Shell 装配完成: store=/tmp/junit-15114467470234800035 checkpointInterval=100 codec=3 handler=12 participant=1 resolver=3 facet=2 tool=12 mapId=Map1 mcpPort=46115 guiPort=45533 approvalPort=44755
01:39:53.784 INFO  io.mosire.agentlib.approval.ApprovalHttpEndpoint - 审批 HTTP 面已停止（端口 44755）
01:39:53.785 INFO  io.mosire.agentlib.approval.HttpApprovalChannel - HTTP 审批通道已关闭
01:39:53.859 INFO  io.mosire.agentlib.mcp.AgentToMcpServer - MCP streamable server 已启动: name=simos-shell version=0.1.0-SNAPSHOT 外发工具 12 个 [simos.advance, simos.command.catalog, simos.command.submit, simos.fork, simos.map.hex, simos.map.overview, simos.social.population, simos.state.facets, simos.state.resolve, simos.timeline.branches, simos.unit.get, simos.unit.list]；Registry 共 12 个，未外发 0 个 []
01:39:53.868 INFO  io.mosire.simos.app.gui.GuiServer - GUI 服务器已启动: http://127.0.0.1:46337/（静态 /webui，同源，无 CORS 头）
01:39:53.869 INFO  io.mosire.simos.app.Shell - Shell 装配完成: store=/tmp/junit-6552159013721694453 checkpointInterval=100 codec=3 handler=12 participant=1 resolver=3 facet=2 tool=12 mapId=Map1 mcpPort=46443 guiPort=46337 approvalPort=45603
01:39:53.874 INFO  io.mosire.agentlib.approval.ApprovalHttpEndpoint - 审批 HTTP 面已停止（端口 45603）
01:39:53.874 INFO  io.mosire.agentlib.approval.HttpApprovalChannel - HTTP 审批通道已关闭
01:39:53.940 INFO  io.mosire.agentlib.mcp.AgentToMcpServer - MCP streamable server 已启动: name=simos-shell version=0.1.0-SNAPSHOT 外发工具 12 个 [simos.advance, simos.command.catalog, simos.command.submit, simos.fork, simos.map.hex, simos.map.overview, simos.social.population, simos.state.facets, simos.state.resolve, simos.timeline.branches, simos.unit.get, simos.unit.list]；Registry 共 12 个，未外发 0 个 []
01:39:53.948 INFO  io.mosire.simos.app.gui.GuiServer - GUI 服务器已启动: http://127.0.0.1:45919/（静态 /webui，同源，无 CORS 头）
01:39:53.949 INFO  io.mosire.simos.app.Shell - Shell 装配完成: store=/tmp/junit-11086360063528906223 checkpointInterval=100 codec=3 handler=12 participant=1 resolver=3 facet=2 tool=12 mapId=Map1 mcpPort=46467 guiPort=45919 approvalPort=46511
01:39:53.964 INFO  io.mosire.simos.core.command.CommandBus - 命令提交: type=unit.PlanRoute commandId=306e03a5-3e7a-4cee-9e72-1b3976b43f57 correlationId=306e03a5-3e7a-4cee-9e72-1b3976b43f57 新坐标=main@2
01:39:53.969 INFO  io.mosire.agentlib.approval.ApprovalHttpEndpoint - 审批 HTTP 面已停止（端口 46511）
01:39:53.970 INFO  io.mosire.agentlib.approval.HttpApprovalChannel - HTTP 审批通道已关闭
01:39:54.038 INFO  io.mosire.agentlib.mcp.AgentToMcpServer - MCP streamable server 已启动: name=simos-shell version=0.1.0-SNAPSHOT 外发工具 12 个 [simos.advance, simos.command.catalog, simos.command.submit, simos.fork, simos.map.hex, simos.map.overview, simos.social.population, simos.state.facets, simos.state.resolve, simos.timeline.branches, simos.unit.get, simos.unit.list]；Registry 共 12 个，未外发 0 个 []
01:39:54.047 INFO  io.mosire.simos.app.gui.GuiServer - GUI 服务器已启动: http://127.0.0.1:45975/（静态 /webui，同源，无 CORS 头）
01:39:54.048 INFO  io.mosire.simos.app.Shell - Shell 装配完成: store=/tmp/junit-17424789387649484854 checkpointInterval=100 codec=3 handler=12 participant=1 resolver=3 facet=2 tool=12 mapId=Map1 mcpPort=45711 guiPort=45975 approvalPort=45817
01:39:54.052 INFO  io.mosire.agentlib.approval.ApprovalHttpEndpoint - 审批 HTTP 面已停止（端口 45817）
01:39:54.052 INFO  io.mosire.agentlib.approval.HttpApprovalChannel - HTTP 审批通道已关闭
01:39:54.116 INFO  io.mosire.agentlib.mcp.AgentToMcpServer - MCP streamable server 已启动: name=simos-shell version=0.1.0-SNAPSHOT 外发工具 12 个 [simos.advance, simos.command.catalog, simos.command.submit, simos.fork, simos.map.hex, simos.map.overview, simos.social.population, simos.state.facets, simos.state.resolve, simos.timeline.branches, simos.unit.get, simos.unit.list]；Registry 共 12 个，未外发 0 个 []
01:39:54.125 INFO  io.mosire.simos.app.gui.GuiServer - GUI 服务器已启动: http://127.0.0.1:45991/（静态 /webui，同源，无 CORS 头）
01:39:54.126 INFO  io.mosire.simos.app.Shell - Shell 装配完成: store=/tmp/junit-16106934917956121558 checkpointInterval=100 codec=3 handler=12 participant=1 resolver=3 facet=2 tool=12 mapId=Map1 mcpPort=46595 guiPort=45991 approvalPort=46093
01:39:54.144 INFO  io.mosire.simos.core.advance.TimeAdvance - 命令提交: type=core.AdvanceTime commandId=5ae7c2b1-f370-4af7-aaf0-5646c3c37c02 correlationId=5ae7c2b1-f370-4af7-aaf0-5646c3c37c02 新坐标=main@2
01:39:54.159 INFO  io.mosire.agentlib.approval.ApprovalHttpEndpoint - 审批 HTTP 面已停止（端口 46093）
01:39:54.159 INFO  io.mosire.agentlib.approval.HttpApprovalChannel - HTTP 审批通道已关闭
01:39:54.229 INFO  io.mosire.agentlib.mcp.AgentToMcpServer - MCP streamable server 已启动: name=simos-shell version=0.1.0-SNAPSHOT 外发工具 12 个 [simos.advance, simos.command.catalog, simos.command.submit, simos.fork, simos.map.hex, simos.map.overview, simos.social.population, simos.state.facets, simos.state.resolve, simos.timeline.branches, simos.unit.get, simos.unit.list]；Registry 共 12 个，未外发 0 个 []
01:39:54.239 INFO  io.mosire.simos.app.gui.GuiServer - GUI 服务器已启动: http://127.0.0.1:44755/（静态 /webui，同源，无 CORS 头）
01:39:54.240 INFO  io.mosire.simos.app.Shell - Shell 装配完成: store=/tmp/junit-6869899727504608053 checkpointInterval=100 codec=3 handler=12 participant=1 resolver=3 facet=2 tool=12 mapId=Map1 mcpPort=46531 guiPort=44755 approvalPort=45039
01:39:54.244 INFO  io.mosire.agentlib.approval.ApprovalHttpEndpoint - 审批 HTTP 面已停止（端口 45039）
01:39:54.244 INFO  io.mosire.agentlib.approval.HttpApprovalChannel - HTTP 审批通道已关闭
01:39:54.330 INFO  io.mosire.agentlib.mcp.AgentToMcpServer - MCP streamable server 已启动: name=simos-shell version=0.1.0-SNAPSHOT 外发工具 12 个 [simos.advance, simos.command.catalog, simos.command.submit, simos.fork, simos.map.hex, simos.map.overview, simos.social.population, simos.state.facets, simos.state.resolve, simos.timeline.branches, simos.unit.get, simos.unit.list]；Registry 共 12 个，未外发 0 个 []
01:39:54.338 INFO  io.mosire.simos.app.gui.GuiServer - GUI 服务器已启动: http://127.0.0.1:44801/（静态 /webui，同源，无 CORS 头）
01:39:54.339 INFO  io.mosire.simos.app.Shell - Shell 装配完成: store=/tmp/junit-17117079344300875138 checkpointInterval=100 codec=3 handler=12 participant=1 resolver=3 facet=2 tool=12 mapId=Map1 mcpPort=46539 guiPort=44801 approvalPort=46211
01:39:54.351 INFO  io.mosire.simos.core.command.CommandBus - 命令提交: type=unit.RenameUnit commandId=f674f2aa-7b37-4f35-b10b-2fc51ce2b008 correlationId=f674f2aa-7b37-4f35-b10b-2fc51ce2b008 新坐标=main@2
01:39:54.363 INFO  io.mosire.agentlib.approval.ApprovalHttpEndpoint - 审批 HTTP 面已停止（端口 46211）
01:39:54.363 INFO  io.mosire.agentlib.approval.HttpApprovalChannel - HTTP 审批通道已关闭
01:39:54.433 INFO  io.mosire.agentlib.mcp.AgentToMcpServer - MCP streamable server 已启动: name=simos-shell version=0.1.0-SNAPSHOT 外发工具 12 个 [simos.advance, simos.command.catalog, simos.command.submit, simos.fork, simos.map.hex, simos.map.overview, simos.social.population, simos.state.facets, simos.state.resolve, simos.timeline.branches, simos.unit.get, simos.unit.list]；Registry 共 12 个，未外发 0 个 []
01:39:54.443 INFO  io.mosire.simos.app.gui.GuiServer - GUI 服务器已启动: http://127.0.0.1:44939/（静态 /webui，同源，无 CORS 头）
01:39:54.443 INFO  io.mosire.simos.app.Shell - Shell 装配完成: store=/tmp/junit-1713038591620907668 checkpointInterval=100 codec=3 handler=12 participant=1 resolver=3 facet=2 tool=12 mapId=Map1 mcpPort=44881 guiPort=44939 approvalPort=46283
01:39:54.446 INFO  io.mosire.agentlib.approval.ApprovalHttpEndpoint - 审批 HTTP 面已停止（端口 46283）
01:39:54.447 INFO  io.mosire.agentlib.approval.HttpApprovalChannel - HTTP 审批通道已关闭
01:39:54.520 INFO  io.mosire.agentlib.mcp.AgentToMcpServer - MCP streamable server 已启动: name=simos-shell version=0.1.0-SNAPSHOT 外发工具 12 个 [simos.advance, simos.command.catalog, simos.command.submit, simos.fork, simos.map.hex, simos.map.overview, simos.social.population, simos.state.facets, simos.state.resolve, simos.timeline.branches, simos.unit.get, simos.unit.list]；Registry 共 12 个，未外发 0 个 []
01:39:54.529 INFO  io.mosire.simos.app.gui.GuiServer - GUI 服务器已启动: http://127.0.0.1:45631/（静态 /webui，同源，无 CORS 头）
01:39:54.529 INFO  io.mosire.simos.app.Shell - Shell 装配完成: store=/tmp/junit-16988103283154279892 checkpointInterval=100 codec=3 handler=12 participant=1 resolver=3 facet=2 tool=12 mapId=Map1 mcpPort=45697 guiPort=45631 approvalPort=46479
01:39:54.533 INFO  io.mosire.agentlib.approval.ApprovalHttpEndpoint - 审批 HTTP 面已停止（端口 46479）
01:39:54.533 INFO  io.mosire.agentlib.approval.HttpApprovalChannel - HTTP 审批通道已关闭
01:39:54.603 INFO  io.mosire.agentlib.mcp.AgentToMcpServer - MCP streamable server 已启动: name=simos-shell version=0.1.0-SNAPSHOT 外发工具 12 个 [simos.advance, simos.command.catalog, simos.command.submit, simos.fork, simos.map.hex, simos.map.overview, simos.social.population, simos.state.facets, simos.state.resolve, simos.timeline.branches, simos.unit.get, simos.unit.list]；Registry 共 12 个，未外发 0 个 []
01:39:54.612 INFO  io.mosire.simos.app.gui.GuiServer - GUI 服务器已启动: http://127.0.0.1:46393/（静态 /webui，同源，无 CORS 头）
01:39:54.613 INFO  io.mosire.simos.app.Shell - Shell 装配完成: store=/tmp/junit-2657251214874522187 checkpointInterval=100 codec=3 handler=12 participant=1 resolver=3 facet=2 tool=12 mapId=Map1 mcpPort=46013 guiPort=46393 approvalPort=45003
01:39:54.621 INFO  io.mosire.agentlib.approval.ApprovalHttpEndpoint - 审批 HTTP 面已停止（端口 45003）
01:39:54.621 INFO  io.mosire.agentlib.approval.HttpApprovalChannel - HTTP 审批通道已关闭
[INFO] Tests run: 12, Failures: 0, Errors: 0, Skipped: 0, Time elapsed: 1.112 s -- in io.mosire.simos.app.tools.SimosToolsTest
[INFO] Running io.mosire.simos.app.query.QueryServiceTest
01:39:54.697 INFO  io.mosire.agentlib.mcp.AgentToMcpServer - MCP streamable server 已启动: name=simos-shell version=0.1.0-SNAPSHOT 外发工具 12 个 [simos.advance, simos.command.catalog, simos.command.submit, simos.fork, simos.map.hex, simos.map.overview, simos.social.population, simos.state.facets, simos.state.resolve, simos.timeline.branches, simos.unit.get, simos.unit.list]；Registry 共 12 个，未外发 0 个 []
01:39:54.707 INFO  io.mosire.simos.app.gui.GuiServer - GUI 服务器已启动: http://127.0.0.1:45587/（静态 /webui，同源，无 CORS 头）
01:39:54.708 INFO  io.mosire.simos.app.Shell - Shell 装配完成: store=/tmp/junit-267616010127504703 checkpointInterval=100 codec=3 handler=12 participant=1 resolver=3 facet=2 tool=12 mapId=Map1 mcpPort=45765 guiPort=45587 approvalPort=46549
01:39:54.712 INFO  io.mosire.agentlib.approval.ApprovalHttpEndpoint - 审批 HTTP 面已停止（端口 46549）
01:39:54.712 INFO  io.mosire.agentlib.approval.HttpApprovalChannel - HTTP 审批通道已关闭
01:39:54.790 INFO  io.mosire.agentlib.mcp.AgentToMcpServer - MCP streamable server 已启动: name=simos-shell version=0.1.0-SNAPSHOT 外发工具 12 个 [simos.advance, simos.command.catalog, simos.command.submit, simos.fork, simos.map.hex, simos.map.overview, simos.social.population, simos.state.facets, simos.state.resolve, simos.timeline.branches, simos.unit.get, simos.unit.list]；Registry 共 12 个，未外发 0 个 []
01:39:54.800 INFO  io.mosire.simos.app.gui.GuiServer - GUI 服务器已启动: http://127.0.0.1:45621/（静态 /webui，同源，无 CORS 头）
01:39:54.800 INFO  io.mosire.simos.app.Shell - Shell 装配完成: store=/tmp/junit-9803392040143619748 checkpointInterval=100 codec=3 handler=12 participant=1 resolver=3 facet=2 tool=12 mapId=Map1 mcpPort=45019 guiPort=45621 approvalPort=46179
01:39:54.820 INFO  io.mosire.simos.core.command.CommandBus - 命令提交: type=unit.RenameUnit commandId=43417980-8eb3-4bcd-b315-94c521771804 correlationId=43417980-8eb3-4bcd-b315-94c521771804 新坐标=main@2
01:39:54.826 INFO  io.mosire.simos.core.command.CommandBus - 命令提交: type=unit.RenameUnit commandId=926c0b05-744e-4124-ae84-145f8a05817e correlationId=926c0b05-744e-4124-ae84-145f8a05817e 新坐标=side@2
01:39:54.831 INFO  io.mosire.agentlib.approval.ApprovalHttpEndpoint - 审批 HTTP 面已停止（端口 46179）
01:39:54.832 INFO  io.mosire.agentlib.approval.HttpApprovalChannel - HTTP 审批通道已关闭
01:39:54.907 INFO  io.mosire.agentlib.mcp.AgentToMcpServer - MCP streamable server 已启动: name=simos-shell version=0.1.0-SNAPSHOT 外发工具 12 个 [simos.advance, simos.command.catalog, simos.command.submit, simos.fork, simos.map.hex, simos.map.overview, simos.social.population, simos.state.facets, simos.state.resolve, simos.timeline.branches, simos.unit.get, simos.unit.list]；Registry 共 12 个，未外发 0 个 []
01:39:54.916 INFO  io.mosire.simos.app.gui.GuiServer - GUI 服务器已启动: http://127.0.0.1:44935/（静态 /webui，同源，无 CORS 头）
01:39:54.917 INFO  io.mosire.simos.app.Shell - Shell 装配完成: store=/tmp/junit-1275649647082268948 checkpointInterval=100 codec=3 handler=12 participant=1 resolver=3 facet=2 tool=12 mapId=Map1 mcpPort=45567 guiPort=44935 approvalPort=45177
01:39:54.930 INFO  io.mosire.simos.core.command.CommandBus - 命令提交: type=unit.RenameUnit commandId=a9fcc07b-1029-4855-a3ee-454c6bdf9845 correlationId=a9fcc07b-1029-4855-a3ee-454c6bdf9845 新坐标=main@2
01:39:54.934 INFO  io.mosire.agentlib.approval.ApprovalHttpEndpoint - 审批 HTTP 面已停止（端口 45177）
01:39:54.934 INFO  io.mosire.agentlib.approval.HttpApprovalChannel - HTTP 审批通道已关闭
01:39:55.004 INFO  io.mosire.agentlib.mcp.AgentToMcpServer - MCP streamable server 已启动: name=simos-shell version=0.1.0-SNAPSHOT 外发工具 12 个 [simos.advance, simos.command.catalog, simos.command.submit, simos.fork, simos.map.hex, simos.map.overview, simos.social.population, simos.state.facets, simos.state.resolve, simos.timeline.branches, simos.unit.get, simos.unit.list]；Registry 共 12 个，未外发 0 个 []
01:39:55.013 INFO  io.mosire.simos.app.gui.GuiServer - GUI 服务器已启动: http://127.0.0.1:46331/（静态 /webui，同源，无 CORS 头）
01:39:55.014 INFO  io.mosire.simos.app.Shell - Shell 装配完成: store=/tmp/junit-4892518943905115147 checkpointInterval=100 codec=3 handler=12 participant=1 resolver=3 facet=2 tool=12 mapId=Map1 mcpPort=45673 guiPort=46331 approvalPort=45965
01:39:55.017 INFO  io.mosire.agentlib.approval.ApprovalHttpEndpoint - 审批 HTTP 面已停止（端口 45965）
01:39:55.018 INFO  io.mosire.agentlib.approval.HttpApprovalChannel - HTTP 审批通道已关闭
01:39:55.075 INFO  io.mosire.agentlib.mcp.AgentToMcpServer - MCP streamable server 已启动: name=simos-shell version=0.1.0-SNAPSHOT 外发工具 12 个 [simos.advance, simos.command.catalog, simos.command.submit, simos.fork, simos.map.hex, simos.map.overview, simos.social.population, simos.state.facets, simos.state.resolve, simos.timeline.branches, simos.unit.get, simos.unit.list]；Registry 共 12 个，未外发 0 个 []
01:39:55.086 INFO  io.mosire.simos.app.gui.GuiServer - GUI 服务器已启动: http://127.0.0.1:45573/（静态 /webui，同源，无 CORS 头）
01:39:55.088 INFO  io.mosire.simos.app.Shell - Shell 装配完成: store=/tmp/junit-12900747833297947372 checkpointInterval=100 codec=3 handler=12 participant=1 resolver=3 facet=2 tool=12 mapId=Map1 mcpPort=46565 guiPort=45573 approvalPort=46615
01:39:55.091 INFO  io.mosire.agentlib.approval.ApprovalHttpEndpoint - 审批 HTTP 面已停止（端口 46615）
01:39:55.091 INFO  io.mosire.agentlib.approval.HttpApprovalChannel - HTTP 审批通道已关闭
01:39:55.166 INFO  io.mosire.agentlib.mcp.AgentToMcpServer - MCP streamable server 已启动: name=simos-shell version=0.1.0-SNAPSHOT 外发工具 12 个 [simos.advance, simos.command.catalog, simos.command.submit, simos.fork, simos.map.hex, simos.map.overview, simos.social.population, simos.state.facets, simos.state.resolve, simos.timeline.branches, simos.unit.get, simos.unit.list]；Registry 共 12 个，未外发 0 个 []
01:39:55.175 INFO  io.mosire.simos.app.gui.GuiServer - GUI 服务器已启动: http://127.0.0.1:44781/（静态 /webui，同源，无 CORS 头）
01:39:55.175 INFO  io.mosire.simos.app.Shell - Shell 装配完成: store=/tmp/junit-4038779527448104802 checkpointInterval=100 codec=3 handler=12 participant=1 resolver=3 facet=2 tool=12 mapId=Map1 mcpPort=45175 guiPort=44781 approvalPort=46145
01:39:55.177 INFO  io.mosire.agentlib.approval.ApprovalHttpEndpoint - 审批 HTTP 面已停止（端口 46145）
01:39:55.178 INFO  io.mosire.agentlib.approval.HttpApprovalChannel - HTTP 审批通道已关闭
01:39:55.247 INFO  io.mosire.agentlib.mcp.AgentToMcpServer - MCP streamable server 已启动: name=simos-shell version=0.1.0-SNAPSHOT 外发工具 12 个 [simos.advance, simos.command.catalog, simos.command.submit, simos.fork, simos.map.hex, simos.map.overview, simos.social.population, simos.state.facets, simos.state.resolve, simos.timeline.branches, simos.unit.get, simos.unit.list]；Registry 共 12 个，未外发 0 个 []
01:39:55.255 INFO  io.mosire.simos.app.gui.GuiServer - GUI 服务器已启动: http://127.0.0.1:44723/（静态 /webui，同源，无 CORS 头）
01:39:55.256 INFO  io.mosire.simos.app.Shell - Shell 装配完成: store=/tmp/junit-15369158835151037046 checkpointInterval=100 codec=3 handler=12 participant=1 resolver=3 facet=2 tool=12 mapId=Map1 mcpPort=44929 guiPort=44723 approvalPort=46433
01:39:55.261 INFO  io.mosire.agentlib.approval.ApprovalHttpEndpoint - 审批 HTTP 面已停止（端口 46433）
01:39:55.261 INFO  io.mosire.agentlib.approval.HttpApprovalChannel - HTTP 审批通道已关闭
01:39:55.337 INFO  io.mosire.agentlib.mcp.AgentToMcpServer - MCP streamable server 已启动: name=simos-shell version=0.1.0-SNAPSHOT 外发工具 12 个 [simos.advance, simos.command.catalog, simos.command.submit, simos.fork, simos.map.hex, simos.map.overview, simos.social.population, simos.state.facets, simos.state.resolve, simos.timeline.branches, simos.unit.get, simos.unit.list]；Registry 共 12 个，未外发 0 个 []
01:39:55.347 INFO  io.mosire.simos.app.gui.GuiServer - GUI 服务器已启动: http://127.0.0.1:46197/（静态 /webui，同源，无 CORS 头）
01:39:55.348 INFO  io.mosire.simos.app.Shell - Shell 装配完成: store=/tmp/junit-11955122387105683056 checkpointInterval=100 codec=3 handler=12 participant=1 resolver=3 facet=2 tool=12 mapId=Map1 mcpPort=45557 guiPort=46197 approvalPort=45241
01:39:55.351 INFO  io.mosire.agentlib.approval.ApprovalHttpEndpoint - 审批 HTTP 面已停止（端口 45241）
01:39:55.352 INFO  io.mosire.agentlib.approval.HttpApprovalChannel - HTTP 审批通道已关闭
01:39:55.421 INFO  io.mosire.agentlib.mcp.AgentToMcpServer - MCP streamable server 已启动: name=simos-shell version=0.1.0-SNAPSHOT 外发工具 12 个 [simos.advance, simos.command.catalog, simos.command.submit, simos.fork, simos.map.hex, simos.map.overview, simos.social.population, simos.state.facets, simos.state.resolve, simos.timeline.branches, simos.unit.get, simos.unit.list]；Registry 共 12 个，未外发 0 个 []
01:39:55.430 INFO  io.mosire.simos.app.gui.GuiServer - GUI 服务器已启动: http://127.0.0.1:44621/（静态 /webui，同源，无 CORS 头）
01:39:55.430 INFO  io.mosire.simos.app.Shell - Shell 装配完成: store=/tmp/junit-12180324514366800280 checkpointInterval=100 codec=3 handler=12 participant=1 resolver=3 facet=2 tool=12 mapId=Map1 mcpPort=45555 guiPort=44621 approvalPort=45073
01:39:55.433 INFO  io.mosire.agentlib.approval.ApprovalHttpEndpoint - 审批 HTTP 面已停止（端口 45073）
01:39:55.433 INFO  io.mosire.agentlib.approval.HttpApprovalChannel - HTTP 审批通道已关闭
01:39:55.501 INFO  io.mosire.agentlib.mcp.AgentToMcpServer - MCP streamable server 已启动: name=simos-shell version=0.1.0-SNAPSHOT 外发工具 12 个 [simos.advance, simos.command.catalog, simos.command.submit, simos.fork, simos.map.hex, simos.map.overview, simos.social.population, simos.state.facets, simos.state.resolve, simos.timeline.branches, simos.unit.get, simos.unit.list]；Registry 共 12 个，未外发 0 个 []
01:39:55.512 INFO  io.mosire.simos.app.gui.GuiServer - GUI 服务器已启动: http://127.0.0.1:45113/（静态 /webui，同源，无 CORS 头）
01:39:55.512 INFO  io.mosire.simos.app.Shell - Shell 装配完成: store=/tmp/junit-10007235673696162609 checkpointInterval=100 codec=3 handler=12 participant=1 resolver=3 facet=2 tool=12 mapId=Map1 mcpPort=46027 guiPort=45113 approvalPort=44777
01:39:55.516 INFO  io.mosire.agentlib.approval.ApprovalHttpEndpoint - 审批 HTTP 面已停止（端口 44777）
01:39:55.517 INFO  io.mosire.agentlib.approval.HttpApprovalChannel - HTTP 审批通道已关闭
01:39:55.574 INFO  io.mosire.agentlib.mcp.AgentToMcpServer - MCP streamable server 已启动: name=simos-shell version=0.1.0-SNAPSHOT 外发工具 12 个 [simos.advance, simos.command.catalog, simos.command.submit, simos.fork, simos.map.hex, simos.map.overview, simos.social.population, simos.state.facets, simos.state.resolve, simos.timeline.branches, simos.unit.get, simos.unit.list]；Registry 共 12 个，未外发 0 个 []
01:39:55.584 INFO  io.mosire.simos.app.gui.GuiServer - GUI 服务器已启动: http://127.0.0.1:45931/（静态 /webui，同源，无 CORS 头）
01:39:55.585 INFO  io.mosire.simos.app.Shell - Shell 装配完成: store=/tmp/junit-11594354051904328450 checkpointInterval=100 codec=3 handler=12 participant=1 resolver=3 facet=2 tool=12 mapId=Map1 mcpPort=46597 guiPort=45931 approvalPort=46631
01:39:55.587 INFO  io.mosire.agentlib.approval.ApprovalHttpEndpoint - 审批 HTTP 面已停止（端口 46631）
01:39:55.588 INFO  io.mosire.agentlib.approval.HttpApprovalChannel - HTTP 审批通道已关闭
01:39:55.654 INFO  io.mosire.agentlib.mcp.AgentToMcpServer - MCP streamable server 已启动: name=simos-shell version=0.1.0-SNAPSHOT 外发工具 12 个 [simos.advance, simos.command.catalog, simos.command.submit, simos.fork, simos.map.hex, simos.map.overview, simos.social.population, simos.state.facets, simos.state.resolve, simos.timeline.branches, simos.unit.get, simos.unit.list]；Registry 共 12 个，未外发 0 个 []
01:39:55.663 INFO  io.mosire.simos.app.gui.GuiServer - GUI 服务器已启动: http://127.0.0.1:46487/（静态 /webui，同源，无 CORS 头）
01:39:55.664 INFO  io.mosire.simos.app.Shell - Shell 装配完成: store=/tmp/junit-4322512289852232869 checkpointInterval=100 codec=3 handler=12 participant=1 resolver=3 facet=2 tool=12 mapId=Map1 mcpPort=44819 guiPort=46487 approvalPort=44839
01:39:55.666 INFO  io.mosire.agentlib.approval.ApprovalHttpEndpoint - 审批 HTTP 面已停止（端口 44839）
01:39:55.666 INFO  io.mosire.agentlib.approval.HttpApprovalChannel - HTTP 审批通道已关闭
01:39:55.728 INFO  io.mosire.agentlib.mcp.AgentToMcpServer - MCP streamable server 已启动: name=simos-shell version=0.1.0-SNAPSHOT 外发工具 12 个 [simos.advance, simos.command.catalog, simos.command.submit, simos.fork, simos.map.hex, simos.map.overview, simos.social.population, simos.state.facets, simos.state.resolve, simos.timeline.branches, simos.unit.get, simos.unit.list]；Registry 共 12 个，未外发 0 个 []
01:39:55.737 INFO  io.mosire.simos.app.gui.GuiServer - GUI 服务器已启动: http://127.0.0.1:46545/（静态 /webui，同源，无 CORS 头）
01:39:55.738 INFO  io.mosire.simos.app.Shell - Shell 装配完成: store=/tmp/junit-475396152291224217 checkpointInterval=100 codec=3 handler=12 participant=1 resolver=3 facet=2 tool=12 mapId=Map1 mcpPort=46277 guiPort=46545 approvalPort=45381
01:39:55.740 INFO  io.mosire.agentlib.approval.ApprovalHttpEndpoint - 审批 HTTP 面已停止（端口 45381）
01:39:55.741 INFO  io.mosire.agentlib.approval.HttpApprovalChannel - HTTP 审批通道已关闭
01:39:55.796 INFO  io.mosire.agentlib.mcp.AgentToMcpServer - MCP streamable server 已启动: name=simos-shell version=0.1.0-SNAPSHOT 外发工具 12 个 [simos.advance, simos.command.catalog, simos.command.submit, simos.fork, simos.map.hex, simos.map.overview, simos.social.population, simos.state.facets, simos.state.resolve, simos.timeline.branches, simos.unit.get, simos.unit.list]；Registry 共 12 个，未外发 0 个 []
01:39:55.801 INFO  io.mosire.simos.app.gui.GuiServer - GUI 服务器已启动: http://127.0.0.1:44653/（静态 /webui，同源，无 CORS 头）
01:39:55.801 INFO  io.mosire.simos.app.Shell - Shell 装配完成: store=/tmp/junit-14767314965703403791 checkpointInterval=100 codec=3 handler=12 participant=1 resolver=3 facet=2 tool=12 mapId=Map1 mcpPort=46049 guiPort=44653 approvalPort=46649
01:39:55.804 INFO  io.mosire.agentlib.approval.ApprovalHttpEndpoint - 审批 HTTP 面已停止（端口 46649）
01:39:55.805 INFO  io.mosire.agentlib.approval.HttpApprovalChannel - HTTP 审批通道已关闭
[INFO] Tests run: 14, Failures: 0, Errors: 0, Skipped: 0, Time elapsed: 1.182 s -- in io.mosire.simos.app.query.QueryServiceTest
[INFO] Running io.mosire.simos.app.ShellLifecycleTest
01:39:55.854 INFO  io.mosire.agentlib.mcp.AgentToMcpServer - MCP streamable server 已启动: name=simos-shell version=0.1.0-SNAPSHOT 外发工具 12 个 [simos.advance, simos.command.catalog, simos.command.submit, simos.fork, simos.map.hex, simos.map.overview, simos.social.population, simos.state.facets, simos.state.resolve, simos.timeline.branches, simos.unit.get, simos.unit.list]；Registry 共 12 个，未外发 0 个 []
01:39:55.864 INFO  io.mosire.simos.app.gui.GuiServer - GUI 服务器已启动: http://127.0.0.1:45649/（静态 /webui，同源，无 CORS 头）
01:39:55.865 INFO  io.mosire.simos.app.Shell - Shell 装配完成: store=/tmp/junit-4669489378753379260 checkpointInterval=100 codec=3 handler=12 participant=1 resolver=3 facet=2 tool=12 mapId=Map1 mcpPort=46529 guiPort=45649 approvalPort=45933
01:39:55.865 INFO  io.mosire.agentlib.approval.ApprovalHttpEndpoint - 审批 HTTP 面已停止（端口 45933）
01:39:55.866 INFO  io.mosire.agentlib.approval.HttpApprovalChannel - HTTP 审批通道已关闭
[INFO] Tests run: 1, Failures: 0, Errors: 0, Skipped: 0, Time elapsed: 0.096 s -- in io.mosire.simos.app.ShellLifecycleTest
[INFO] Running io.mosire.simos.app.gui.WebuiAssetsTest
[INFO] Tests run: 8, Failures: 0, Errors: 0, Skipped: 0, Time elapsed: 0.022 s -- in io.mosire.simos.app.gui.WebuiAssetsTest
[INFO] Running io.mosire.simos.app.gui.MapOverviewBlocksTest
[INFO] Tests run: 2, Failures: 0, Errors: 0, Skipped: 0, Time elapsed: 0.006 s -- in io.mosire.simos.app.gui.MapOverviewBlocksTest
[INFO] Running io.mosire.simos.app.gui.GuiApiTest
01:39:55.995 INFO  io.mosire.agentlib.mcp.AgentToMcpServer - MCP streamable server 已启动: name=simos-shell version=0.1.0-SNAPSHOT 外发工具 12 个 [simos.advance, simos.command.catalog, simos.command.submit, simos.fork, simos.map.hex, simos.map.overview, simos.social.population, simos.state.facets, simos.state.resolve, simos.timeline.branches, simos.unit.get, simos.unit.list]；Registry 共 12 个，未外发 0 个 []
01:39:56.004 INFO  io.mosire.simos.app.gui.GuiServer - GUI 服务器已启动: http://127.0.0.1:46351/（静态 /webui，同源，无 CORS 头）
01:39:56.005 INFO  io.mosire.simos.app.Shell - Shell 装配完成: store=/tmp/junit-4140969219703448070 checkpointInterval=100 codec=3 handler=12 participant=1 resolver=3 facet=2 tool=12 mapId=Map1 mcpPort=44709 guiPort=46351 approvalPort=46431
01:39:56.060 INFO  io.mosire.agentlib.approval.ApprovalHttpEndpoint - 审批 HTTP 面已停止（端口 46431）
01:39:56.060 INFO  io.mosire.agentlib.approval.HttpApprovalChannel - HTTP 审批通道已关闭
01:39:56.131 INFO  io.mosire.agentlib.mcp.AgentToMcpServer - MCP streamable server 已启动: name=simos-shell version=0.1.0-SNAPSHOT 外发工具 12 个 [simos.advance, simos.command.catalog, simos.command.submit, simos.fork, simos.map.hex, simos.map.overview, simos.social.population, simos.state.facets, simos.state.resolve, simos.timeline.branches, simos.unit.get, simos.unit.list]；Registry 共 12 个，未外发 0 个 []
01:39:56.142 INFO  io.mosire.simos.app.gui.GuiServer - GUI 服务器已启动: http://127.0.0.1:45545/（静态 /webui，同源，无 CORS 头）
01:39:56.142 INFO  io.mosire.simos.app.Shell - Shell 装配完成: store=/tmp/junit-2510497565696596041 checkpointInterval=100 codec=3 handler=12 participant=1 resolver=3 facet=2 tool=12 mapId=Map1 mcpPort=45167 guiPort=45545 approvalPort=45741
01:39:56.153 INFO  io.mosire.agentlib.approval.ApprovalHttpEndpoint - 审批 HTTP 面已停止（端口 45741）
01:39:56.154 INFO  io.mosire.agentlib.approval.HttpApprovalChannel - HTTP 审批通道已关闭
01:39:56.233 INFO  io.mosire.agentlib.mcp.AgentToMcpServer - MCP streamable server 已启动: name=simos-shell version=0.1.0-SNAPSHOT 外发工具 12 个 [simos.advance, simos.command.catalog, simos.command.submit, simos.fork, simos.map.hex, simos.map.overview, simos.social.population, simos.state.facets, simos.state.resolve, simos.timeline.branches, simos.unit.get, simos.unit.list]；Registry 共 12 个，未外发 0 个 []
01:39:56.242 INFO  io.mosire.simos.app.gui.GuiServer - GUI 服务器已启动: http://127.0.0.1:45215/（静态 /webui，同源，无 CORS 头）
01:39:56.243 INFO  io.mosire.simos.app.Shell - Shell 装配完成: store=/tmp/junit-6971843436578533375 checkpointInterval=100 codec=3 handler=12 participant=1 resolver=3 facet=2 tool=12 mapId=Map1 mcpPort=45983 guiPort=45215 approvalPort=46047
01:39:56.254 INFO  io.mosire.agentlib.approval.ApprovalHttpEndpoint - 审批 HTTP 面已停止（端口 46047）
01:39:56.255 INFO  io.mosire.agentlib.approval.HttpApprovalChannel - HTTP 审批通道已关闭
01:39:56.330 INFO  io.mosire.agentlib.mcp.AgentToMcpServer - MCP streamable server 已启动: name=simos-shell version=0.1.0-SNAPSHOT 外发工具 12 个 [simos.advance, simos.command.catalog, simos.command.submit, simos.fork, simos.map.hex, simos.map.overview, simos.social.population, simos.state.facets, simos.state.resolve, simos.timeline.branches, simos.unit.get, simos.unit.list]；Registry 共 12 个，未外发 0 个 []
01:39:56.340 INFO  io.mosire.simos.app.gui.GuiServer - GUI 服务器已启动: http://127.0.0.1:46601/（静态 /webui，同源，无 CORS 头）
01:39:56.340 INFO  io.mosire.simos.app.Shell - Shell 装配完成: store=/tmp/junit-8359552140144349587 checkpointInterval=100 codec=3 handler=12 participant=1 resolver=3 facet=2 tool=12 mapId=Map1 mcpPort=45389 guiPort=46601 approvalPort=44667
01:39:56.358 INFO  io.mosire.simos.core.command.CommandBus - 命令提交: type=unit.RenameUnit commandId=fb203d16-530c-4a11-99bd-eac144784c64 correlationId=fb203d16-530c-4a11-99bd-eac144784c64 新坐标=main@2
01:39:56.423 INFO  io.mosire.agentlib.approval.ApprovalHttpEndpoint - 审批 HTTP 面已停止（端口 44667）
01:39:56.423 INFO  io.mosire.agentlib.approval.HttpApprovalChannel - HTTP 审批通道已关闭
01:39:56.486 INFO  io.mosire.agentlib.mcp.AgentToMcpServer - MCP streamable server 已启动: name=simos-shell version=0.1.0-SNAPSHOT 外发工具 12 个 [simos.advance, simos.command.catalog, simos.command.submit, simos.fork, simos.map.hex, simos.map.overview, simos.social.population, simos.state.facets, simos.state.resolve, simos.timeline.branches, simos.unit.get, simos.unit.list]；Registry 共 12 个，未外发 0 个 []
01:39:56.496 INFO  io.mosire.simos.app.gui.GuiServer - GUI 服务器已启动: http://127.0.0.1:44969/（静态 /webui，同源，无 CORS 头）
01:39:56.496 INFO  io.mosire.simos.app.Shell - Shell 装配完成: store=/tmp/junit-15350986924737799046 checkpointInterval=100 codec=3 handler=12 participant=1 resolver=3 facet=2 tool=12 mapId=Map1 mcpPort=44821 guiPort=44969 approvalPort=44921
01:39:56.561 INFO  io.mosire.agentlib.approval.ApprovalHttpEndpoint - 审批 HTTP 面已停止（端口 44921）
01:39:56.561 INFO  io.mosire.agentlib.approval.HttpApprovalChannel - HTTP 审批通道已关闭
01:39:56.629 INFO  io.mosire.agentlib.mcp.AgentToMcpServer - MCP streamable server 已启动: name=simos-shell version=0.1.0-SNAPSHOT 外发工具 12 个 [simos.advance, simos.command.catalog, simos.command.submit, simos.fork, simos.map.hex, simos.map.overview, simos.social.population, simos.state.facets, simos.state.resolve, simos.timeline.branches, simos.unit.get, simos.unit.list]；Registry 共 12 个，未外发 0 个 []
01:39:56.639 INFO  io.mosire.simos.app.gui.GuiServer - GUI 服务器已启动: http://127.0.0.1:44707/（静态 /webui，同源，无 CORS 头）
01:39:56.640 INFO  io.mosire.simos.app.Shell - Shell 装配完成: store=/tmp/junit-2491657305263356875 checkpointInterval=100 codec=3 handler=12 participant=1 resolver=3 facet=2 tool=12 mapId=Map1 mcpPort=45969 guiPort=44707 approvalPort=46027
01:39:56.780 INFO  io.mosire.agentlib.approval.ApprovalHttpEndpoint - 审批 HTTP 面已停止（端口 46027）
01:39:56.780 INFO  io.mosire.agentlib.approval.HttpApprovalChannel - HTTP 审批通道已关闭
01:39:56.849 INFO  io.mosire.agentlib.mcp.AgentToMcpServer - MCP streamable server 已启动: name=simos-shell version=0.1.0-SNAPSHOT 外发工具 12 个 [simos.advance, simos.command.catalog, simos.command.submit, simos.fork, simos.map.hex, simos.map.overview, simos.social.population, simos.state.facets, simos.state.resolve, simos.timeline.branches, simos.unit.get, simos.unit.list]；Registry 共 12 个，未外发 0 个 []
01:39:56.859 INFO  io.mosire.simos.app.gui.GuiServer - GUI 服务器已启动: http://127.0.0.1:44753/（静态 /webui，同源，无 CORS 头）
01:39:56.859 INFO  io.mosire.simos.app.Shell - Shell 装配完成: store=/tmp/junit-4076577757821128478 checkpointInterval=100 codec=3 handler=12 participant=1 resolver=3 facet=2 tool=12 mapId=Map1 mcpPort=45721 guiPort=44753 approvalPort=44729
01:39:56.871 INFO  io.mosire.agentlib.approval.ApprovalHttpEndpoint - 审批 HTTP 面已停止（端口 44729）
01:39:56.871 INFO  io.mosire.agentlib.approval.HttpApprovalChannel - HTTP 审批通道已关闭
01:39:56.942 INFO  io.mosire.agentlib.mcp.AgentToMcpServer - MCP streamable server 已启动: name=simos-shell version=0.1.0-SNAPSHOT 外发工具 12 个 [simos.advance, simos.command.catalog, simos.command.submit, simos.fork, simos.map.hex, simos.map.overview, simos.social.population, simos.state.facets, simos.state.resolve, simos.timeline.branches, simos.unit.get, simos.unit.list]；Registry 共 12 个，未外发 0 个 []
01:39:56.951 INFO  io.mosire.simos.app.gui.GuiServer - GUI 服务器已启动: http://127.0.0.1:45317/（静态 /webui，同源，无 CORS 头）
01:39:56.952 INFO  io.mosire.simos.app.Shell - Shell 装配完成: store=/tmp/junit-16488336411378269168 checkpointInterval=100 codec=3 handler=12 participant=1 resolver=3 facet=2 tool=12 mapId=Map1 mcpPort=45435 guiPort=45317 approvalPort=45253
01:39:56.963 INFO  io.mosire.agentlib.approval.ApprovalHttpEndpoint - 审批 HTTP 面已停止（端口 45253）
01:39:56.963 INFO  io.mosire.agentlib.approval.HttpApprovalChannel - HTTP 审批通道已关闭
01:39:57.031 INFO  io.mosire.agentlib.mcp.AgentToMcpServer - MCP streamable server 已启动: name=simos-shell version=0.1.0-SNAPSHOT 外发工具 12 个 [simos.advance, simos.command.catalog, simos.command.submit, simos.fork, simos.map.hex, simos.map.overview, simos.social.population, simos.state.facets, simos.state.resolve, simos.timeline.branches, simos.unit.get, simos.unit.list]；Registry 共 12 个，未外发 0 个 []
01:39:57.040 INFO  io.mosire.simos.app.gui.GuiServer - GUI 服务器已启动: http://127.0.0.1:45123/（静态 /webui，同源，无 CORS 头）
01:39:57.040 INFO  io.mosire.simos.app.Shell - Shell 装配完成: store=/tmp/junit-18044534990122853862 checkpointInterval=100 codec=3 handler=12 participant=1 resolver=3 facet=2 tool=12 mapId=Map1 mcpPort=44935 guiPort=45123 approvalPort=44665
01:39:57.095 INFO  io.mosire.agentlib.approval.ApprovalHttpEndpoint - 审批 HTTP 面已停止（端口 44665）
01:39:57.096 INFO  io.mosire.agentlib.approval.HttpApprovalChannel - HTTP 审批通道已关闭
01:39:57.151 INFO  io.mosire.agentlib.mcp.AgentToMcpServer - MCP streamable server 已启动: name=simos-shell version=0.1.0-SNAPSHOT 外发工具 12 个 [simos.advance, simos.command.catalog, simos.command.submit, simos.fork, simos.map.hex, simos.map.overview, simos.social.population, simos.state.facets, simos.state.resolve, simos.timeline.branches, simos.unit.get, simos.unit.list]；Registry 共 12 个，未外发 0 个 []
01:39:57.160 INFO  io.mosire.simos.app.gui.GuiServer - GUI 服务器已启动: http://127.0.0.1:46041/（静态 /webui，同源，无 CORS 头）
01:39:57.160 INFO  io.mosire.simos.app.Shell - Shell 装配完成: store=/tmp/junit-10156465348042528796 checkpointInterval=100 codec=3 handler=12 participant=1 resolver=3 facet=2 tool=12 mapId=Map1 mcpPort=44935 guiPort=46041 approvalPort=45323
01:39:57.361 INFO  io.mosire.agentlib.approval.ApprovalHttpEndpoint - 审批 HTTP 面已停止（端口 45323）
01:39:57.361 INFO  io.mosire.agentlib.approval.HttpApprovalChannel - HTTP 审批通道已关闭
01:39:57.450 INFO  io.mosire.agentlib.mcp.AgentToMcpServer - MCP streamable server 已启动: name=simos-shell version=0.1.0-SNAPSHOT 外发工具 12 个 [simos.advance, simos.command.catalog, simos.command.submit, simos.fork, simos.map.hex, simos.map.overview, simos.social.population, simos.state.facets, simos.state.resolve, simos.timeline.branches, simos.unit.get, simos.unit.list]；Registry 共 12 个，未外发 0 个 []
01:39:57.461 INFO  io.mosire.simos.app.gui.GuiServer - GUI 服务器已启动: http://127.0.0.1:44635/（静态 /webui，同源，无 CORS 头）
01:39:57.462 INFO  io.mosire.simos.app.Shell - Shell 装配完成: store=/tmp/junit-13060308564315992693 checkpointInterval=100 codec=3 handler=12 participant=1 resolver=3 facet=2 tool=12 mapId=Map1 mcpPort=46237 guiPort=44635 approvalPort=46663
01:39:57.463 INFO  io.mosire.agentlib.approval.ApprovalHttpEndpoint - 审批 HTTP 面已停止（端口 46663）
01:39:57.463 INFO  io.mosire.agentlib.approval.HttpApprovalChannel - HTTP 审批通道已关闭
01:39:57.530 INFO  io.mosire.agentlib.mcp.AgentToMcpServer - MCP streamable server 已启动: name=simos-shell version=0.1.0-SNAPSHOT 外发工具 12 个 [simos.advance, simos.command.catalog, simos.command.submit, simos.fork, simos.map.hex, simos.map.overview, simos.social.population, simos.state.facets, simos.state.resolve, simos.timeline.branches, simos.unit.get, simos.unit.list]；Registry 共 12 个，未外发 0 个 []
01:39:57.540 INFO  io.mosire.simos.app.gui.GuiServer - GUI 服务器已启动: http://127.0.0.1:44699/（静态 /webui，同源，无 CORS 头）
01:39:57.540 INFO  io.mosire.simos.app.Shell - Shell 装配完成: store=/tmp/junit-17534589636195898251 checkpointInterval=100 codec=3 handler=12 participant=1 resolver=3 facet=2 tool=12 mapId=Map1 mcpPort=46061 guiPort=44699 approvalPort=46075
01:39:57.561 INFO  io.mosire.simos.core.command.CommandBus - 命令提交: type=unit.PlanRoute commandId=9715cc7d-057c-402a-9635-48ff2546669b correlationId=9715cc7d-057c-402a-9635-48ff2546669b 新坐标=main@2
01:39:57.658 INFO  io.mosire.agentlib.approval.ApprovalHttpEndpoint - 审批 HTTP 面已停止（端口 46075）
01:39:57.659 INFO  io.mosire.agentlib.approval.HttpApprovalChannel - HTTP 审批通道已关闭
01:39:57.707 INFO  io.mosire.agentlib.mcp.AgentToMcpServer - MCP streamable server 已启动: name=simos-shell version=0.1.0-SNAPSHOT 外发工具 12 个 [simos.advance, simos.command.catalog, simos.command.submit, simos.fork, simos.map.hex, simos.map.overview, simos.social.population, simos.state.facets, simos.state.resolve, simos.timeline.branches, simos.unit.get, simos.unit.list]；Registry 共 12 个，未外发 0 个 []
01:39:57.717 INFO  io.mosire.simos.app.gui.GuiServer - GUI 服务器已启动: http://127.0.0.1:45913/（静态 /webui，同源，无 CORS 头）
01:39:57.717 INFO  io.mosire.simos.app.Shell - Shell 装配完成: store=/tmp/junit-8972958717333777930 checkpointInterval=100 codec=3 handler=12 participant=1 resolver=3 facet=2 tool=12 mapId=Map1 mcpPort=44869 guiPort=45913 approvalPort=45635
01:39:57.723 INFO  io.mosire.agentlib.approval.ApprovalHttpEndpoint - 审批 HTTP 面已停止（端口 45635）
01:39:57.724 INFO  io.mosire.agentlib.approval.HttpApprovalChannel - HTTP 审批通道已关闭
01:39:57.784 INFO  io.mosire.agentlib.mcp.AgentToMcpServer - MCP streamable server 已启动: name=simos-shell version=0.1.0-SNAPSHOT 外发工具 12 个 [simos.advance, simos.command.catalog, simos.command.submit, simos.fork, simos.map.hex, simos.map.overview, simos.social.population, simos.state.facets, simos.state.resolve, simos.timeline.branches, simos.unit.get, simos.unit.list]；Registry 共 12 个，未外发 0 个 []
01:39:57.795 INFO  io.mosire.simos.app.gui.GuiServer - GUI 服务器已启动: http://127.0.0.1:45289/（静态 /webui，同源，无 CORS 头）
01:39:57.795 INFO  io.mosire.simos.app.Shell - Shell 装配完成: store=/tmp/junit-4975541893687290508 checkpointInterval=100 codec=3 handler=12 participant=1 resolver=3 facet=2 tool=12 mapId=Map1 mcpPort=45645 guiPort=45289 approvalPort=45989
01:39:57.803 INFO  io.mosire.agentlib.approval.ApprovalHttpEndpoint - 审批 HTTP 面已停止（端口 45989）
01:39:57.803 INFO  io.mosire.agentlib.approval.HttpApprovalChannel - HTTP 审批通道已关闭
01:39:57.869 INFO  io.mosire.agentlib.mcp.AgentToMcpServer - MCP streamable server 已启动: name=simos-shell version=0.1.0-SNAPSHOT 外发工具 12 个 [simos.advance, simos.command.catalog, simos.command.submit, simos.fork, simos.map.hex, simos.map.overview, simos.social.population, simos.state.facets, simos.state.resolve, simos.timeline.branches, simos.unit.get, simos.unit.list]；Registry 共 12 个，未外发 0 个 []
01:39:57.879 INFO  io.mosire.simos.app.gui.GuiServer - GUI 服务器已启动: http://127.0.0.1:46375/（静态 /webui，同源，无 CORS 头）
01:39:57.879 INFO  io.mosire.simos.app.Shell - Shell 装配完成: store=/tmp/junit-17549032840610423655 checkpointInterval=100 codec=3 handler=12 participant=1 resolver=3 facet=2 tool=12 mapId=Map1 mcpPort=45511 guiPort=46375 approvalPort=44875
01:39:57.889 INFO  io.mosire.agentlib.approval.ApprovalHttpEndpoint - 审批 HTTP 面已停止（端口 44875）
01:39:57.889 INFO  io.mosire.agentlib.approval.HttpApprovalChannel - HTTP 审批通道已关闭
01:39:57.955 INFO  io.mosire.agentlib.mcp.AgentToMcpServer - MCP streamable server 已启动: name=simos-shell version=0.1.0-SNAPSHOT 外发工具 12 个 [simos.advance, simos.command.catalog, simos.command.submit, simos.fork, simos.map.hex, simos.map.overview, simos.social.population, simos.state.facets, simos.state.resolve, simos.timeline.branches, simos.unit.get, simos.unit.list]；Registry 共 12 个，未外发 0 个 []
01:39:57.964 INFO  io.mosire.simos.app.gui.GuiServer - GUI 服务器已启动: http://127.0.0.1:45583/（静态 /webui，同源，无 CORS 头）
01:39:57.965 INFO  io.mosire.simos.app.Shell - Shell 装配完成: store=/tmp/junit-13739947076811657548 checkpointInterval=100 codec=3 handler=12 participant=1 resolver=3 facet=2 tool=12 mapId=Map1 mcpPort=45543 guiPort=45583 approvalPort=45345
01:39:57.971 INFO  io.mosire.agentlib.approval.ApprovalHttpEndpoint - 审批 HTTP 面已停止（端口 45345）
01:39:57.971 INFO  io.mosire.agentlib.approval.HttpApprovalChannel - HTTP 审批通道已关闭
01:39:58.043 INFO  io.mosire.agentlib.mcp.AgentToMcpServer - MCP streamable server 已启动: name=simos-shell version=0.1.0-SNAPSHOT 外发工具 12 个 [simos.advance, simos.command.catalog, simos.command.submit, simos.fork, simos.map.hex, simos.map.overview, simos.social.population, simos.state.facets, simos.state.resolve, simos.timeline.branches, simos.unit.get, simos.unit.list]；Registry 共 12 个，未外发 0 个 []
01:39:58.053 INFO  io.mosire.simos.app.gui.GuiServer - GUI 服务器已启动: http://127.0.0.1:45153/（静态 /webui，同源，无 CORS 头）
01:39:58.053 INFO  io.mosire.simos.app.Shell - Shell 装配完成: store=/tmp/junit-14517329464996434306 checkpointInterval=100 codec=3 handler=12 participant=1 resolver=3 facet=2 tool=12 mapId=Map1 mcpPort=44643 guiPort=45153 approvalPort=45323
01:39:58.112 INFO  io.mosire.agentlib.approval.ApprovalHttpEndpoint - 审批 HTTP 面已停止（端口 45323）
01:39:58.112 INFO  io.mosire.agentlib.approval.HttpApprovalChannel - HTTP 审批通道已关闭
01:39:58.187 INFO  io.mosire.agentlib.mcp.AgentToMcpServer - MCP streamable server 已启动: name=simos-shell version=0.1.0-SNAPSHOT 外发工具 12 个 [simos.advance, simos.command.catalog, simos.command.submit, simos.fork, simos.map.hex, simos.map.overview, simos.social.population, simos.state.facets, simos.state.resolve, simos.timeline.branches, simos.unit.get, simos.unit.list]；Registry 共 12 个，未外发 0 个 []
01:39:58.196 INFO  io.mosire.simos.app.gui.GuiServer - GUI 服务器已启动: http://127.0.0.1:46271/（静态 /webui，同源，无 CORS 头）
01:39:58.197 INFO  io.mosire.simos.app.Shell - Shell 装配完成: store=/tmp/junit-15856232039372030635 checkpointInterval=100 codec=3 handler=12 participant=1 resolver=3 facet=2 tool=12 mapId=Map1 mcpPort=44651 guiPort=46271 approvalPort=45099
01:39:58.205 INFO  io.mosire.agentlib.approval.ApprovalHttpEndpoint - 审批 HTTP 面已停止（端口 45099）
01:39:58.206 INFO  io.mosire.agentlib.approval.HttpApprovalChannel - HTTP 审批通道已关闭
01:39:58.273 INFO  io.mosire.agentlib.mcp.AgentToMcpServer - MCP streamable server 已启动: name=simos-shell version=0.1.0-SNAPSHOT 外发工具 12 个 [simos.advance, simos.command.catalog, simos.command.submit, simos.fork, simos.map.hex, simos.map.overview, simos.social.population, simos.state.facets, simos.state.resolve, simos.timeline.branches, simos.unit.get, simos.unit.list]；Registry 共 12 个，未外发 0 个 []
01:39:58.285 INFO  io.mosire.simos.app.gui.GuiServer - GUI 服务器已启动: http://127.0.0.1:45841/（静态 /webui，同源，无 CORS 头）
01:39:58.285 INFO  io.mosire.simos.app.Shell - Shell 装配完成: store=/tmp/junit-6962714754447128645 checkpointInterval=100 codec=3 handler=12 participant=1 resolver=3 facet=2 tool=12 mapId=Map1 mcpPort=45625 guiPort=45841 approvalPort=45789
01:39:58.403 INFO  io.mosire.agentlib.approval.ApprovalHttpEndpoint - 审批 HTTP 面已停止（端口 45789）
01:39:58.403 INFO  io.mosire.agentlib.approval.HttpApprovalChannel - HTTP 审批通道已关闭
01:39:58.481 INFO  io.mosire.agentlib.mcp.AgentToMcpServer - MCP streamable server 已启动: name=simos-shell version=0.1.0-SNAPSHOT 外发工具 12 个 [simos.advance, simos.command.catalog, simos.command.submit, simos.fork, simos.map.hex, simos.map.overview, simos.social.population, simos.state.facets, simos.state.resolve, simos.timeline.branches, simos.unit.get, simos.unit.list]；Registry 共 12 个，未外发 0 个 []
01:39:58.490 INFO  io.mosire.simos.app.gui.GuiServer - GUI 服务器已启动: http://127.0.0.1:46231/（静态 /webui，同源，无 CORS 头）
01:39:58.491 INFO  io.mosire.simos.app.Shell - Shell 装配完成: store=/tmp/junit-9801504244200360959 checkpointInterval=100 codec=3 handler=12 participant=1 resolver=3 facet=2 tool=12 mapId=Map1 mcpPort=46391 guiPort=46231 approvalPort=45597
01:39:58.506 INFO  io.mosire.simos.core.command.CommandBus - 命令提交: type=unit.PlanRoute commandId=738f1d9c-5479-4de1-ad11-a5c22740a78e correlationId=738f1d9c-5479-4de1-ad11-a5c22740a78e 新坐标=main@2
01:39:58.607 INFO  io.mosire.agentlib.approval.ApprovalHttpEndpoint - 审批 HTTP 面已停止（端口 45597）
01:39:58.608 INFO  io.mosire.agentlib.approval.HttpApprovalChannel - HTTP 审批通道已关闭
01:39:58.678 INFO  io.mosire.agentlib.mcp.AgentToMcpServer - MCP streamable server 已启动: name=simos-shell version=0.1.0-SNAPSHOT 外发工具 12 个 [simos.advance, simos.command.catalog, simos.command.submit, simos.fork, simos.map.hex, simos.map.overview, simos.social.population, simos.state.facets, simos.state.resolve, simos.timeline.branches, simos.unit.get, simos.unit.list]；Registry 共 12 个，未外发 0 个 []
01:39:58.687 INFO  io.mosire.simos.app.gui.GuiServer - GUI 服务器已启动: http://127.0.0.1:45561/（静态 /webui，同源，无 CORS 头）
01:39:58.688 INFO  io.mosire.simos.app.Shell - Shell 装配完成: store=/tmp/junit-10965409466704623332 checkpointInterval=100 codec=3 handler=12 participant=1 resolver=3 facet=2 tool=12 mapId=Map1 mcpPort=46573 guiPort=45561 approvalPort=45947
01:39:58.697 INFO  io.mosire.agentlib.approval.ApprovalHttpEndpoint - 审批 HTTP 面已停止（端口 45947）
01:39:58.697 INFO  io.mosire.agentlib.approval.HttpApprovalChannel - HTTP 审批通道已关闭
01:39:58.767 INFO  io.mosire.agentlib.mcp.AgentToMcpServer - MCP streamable server 已启动: name=simos-shell version=0.1.0-SNAPSHOT 外发工具 12 个 [simos.advance, simos.command.catalog, simos.command.submit, simos.fork, simos.map.hex, simos.map.overview, simos.social.population, simos.state.facets, simos.state.resolve, simos.timeline.branches, simos.unit.get, simos.unit.list]；Registry 共 12 个，未外发 0 个 []
01:39:58.770 INFO  io.mosire.simos.app.gui.GuiServer - GUI 服务器已启动: http://127.0.0.1:45027/（静态 /webui，同源，无 CORS 头）
01:39:58.770 INFO  io.mosire.simos.app.Shell - Shell 装配完成: store=/tmp/junit-1141468920667879401 checkpointInterval=100 codec=3 handler=12 participant=1 resolver=3 facet=2 tool=12 mapId=Map1 mcpPort=46343 guiPort=45027 approvalPort=45721
01:39:58.779 INFO  io.mosire.agentlib.approval.ApprovalHttpEndpoint - 审批 HTTP 面已停止（端口 45721）
01:39:58.780 INFO  io.mosire.agentlib.approval.HttpApprovalChannel - HTTP 审批通道已关闭
01:39:58.851 INFO  io.mosire.agentlib.mcp.AgentToMcpServer - MCP streamable server 已启动: name=simos-shell version=0.1.0-SNAPSHOT 外发工具 12 个 [simos.advance, simos.command.catalog, simos.command.submit, simos.fork, simos.map.hex, simos.map.overview, simos.social.population, simos.state.facets, simos.state.resolve, simos.timeline.branches, simos.unit.get, simos.unit.list]；Registry 共 12 个，未外发 0 个 []
01:39:58.860 INFO  io.mosire.simos.app.gui.GuiServer - GUI 服务器已启动: http://127.0.0.1:45563/（静态 /webui，同源，无 CORS 头）
01:39:58.861 INFO  io.mosire.simos.app.Shell - Shell 装配完成: store=/tmp/junit-9051156056371020743 checkpointInterval=100 codec=3 handler=12 participant=1 resolver=3 facet=2 tool=12 mapId=Map1 mcpPort=45917 guiPort=45563 approvalPort=45691
01:39:58.970 INFO  io.mosire.agentlib.approval.ApprovalHttpEndpoint - 审批 HTTP 面已停止（端口 45691）
01:39:58.971 INFO  io.mosire.agentlib.approval.HttpApprovalChannel - HTTP 审批通道已关闭
01:39:59.042 INFO  io.mosire.agentlib.mcp.AgentToMcpServer - MCP streamable server 已启动: name=simos-shell version=0.1.0-SNAPSHOT 外发工具 12 个 [simos.advance, simos.command.catalog, simos.command.submit, simos.fork, simos.map.hex, simos.map.overview, simos.social.population, simos.state.facets, simos.state.resolve, simos.timeline.branches, simos.unit.get, simos.unit.list]；Registry 共 12 个，未外发 0 个 []
01:39:59.052 INFO  io.mosire.simos.app.gui.GuiServer - GUI 服务器已启动: http://127.0.0.1:46265/（静态 /webui，同源，无 CORS 头）
01:39:59.053 INFO  io.mosire.simos.app.Shell - Shell 装配完成: store=/tmp/junit-5355199470135382076 checkpointInterval=100 codec=3 handler=12 participant=1 resolver=3 facet=2 tool=12 mapId=Map1 mcpPort=45137 guiPort=46265 approvalPort=45241
01:39:59.108 INFO  io.mosire.agentlib.approval.ApprovalHttpEndpoint - 审批 HTTP 面已停止（端口 45241）
01:39:59.108 INFO  io.mosire.agentlib.approval.HttpApprovalChannel - HTTP 审批通道已关闭
01:39:59.174 INFO  io.mosire.agentlib.mcp.AgentToMcpServer - MCP streamable server 已启动: name=simos-shell version=0.1.0-SNAPSHOT 外发工具 12 个 [simos.advance, simos.command.catalog, simos.command.submit, simos.fork, simos.map.hex, simos.map.overview, simos.social.population, simos.state.facets, simos.state.resolve, simos.timeline.branches, simos.unit.get, simos.unit.list]；Registry 共 12 个，未外发 0 个 []
01:39:59.183 INFO  io.mosire.simos.app.gui.GuiServer - GUI 服务器已启动: http://127.0.0.1:45915/（静态 /webui，同源，无 CORS 头）
01:39:59.183 INFO  io.mosire.simos.app.Shell - Shell 装配完成: store=/tmp/junit-4991719548832271368 checkpointInterval=100 codec=3 handler=12 participant=1 resolver=3 facet=2 tool=12 mapId=Map1 mcpPort=44835 guiPort=45915 approvalPort=46125
01:39:59.240 INFO  io.mosire.agentlib.approval.ApprovalHttpEndpoint - 审批 HTTP 面已停止（端口 46125）
01:39:59.240 INFO  io.mosire.agentlib.approval.HttpApprovalChannel - HTTP 审批通道已关闭
01:39:59.290 INFO  io.mosire.agentlib.mcp.AgentToMcpServer - MCP streamable server 已启动: name=simos-shell version=0.1.0-SNAPSHOT 外发工具 12 个 [simos.advance, simos.command.catalog, simos.command.submit, simos.fork, simos.map.hex, simos.map.overview, simos.social.population, simos.state.facets, simos.state.resolve, simos.timeline.branches, simos.unit.get, simos.unit.list]；Registry 共 12 个，未外发 0 个 []
01:39:59.300 INFO  io.mosire.simos.app.gui.GuiServer - GUI 服务器已启动: http://127.0.0.1:45055/（静态 /webui，同源，无 CORS 头）
01:39:59.301 INFO  io.mosire.simos.app.Shell - Shell 装配完成: store=/tmp/junit-8597056142448867332 checkpointInterval=100 codec=3 handler=12 participant=1 resolver=3 facet=2 tool=12 mapId=Map1 mcpPort=45273 guiPort=45055 approvalPort=45199
01:39:59.355 INFO  io.mosire.agentlib.approval.ApprovalHttpEndpoint - 审批 HTTP 面已停止（端口 45199）
01:39:59.355 INFO  io.mosire.agentlib.approval.HttpApprovalChannel - HTTP 审批通道已关闭
01:39:59.421 INFO  io.mosire.agentlib.mcp.AgentToMcpServer - MCP streamable server 已启动: name=simos-shell version=0.1.0-SNAPSHOT 外发工具 12 个 [simos.advance, simos.command.catalog, simos.command.submit, simos.fork, simos.map.hex, simos.map.overview, simos.social.population, simos.state.facets, simos.state.resolve, simos.timeline.branches, simos.unit.get, simos.unit.list]；Registry 共 12 个，未外发 0 个 []
01:39:59.430 INFO  io.mosire.simos.app.gui.GuiServer - GUI 服务器已启动: http://127.0.0.1:45465/（静态 /webui，同源，无 CORS 头）
01:39:59.431 INFO  io.mosire.simos.app.Shell - Shell 装配完成: store=/tmp/junit-17507533644936719330 checkpointInterval=100 codec=3 handler=12 participant=1 resolver=3 facet=2 tool=12 mapId=Map1 mcpPort=46593 guiPort=45465 approvalPort=45855
01:39:59.438 INFO  io.mosire.agentlib.approval.ApprovalHttpEndpoint - 审批 HTTP 面已停止（端口 45855）
01:39:59.439 INFO  io.mosire.agentlib.approval.HttpApprovalChannel - HTTP 审批通道已关闭
[INFO] Tests run: 27, Failures: 0, Errors: 0, Skipped: 0, Time elapsed: 3.509 s -- in io.mosire.simos.app.gui.GuiApiTest
[INFO] Running io.mosire.simos.app.AppWritePathGuardTest
[INFO] Tests run: 2, Failures: 0, Errors: 0, Skipped: 0, Time elapsed: 0.017 s -- in io.mosire.simos.app.AppWritePathGuardTest
[INFO] Running io.mosire.simos.app.ShellEndToEndTest
01:39:59.516 INFO  io.mosire.agentlib.mcp.AgentToMcpServer - MCP streamable server 已启动: name=simos-shell version=0.1.0-SNAPSHOT 外发工具 12 个 [simos.advance, simos.command.catalog, simos.command.submit, simos.fork, simos.map.hex, simos.map.overview, simos.social.population, simos.state.facets, simos.state.resolve, simos.timeline.branches, simos.unit.get, simos.unit.list]；Registry 共 12 个，未外发 0 个 []
01:39:59.527 INFO  io.mosire.simos.app.gui.GuiServer - GUI 服务器已启动: http://127.0.0.1:45851/（静态 /webui，同源，无 CORS 头）
01:39:59.527 INFO  io.mosire.simos.app.Shell - Shell 装配完成: store=/tmp/junit-8829930826404867492 checkpointInterval=100 codec=3 handler=12 participant=1 resolver=3 facet=2 tool=12 mapId=Map1 mcpPort=46305 guiPort=45851 approvalPort=46637
01:39:59.593 INFO  io.modelcontextprotocol.server.McpAsyncServer - Client initialize request - Protocol: 2025-11-25, Capabilities: ClientCapabilities[experimental=null, roots=null, sampling=null, elicitation=null], Info: Implementation[name=Java SDK MCP Client, title=null, version=0.15.0, description=null, icons=null, websiteUrl=null]
01:39:59.610 INFO  io.modelcontextprotocol.client.LifecycleInitializer - Server response with Protocol: 2025-11-25, Capabilities: ServerCapabilities[completions=null, experimental=null, logging=LoggingCapabilities[], prompts=null, resources=null, tools=ToolCapabilities[listChanged=true]], Info: Implementation[name=simos-shell, title=null, version=0.1.0-SNAPSHOT, description=null, icons=null, websiteUrl=null] and Instructions null
01:39:59.634 INFO  io.mosire.simos.core.command.CommandBus - 命令提交: type=unit.RenameUnit commandId=95e09702-a923-4a5b-b5a8-2d1adffbd4fb correlationId=95e09702-a923-4a5b-b5a8-2d1adffbd4fb 新坐标=main@2
01:39:59.665 INFO  io.mosire.simos.core.command.CommandBus - 命令提交: type=unit.RenameUnit commandId=1b0720f4-6045-4fdb-8e16-12836bf2856d correlationId=1b0720f4-6045-4fdb-8e16-12836bf2856d 新坐标=main@3
01:39:59.717 INFO  io.mosire.simos.core.advance.TimeAdvance - 命令提交: type=core.AdvanceTime commandId=ea2aa961-b94e-4ea4-ba39-cf164ae5d4be correlationId=ea2aa961-b94e-4ea4-ba39-cf164ae5d4be 新坐标=main@4
01:39:59.766 INFO  io.mosire.agentlib.approval.ApprovalHttpEndpoint - 审批 HTTP 面已停止（端口 46637）
01:39:59.767 INFO  io.mosire.agentlib.approval.HttpApprovalChannel - HTTP 审批通道已关闭
[INFO] Tests run: 1, Failures: 0, Errors: 0, Skipped: 0, Time elapsed: 0.310 s -- in io.mosire.simos.app.ShellEndToEndTest
[INFO] Running io.mosire.simos.app.binding.BindingRegistryTest
[INFO] Tests run: 12, Failures: 0, Errors: 0, Skipped: 0, Time elapsed: 0.016 s -- in io.mosire.simos.app.binding.BindingRegistryTest
[INFO] Running io.mosire.simos.app.demo.DemoWorldTest
[INFO] Tests run: 5, Failures: 0, Errors: 0, Skipped: 0, Time elapsed: 0.013 s -- in io.mosire.simos.app.demo.DemoWorldTest
[INFO] Running io.mosire.simos.app.McpCoverageTest
01:39:59.852 INFO  io.mosire.agentlib.mcp.AgentToMcpServer - MCP streamable server 已启动: name=simos-shell version=0.1.0-SNAPSHOT 外发工具 12 个 [simos.advance, simos.command.catalog, simos.command.submit, simos.fork, simos.map.hex, simos.map.overview, simos.social.population, simos.state.facets, simos.state.resolve, simos.timeline.branches, simos.unit.get, simos.unit.list]；Registry 共 12 个，未外发 0 个 []
01:39:59.862 INFO  io.mosire.simos.app.gui.GuiServer - GUI 服务器已启动: http://127.0.0.1:44793/（静态 /webui，同源，无 CORS 头）
01:39:59.863 INFO  io.mosire.simos.app.Shell - Shell 装配完成: store=/tmp/junit-9506651926068483463 checkpointInterval=100 codec=3 handler=12 participant=1 resolver=3 facet=2 tool=12 mapId=Map1 mcpPort=45173 guiPort=44793 approvalPort=46279
01:39:59.869 INFO  io.modelcontextprotocol.server.McpAsyncServer - Client initialize request - Protocol: 2025-11-25, Capabilities: ClientCapabilities[experimental=null, roots=null, sampling=null, elicitation=null], Info: Implementation[name=Java SDK MCP Client, title=null, version=0.15.0, description=null, icons=null, websiteUrl=null]
01:39:59.871 INFO  io.modelcontextprotocol.client.LifecycleInitializer - Server response with Protocol: 2025-11-25, Capabilities: ServerCapabilities[completions=null, experimental=null, logging=LoggingCapabilities[], prompts=null, resources=null, tools=ToolCapabilities[listChanged=true]], Info: Implementation[name=simos-shell, title=null, version=0.1.0-SNAPSHOT, description=null, icons=null, websiteUrl=null] and Instructions null
01:39:59.943 INFO  io.mosire.simos.core.command.CommandBus - 命令提交: type=unit.CreateUnit commandId=a36ee989-9034-435b-a585-7cad5ecd1b64 correlationId=a36ee989-9034-435b-a585-7cad5ecd1b64 新坐标=main@2
01:39:59.989 INFO  io.mosire.simos.core.command.CommandBus - 命令提交: type=unit.RenameUnit commandId=6d0ce9dc-979b-4d2d-b042-1d9b2a61e87e correlationId=6d0ce9dc-979b-4d2d-b042-1d9b2a61e87e 新坐标=main@3
01:40:00.026 INFO  io.mosire.simos.core.command.CommandBus - 命令提交: type=unit.SetStrength commandId=3d7e5dfc-e520-4893-a3a9-c9bd3503eeb7 correlationId=3d7e5dfc-e520-4893-a3a9-c9bd3503eeb7 新坐标=main@4
01:40:00.071 INFO  io.mosire.simos.core.command.CommandBus - 命令提交: type=unit.ReparentUnit commandId=aa6c9b21-1d39-4a64-a389-fed868e8fb54 correlationId=aa6c9b21-1d39-4a64-a389-fed868e8fb54 新坐标=main@5
01:40:00.117 INFO  io.mosire.simos.core.command.CommandBus - 命令提交: type=unit.PlaceAt commandId=e7e18c3c-8b97-4ad7-99f0-73032256536b correlationId=e7e18c3c-8b97-4ad7-99f0-73032256536b 新坐标=main@6
01:40:00.163 INFO  io.mosire.simos.core.command.CommandBus - 命令提交: type=unit.PlanRoute commandId=49793099-88e1-4061-83ad-ebb1e31acc21 correlationId=49793099-88e1-4061-83ad-ebb1e31acc21 新坐标=main@7
01:40:00.210 INFO  io.mosire.simos.core.command.CommandBus - 命令提交: type=unit.CancelRoute commandId=f9ab8081-60f0-4b8f-b255-b7648a638b65 correlationId=f9ab8081-60f0-4b8f-b255-b7648a638b65 新坐标=main@8
01:40:00.254 INFO  io.mosire.simos.core.command.CommandBus - 命令提交: type=unit.DisbandUnit commandId=400eec2a-76e3-4702-b6a2-03944039e468 correlationId=400eec2a-76e3-4702-b6a2-03944039e468 新坐标=main@9
01:40:00.305 INFO  io.mosire.simos.core.command.CommandBus - 命令提交: type=map.SetTerrain commandId=66a3e0a8-367a-46d3-bdaa-951324634bc1 correlationId=66a3e0a8-367a-46d3-bdaa-951324634bc1 新坐标=main@10
01:40:00.354 INFO  io.mosire.simos.core.command.CommandBus - 命令提交: type=map.CreateRegion commandId=30ee5233-1001-47bd-9e66-67efeab6cef2 correlationId=30ee5233-1001-47bd-9e66-67efeab6cef2 新坐标=main@11
01:40:00.395 INFO  io.mosire.simos.core.command.CommandBus - 命令提交: type=map.UpdateRegion commandId=912398fd-e860-4e27-8d83-4d20a41e7e98 correlationId=912398fd-e860-4e27-8d83-4d20a41e7e98 新坐标=main@12
01:40:00.443 INFO  io.mosire.simos.core.command.CommandBus - 命令提交: type=map.DeleteRegion commandId=72b3df43-15e4-4572-852e-abbc33710afd correlationId=72b3df43-15e4-4572-852e-abbc33710afd 新坐标=main@13
[T11-COVERAGE] type=unit.CreateUnit result=committed revision=2
[T11-COVERAGE] type=unit.RenameUnit result=committed revision=3
[T11-COVERAGE] type=unit.SetStrength result=committed revision=4
[T11-COVERAGE] type=unit.ReparentUnit result=committed revision=5
[T11-COVERAGE] type=unit.PlaceAt result=committed revision=6
[T11-COVERAGE] type=unit.PlanRoute result=committed revision=7
[T11-COVERAGE] type=unit.CancelRoute result=committed revision=8
[T11-COVERAGE] type=unit.DisbandUnit result=committed revision=9
[T11-COVERAGE] type=map.SetTerrain result=committed revision=10
[T11-COVERAGE] type=map.CreateRegion result=committed revision=11
[T11-COVERAGE] type=map.UpdateRegion result=committed revision=12
[T11-COVERAGE] type=map.DeleteRegion result=committed revision=13
01:40:00.489 INFO  io.mosire.simos.core.advance.TimeAdvance - 命令提交: type=core.AdvanceTime commandId=d1dc7826-059a-4c1f-9d24-3b8e228aa7ce correlationId=d1dc7826-059a-4c1f-9d24-3b8e228aa7ce 新坐标=main@14
[T11-COVERAGE] tool=simos.advance result=committed revision=14
01:40:00.530 WARN  io.mosire.simos.core.store.CheckpointStore - checkpoint 缺失（C18：回退到更早的 checkpoint，最坏从创世重放，不失败）: /tmp/junit-9506651926068483463/checkpoints/main/14.json
[T11-COVERAGE] tool=simos.fork result=committed branch=mcp-branch revision=1
01:40:00.590 INFO  io.mosire.simos.core.command.CommandBus - 命令被拒: type=unit.RenameUnit commandId=83c81c7c-1065-49de-b86d-b5d3cd5a8ff3 correlationId=83c81c7c-1065-49de-b86d-b5d3cd5a8ff3 原因=payload 必须是 {"id":字符串,"name":字符串}: {"id":"u-2"}
[T11-COVERAGE] reverse=bad-payload result=rejected
01:40:00.629 INFO  io.mosire.agentlib.approval.ApprovalHttpEndpoint - 审批 HTTP 面已停止（端口 46279）
01:40:00.629 INFO  io.mosire.agentlib.approval.HttpApprovalChannel - HTTP 审批通道已关闭
[INFO] Tests run: 1, Failures: 0, Errors: 0, Skipped: 0, Time elapsed: 0.832 s -- in io.mosire.simos.app.McpCoverageTest
[INFO] Running io.mosire.simos.app.McpServerTest
01:40:00.695 INFO  io.mosire.agentlib.mcp.AgentToMcpServer - MCP streamable server 已启动: name=simos-shell version=0.1.0-SNAPSHOT 外发工具 12 个 [simos.advance, simos.command.catalog, simos.command.submit, simos.fork, simos.map.hex, simos.map.overview, simos.social.population, simos.state.facets, simos.state.resolve, simos.timeline.branches, simos.unit.get, simos.unit.list]；Registry 共 12 个，未外发 0 个 []
01:40:00.704 INFO  io.mosire.simos.app.gui.GuiServer - GUI 服务器已启动: http://127.0.0.1:45651/（静态 /webui，同源，无 CORS 头）
01:40:00.704 INFO  io.mosire.simos.app.Shell - Shell 装配完成: store=/tmp/junit-13100862278678385945 checkpointInterval=100 codec=3 handler=12 participant=1 resolver=3 facet=2 tool=12 mapId=Map1 mcpPort=45659 guiPort=45651 approvalPort=46395
01:40:00.711 INFO  io.modelcontextprotocol.server.McpAsyncServer - Client initialize request - Protocol: 2025-11-25, Capabilities: ClientCapabilities[experimental=null, roots=null, sampling=null, elicitation=null], Info: Implementation[name=Java SDK MCP Client, title=null, version=0.15.0, description=null, icons=null, websiteUrl=null]
01:40:00.713 INFO  io.modelcontextprotocol.client.LifecycleInitializer - Server response with Protocol: 2025-11-25, Capabilities: ServerCapabilities[completions=null, experimental=null, logging=LoggingCapabilities[], prompts=null, resources=null, tools=ToolCapabilities[listChanged=true]], Info: Implementation[name=simos-shell, title=null, version=0.1.0-SNAPSHOT, description=null, icons=null, websiteUrl=null] and Instructions null
01:40:00.765 INFO  io.mosire.agentlib.approval.ApprovalHttpEndpoint - 审批 HTTP 面已停止（端口 46395）
01:40:00.766 INFO  io.mosire.agentlib.approval.HttpApprovalChannel - HTTP 审批通道已关闭
01:40:00.826 INFO  io.mosire.agentlib.mcp.AgentToMcpServer - MCP streamable server 已启动: name=simos-shell version=0.1.0-SNAPSHOT 外发工具 12 个 [simos.advance, simos.command.catalog, simos.command.submit, simos.fork, simos.map.hex, simos.map.overview, simos.social.population, simos.state.facets, simos.state.resolve, simos.timeline.branches, simos.unit.get, simos.unit.list]；Registry 共 12 个，未外发 0 个 []
01:40:00.836 INFO  io.mosire.simos.app.gui.GuiServer - GUI 服务器已启动: http://127.0.0.1:45657/（静态 /webui，同源，无 CORS 头）
01:40:00.837 INFO  io.mosire.simos.app.Shell - Shell 装配完成: store=/tmp/junit-18015361846891152489 checkpointInterval=100 codec=3 handler=12 participant=1 resolver=3 facet=2 tool=12 mapId=Map1 mcpPort=45377 guiPort=45657 approvalPort=46105
01:40:00.840 INFO  io.modelcontextprotocol.server.McpAsyncServer - Client initialize request - Protocol: 2025-11-25, Capabilities: ClientCapabilities[experimental=null, roots=null, sampling=null, elicitation=null], Info: Implementation[name=Java SDK MCP Client, title=null, version=0.15.0, description=null, icons=null, websiteUrl=null]
01:40:00.842 INFO  io.modelcontextprotocol.client.LifecycleInitializer - Server response with Protocol: 2025-11-25, Capabilities: ServerCapabilities[completions=null, experimental=null, logging=LoggingCapabilities[], prompts=null, resources=null, tools=ToolCapabilities[listChanged=true]], Info: Implementation[name=simos-shell, title=null, version=0.1.0-SNAPSHOT, description=null, icons=null, websiteUrl=null] and Instructions null
01:40:00.914 INFO  io.mosire.simos.core.command.CommandBus - 命令提交: type=unit.RenameUnit commandId=66b56e11-cec9-4f76-8450-161cee9eab15 correlationId=66b56e11-cec9-4f76-8450-161cee9eab15 新坐标=main@2
01:40:00.993 INFO  io.mosire.agentlib.approval.ApprovalHttpEndpoint - 审批 HTTP 面已停止（端口 46105）
01:40:00.993 INFO  io.mosire.agentlib.approval.HttpApprovalChannel - HTTP 审批通道已关闭
01:40:01.055 INFO  io.mosire.agentlib.mcp.AgentToMcpServer - MCP streamable server 已启动: name=simos-shell version=0.1.0-SNAPSHOT 外发工具 12 个 [simos.advance, simos.command.catalog, simos.command.submit, simos.fork, simos.map.hex, simos.map.overview, simos.social.population, simos.state.facets, simos.state.resolve, simos.timeline.branches, simos.unit.get, simos.unit.list]；Registry 共 12 个，未外发 0 个 []
01:40:01.065 INFO  io.mosire.simos.app.gui.GuiServer - GUI 服务器已启动: http://127.0.0.1:44941/（静态 /webui，同源，无 CORS 头）
01:40:01.065 INFO  io.mosire.simos.app.Shell - Shell 装配完成: store=/tmp/junit-1391871761672658866 checkpointInterval=100 codec=3 handler=12 participant=1 resolver=3 facet=2 tool=12 mapId=Map1 mcpPort=45277 guiPort=44941 approvalPort=45677
01:40:01.069 INFO  io.modelcontextprotocol.server.McpAsyncServer - Client initialize request - Protocol: 2025-11-25, Capabilities: ClientCapabilities[experimental=null, roots=null, sampling=null, elicitation=null], Info: Implementation[name=Java SDK MCP Client, title=null, version=0.15.0, description=null, icons=null, websiteUrl=null]
01:40:01.070 INFO  io.modelcontextprotocol.client.LifecycleInitializer - Server response with Protocol: 2025-11-25, Capabilities: ServerCapabilities[completions=null, experimental=null, logging=LoggingCapabilities[], prompts=null, resources=null, tools=ToolCapabilities[listChanged=true]], Info: Implementation[name=simos-shell, title=null, version=0.1.0-SNAPSHOT, description=null, icons=null, websiteUrl=null] and Instructions null
01:40:01.091 INFO  io.mosire.agentlib.approval.ApprovalHttpEndpoint - 审批 HTTP 面已停止（端口 45677）
01:40:01.091 INFO  io.mosire.agentlib.approval.HttpApprovalChannel - HTTP 审批通道已关闭
01:40:01.148 INFO  io.mosire.agentlib.mcp.AgentToMcpServer - MCP streamable server 已启动: name=simos-shell version=0.1.0-SNAPSHOT 外发工具 12 个 [simos.advance, simos.command.catalog, simos.command.submit, simos.fork, simos.map.hex, simos.map.overview, simos.social.population, simos.state.facets, simos.state.resolve, simos.timeline.branches, simos.unit.get, simos.unit.list]；Registry 共 12 个，未外发 0 个 []
01:40:01.157 INFO  io.mosire.simos.app.gui.GuiServer - GUI 服务器已启动: http://127.0.0.1:45873/（静态 /webui，同源，无 CORS 头）
01:40:01.157 INFO  io.mosire.simos.app.Shell - Shell 装配完成: store=/tmp/junit-1603588256697702646 checkpointInterval=100 codec=3 handler=12 participant=1 resolver=3 facet=2 tool=12 mapId=Map1 mcpPort=46195 guiPort=45873 approvalPort=46079
01:40:01.161 INFO  io.modelcontextprotocol.server.McpAsyncServer - Client initialize request - Protocol: 2025-11-25, Capabilities: ClientCapabilities[experimental=null, roots=null, sampling=null, elicitation=null], Info: Implementation[name=Java SDK MCP Client, title=null, version=0.15.0, description=null, icons=null, websiteUrl=null]
01:40:01.163 INFO  io.modelcontextprotocol.client.LifecycleInitializer - Server response with Protocol: 2025-11-25, Capabilities: ServerCapabilities[completions=null, experimental=null, logging=LoggingCapabilities[], prompts=null, resources=null, tools=ToolCapabilities[listChanged=true]], Info: Implementation[name=simos-shell, title=null, version=0.1.0-SNAPSHOT, description=null, icons=null, websiteUrl=null] and Instructions null
01:40:01.221 INFO  io.mosire.agentlib.approval.ApprovalHttpEndpoint - 审批 HTTP 面已停止（端口 46079）
01:40:01.221 INFO  io.mosire.agentlib.approval.HttpApprovalChannel - HTTP 审批通道已关闭
[INFO] Tests run: 4, Failures: 0, Errors: 0, Skipped: 0, Time elapsed: 0.591 s -- in io.mosire.simos.app.McpServerTest
[INFO] 
[INFO] Results:
[INFO] 
[INFO] Tests run: 96, Failures: 0, Errors: 0, Skipped: 0
[INFO] 
[INFO] 
[INFO] --- jar:3.5.0:jar (default-jar) @ simos-app ---
[INFO] Building jar: /home/cna/SimulatorMosire/simos-app/target/simos-app-0.1.0-SNAPSHOT.jar
[INFO] 
[INFO] --- spotless:3.10.2:check (spotless-check) @ simos-app ---
[INFO] Index file does not exist. Fallback to an empty index
[INFO] Spotless.Java is keeping 42 files clean - 0 needs changes to be clean, 42 were already clean, 0 were skipped because caching determined they were already clean
[INFO] 
[INFO] >>> spotbugs:4.10.4.1:check (spotbugs-check) > :spotbugs @ simos-app >>>
[INFO] 
[INFO] --- spotbugs:4.10.4.1:spotbugs (spotbugs) @ simos-app ---
[INFO] Done SpotBugs Analysis....
[INFO] Skipping com.github.spotbugs:spotbugs-maven-plugin:4.10.4.1:spotbugs report goal
[INFO] 
[INFO] <<< spotbugs:4.10.4.1:check (spotbugs-check) < :spotbugs @ simos-app <<<
[INFO] 
[INFO] 
[INFO] --- spotbugs:4.10.4.1:check (spotbugs-check) @ simos-app ---
[INFO] BugInstance size is 0
[INFO] Error size is 0
[INFO] No errors/warnings found
[INFO] ------------------------------------------------------------------------
[INFO] Reactor Summary for SimulatorMosire 0.1.0-SNAPSHOT:
[INFO] 
[INFO] SimulatorMosire .................................... SUCCESS [  1.267 s]
[INFO] UtilSimos .......................................... SUCCESS [  5.977 s]
[INFO] MapSimos ........................................... SUCCESS [  8.265 s]
[INFO] SocialSimos ........................................ SUCCESS [  2.755 s]
[INFO] UnitSimos .......................................... SUCCESS [  3.743 s]
[INFO] CoreSimos .......................................... SUCCESS [ 11.814 s]
[INFO] SimosApp ........................................... SUCCESS [ 14.112 s]
[INFO] ------------------------------------------------------------------------
[INFO] BUILD SUCCESS
[INFO] ------------------------------------------------------------------------
[INFO] Total time:  48.034 s
[INFO] Finished at: 2026-09-20T01:40:04+08:00
[INFO] ------------------------------------------------------------------------
